patient,cell,t_r_column,observation_set,split,name,resid7_frac,norm_T_r,n_rows
p00,young_weak,scaled_dt,a,region,core,3.953898374658305e-15,138.1627375531927,11418
p00,young_weak,scaled_dt,a,region,rim,2.7744983192777564e-15,288.05205415110095,28718
p00,young_weak,scaled_dt,a,region,out_of_field,3.566796371252512e-15,0.01963909449195912,565210
p00,young_weak,scaled_dt,a,day,pre,2.6322552198359903e-15,411.60434862771115,711310
p00,young_weak,scaled_dt,b,region,core,6.879374466217533e-07,138.1627375531927,11418
p00,young_weak,scaled_dt,b,region,rim,5.163541901616329e-07,288.05205415110095,28718
p00,young_weak,scaled_dt,b,region,out_of_field,0.6982554112214585,0.02265383793284891,1130420
p00,young_weak,scaled_dt,b,day,pre,4.900416577757805e-07,411.60434862771115,711310
p00,young_weak,scaled_dt,b,day,d120,0.23556154555332098,0.41469137783730314,711310
p00,young_weak,scaled_dt,c,region,core,6.149645697311781e-07,138.1627375531927,11418
p00,young_weak,scaled_dt,c,region,rim,4.523696957392881e-07,288.05205415110095,28718
p00,young_weak,scaled_dt,c,region,out_of_field,0.15257081300369424,0.023111967351464296,1695630
p00,young_weak,scaled_dt,c,day,pre,4.729642706836486e-07,411.60434862771115,711310
p00,young_weak,scaled_dt,c,day,d55,0.2476071900888139,0.07722625277861561,711310
p00,young_weak,scaled_dt,c,day,d120,0.26933428549698996,0.41469137783730314,711310
p00,young_weak,scaled_dt,d,region,core,0.002420513875502691,138.1627375531927,11418
p00,young_weak,scaled_dt,d,region,rim,0.0018031562763346548,288.05205415110095,28718
p00,young_weak,scaled_dt,d,region,out_of_field,0.19030567866442144,0.027271173329221313,2260840
p00,young_weak,scaled_dt,d,day,pre,0.0017129624311912424,411.60434862771115,711310
p00,young_weak,scaled_dt,d,day,d34,0.14901558290617675,32.909175525779524,711310
p00,young_weak,scaled_dt,d,day,d55,0.26501401393325896,0.07722625277861561,711310
p00,young_weak,scaled_dt,d,day,d120,0.5737484335312519,0.41469137783730314,711310
p00,young_weak,scaled_dt,e,region,core,5.645030379038723e-06,138.1627375531927,11418
p00,young_weak,scaled_dt,e,region,rim,4.190563521844324e-06,288.05205415110095,28718
p00,young_weak,scaled_dt,e,region,out_of_field,0.44803414139000153,0.026571403792559706,1695630
p00,young_weak,scaled_dt,e,day,pre,3.981251185780468e-06,411.60434862771115,711310
p00,young_weak,scaled_dt,e,day,d80,0.17767147748305656,1.36425968197899,711310
p00,young_weak,scaled_dt,e,day,d120,0.24528902012748813,0.41469137783730314,711310
p00,young_weak,scaled_dt,f,region,core,0.0023742651065847722,138.1627375531927,11418
p00,young_weak,scaled_dt,f,region,rim,0.0018417945477122674,288.05205415110095,28718
p00,young_weak,scaled_dt,f,region,out_of_field,0.23335104675121193,0.030603268145279906,2826050
p00,young_weak,scaled_dt,f,day,pre,0.0017471021754480764,411.60434862771115,711310
p00,young_weak,scaled_dt,f,day,d34,0.14932063730271083,32.909175525779524,711310
p00,young_weak,scaled_dt,f,day,d55,0.2602883633817567,0.07722625277861561,711310
p00,young_weak,scaled_dt,f,day,d80,1.9211875672614787,1.36425968197899,711310
p00,young_weak,scaled_dt,f,day,d120,0.3217886291074092,0.41469137783730314,711310
p00,young_weak,fixed_dt,a,region,core,0.0006833641795134975,138.47521625286805,11418
p00,young_weak,fixed_dt,a,region,rim,0.0007501036297032258,288.6502914602755,28718
p00,young_weak,fixed_dt,a,region,out_of_field,0.00022573194348272452,0.019688997711842883,565210
p00,young_weak,fixed_dt,a,day,pre,0.0006189455395115234,412.4058605540332,711310
p00,young_weak,fixed_dt,b,region,core,0.0006835292461269069,138.47521625286805,11418
p00,young_weak,fixed_dt,b,region,rim,0.0007501116634576747,288.6502914602755,28718
p00,young_weak,fixed_dt,b,region,out_of_field,0.699871163169462,0.022687364690158977,1130420
p00,young_weak,fixed_dt,b,day,pre,0.0006189457337807509,412.4058605540332,711310
p00,young_weak,fixed_dt,b,day,d120,0.23774593376050715,0.41203347831795284,711310
p00,young_weak,fixed_dt,c,region,core,0.0006829185372525212,138.47521625286805,11418
p00,young_weak,fixed_dt,c,region,rim,0.0007502410711784125,288.6502914602755,28718
p00,young_weak,fixed_dt,c,region,out_of_field,0.15290276575877843,0.023144515190626914,1695630
p00,young_weak,fixed_dt,c,day,pre,0.0006189457205894245,412.4058605540332,711310
p00,young_weak,fixed_dt,c,day,d55,0.24950955034020628,0.07689706521137087,711310
p00,young_weak,fixed_dt,c,day,d120,0.2718506192660656,0.41203347831795284,711310
p00,young_weak,fixed_dt,d,region,core,0.0026662445203200027,138.47521625286805,11418
p00,young_weak,fixed_dt,d,region,rim,0.0019445585065700874,288.6502914602755,28718
p00,young_weak,fixed_dt,d,region,out_of_field,0.18823271185986168,0.027328309356362702,2260840
p00,young_weak,fixed_dt,d,day,pre,0.0018086210482335424,412.4058605540332,711310
p00,young_weak,fixed_dt,d,day,d34,0.14698420540008994,33.26292767316249,711310
p00,young_weak,fixed_dt,d,day,d55,0.28207813083852645,0.07689706521137087,711310
p00,young_weak,fixed_dt,d,day,d120,0.5794013966175556,0.41203347831795284,711310
p00,young_weak,fixed_dt,e,region,core,0.0006850378979650347,138.47521625286805,11418
p00,young_weak,fixed_dt,e,region,rim,0.0007500760985293278,288.6502914602755,28718
p00,young_weak,fixed_dt,e,region,out_of_field,0.4523836623652037,0.026567729453219464,1695630
p00,young_weak,fixed_dt,e,day,pre,0.0006189584269811516,412.4058605540332,711310
p00,young_weak,fixed_dt,e,day,d80,0.1810710853237394,1.3457516850315376,711310
p00,young_weak,fixed_dt,e,day,d120,0.24749562154843346,0.41203347831795284,711310
p00,young_weak,fixed_dt,f,region,core,0.0024947331461957958,138.47521625286805,11418
p00,young_weak,fixed_dt,f,region,rim,0.0020140321667620905,288.6502914602755,28718
p00,young_weak,fixed_dt,f,region,out_of_field,0.2337838246876679,0.030626201592627418,2826050
p00,young_weak,fixed_dt,f,day,pre,0.001842765032986308,412.4058605540332,711310
p00,young_weak,fixed_dt,f,day,d34,0.1472935693501897,33.26292767316249,711310
p00,young_weak,fixed_dt,f,day,d55,0.27685950410793103,0.07689706521137087,711310
p00,young_weak,fixed_dt,f,day,d80,1.9817116630968612,1.3457516850315376,711310
p00,young_weak,fixed_dt,f,day,d120,0.32263446281979874,0.41203347831795284,711310
p01,young_weak,scaled_dt,a,region,core,1.0069265019853156e-14,34.792079000041745,4366
p01,young_weak,scaled_dt,a,region,rim,7.084099975422568e-15,96.20453942233087,62498
p01,young_weak,scaled_dt,a,region,out_of_field,4.471930309752325e-15,16.761197545544924,731428
p01,young_weak,scaled_dt,a,day,pre,6.866824946754249e-15,143.979879823817,831774
p01,young_weak,scaled_dt,b,region,core,2.1122517996537966e-06,34.792079000041745,4366
p01,young_weak,scaled_dt,b,region,rim,1.5380769609669408e-06,96.20453942233087,62498
p01,young_weak,scaled_dt,b,region,out_of_field,0.003128452605956961,16.76195232460233,1462856
p01,young_weak,scaled_dt,b,day,pre,1.4747831289434116e-06,143.979879823817,831774
p01,young_weak,scaled_dt,b,day,d120,0.382041214863524,0.16899500586912702,831774
p01,young_weak,scaled_dt,c,region,core,2.4438191272940688e-05,34.792079000041745,4366
p01,young_weak,scaled_dt,c,region,rim,1.803073512695768e-05,96.20453942233087,62498
p01,young_weak,scaled_dt,c,region,out_of_field,0.012707418891461084,16.771420373450663,2194284
p01,young_weak,scaled_dt,c,day,pre,1.704882647084072e-05,143.979879823817,831774
p01,young_weak,scaled_dt,c,day,d55,0.31033017230071996,0.5714344359665116,831774
p01,young_weak,scaled_dt,c,day,d120,0.9413020676942166,0.16899500586912702,831774
p01,young_weak,scaled_dt,d,region,core,0.008853577775480966,34.792079000041745,4366
p01,young_weak,scaled_dt,d,region,rim,0.006575826737068983,96.20453942233087,62498
p01,young_weak,scaled_dt,d,region,out_of_field,0.04627206320969905,17.601746161967338,2925712
p01,young_weak,scaled_dt,d,day,pre,0.006288612848912846,143.979879823817,831774
p01,young_weak,scaled_dt,d,day,d34,0.16647155656920917,19.566010747965628,831774
p01,young_weak,scaled_dt,d,day,d55,0.32259211893591755,0.5714344359665116,831774
p01,young_weak,scaled_dt,d,day,d120,0.880456810531357,0.16899500586912702,831774
p01,young_weak,scaled_dt,e,region,core,3.617315663823842e-05,34.792079000041745,4366
p01,young_weak,scaled_dt,e,region,rim,2.5622707726007877e-05,96.20453942233087,62498
p01,young_weak,scaled_dt,e,region,out_of_field,0.014433627873710666,16.779077310988573,2194284
p01,young_weak,scaled_dt,e,day,pre,2.4641219595785197e-05,143.979879823817,831774
p01,young_weak,scaled_dt,e,day,d80,0.32317766574855356,0.7781883890977477,831774
p01,young_weak,scaled_dt,e,day,d120,0.40480425395492914,0.16899500586912702,831774
p01,young_weak,scaled_dt,f,region,core,0.008873665734754028,34.792079000041745,4366
p01,young_weak,scaled_dt,f,region,rim,0.006607546901749025,96.20453942233087,62498
p01,young_weak,scaled_dt,f,region,out_of_field,0.04975787446847317,17.61805487635403,3657140
p01,young_weak,scaled_dt,f,day,pre,0.006315636633033629,143.979879823817,831774
p01,young_weak,scaled_dt,f,day,d34,0.16644024721998057,19.566010747965628,831774
p01,young_weak,scaled_dt,f,day,d55,0.3366857446984165,0.5714344359665116,831774
p01,young_weak,scaled_dt,f,day,d80,0.509635112319828,0.7781883890977477,831774
p01,young_weak,scaled_dt,f,day,d120,0.8494096630895652,0.16899500586912702,831774
p01,young_weak,fixed_dt,a,region,core,0.0005119898236338598,34.859036715358826,4366
p01,young_weak,fixed_dt,a,region,rim,0.0005864926798317906,96.41537406178561,62498
p01,young_weak,fixed_dt,a,region,out_of_field,0.0004497616359104079,16.81763468582941,731428
p01,young_weak,fixed_dt,a,day,pre,0.0004727739806685204,144.34044250677724,831774
p01,young_weak,fixed_dt,b,region,core,0.0005108580375034,34.859036715358826,4366
p01,young_weak,fixed_dt,b,region,rim,0.0005864058943163304,96.41537406178561,62498
p01,young_weak,fixed_dt,b,region,out_of_field,0.0031607823602203683,16.818383738264966,1462856
p01,young_weak,fixed_dt,b,day,pre,0.00047277628637533344,144.34044250677724,831774
p01,young_weak,fixed_dt,b,day,d120,0.3843368884921002,0.168599592891228,831774
p01,young_weak,fixed_dt,c,region,core,0.0005131119683413303,34.859036715358826,4366
p01,young_weak,fixed_dt,c,region,rim,0.0005877657888271881,96.41537406178561,62498
p01,young_weak,fixed_dt,c,region,out_of_field,0.012517340981287187,16.827895839589146,2194284
p01,young_weak,fixed_dt,c,day,pre,0.00047307710341239537,144.34044250677724,831774
p01,young_weak,fixed_dt,c,day,d55,0.30195233393595017,0.5742240709909929,831774
p01,young_weak,fixed_dt,c,day,d120,0.9528751964792183,0.168599592891228,831774
p01,young_weak,fixed_dt,d,region,core,0.00861203621273317,34.859036715358826,4366
p01,young_weak,fixed_dt,d,region,rim,0.006565308206184471,96.41537406178561,62498
p01,young_weak,fixed_dt,d,region,out_of_field,0.0456520550167792,17.655683876853278,2925712
p01,young_weak,fixed_dt,d,day,pre,0.0063011743604861475,144.34044250677724,831774
p01,young_weak,fixed_dt,d,day,d34,0.16593057306706116,19.6570013725273,831774
p01,young_weak,fixed_dt,d,day,d55,0.3181220366287675,0.5742240709909929,831774
p01,young_weak,fixed_dt,d,day,d120,0.8829017763203978,0.168599592891228,831774
p01,young_weak,fixed_dt,e,region,core,0.0004916345744573203,34.859036715358826,4366
p01,young_weak,fixed_dt,e,region,rim,0.000585715165999151,96.41537406178561,62498
p01,young_weak,fixed_dt,e,region,out_of_field,0.01426464725660313,16.835753660154143,2194284
p01,young_weak,fixed_dt,e,day,pre,0.00047340361410560557,144.34044250677724,831774
p01,young_weak,fixed_dt,e,day,d80,0.31682540535456716,0.7859088295701029,831774
p01,young_weak,fixed_dt,e,day,d120,0.41268275473388455,0.168599592891228,831774
p01,young_weak,fixed_dt,f,region,core,0.008635323514004176,34.859036715358826,4366
p01,young_weak,fixed_dt,f,region,rim,0.006597609513515948,96.41537406178561,62498
p01,young_weak,fixed_dt,f,region,out_of_field,0.049003855159265954,17.67223084098991,3657140
p01,young_weak,fixed_dt,f,day,pre,0.00632767172018969,144.34044250677724,831774
p01,young_weak,fixed_dt,f,day,d34,0.1658974605330803,19.6570013725273,831774
p01,young_weak,fixed_dt,f,day,d55,0.33228472790383,0.5742240709909929,831774
p01,young_weak,fixed_dt,f,day,d80,0.49454094791092246,0.7859088295701029,831774
p01,young_weak,fixed_dt,f,day,d120,0.8528556288327399,0.168599592891228,831774
p02,young_weak,scaled_dt,a,region,core,2.577405893961529e-15,324.4218389959731,15256
p02,young_weak,scaled_dt,a,region,rim,2.119003417701243e-15,690.4701962957797,53878
p02,young_weak,scaled_dt,a,region,out_of_field,1.7646425724560454e-15,2.4436626794812417,677898
p02,young_weak,scaled_dt,a,day,pre,1.984180678098652e-15,975.5768073208536,844478
p02,young_weak,scaled_dt,b,region,core,6.721425304207846e-11,324.4218389959731,15256
p02,young_weak,scaled_dt,b,region,rim,4.7343446759557473e-11,690.4701962957797,53878
p02,young_weak,scaled_dt,b,region,out_of_field,0.0005435003188668079,2.4437163679856164,1355796
p02,young_weak,scaled_dt,b,day,pre,4.5939905357944544e-11,975.5768073208536,844478
p02,young_weak,scaled_dt,b,day,d120,0.09347833864654892,0.017473743391635446,844478
p02,young_weak,scaled_dt,c,region,core,1.9918798314340297e-10,324.4218389959731,15256
p02,young_weak,scaled_dt,c,region,rim,1.3729883254152064e-10,690.4701962957797,53878
p02,young_weak,scaled_dt,c,region,out_of_field,0.001464259275321135,2.4439132726330315,2033694
p02,young_weak,scaled_dt,c,day,pre,1.6175683722150803e-10,975.5768073208536,844478
p02,young_weak,scaled_dt,c,day,d55,0.09587492420115618,0.03151128589969485,844478
p02,young_weak,scaled_dt,c,day,d120,0.1579967199066917,0.017473743391635446,844478
p02,young_weak,scaled_dt,d,region,core,1.1056600674562536e-07,324.4218389959731,15256
p02,young_weak,scaled_dt,d,region,rim,9.257108402614705e-08,690.4701962957797,53878
p02,young_weak,scaled_dt,d,region,out_of_field,0.0033629337532996603,2.4519610833784764,2711592
p02,young_weak,scaled_dt,d,day,pre,8.70360716958424e-08,975.5768073208536,844478
p02,young_weak,scaled_dt,d,day,d34,0.03802671721663825,1.5062343244407725,844478
p02,young_weak,scaled_dt,d,day,d55,0.10589499027194292,0.03151128589969485,844478
p02,young_weak,scaled_dt,d,day,d120,0.16085793169159843,0.017473743391635446,844478
p02,young_weak,scaled_dt,e,region,core,3.655307716210972e-10,324.4218389959731,15256
p02,young_weak,scaled_dt,e,region,rim,2.489764360285924e-10,690.4701962957797,53878
p02,young_weak,scaled_dt,e,region,out_of_field,0.0013752291385229394,2.4440755214154026,2033694
p02,young_weak,scaled_dt,e,day,pre,2.4389517383267214e-10,975.5768073208536,844478
p02,young_weak,scaled_dt,e,day,d80,0.07797530834299413,0.04309330535205108,844478
p02,young_weak,scaled_dt,e,day,d120,0.09559499938989674,0.017473743391635446,844478
p02,young_weak,scaled_dt,f,region,core,1.1055640953478975e-07,324.4218389959731,15256
p02,young_weak,scaled_dt,f,region,rim,9.261785893916236e-08,690.4701962957797,53878
p02,young_weak,scaled_dt,f,region,out_of_field,0.003654647623533273,2.452319029331974,3389490
p02,young_weak,scaled_dt,f,day,pre,8.70774793874426e-08,975.5768073208536,844478
p02,young_weak,scaled_dt,f,day,d34,0.03802644466554075,1.5062343244407725,844478
p02,young_weak,scaled_dt,f,day,d55,0.10998788203294628,0.03151128589969485,844478
p02,young_weak,scaled_dt,f,day,d80,0.10046497766072879,0.04309330535205108,844478
p02,young_weak,scaled_dt,f,day,d120,0.15574409417931898,0.017473743391635446,844478
p02,young_weak,fixed_dt,a,region,core,0.0002766641061376082,324.66533249005147,15256
p02,young_weak,fixed_dt,a,region,rim,0.000500685566948556,690.8327402621086,53878
p02,young_weak,fixed_dt,a,region,out_of_field,0.00041015176503034776,2.4438013145919824,677898
p02,young_weak,fixed_dt,a,day,pre,0.0004028926331081984,975.997197238631,844478
p02,young_weak,fixed_dt,b,region,core,0.00027666412030724125,324.66533249005147,15256
p02,young_weak,fixed_dt,b,region,rim,0.000500685574179427,690.8327402621086,53878
p02,young_weak,fixed_dt,b,region,out_of_field,0.0006810971532594242,2.443855155189889,1355796
p02,young_weak,fixed_dt,b,day,pre,0.0004028926331082013,975.997197238631,844478
p02,young_weak,fixed_dt,b,day,d120,0.09336607660456238,0.017499787374977996,844478
p02,young_weak,fixed_dt,c,region,core,0.0002766639280464859,324.66533249005147,15256
p02,young_weak,fixed_dt,c,region,rim,0.0005006855583848061,690.8327402621086,53878
p02,young_weak,fixed_dt,c,region,out_of_field,0.001511890351983017,2.444052660551934,2033694
p02,young_weak,fixed_dt,c,day,pre,0.000402892633108232,975.997197238631,844478
p02,young_weak,fixed_dt,c,day,d55,0.0947818946508246,0.03156818224201128,844478
p02,young_weak,fixed_dt,c,day,d120,0.15838334592850026,0.017499787374977996,844478
p02,young_weak,fixed_dt,d,region,core,0.0002766463241987843,324.66533249005147,15256
p02,young_weak,fixed_dt,d,region,rim,0.0005007013814652425,690.8327402621086,53878
p02,young_weak,fixed_dt,d,region,out_of_field,0.003470774694517799,2.4521087005851583,2711592
p02,young_weak,fixed_dt,d,day,pre,0.0004028926428679373,975.997197238631,844478
p02,young_weak,fixed_dt,d,day,d34,0.03855808963452781,1.5036045397863465,844478
p02,young_weak,fixed_dt,d,day,d55,0.10531239615762324,0.03156818224201128,844478
p02,young_weak,fixed_dt,d,day,d120,0.15956850813282256,0.017499787374977996,844478
p02,young_weak,fixed_dt,e,region,core,0.00027666420135184083,324.66533249005147,15256
p02,young_weak,fixed_dt,e,region,rim,0.0005006856014873839,690.8327402621086,53878
p02,young_weak,fixed_dt,e,region,out_of_field,0.001442823160397875,2.4442139777918293,2033694
p02,young_weak,fixed_dt,e,day,pre,0.00040289263310827383,975.997197238631,844478
p02,young_weak,fixed_dt,e,day,d80,0.07858859596520916,0.04307182143500642,844478
p02,young_weak,fixed_dt,e,day,d120,0.09515372001082126,0.017499787374977996,844478
p02,young_weak,fixed_dt,f,region,core,0.00027664609665731363,324.66533249005147,15256
p02,young_weak,fixed_dt,f,region,rim,0.0005007013313893111,690.8327402621086,53878
p02,young_weak,fixed_dt,f,region,out_of_field,0.0037609791457156147,2.452466315603578,3389490
p02,young_weak,fixed_dt,f,day,pre,0.0004028926428765719,975.997197238631,844478
p02,young_weak,fixed_dt,f,day,d34,0.03855776407496694,1.5036045397863465,844478
p02,young_weak,fixed_dt,f,day,d55,0.1095635019062581,0.03156818224201128,844478
p02,young_weak,fixed_dt,f,day,d80,0.10113980040681657,0.04307182143500642,844478
p02,young_weak,fixed_dt,f,day,d120,0.15435891931800183,0.017499787374977996,844478
p03,young_weak,scaled_dt,a,region,core,2.5598679706152546e-15,111.26191309828445,2178
p03,young_weak,scaled_dt,a,region,rim,1.8844655992799298e-15,197.04693165013907,5260
p03,young_weak,scaled_dt,a,region,out_of_field,2.290736667524939e-14,0.000131047804695554,387704
p03,young_weak,scaled_dt,a,day,pre,1.8727384897557754e-15,282.6745720645085,467626
p03,young_weak,scaled_dt,b,region,core,0.03270741217114157,111.26191309828445,2178
p03,young_weak,scaled_dt,b,region,rim,0.029982815734608023,209.93750082593806,5664
p03,young_weak,scaled_dt,b,region,out_of_field,1.760443157505268,0.0005119897697909875,775408
p03,young_weak,scaled_dt,b,day,pre,0.024368245869596596,282.6745720645085,467626
p03,young_weak,scaled_dt,b,day,d120,0.06521982569514927,143.8755144070957,467626
p03,young_weak,scaled_dt,c,region,core,0.054751587465721716,111.26191309828445,2178
p03,young_weak,scaled_dt,c,region,rim,0.035311671488139795,209.93750082593806,5664
p03,young_weak,scaled_dt,c,region,out_of_field,0.346935457175412,0.000555409272474908,1163112
p03,young_weak,scaled_dt,c,day,pre,0.04084741042168451,282.6745720645085,467626
p03,young_weak,scaled_dt,c,day,d55,0.04400945500570533,33.139492975046274,467626
p03,young_weak,scaled_dt,c,day,d120,0.084903529331782,143.8755144070957,467626
p03,young_weak,scaled_dt,d,region,core,0.062124729305855865,111.26191309828445,2178
p03,young_weak,scaled_dt,d,region,rim,0.0366420036678993,238.4414596858273,7592
p03,young_weak,scaled_dt,d,region,out_of_field,0.2767504135501082,0.0005937467102307986,1550816
p03,young_weak,scaled_dt,d,day,pre,0.045578432556786175,282.6745720645085,467626
p03,young_weak,scaled_dt,d,day,d34,0.028198638142050866,172.5997279349335,467626
p03,young_weak,scaled_dt,d,day,d55,0.03604803966904099,33.139492975046274,467626
p03,young_weak,scaled_dt,d,day,d120,0.07687646955113411,143.8755144070957,467626
p03,young_weak,scaled_dt,e,region,core,0.059878725111843695,111.26191309828445,2178
p03,young_weak,scaled_dt,e,region,rim,0.038201626296880876,209.93750082593806,5664
p03,young_weak,scaled_dt,e,region,out_of_field,0.3276570336917062,0.0006034603732412082,1163112
p03,young_weak,scaled_dt,e,day,pre,0.04476129082999458,282.6745720645085,467626
p03,young_weak,scaled_dt,e,day,d80,0.05237129553032941,112.36344215661606,467626
p03,young_weak,scaled_dt,e,day,d120,0.07647556275105004,143.8755144070957,467626
p03,young_weak,scaled_dt,f,region,core,0.08191825351242628,111.26191309828445,2178
p03,young_weak,scaled_dt,f,region,rim,0.0469821550351385,238.4414596858273,7592
p03,young_weak,scaled_dt,f,region,out_of_field,0.23440968809232035,0.000674215138966551,1938520
p03,young_weak,scaled_dt,f,day,pre,0.06011459034855586,282.6745720645085,467626
p03,young_weak,scaled_dt,f,day,d34,0.03732323917958456,172.5997279349335,467626
p03,young_weak,scaled_dt,f,day,d55,0.09223352665622923,33.139492975046274,467626
p03,young_weak,scaled_dt,f,day,d80,0.05308209580381383,112.36344215661606,467626
p03,young_weak,scaled_dt,f,day,d120,0.05297973788103632,143.8755144070957,467626
p03,young_weak,fixed_dt,a,region,core,0.0011652951864568445,111.22436164788253,2178
p03,young_weak,fixed_dt,a,region,rim,0.0022424269794312657,197.2788484581242,5260
p03,young_weak,fixed_dt,a,region,out_of_field,0.0005420898082342642,0.0001314242541888331,387704
p03,young_weak,fixed_dt,a,day,pre,0.0017658935125991137,283.12241621354696,467626
p03,young_weak,fixed_dt,b,region,core,0.03256560115890069,111.22436164788253,2178
p03,young_weak,fixed_dt,b,region,rim,0.03004296389504061,210.1578495695794,5664
p03,young_weak,fixed_dt,b,region,out_of_field,1.7721253503412915,0.0005128936543354462,775408
p03,young_weak,fixed_dt,b,day,pre,0.02443080190344849,283.12241621354696,467626
p03,young_weak,fixed_dt,b,day,d120,0.06535653966576872,143.83801636721324,467626
p03,young_weak,fixed_dt,c,region,core,0.0560224189648146,111.22436164788253,2178
p03,young_weak,fixed_dt,c,region,rim,0.0351440845965626,210.1578495695794,5664
p03,young_weak,fixed_dt,c,region,out_of_field,0.3490148476032532,0.0005562915754682997,1163112
p03,young_weak,fixed_dt,c,day,pre,0.041085224290013246,283.12241621354696,467626
p03,young_weak,fixed_dt,c,day,d55,0.04518736967512568,32.89799624425957,467626
p03,young_weak,fixed_dt,c,day,d120,0.085284821541607,143.83801636721324,467626
p03,young_weak,fixed_dt,d,region,core,0.06371986040211974,111.22436164788253,2178
p03,young_weak,fixed_dt,d,region,rim,0.03652088501113437,238.74755824461215,7592
p03,young_weak,fixed_dt,d,region,out_of_field,0.2769306768867373,0.0005947074525591989,1550816
p03,young_weak,fixed_dt,d,day,pre,0.04597691111951648,283.12241621354696,467626
p03,young_weak,fixed_dt,d,day,d34,0.0287270940438317,172.72733589900398,467626
p03,young_weak,fixed_dt,d,day,d55,0.0360043378504122,32.89799624425957,467626
p03,young_weak,fixed_dt,d,day,d120,0.07698280208007591,143.83801636721324,467626
p03,young_weak,fixed_dt,e,region,core,0.061052531215013646,111.22436164788253,2178
p03,young_weak,fixed_dt,e,region,rim,0.03799647641000462,210.1578495695794,5664
p03,young_weak,fixed_dt,e,region,out_of_field,0.326134211480153,0.0006054802757942668,1163112
p03,young_weak,fixed_dt,e,day,pre,0.044950887747374935,283.12241621354696,467626
p03,young_weak,fixed_dt,e,day,d80,0.05085075959873322,114.14367659109458,467626
p03,young_weak,fixed_dt,e,day,d120,0.07707761143920305,143.83801636721324,467626
p03,young_weak,fixed_dt,f,region,core,0.08192675498382498,111.22436164788253,2178
p03,young_weak,fixed_dt,f,region,rim,0.046029062057179104,238.74755824461215,7592
p03,young_weak,fixed_dt,f,region,out_of_field,0.2346074305812489,0.0006761829766030677,1938520
p03,young_weak,fixed_dt,f,day,pre,0.059277543538026604,283.12241621354696,467626
p03,young_weak,fixed_dt,f,day,d34,0.035743143529655415,172.72733589900398,467626
p03,young_weak,fixed_dt,f,day,d55,0.08053780316759335,32.89799624425957,467626
p03,young_weak,fixed_dt,f,day,d80,0.049754068090565186,114.14367659109458,467626
p03,young_weak,fixed_dt,f,day,d120,0.05450999251741881,143.83801636721324,467626
p04,young_weak,scaled_dt,a,region,core,2.30251578225509e-15,93.94479847789934,1858
p04,young_weak,scaled_dt,a,region,rim,1.866800143410361e-15,189.39110808385163,6182
p04,young_weak,scaled_dt,a,region,out_of_field,1.3255722034537795e-14,0.00024669944344522424,401624
p04,young_weak,scaled_dt,a,day,pre,1.789382542899871e-15,273.005260361761,478198
p04,young_weak,scaled_dt,b,region,core,0.10643141444002716,93.94479847789934,1858
p04,young_weak,scaled_dt,b,region,rim,0.06665194629973754,217.09077610543548,11138
p04,young_weak,scaled_dt,b,region,out_of_field,0.7440582551822846,0.02908953530049251,803248
p04,young_weak,scaled_dt,b,day,pre,0.07287990075213314,273.005260361761,478198
p04,young_weak,scaled_dt,b,day,d120,0.06856751974568684,167.00484174829944,478198
p04,young_weak,scaled_dt,c,region,core,0.1064363563749372,93.94479847789934,1858
p04,young_weak,scaled_dt,c,region,rim,0.06665036111914166,217.09077610543548,11138
p04,young_weak,scaled_dt,c,region,out_of_field,0.7434211795904465,0.029114537614067737,1204872
p04,young_weak,scaled_dt,c,day,pre,0.07288339722385992,273.005260361761,478198
p04,young_weak,scaled_dt,c,day,d55,1.4609106372959195,0.09972514858233415,478198
p04,young_weak,scaled_dt,c,day,d120,0.06855759061192189,167.00484174829944,478198
p04,young_weak,scaled_dt,d,region,core,0.11585693604247956,93.94479847789934,1858
p04,young_weak,scaled_dt,d,region,rim,0.06745512525746461,217.09077610543548,11138
p04,young_weak,scaled_dt,d,region,out_of_field,0.46169793052317165,0.029126529548328894,1606496
p04,young_weak,scaled_dt,d,day,pre,0.07931832316397047,273.005260361761,478198
p04,young_weak,scaled_dt,d,day,d34,0.050335836405725594,32.126312946618555,478198
p04,young_weak,scaled_dt,d,day,d55,0.06435272501713464,0.09972514858233415,478198
p04,young_weak,scaled_dt,d,day,d120,0.05796879557816067,167.00484174829944,478198
p04,young_weak,scaled_dt,e,region,core,0.11335453737767182,93.94479847789934,1858
p04,young_weak,scaled_dt,e,region,rim,0.06652416189522728,217.09077610543548,11138
p04,young_weak,scaled_dt,e,region,out_of_field,0.5235538712824913,0.029247108515536507,1204872
p04,young_weak,scaled_dt,e,day,pre,0.07765599620241516,273.005260361761,478198
p04,young_weak,scaled_dt,e,day,d80,0.35081348690520914,7.670080819593278,478198
p04,young_weak,scaled_dt,e,day,d120,0.05978815518645062,167.00484174829944,478198
p04,young_weak,scaled_dt,f,region,core,0.11587564172279195,93.94479847789934,1858
p04,young_weak,scaled_dt,f,region,rim,0.06747859559843504,217.09077610543548,11138
p04,young_weak,scaled_dt,f,region,out_of_field,0.45809787888933223,0.029283903702386482,2008120
p04,young_weak,scaled_dt,f,day,pre,0.07935952401314242,273.005260361761,478198
p04,young_weak,scaled_dt,f,day,d34,0.04592243310728698,32.126312946618555,478198
p04,young_weak,scaled_dt,f,day,d55,0.056501577301791776,0.09972514858233415,478198
p04,young_weak,scaled_dt,f,day,d80,0.07879561275183097,7.670080819593278,478198
p04,young_weak,scaled_dt,f,day,d120,0.05796184247474376,167.00484174829944,478198
p04,young_weak,fixed_dt,a,region,core,0.0010483590627631025,94.25152871188232,1858
p04,young_weak,fixed_dt,a,region,rim,0.0017168108757289926,189.89400587203878,6182
p04,young_weak,fixed_dt,a,region,out_of_field,0.0031170122655460276,0.0002474878479534787,401624
p04,young_weak,fixed_dt,a,day,pre,0.001383926944685913,273.62277304193447,478198
p04,young_weak,fixed_dt,b,region,core,0.10408808238389251,94.25152871188232,1858
p04,young_weak,fixed_dt,b,region,rim,0.06602763442204315,217.21078138056728,11138
p04,young_weak,fixed_dt,b,region,out_of_field,0.7700341929948636,0.02937156926082978,803248
p04,young_weak,fixed_dt,b,day,pre,0.07200482287592945,273.62277304193447,478198
p04,young_weak,fixed_dt,b,day,d120,0.06865683909263837,167.27923744274548,478198
p04,young_weak,fixed_dt,c,region,core,0.10409349728706035,94.25152871188232,1858
p04,young_weak,fixed_dt,c,region,rim,0.0660260917035761,217.21078138056728,11138
p04,young_weak,fixed_dt,c,region,out_of_field,0.7693749911359167,0.029396497864086144,1204872
p04,young_weak,fixed_dt,c,day,pre,0.07200866901786467,273.62277304193447,478198
p04,young_weak,fixed_dt,c,day,d55,1.631663630042628,0.09863593758588718,478198
p04,young_weak,fixed_dt,c,day,d120,0.06864604913632502,167.27923744274548,478198
p04,young_weak,fixed_dt,d,region,core,0.11429923485377068,94.25152871188232,1858
p04,young_weak,fixed_dt,d,region,rim,0.067628522312538,217.21078138056728,11138
p04,young_weak,fixed_dt,d,region,out_of_field,0.4652717799139695,0.029408455772557542,1606496
p04,young_weak,fixed_dt,d,day,pre,0.07900809234458908,273.62277304193447,478198
p04,young_weak,fixed_dt,d,day,d34,0.05545934163677064,31.631052252061483,478198
p04,young_weak,fixed_dt,d,day,d55,0.09107963432843375,0.09863593758588718,478198
p04,young_weak,fixed_dt,d,day,d120,0.05826294840478304,167.27923744274548,478198
p04,young_weak,fixed_dt,e,region,core,0.11157540629379294,94.25152871188232,1858
p04,young_weak,fixed_dt,e,region,rim,0.06641341513778883,217.21078138056728,11138
p04,young_weak,fixed_dt,e,region,out_of_field,0.5324090351464896,0.029527632862298533,1204872
p04,young_weak,fixed_dt,e,day,pre,0.07719103962685135,273.62277304193447,478198
p04,young_weak,fixed_dt,e,day,d80,0.3910037489226839,7.475210477372618,478198
p04,young_weak,fixed_dt,e,day,d120,0.05984751166352014,167.27923744274548,478198
p04,young_weak,fixed_dt,f,region,core,0.1143191075248631,94.25152871188232,1858
p04,young_weak,fixed_dt,f,region,rim,0.06766106571484684,217.21078138056728,11138
p04,young_weak,fixed_dt,f,region,out_of_field,0.46164698420989303,0.02956432465884251,2008120
p04,young_weak,fixed_dt,f,day,pre,0.07905068423966813,273.62277304193447,478198
p04,young_weak,fixed_dt,f,day,d34,0.050629157912661996,31.631052252061483,478198
p04,young_weak,fixed_dt,f,day,d55,0.08188872116518975,0.09863593758588718,478198
p04,young_weak,fixed_dt,f,day,d80,0.08388639092936104,7.475210477372618,478198
p04,young_weak,fixed_dt,f,day,d120,0.05827489137975041,167.27923744274548,478198
p05,young_weak,scaled_dt,a,region,core,2.711790832276662e-15,252.40042458514856,12734
p05,young_weak,scaled_dt,a,region,rim,2.0113673080972615e-15,690.9054451306667,53140
p05,young_weak,scaled_dt,a,region,out_of_field,1.709540524087262e-15,23.65729540294033,694028
p05,young_weak,scaled_dt,a,day,pre,1.8420973440295833e-15,1046.6119616622357,850296
p05,young_weak,scaled_dt,b,region,core,0.06256000802240291,252.40042458514856,12734
p05,young_weak,scaled_dt,b,region,rim,0.024103413670268678,692.725112351898,53150
p05,young_weak,scaled_dt,b,region,out_of_field,0.27127954807549104,143.3034135818185,1388056
p05,young_weak,scaled_dt,b,day,pre,0.02301731137572835,1046.6119616622357,850296
p05,young_weak,scaled_dt,b,day,d120,0.27378431704506156,145.59797882943442,850296
p05,young_weak,scaled_dt,c,region,core,0.06259080697972899,252.40042458514856,12734
p05,young_weak,scaled_dt,c,region,rim,0.024134461330612103,692.725112351898,53150
p05,young_weak,scaled_dt,c,region,out_of_field,0.2598987408935259,150.91474567583813,2082084
p05,young_weak,scaled_dt,c,day,pre,0.02297526966583916,1046.6119616622357,850296
p05,young_weak,scaled_dt,c,day,d55,0.10597979124725124,47.32377679917423,850296
p05,young_weak,scaled_dt,c,day,d120,0.2739785799451176,145.59797882943442,850296
p05,young_weak,scaled_dt,d,region,core,0.06821723630461453,252.40042458514856,12734
p05,young_weak,scaled_dt,d,region,rim,0.025482840944790697,692.725112351898,53150
p05,young_weak,scaled_dt,d,region,out_of_field,0.2305980441881508,166.0623098592132,2776112
p05,young_weak,scaled_dt,d,day,pre,0.025118528272678436,1046.6119616622357,850296
p05,young_weak,scaled_dt,d,day,d34,0.08233044669961617,112.28695836091497,850296
p05,young_weak,scaled_dt,d,day,d55,0.09834213247694144,47.32377679917423,850296
p05,young_weak,scaled_dt,d,day,d120,0.2734091186319759,145.59797882943442,850296
p05,young_weak,scaled_dt,e,region,core,0.06505044570501145,252.40042458514856,12734
p05,young_weak,scaled_dt,e,region,rim,0.02453299601720542,692.725112351898,53150
p05,young_weak,scaled_dt,e,region,out_of_field,0.23826321206555734,173.1055709208007,2082084
p05,young_weak,scaled_dt,e,day,pre,0.023690825074965845,1046.6119616622357,850296
p05,young_weak,scaled_dt,e,day,d80,0.15253865436221337,97.17175849980083,850296
p05,young_weak,scaled_dt,e,day,d120,0.27126737374569004,145.59797882943442,850296
p05,young_weak,scaled_dt,f,region,core,0.06991117562377486,252.40042458514856,12734
p05,young_weak,scaled_dt,f,region,rim,0.02568406794298923,692.725112351898,53150
p05,young_weak,scaled_dt,f,region,out_of_field,0.2108013424407822,192.3703747862232,3470140
p05,young_weak,scaled_dt,f,day,pre,0.025506870754045022,1046.6119616622357,850296
p05,young_weak,scaled_dt,f,day,d34,0.07988286193361716,112.28695836091497,850296
p05,young_weak,scaled_dt,f,day,d55,0.09679135117327753,47.32377679917423,850296
p05,young_weak,scaled_dt,f,day,d80,0.1428799553387736,97.17175849980083,850296
p05,young_weak,scaled_dt,f,day,d120,0.27225752857143126,145.59797882943442,850296
p05,young_weak,fixed_dt,a,region,core,0.00034973728206594783,252.72927807489964,12734
p05,young_weak,fixed_dt,a,region,rim,0.0011106590486138065,691.67952177086,53140
p05,young_weak,fixed_dt,a,region,out_of_field,0.001175983052305999,23.64052331543159,694028
p05,young_weak,fixed_dt,a,day,pre,0.0008303151507424482,1047.2059409978838,850296
p05,young_weak,fixed_dt,b,region,core,0.06178139609750317,252.72927807489964,12734
p05,young_weak,fixed_dt,b,region,rim,0.023860979497306374,693.4959936350724,53150
p05,young_weak,fixed_dt,b,region,out_of_field,0.2679736747633,143.89184536682225,1388056
p05,young_weak,fixed_dt,b,day,pre,0.022758473749929505,1047.2059409978838,850296
p05,young_weak,fixed_dt,b,day,d120,0.27039683867131953,146.23834601525132,850296
p05,young_weak,fixed_dt,c,region,core,0.061818959708752175,252.72927807489964,12734
p05,young_weak,fixed_dt,c,region,rim,0.02389141696175493,693.4959936350724,53150
p05,young_weak,fixed_dt,c,region,out_of_field,0.25672508777776676,151.52734756525192,2082084
p05,young_weak,fixed_dt,c,day,pre,0.022721283275372206,1047.2059409978838,850296
p05,young_weak,fixed_dt,c,day,d55,0.10481904604086206,47.49552779486346,850296
p05,young_weak,fixed_dt,c,day,d120,0.2705682074952,146.23834601525132,850296
p05,young_weak,fixed_dt,d,region,core,0.06732764167162074,252.72927807489964,12734
p05,young_weak,fixed_dt,d,region,rim,0.025203329193783073,693.4959936350724,53150
p05,young_weak,fixed_dt,d,region,out_of_field,0.22820498354932645,166.6355450787999,2776112
p05,young_weak,fixed_dt,d,day,pre,0.024813333203642957,1047.2059409978838,850296
p05,young_weak,fixed_dt,d,day,d34,0.08388475485944558,111.92035878157515,850296
p05,young_weak,fixed_dt,d,day,d55,0.09735691491453255,47.49552779486346,850296
p05,young_weak,fixed_dt,d,day,d120,0.27000669266539734,146.23834601525132,850296
p05,young_weak,fixed_dt,e,region,core,0.0643919941932708,252.72927807489964,12734
p05,young_weak,fixed_dt,e,region,rim,0.024376917556495875,693.4959936350724,53150
p05,young_weak,fixed_dt,e,region,out_of_field,0.23623370469254182,173.49078509355246,2082084
p05,young_weak,fixed_dt,e,day,pre,0.02347783785874452,1047.2059409978838,850296
p05,young_weak,fixed_dt,e,day,d80,0.1543070036710321,96.98843599097172,850296
p05,young_weak,fixed_dt,e,day,d120,0.26772954707052504,146.23834601525132,850296
p05,young_weak,fixed_dt,f,region,core,0.06913509743427863,252.72927807489964,12734
p05,young_weak,fixed_dt,f,region,rim,0.025489958657441157,693.4959936350724,53150
p05,young_weak,fixed_dt,f,region,out_of_field,0.209270833587118,192.77342719632412,3470140
p05,young_weak,fixed_dt,f,day,pre,0.02524630158915973,1047.2059409978838,850296
p05,young_weak,fixed_dt,f,day,d34,0.08140805286474681,111.92035878157515,850296
p05,young_weak,fixed_dt,f,day,d55,0.09585829417238882,47.49552779486346,850296
p05,young_weak,fixed_dt,f,day,d80,0.1447272302682277,96.98843599097172,850296
p05,young_weak,fixed_dt,f,day,d120,0.26868817574117226,146.23834601525132,850296
p06,young_weak,scaled_dt,a,region,core,5.046618732894157e-15,162.56071427507533,14502
p06,young_weak,scaled_dt,a,region,rim,3.651984241150029e-15,435.6442344437283,60610
p06,young_weak,scaled_dt,a,region,out_of_field,2.3031738005637926e-15,12.526063974384606,703828
p06,young_weak,scaled_dt,a,day,pre,3.1390665962215745e-15,643.743457096416,867846
p06,young_weak,scaled_dt,b,region,core,0.006503861556836605,162.56071427507533,14502
p06,young_weak,scaled_dt,b,region,rim,0.004065630303929148,435.6442344437283,60610
p06,young_weak,scaled_dt,b,region,out_of_field,0.0786925527050125,22.78974785079875,1407656
p06,young_weak,scaled_dt,b,day,pre,0.003845606209695669,643.743457096416,867846
p06,young_weak,scaled_dt,b,day,d120,0.12872251107331256,121.66518954898207,867846
p06,young_weak,scaled_dt,c,region,core,0.007298282382916263,162.56071427507533,14502
p06,young_weak,scaled_dt,c,region,rim,0.004665685078167604,435.6442344437283,60610
p06,young_weak,scaled_dt,c,region,out_of_field,0.09891058213822675,24.78481649565497,2111484
p06,young_weak,scaled_dt,c,day,pre,0.004367026296210807,643.743457096416,867846
p06,young_weak,scaled_dt,c,day,d55,0.0953969098650114,46.996380149204285,867846
p06,young_weak,scaled_dt,c,day,d120,0.12849306662286944,121.66518954898207,867846
p06,young_weak,scaled_dt,d,region,core,0.025323801586732798,162.56071427507533,14502
p06,young_weak,scaled_dt,d,region,rim,0.02819276509850473,488.32710733481787,80218
p06,young_weak,scaled_dt,d,region,out_of_field,0.08072903278774336,29.28731307745888,2815312
p06,young_weak,scaled_dt,d,day,pre,0.015039403638579278,643.743457096416,867846
p06,young_weak,scaled_dt,d,day,d34,0.04965142423734625,367.8887527003328,867846
p06,young_weak,scaled_dt,d,day,d55,0.10998658700849483,46.996380149204285,867846
p06,young_weak,scaled_dt,d,day,d120,0.12054815076210337,121.66518954898207,867846
p06,young_weak,scaled_dt,e,region,core,0.011492821985143063,162.56071427507533,14502
p06,young_weak,scaled_dt,e,region,rim,0.007360153238787802,435.6442344437283,60610
p06,young_weak,scaled_dt,e,region,out_of_field,0.16086059616373252,29.559965604248347,2111484
p06,young_weak,scaled_dt,e,day,pre,0.006839243801645098,643.743457096416,867846
p06,young_weak,scaled_dt,e,day,d80,0.09568385209225945,99.41615268489885,867846
p06,young_weak,scaled_dt,e,day,d120,0.13502008887236677,121.66518954898207,867846
p06,young_weak,scaled_dt,f,region,core,0.04681860493198791,162.56071427507533,14502
p06,young_weak,scaled_dt,f,region,rim,0.03777975571968367,488.32710733481787,80218
p06,young_weak,scaled_dt,f,region,out_of_field,0.0842211616358944,34.81616961583299,3519140
p06,young_weak,scaled_dt,f,day,pre,0.023550316199700258,643.743457096416,867846
p06,young_weak,scaled_dt,f,day,d34,0.051177581212996384,367.8887527003328,867846
p06,young_weak,scaled_dt,f,day,d55,0.14187386546037645,46.996380149204285,867846
p06,young_weak,scaled_dt,f,day,d80,0.18346065887736276,99.41615268489885,867846
p06,young_weak,scaled_dt,f,day,d120,0.11708879735485804,121.66518954898207,867846
p06,young_weak,fixed_dt,a,region,core,0.0002645071734720146,162.6803806530209,14502
p06,young_weak,fixed_dt,a,region,rim,0.00044021245697619375,435.9441993959318,60610
p06,young_weak,fixed_dt,a,region,out_of_field,0.0002713543294948873,12.526288102033055,703828
p06,young_weak,fixed_dt,a,day,pre,0.00034510177186022493,644.0564947122907,867846
p06,young_weak,fixed_dt,b,region,core,0.006423695673017058,162.6803806530209,14502
p06,young_weak,fixed_dt,b,region,rim,0.004210226452275316,435.9441993959318,60610
p06,young_weak,fixed_dt,b,region,out_of_field,0.0788977014763575,22.782022692742956,1407656
p06,young_weak,fixed_dt,b,day,pre,0.0038679377315901644,644.0564947122907,867846
p06,young_weak,fixed_dt,b,day,d120,0.12928780407611082,121.53849962537905,867846
p06,young_weak,fixed_dt,c,region,core,0.00724133189146396,162.6803806530209,14502
p06,young_weak,fixed_dt,c,region,rim,0.004798451283296483,435.9441993959318,60610
p06,young_weak,fixed_dt,c,region,out_of_field,0.09958853535213773,24.78357452759997,2111484
p06,young_weak,fixed_dt,c,day,pre,0.004387691961039701,644.0564947122907,867846
p06,young_weak,fixed_dt,c,day,d55,0.09576796931504533,46.98278815469479,867846
p06,young_weak,fixed_dt,c,day,d120,0.12905857013441982,121.53849962537905,867846
p06,young_weak,fixed_dt,d,region,core,0.025625156817831916,162.6803806530209,14502
p06,young_weak,fixed_dt,d,region,rim,0.02875197470168754,488.74869551782865,80218
p06,young_weak,fixed_dt,d,region,out_of_field,0.08136969288130376,29.292614038602483,2815312
p06,young_weak,fixed_dt,d,day,pre,0.015240310774896399,644.0564947122907,867846
p06,young_weak,fixed_dt,d,day,d34,0.05093081179269967,367.8043682455333,867846
p06,young_weak,fixed_dt,d,day,d55,0.11025624940275486,46.98278815469479,867846
p06,young_weak,fixed_dt,d,day,d120,0.1209433495258404,121.53849962537905,867846
p06,young_weak,fixed_dt,e,region,core,0.011524930851654094,162.6803806530209,14502
p06,young_weak,fixed_dt,e,region,rim,0.007514619777008837,435.9441993959318,60610
p06,young_weak,fixed_dt,e,region,out_of_field,0.1628787597423221,29.542217116402593,2111484
p06,young_weak,fixed_dt,e,day,pre,0.006873929920692109,644.0564947122907,867846
p06,young_weak,fixed_dt,e,day,d80,0.09673925088776124,99.07000837243008,867846
p06,young_weak,fixed_dt,e,day,d120,0.13570049766628833,121.53849962537905,867846
p06,young_weak,fixed_dt,f,region,core,0.047367242673304825,162.6803806530209,14502
p06,young_weak,fixed_dt,f,region,rim,0.038486874961505935,488.74869551782865,80218
p06,young_weak,fixed_dt,f,region,out_of_field,0.08522835765635366,34.81062009494439,3519140
p06,young_weak,fixed_dt,f,day,pre,0.023860528307557794,644.0564947122907,867846
p06,young_weak,fixed_dt,f,day,d34,0.05235570959471359,367.8043682455333,867846
p06,young_weak,fixed_dt,f,day,d55,0.14246228502545033,46.98278815469479,867846
p06,young_weak,fixed_dt,f,day,d80,0.18575440139497984,99.07000837243008,867846
p06,young_weak,fixed_dt,f,day,d120,0.11748101094239473,121.53849962537905,867846
p07,young_weak,scaled_dt,a,region,core,2.0880406164023626e-15,311.0186034402212,13276
p07,young_weak,scaled_dt,a,region,rim,1.677049424633726e-15,571.7225530968478,21744
p07,young_weak,scaled_dt,a,region,out_of_field,5.69109325316782e-15,0.002024732593169638,528396
p07,young_weak,scaled_dt,a,day,pre,1.6694111054816606e-15,798.3524797974379,684286
p07,young_weak,scaled_dt,b,region,core,0.001131707339191403,311.0186034402212,13276
p07,young_weak,scaled_dt,b,region,rim,0.00104159786092106,571.7225530968478,21744
p07,young_weak,scaled_dt,b,region,out_of_field,1.309496271322194,0.029631274406555753,1056792
p07,young_weak,scaled_dt,b,day,pre,0.0010534277859286106,798.3524797974379,684286
p07,young_weak,scaled_dt,b,day,d120,0.1410470399728444,50.76385578475891,684286
p07,young_weak,scaled_dt,c,region,core,0.001133730710669449,311.0186034402212,13276
p07,young_weak,scaled_dt,c,region,rim,0.0010241712237127423,571.7225530968478,21744
p07,young_weak,scaled_dt,c,region,out_of_field,1.2759659601013886,0.03000361346238483,1585188
p07,young_weak,scaled_dt,c,day,pre,0.0010448546406739243,798.3524797974379,684286
p07,young_weak,scaled_dt,c,day,d55,3.0529462734980615,0.19834560760877779,684286
p07,young_weak,scaled_dt,c,day,d120,0.14106968766086922,50.76385578475891,684286
p07,young_weak,scaled_dt,d,region,core,0.003663435611715565,311.0186034402212,13276
p07,young_weak,scaled_dt,d,region,rim,0.0018221082222659106,571.7225530968478,21744
p07,young_weak,scaled_dt,d,region,out_of_field,0.34185871709677135,0.030310481046051146,2113584
p07,young_weak,scaled_dt,d,day,pre,0.002520388447061031,798.3524797974379,684286
p07,young_weak,scaled_dt,d,day,d34,0.047098695022701455,71.19751076037883,684286
p07,young_weak,scaled_dt,d,day,d55,0.08301805062672753,0.19834560760877779,684286
p07,young_weak,scaled_dt,d,day,d120,0.17229525086123207,50.76385578475891,684286
p07,young_weak,scaled_dt,e,region,core,0.0020326865441983714,311.0186034402212,13276
p07,young_weak,scaled_dt,e,region,rim,0.0009913868784533944,571.7225530968478,21744
p07,young_weak,scaled_dt,e,region,out_of_field,0.38870656895960937,0.030919844311011576,1585188
p07,young_weak,scaled_dt,e,day,pre,0.001409237814711182,798.3524797974379,684286
p07,young_weak,scaled_dt,e,day,d80,0.6434472095223522,2.701521503522304,684286
p07,young_weak,scaled_dt,e,day,d120,0.15190951972099287,50.76385578475891,684286
p07,young_weak,scaled_dt,f,region,core,0.003902840135200066,311.0186034402212,13276
p07,young_weak,scaled_dt,f,region,rim,0.0019423821155588451,571.7225530968478,21744
p07,young_weak,scaled_dt,f,region,out_of_field,0.328592522961391,0.0315713416012626,2641980
p07,young_weak,scaled_dt,f,day,pre,0.002683838844164832,798.3524797974379,684286
p07,young_weak,scaled_dt,f,day,d34,0.047366675372911816,71.19751076037883,684286
p07,young_weak,scaled_dt,f,day,d55,0.08034343092477854,0.19834560760877779,684286
p07,young_weak,scaled_dt,f,day,d80,0.8646966465566278,2.701521503522304,684286
p07,young_weak,scaled_dt,f,day,d120,0.17160101544070563,50.76385578475891,684286
p07,young_weak,fixed_dt,a,region,core,0.00026311258131481104,311.316326238995,13276
p07,young_weak,fixed_dt,a,region,rim,0.00023159024980456123,572.4750453502373,21744
p07,young_weak,fixed_dt,a,region,out_of_field,0.0011932152073442731,0.0020289934637147933,528396
p07,young_weak,fixed_dt,a,day,pre,0.00022460177356767105,799.4569727726763,684286
p07,young_weak,fixed_dt,b,region,core,0.0012290624516484005,311.316326238995,13276
p07,young_weak,fixed_dt,b,region,rim,0.00102029733824741,572.4750453502373,21744
p07,young_weak,fixed_dt,b,region,out_of_field,1.3046206943273748,0.02980517641441981,1056792
p07,young_weak,fixed_dt,b,day,pre,0.0010731803729026668,799.4569727726763,684286
p07,young_weak,fixed_dt,b,day,d120,0.13926305687787197,51.32688438073815,684286
p07,young_weak,fixed_dt,c,region,core,0.0012348012512877692,311.316326238995,13276
p07,young_weak,fixed_dt,c,region,rim,0.0010020930536606882,572.4750453502373,21744
p07,young_weak,fixed_dt,c,region,out_of_field,1.2711002094165285,0.03017902837907905,1585188
p07,young_weak,fixed_dt,c,day,pre,0.001064791865753392,799.4569727726763,684286
p07,young_weak,fixed_dt,c,day,d55,3.026065740363016,0.20167588610960233,684286
p07,young_weak,fixed_dt,c,day,d120,0.13928559730592616,51.32688438073815,684286
p07,young_weak,fixed_dt,d,region,core,0.003788442501276142,311.316326238995,13276
p07,young_weak,fixed_dt,d,region,rim,0.0017816689848210096,572.4750453502373,21744
p07,young_weak,fixed_dt,d,region,out_of_field,0.3339836867162174,0.03048481449173017,2113584
p07,young_weak,fixed_dt,d,day,pre,0.0025254557949994315,799.4569727726763,684286
p07,young_weak,fixed_dt,d,day,d34,0.04834842556055734,70.73129038690361,684286
p07,young_weak,fixed_dt,d,day,d55,0.06788794399484381,0.20167588610960233,684286
p07,young_weak,fixed_dt,d,day,d120,0.17008473405053243,51.32688438073815,684286
p07,young_weak,fixed_dt,e,region,core,0.002167354303747126,311.316326238995,13276
p07,young_weak,fixed_dt,e,region,rim,0.0009563494397854076,572.4750453502373,21744
p07,young_weak,fixed_dt,e,region,out_of_field,0.39034353502496033,0.031087872586719998,1585188
p07,young_weak,fixed_dt,e,day,pre,0.0014241205296541344,799.4569727726763,684286
p07,young_weak,fixed_dt,e,day,d80,0.6469911145791417,2.6841197420786704,684286
p07,young_weak,fixed_dt,e,day,d120,0.1499972871444735,51.32688438073815,684286
p07,young_weak,fixed_dt,f,region,core,0.004026295873812903,311.316326238995,13276
p07,young_weak,fixed_dt,f,region,rim,0.0019023726523128006,572.4750453502373,21744
p07,young_weak,fixed_dt,f,region,out_of_field,0.32093337108413084,0.03174005663934221,2641980
p07,young_weak,fixed_dt,f,day,pre,0.002687234510202186,799.4569727726763,684286
p07,young_weak,fixed_dt,f,day,d34,0.04861023487445468,70.73129038690361,684286
p07,young_weak,fixed_dt,f,day,d55,0.06683587417242712,0.20167588610960233,684286
p07,young_weak,fixed_dt,f,day,d80,0.8660959134831044,2.6841197420786704,684286
p07,young_weak,fixed_dt,f,day,d120,0.16940124705207876,51.32688438073815,684286
p08,young_strong,scaled_dt,a,region,core,2.972768284561513e-15,153.4426879350614,6420
p08,young_strong,scaled_dt,a,region,rim,2.233750979384461e-15,317.02508746183986,21474
p08,young_strong,scaled_dt,a,region,out_of_field,3.0936953468750977e-15,0.019843353464541393,523548
p08,young_strong,scaled_dt,a,day,pre,2.105009757400196e-15,449.19403115945414,639660
p08,young_strong,scaled_dt,b,region,core,7.466079593606266e-11,153.4426879350614,6420
p08,young_strong,scaled_dt,b,region,rim,5.677354554984929e-11,317.02508746183986,21474
p08,young_strong,scaled_dt,b,region,out_of_field,0.03540606914110276,0.021233940462407203,1047096
p08,young_strong,scaled_dt,b,day,pre,5.607950415358207e-11,449.19403115945414,639660
p08,young_strong,scaled_dt,b,day,d120,0.12051734331388606,0.0076518666345625095,639660
p08,young_strong,scaled_dt,c,region,core,7.858262955644825e-11,153.4426879350614,6420
p08,young_strong,scaled_dt,c,region,rim,7.180405770639738e-11,317.02508746183986,21474
p08,young_strong,scaled_dt,c,region,out_of_field,0.045068666460369285,0.022278089461685677,1570644
p08,young_strong,scaled_dt,c,day,pre,7.149518001532428e-11,449.19403115945414,639660
p08,young_strong,scaled_dt,c,day,d55,0.1136181208749763,0.006743181752283291,639660
p08,young_strong,scaled_dt,c,day,d120,0.12672500978461923,0.0076518666345625095,639660
p08,young_strong,scaled_dt,d,region,core,1.6915515578257763e-10,153.4426879350614,6420
p08,young_strong,scaled_dt,d,region,rim,1.4308586647649364e-10,317.02508746183986,21474
p08,young_strong,scaled_dt,d,region,out_of_field,0.07170631014775508,0.02454850150098324,2094192
p08,young_strong,scaled_dt,d,day,pre,1.3859078537267942e-10,449.19403115945414,639660
p08,young_strong,scaled_dt,d,day,d34,0.10350560545227021,0.010321367458672804,639660
p08,young_strong,scaled_dt,d,day,d55,0.15921697213233518,0.006743181752283291,639660
p08,young_strong,scaled_dt,d,day,d120,0.14983008752761254,0.0076518666345625095,639660
p08,young_strong,scaled_dt,e,region,core,1.3922418813337525e-10,153.4426879350614,6420
p08,young_strong,scaled_dt,e,region,rim,1.0575114581896855e-10,317.02508746183986,21474
p08,young_strong,scaled_dt,e,region,out_of_field,0.04488127936195774,0.022629192529625773,1570644
p08,young_strong,scaled_dt,e,day,pre,1.0508433416672523e-10,449.19403115945414,639660
p08,young_strong,scaled_dt,e,day,d80,0.10411198567913445,0.007858613588200721,639660
p08,young_strong,scaled_dt,e,day,d120,0.12066081538452042,0.0076518666345625095,639660
p08,young_strong,scaled_dt,f,region,core,2.4988121071504975e-10,153.4426879350614,6420
p08,young_strong,scaled_dt,f,region,rim,2.0076203686055683e-10,317.02508746183986,21474
p08,young_strong,scaled_dt,f,region,out_of_field,0.07737329405923801,0.02576488022338923,2617740
p08,young_strong,scaled_dt,f,day,pre,1.9392403109657116e-10,449.19403115945414,639660
p08,young_strong,scaled_dt,f,day,d34,0.10663364728431704,0.010321367458672804,639660
p08,young_strong,scaled_dt,f,day,d55,0.16011112638714434,0.006743181752283291,639660
p08,young_strong,scaled_dt,f,day,d80,0.1292995802606769,0.007858613588200721,639660
p08,young_strong,scaled_dt,f,day,d120,0.14587726186079672,0.0076518666345625095,639660
p08,young_strong,fixed_dt,a,region,core,3.6376427066113395e-05,153.5381118360703,6420
p08,young_strong,fixed_dt,a,region,rim,2.0135063428571226e-05,317.25302221011486,21474
p08,young_strong,fixed_dt,a,region,out_of_field,7.601050016384327e-05,0.01986331300819247,523548
p08,young_strong,fixed_dt,a,day,pre,2.238180659926592e-05,449.5258592228295,639660
p08,young_strong,fixed_dt,b,region,core,3.6376412685485244e-05,153.5381118360703,6420
p08,young_strong,fixed_dt,b,region,rim,2.0135057123703008e-05,317.25302221011486,21474
p08,young_strong,fixed_dt,b,region,out_of_field,0.03535727830318494,0.02125813627788917,1047096
p08,young_strong,fixed_dt,b,day,pre,2.2381806599337318e-05,449.5258592228295,639660
p08,young_strong,fixed_dt,b,day,d120,0.12025563673423369,0.007667852495276069,639660
p08,young_strong,fixed_dt,c,region,core,3.637636995545048e-05,153.5381118360703,6420
p08,young_strong,fixed_dt,c,region,rim,2.01350538819138e-05,317.25302221011486,21474
p08,young_strong,fixed_dt,c,region,out_of_field,0.04494090320245687,0.02230540423989564,1570644
p08,young_strong,fixed_dt,c,day,pre,2.238180659937902e-05,449.5258592228295,639660
p08,young_strong,fixed_dt,c,day,d55,0.11195156285277959,0.006757663211437546,639660
p08,young_strong,fixed_dt,c,day,d120,0.12646851155524785,0.007667852495276069,639660
p08,young_strong,fixed_dt,d,region,core,3.6376341766197325e-05,153.5381118360703,6420
p08,young_strong,fixed_dt,d,region,rim,2.013504493358829e-05,317.25302221011486,21474
p08,young_strong,fixed_dt,d,region,out_of_field,0.0717490624670838,0.024581523493903135,2094192
p08,young_strong,fixed_dt,d,day,pre,2.2381806599696128e-05,449.5258592228295,639660
p08,young_strong,fixed_dt,d,day,d34,0.10484804123688828,0.010340916424158748,639660
p08,young_strong,fixed_dt,d,day,d55,0.15734761039683248,0.006757663211437546,639660
p08,young_strong,fixed_dt,d,day,d120,0.14977093861182314,0.007667852495276069,639660
p08,young_strong,fixed_dt,e,region,core,3.6376403714644396e-05,153.5381118360703,6420
p08,young_strong,fixed_dt,e,region,rim,2.0135052341386216e-05,317.25302221011486,21474
p08,young_strong,fixed_dt,e,region,out_of_field,0.04499057805912115,0.02265370021097851,1570644
p08,young_strong,fixed_dt,e,day,pre,2.2381806599515974e-05,449.5258592228295,639660
p08,young_strong,fixed_dt,e,day,d80,0.10472954607291543,0.007863787202802903,639660
p08,young_strong,fixed_dt,e,day,d120,0.12042607785417046,0.007667852495276069,639660
p08,young_strong,fixed_dt,f,region,core,3.6376336968875334e-05,153.5381118360703,6420
p08,young_strong,fixed_dt,f,region,rim,2.013503980395426e-05,317.25302221011486,21474
p08,young_strong,fixed_dt,f,region,out_of_field,0.07751793529705289,0.025797927678805753,2617740
p08,young_strong,fixed_dt,f,day,pre,2.2381806600106447e-05,449.5258592228295,639660
p08,young_strong,fixed_dt,f,day,d34,0.10797779946816627,0.010340916424158748,639660
p08,young_strong,fixed_dt,f,day,d55,0.15844808732155813,0.006757663211437546,639660
p08,young_strong,fixed_dt,f,day,d80,0.13013494355050684,0.007863787202802903,639660
p08,young_strong,fixed_dt,f,day,d120,0.14563374102281892,0.007667852495276069,639660
p09,young_strong,scaled_dt,a,region,core,3.1098554815424677e-15,75.63351791295769,2052
p09,young_strong,scaled_dt,a,region,rim,2.920080778073193e-15,151.47022773471113,7856
p09,young_strong,scaled_dt,a,region,out_of_field,1.6391755097030885e-14,0.0007269939153320244,418718
p09,young_strong,scaled_dt,a,day,pre,2.7513452322794074e-15,215.169897782749,497328
p09,young_strong,scaled_dt,b,region,core,4.369507124076763e-15,75.63351791295769,2052
p09,young_strong,scaled_dt,b,region,rim,3.5831722338378176e-15,151.47022773471113,7856
p09,young_strong,scaled_dt,b,region,out_of_field,0.002795844187984596,0.0007270829253646617,837436
p09,young_strong,scaled_dt,b,day,pre,3.389005032925937e-15,215.169897782749,497328
p09,young_strong,scaled_dt,b,day,d120,0.2026905746445835,1.3662563880327867e-05,497328
p09,young_strong,scaled_dt,c,region,core,1.542628787093606e-14,75.63351791295769,2052
p09,young_strong,scaled_dt,c,region,rim,1.327855472297636e-14,151.47022773471113,7856
p09,young_strong,scaled_dt,c,region,out_of_field,0.00926889257685006,0.0007279144245511142,1256154
p09,young_strong,scaled_dt,c,day,pre,1.3630196936598962e-14,215.169897782749,497328
p09,young_strong,scaled_dt,c,day,d55,0.182358938853099,3.780759764535603e-05,497328
p09,young_strong,scaled_dt,c,day,d120,0.369474254719193,1.3662563880327867e-05,497328
p09,young_strong,scaled_dt,d,region,core,2.242231563038697e-12,75.63351791295769,2052
p09,young_strong,scaled_dt,d,region,rim,1.742907509059881e-12,151.47022773471113,7856
p09,young_strong,scaled_dt,d,region,out_of_field,0.02382489546350821,0.0007459725599076089,1674872
p09,young_strong,scaled_dt,d,day,pre,1.7568393845895927e-12,215.169897782749,497328
p09,young_strong,scaled_dt,d,day,d34,0.11991147022123537,0.0006544037753210528,497328
p09,young_strong,scaled_dt,d,day,d55,0.25965867349541294,3.780759764535603e-05,497328
p09,young_strong,scaled_dt,d,day,d120,0.26454426219454596,1.3662563880327867e-05,497328
p09,young_strong,scaled_dt,e,region,core,3.3314506878640043e-14,75.63351791295769,2052
p09,young_strong,scaled_dt,e,region,rim,2.533102934768468e-14,151.47022773471113,7856
p09,young_strong,scaled_dt,e,region,out_of_field,0.010441377908938823,0.0007283596444592472,1256154
p09,young_strong,scaled_dt,e,day,pre,2.433598948512442e-14,215.169897782749,497328
p09,young_strong,scaled_dt,e,day,d80,0.18612115849610325,4.9359074459279243e-05,497328
p09,young_strong,scaled_dt,e,day,d120,0.21320531256677502,1.3662563880327867e-05,497328
p09,young_strong,scaled_dt,f,region,core,2.2792496398134374e-12,75.63351791295769,2052
p09,young_strong,scaled_dt,f,region,rim,1.766362537756125e-12,151.47022773471113,7856
p09,young_strong,scaled_dt,f,region,out_of_field,0.02565226528346652,0.0007472170042598588,2093590
p09,young_strong,scaled_dt,f,day,pre,1.7764562894327967e-12,215.169897782749,497328
p09,young_strong,scaled_dt,f,day,d34,0.11989432904619046,0.0006544037753210528,497328
p09,young_strong,scaled_dt,f,day,d55,0.26291876863487645,3.780759764535603e-05,497328
p09,young_strong,scaled_dt,f,day,d80,0.295720645341246,4.9359074459279243e-05,497328
p09,young_strong,scaled_dt,f,day,d120,0.26269517587837615,1.3662563880327867e-05,497328
p09,young_strong,fixed_dt,a,region,core,0.00010105504717125972,75.73104206289713,2052
p09,young_strong,fixed_dt,a,region,rim,0.00011003003760198286,151.70083710451232,7856
p09,young_strong,fixed_dt,a,region,out_of_field,0.0007910057568940479,0.0007285673047289347,418718
p09,young_strong,fixed_dt,a,day,pre,9.762663651698405e-05,215.50706543844439,497328
p09,young_strong,fixed_dt,b,region,core,0.00010105504716984874,75.73104206289713,2052
p09,young_strong,fixed_dt,b,region,rim,0.00011003003760196698,151.70083710451232,7856
p09,young_strong,fixed_dt,b,region,out_of_field,0.0029016995589197943,0.0007286563598663728,837436
p09,young_strong,fixed_dt,b,day,pre,9.762663651698666e-05,215.50706543844439,497328
p09,young_strong,fixed_dt,b,day,d120,0.20260149121957247,1.36838897449722e-05,497328
p09,young_strong,fixed_dt,c,region,core,0.00010105504716340099,75.73104206289713,2052
p09,young_strong,fixed_dt,c,region,rim,0.00011003003760421814,151.70083710451232,7856
p09,young_strong,fixed_dt,c,region,out_of_field,0.009165423828110192,0.0007294921699470003,1256154
p09,young_strong,fixed_dt,c,day,pre,9.76266365169869e-05,215.50706543844439,497328
p09,young_strong,fixed_dt,c,day,d55,0.1776033416583925,3.805286037588425e-05,497328
p09,young_strong,fixed_dt,c,day,d120,0.3756155726266065,1.36838897449722e-05,497328
p09,young_strong,fixed_dt,d,region,core,0.00010105504649095991,75.73104206289713,2052
p09,young_strong,fixed_dt,d,region,rim,0.0001100300370081097,151.70083710451232,7856
p09,young_strong,fixed_dt,d,region,out_of_field,0.023837852037829742,0.0007475391684923744,1674872
p09,young_strong,fixed_dt,d,day,pre,9.762663651698534e-05,215.50706543844439,497328
p09,young_strong,fixed_dt,d,day,d34,0.12055089245890302,0.0006550876336687322,497328
p09,young_strong,fixed_dt,d,day,d55,0.258413869620849,3.805286037588425e-05,497328
p09,young_strong,fixed_dt,d,day,d120,0.2640608411728398,1.36838897449722e-05,497328
p09,young_strong,fixed_dt,e,region,core,0.00010105504715379637,75.73104206289713,2052
p09,young_strong,fixed_dt,e,region,rim,0.00011003003759919108,151.70083710451232,7856
p09,young_strong,fixed_dt,e,region,out_of_field,0.010484869548457749,0.000729930230921324,1256154
p09,young_strong,fixed_dt,e,day,pre,9.762663651698555e-05,215.50706543844439,497328
p09,young_strong,fixed_dt,e,day,d80,0.1869899364837826,4.9338038549844483e-05,497328
p09,young_strong,fixed_dt,e,day,d120,0.21405670855124034,1.36838897449722e-05,497328
p09,young_strong,fixed_dt,f,region,core,0.00010105504647737035,75.73104206289713,2052
p09,young_strong,fixed_dt,f,region,rim,0.00011003003701119764,151.70083710451232,7856
p09,young_strong,fixed_dt,f,region,out_of_field,0.025672238659007703,0.0007487809156685385,2093590
p09,young_strong,fixed_dt,f,day,pre,9.762663651698188e-05,215.50706543844439,497328
p09,young_strong,fixed_dt,f,day,d34,0.12053242437024017,0.0006550876336687322,497328
p09,young_strong,fixed_dt,f,day,d55,0.26187962520909575,3.805286037588425e-05,497328
p09,young_strong,fixed_dt,f,day,d80,0.2978191309305838,4.9338038549844483e-05,497328
p09,young_strong,fixed_dt,f,day,d120,0.2621732957459192,1.36838897449722e-05,497328
p10,young_strong,scaled_dt,a,region,core,3.2948229704785037e-15,245.24508886888376,22574
p10,young_strong,scaled_dt,a,region,rim,2.3333293542256105e-15,556.8891284484155,71792
p10,young_strong,scaled_dt,a,region,out_of_field,4.180588500725908e-15,3.542612267299318,735100
p10,young_strong,scaled_dt,a,day,pre,2.4667911898064326e-15,803.2001902037856,933478
p10,young_strong,scaled_dt,b,region,core,1.1829370438739525e-11,245.24508886888376,22574
p10,young_strong,scaled_dt,b,region,rim,7.614939290369419e-12,556.8891284484155,71792
p10,young_strong,scaled_dt,b,region,out_of_field,0.00014188712395091907,3.5426135607812155,1470200
p10,young_strong,scaled_dt,b,day,pre,7.371292406789341e-12,803.2001902037856,933478
p10,young_strong,scaled_dt,b,day,d120,0.17864129798732656,0.003090041077159393,933478
p10,young_strong,scaled_dt,c,region,core,2.5610463771831387e-11,245.24508886888376,22574
p10,young_strong,scaled_dt,c,region,rim,2.070329824089205e-11,556.8891284484155,71792
p10,young_strong,scaled_dt,c,region,out_of_field,0.00035020435835846227,3.5426193391494163,2205300
p10,young_strong,scaled_dt,c,day,pre,2.156237091453533e-11,803.2001902037856,933478
p10,young_strong,scaled_dt,c,day,d55,0.15339450667237672,0.006408706959524216,933478
p10,young_strong,scaled_dt,c,day,d120,0.31961327445789844,0.003090041077159393,933478
p10,young_strong,scaled_dt,d,region,core,8.157473164878195e-10,245.24508886888376,22574
p10,young_strong,scaled_dt,d,region,rim,5.294133910951433e-10,556.8891284484155,71792
p10,young_strong,scaled_dt,d,region,out_of_field,0.0012951856137078405,3.542979221575921,2940400
p10,young_strong,scaled_dt,d,day,pre,5.147556774232906e-10,803.2001902037856,933478
p10,young_strong,scaled_dt,d,day,d34,0.09096991638237442,0.05061977865391616,933478
p10,young_strong,scaled_dt,d,day,d55,0.16447470156260757,0.006408706959524216,933478
p10,young_strong,scaled_dt,d,day,d120,0.32729206073437656,0.003090041077159393,933478
p10,young_strong,scaled_dt,e,region,core,8.266689982649561e-11,245.24508886888376,22574
p10,young_strong,scaled_dt,e,region,rim,5.3164642636864065e-11,556.8891284484155,71792
p10,young_strong,scaled_dt,e,region,out_of_field,0.0003590966319230061,3.5426260879875864,2205300
p10,young_strong,scaled_dt,e,day,pre,5.1474519464279025e-11,803.2001902037856,933478
p10,young_strong,scaled_dt,e,day,d80,0.14176446429426456,0.009476084746474867,933478
p10,young_strong,scaled_dt,e,day,d120,0.18812232422790418,0.003090041077159393,933478
p10,young_strong,scaled_dt,f,region,core,8.029859295486877e-10,245.24508886888376,22574
p10,young_strong,scaled_dt,f,region,rim,5.300417807203507e-10,556.8891284484155,71792
p10,young_strong,scaled_dt,f,region,out_of_field,0.0014045308762049768,3.5429917474893995,3675500
p10,young_strong,scaled_dt,f,day,pre,5.078308944578425e-10,803.2001902037856,933478
p10,young_strong,scaled_dt,f,day,d34,0.09150916420415753,0.05061977865391616,933478
p10,young_strong,scaled_dt,f,day,d55,0.17481152698013272,0.006408706959524216,933478
p10,young_strong,scaled_dt,f,day,d80,0.20856974679024107,0.009476084746474867,933478
p10,young_strong,scaled_dt,f,day,d120,0.3030832708371253,0.003090041077159393,933478
p10,young_strong,fixed_dt,a,region,core,0.0006383879296680794,245.34310306564464,22574
p10,young_strong,fixed_dt,a,region,rim,0.0009556240540750658,557.4615867574071,71792
p10,young_strong,fixed_dt,a,region,out_of_field,0.0005227714512207489,3.5537607537639455,735100
p10,young_strong,fixed_dt,a,day,pre,0.0007707288497162593,804.3296811652332,933478
p10,young_strong,fixed_dt,b,region,core,0.0006383879253543317,245.34310306564464,22574
p10,young_strong,fixed_dt,b,region,rim,0.0009556240535760594,557.4615867574071,71792
p10,young_strong,fixed_dt,b,region,out_of_field,0.000541645193222311,3.553762045165253,1470200
p10,young_strong,fixed_dt,b,day,pre,0.0007707288497162598,804.3296811652332,933478
p10,young_strong,fixed_dt,b,day,d120,0.17887664292252237,0.00309233581149275,933478
p10,young_strong,fixed_dt,c,region,core,0.0006383879438559679,245.34310306564464,22574
p10,young_strong,fixed_dt,c,region,rim,0.0009556240511512906,557.4615867574071,71792
p10,young_strong,fixed_dt,c,region,out_of_field,0.000628760899134591,3.5537678059662947,2205300
p10,young_strong,fixed_dt,c,day,pre,0.0007707288497162598,804.3296811652332,933478
p10,young_strong,fixed_dt,c,day,d55,0.15456214942241298,0.006408590340813407,933478
p10,young_strong,fixed_dt,c,day,d120,0.3183776507038473,0.00309233581149275,933478
p10,young_strong,fixed_dt,d,region,core,0.0006383876444022874,245.34310306564464,22574
p10,young_strong,fixed_dt,d,region,rim,0.0009556240054994262,557.4615867574071,71792
p10,young_strong,fixed_dt,d,region,out_of_field,0.0014116501796253352,3.554128082763955,2940400
p10,young_strong,fixed_dt,d,day,pre,0.0007707288497164345,804.3296811652332,933478
p10,young_strong,fixed_dt,d,day,d34,0.0922713617394856,0.050727375797415014,933478
p10,young_strong,fixed_dt,d,day,d55,0.1654683217172019,0.006408590340813407,933478
p10,young_strong,fixed_dt,d,day,d120,0.32667899597834504,0.00309233581149275,933478
p10,young_strong,fixed_dt,e,region,core,0.000638387899348388,245.34310306564464,22574
p10,young_strong,fixed_dt,e,region,rim,0.0009556240506528894,557.4615867574071,71792
p10,young_strong,fixed_dt,e,region,out_of_field,0.0006341867086913108,3.5537745743201667,2205300
p10,young_strong,fixed_dt,e,day,pre,0.0007707288497162611,804.3296811652332,933478
p10,young_strong,fixed_dt,e,day,d80,0.14199074811829543,0.009491530536901514,933478
p10,young_strong,fixed_dt,e,day,d120,0.18835048483011588,0.00309233581149275,933478
p10,young_strong,fixed_dt,f,region,core,0.0006383876824976147,245.34310306564464,22574
p10,young_strong,fixed_dt,f,region,rim,0.0009556240156837869,557.4615867574071,71792
p10,young_strong,fixed_dt,f,region,out_of_field,0.0015117978182414545,3.554140610628504,3675500
p10,young_strong,fixed_dt,f,day,pre,0.000770728849716431,804.3296811652332,933478
p10,young_strong,fixed_dt,f,day,d34,0.09280106055418315,0.050727375797415014,933478
p10,young_strong,fixed_dt,f,day,d55,0.1755868479536234,0.006408590340813407,933478
p10,young_strong,fixed_dt,f,day,d80,0.20824634739878453,0.009491530536901514,933478
p10,young_strong,fixed_dt,f,day,d120,0.302592424968489,0.00309233581149275,933478
p11,young_strong,scaled_dt,a,region,core,1.994776308336267e-15,931.5649196008112,126096
p11,young_strong,scaled_dt,a,region,rim,2.1053341902554326e-15,1658.6166699199805,188314
p11,young_strong,scaled_dt,a,region,out_of_field,2.2421787048216897e-15,34.33700970060641,967996
p11,young_strong,scaled_dt,a,day,pre,1.9437381128939665e-15,2246.527127480515,1440660
p11,young_strong,scaled_dt,b,region,core,1.485444810777044e-13,931.5649196008112,126096
p11,young_strong,scaled_dt,b,region,rim,1.5067570829472418e-13,1658.6166699199805,188314
p11,young_strong,scaled_dt,b,region,out_of_field,4.269509548177602e-06,34.33700973213903,1935992
p11,young_strong,scaled_dt,b,day,pre,1.4787129544669092e-13,2246.527127480515,1440660
p11,young_strong,scaled_dt,b,day,d120,0.1230690422002134,0.001499171346494743,1440660
p11,young_strong,scaled_dt,c,region,core,7.001659231406755e-13,931.5649196008112,126096
p11,young_strong,scaled_dt,c,region,rim,5.432800712999241e-13,1658.6166699199805,188314
p11,young_strong,scaled_dt,c,region,out_of_field,1.3945795792571003e-05,34.337010021802165,2903988
p11,young_strong,scaled_dt,c,day,pre,6.053738300478839e-13,2246.527127480515,1440660
p11,young_strong,scaled_dt,c,day,d55,0.0943805522420339,0.004463123036160612,1440660
p11,young_strong,scaled_dt,c,day,d120,0.24333633921505704,0.001499171346494743,1440660
p11,young_strong,scaled_dt,d,region,core,4.040173280524471e-11,931.5649196008112,126096
p11,young_strong,scaled_dt,d,region,rim,4.163113345156196e-11,1658.6166699199805,188314
p11,young_strong,scaled_dt,d,region,out_of_field,7.406082323153218e-05,34.33705634270328,3871984
p11,young_strong,scaled_dt,d,day,pre,4.122682009217011e-11,2246.527127480515,1440660
p11,young_strong,scaled_dt,d,day,d34,0.05187034494901263,0.05641607175965066,1440660
p11,young_strong,scaled_dt,d,day,d55,0.12698670634483283,0.004463123036160612,1440660
p11,young_strong,scaled_dt,d,day,d120,0.18555961746011054,0.001499171346494743,1440660
p11,young_strong,scaled_dt,e,region,core,1.891799642876168e-12,931.5649196008112,126096
p11,young_strong,scaled_dt,e,region,rim,1.9249487947181803e-12,1658.6166699199805,188314
p11,young_strong,scaled_dt,e,region,out_of_field,1.5404487679303323e-05,34.33701034300699,2903988
p11,young_strong,scaled_dt,e,day,pre,1.892238320873036e-12,2246.527127480515,1440660
p11,young_strong,scaled_dt,e,day,d80,0.0956849426148962,0.006511004953340258,1440660
p11,young_strong,scaled_dt,e,day,d120,0.12456385243920468,0.001499171346494743,1440660
p11,young_strong,scaled_dt,f,region,core,3.9456853531023585e-11,931.5649196008112,126096
p11,young_strong,scaled_dt,f,region,rim,4.074947872560024e-11,1658.6166699199805,188314
p11,young_strong,scaled_dt,f,region,out_of_field,7.727648919732623e-05,34.337056953570396,4839980
p11,young_strong,scaled_dt,f,day,pre,4.0041131805733614e-11,2246.527127480515,1440660
p11,young_strong,scaled_dt,f,day,d34,0.05189057738344795,0.05641607175965066,1440660
p11,young_strong,scaled_dt,f,day,d55,0.1305849975965197,0.004463123036160612,1440660
p11,young_strong,scaled_dt,f,day,d80,0.13177647508535192,0.006511004953340258,1440660
p11,young_strong,scaled_dt,f,day,d120,0.17928307302099847,0.001499171346494743,1440660
p11,young_strong,fixed_dt,a,region,core,0.0004100732260627019,931.5515854510726,126096
p11,young_strong,fixed_dt,a,region,rim,0.001005746340831908,1660.2548040216736,188314
p11,young_strong,fixed_dt,a,region,out_of_field,0.0007470590200426373,34.454236210011466,967996
p11,young_strong,fixed_dt,a,day,pre,0.0007926824188432424,2248.741485221378,1440660
p11,young_strong,fixed_dt,b,region,core,0.00041007322604464676,931.5515854510726,126096
p11,young_strong,fixed_dt,b,region,rim,0.0010057463408203863,1660.2548040216736,188314
p11,young_strong,fixed_dt,b,region,out_of_field,0.0007470710991334694,34.4542362415269,1935992
p11,young_strong,fixed_dt,b,day,pre,0.0007926824188432424,2248.741485221378,1440660
p11,young_strong,fixed_dt,b,day,d120,0.12267443674277671,0.001501392786524688,1440660
p11,young_strong,fixed_dt,c,region,core,0.00041007322662668194,931.5515854510726,126096
p11,young_strong,fixed_dt,c,region,rim,0.0010057463407150808,1660.2548040216736,188314
p11,young_strong,fixed_dt,c,region,out_of_field,0.0007471881620845541,34.45423653305647,2903988
p11,young_strong,fixed_dt,c,day,pre,0.0007926824188432427,2248.741485221378,1440660
p11,young_strong,fixed_dt,c,day,d55,0.09149056481627284,0.0044855553727652766,1440660
p11,young_strong,fixed_dt,c,day,d120,0.24652541722932386,0.001501392786524688,1440660
p11,young_strong,fixed_dt,d,region,core,0.0004100732212117136,931.5515854510726,126096
p11,young_strong,fixed_dt,d,region,rim,0.0010057463372775694,1660.2548040216736,188314
p11,young_strong,fixed_dt,d,region,out_of_field,0.0007508029691973717,34.454282848773374,3871984
p11,young_strong,fixed_dt,d,day,pre,0.0007926824188432432,2248.741485221378,1440660
p11,young_strong,fixed_dt,d,day,d34,0.052578613326854144,0.05650901489272489,1440660
p11,young_strong,fixed_dt,d,day,d55,0.12791217975447805,0.0044855553727652766,1440660
p11,young_strong,fixed_dt,d,day,d120,0.1830563364666209,0.001501392786524688,1440660
p11,young_strong,fixed_dt,e,region,core,0.00041007322582097303,931.5515854510726,126096
p11,young_strong,fixed_dt,e,region,rim,0.0010057463406821427,1660.2548040216736,188314
p11,young_strong,fixed_dt,e,region,out_of_field,0.0007472176710375664,34.454236850582994,2903988
p11,young_strong,fixed_dt,e,day,pre,0.0007926824188432427,2248.741485221378,1440660
p11,young_strong,fixed_dt,e,day,d80,0.09590595988446579,0.0065124472054442,1440660
p11,young_strong,fixed_dt,e,day,d120,0.12451404896019902,0.001501392786524688,1440660
p11,young_strong,fixed_dt,f,region,core,0.0004100732233391868,931.5515854510726,126096
p11,young_strong,fixed_dt,f,region,rim,0.0010057463371548857,1660.2548040216736,188314
p11,young_strong,fixed_dt,f,region,out_of_field,0.0007511250118770284,34.454283457828645,4839980
p11,young_strong,fixed_dt,f,day,pre,0.0007926824188432435,2248.741485221378,1440660
p11,young_strong,fixed_dt,f,day,d34,0.05259497906253254,0.05650901489272489,1440660
p11,young_strong,fixed_dt,f,day,d55,0.13166807368563527,0.0044855553727652766,1440660
p11,young_strong,fixed_dt,f,day,d80,0.13199518534412108,0.0065124472054442,1440660
p11,young_strong,fixed_dt,f,day,d120,0.17683443714952657,0.001501392786524688,1440660
p12,young_strong,scaled_dt,a,region,core,3.84430605666494e-15,151.5644344366534,10352
p12,young_strong,scaled_dt,a,region,rim,2.643444489543995e-15,349.2922222258236,31018
p12,young_strong,scaled_dt,a,region,out_of_field,1.9861484897346595e-15,0.21285368944162403,574578
p12,young_strong,scaled_dt,a,day,pre,2.4465957949327034e-15,507.9305386585335,716572
p12,young_strong,scaled_dt,b,region,core,1.744941423911911e-12,151.5644344366534,10352
p12,young_strong,scaled_dt,b,region,rim,1.109537525374178e-12,349.2922222258236,31018
p12,young_strong,scaled_dt,b,region,out_of_field,0.0006515518619208691,0.2128563925090829,1149156
p12,young_strong,scaled_dt,b,day,pre,1.08377820462626e-12,507.9305386585335,716572
p12,young_strong,scaled_dt,b,day,d120,0.13771570422361032,0.0011370865149209833,716572
p12,young_strong,scaled_dt,c,region,core,5.78797701720993e-12,151.5644344366534,10352
p12,young_strong,scaled_dt,c,region,rim,3.865149204164177e-12,349.2922222258236,31018
p12,young_strong,scaled_dt,c,region,out_of_field,0.0015527213090523132,0.21287170434010105,1723734
p12,young_strong,scaled_dt,c,day,pre,3.624114288431101e-12,507.9305386585335,716572
p12,young_strong,scaled_dt,c,day,d55,0.11428402139311392,0.00258069281826039,716572
p12,young_strong,scaled_dt,c,day,d120,0.18021437971580165,0.0011370865149209833,716572
p12,young_strong,scaled_dt,d,region,core,1.0729062313976235e-10,151.5644344366534,10352
p12,young_strong,scaled_dt,d,region,rim,7.300577137835095e-11,349.2922222258236,31018
p12,young_strong,scaled_dt,d,region,out_of_field,0.003477800493056876,0.2131719969767839,2298312
p12,young_strong,scaled_dt,d,day,pre,7.064771262558886e-11,507.9305386585335,716572
p12,young_strong,scaled_dt,d,day,d34,0.06802547331685685,0.015815744459370618,716572
p12,young_strong,scaled_dt,d,day,d55,0.11492019436334312,0.00258069281826039,716572
p12,young_strong,scaled_dt,d,day,d120,0.18072878408844997,0.0011370865149209833,716572
p12,young_strong,scaled_dt,e,region,core,9.901562035429397e-12,151.5644344366534,10352
p12,young_strong,scaled_dt,e,region,rim,6.273117205553045e-12,349.2922222258236,31018
p12,young_strong,scaled_dt,e,region,out_of_field,0.001586578761231359,0.21287340793827758,1723734
p12,young_strong,scaled_dt,e,day,pre,6.135488763444289e-12,507.9305386585335,716572
p12,young_strong,scaled_dt,e,day,d80,0.12060421765754265,0.0027688942946653555,716572
p12,young_strong,scaled_dt,e,day,d120,0.14090659819068896,0.0011370865149209833,716572
p12,young_strong,scaled_dt,f,region,core,1.1143282184577419e-10,151.5644344366534,10352
p12,young_strong,scaled_dt,f,region,rim,7.573497548994015e-11,349.2922222258236,31018
p12,young_strong,scaled_dt,f,region,out_of_field,0.003778616533691572,0.21318898721637924,2872890
p12,young_strong,scaled_dt,f,day,pre,7.298088401078442e-11,507.9305386585335,716572
p12,young_strong,scaled_dt,f,day,d34,0.06804942700747135,0.015815744459370618,716572
p12,young_strong,scaled_dt,f,day,d55,0.11704933408032257,0.00258069281826039,716572
p12,young_strong,scaled_dt,f,day,d80,0.12886520718427702,0.0027688942946653555,716572
p12,young_strong,scaled_dt,f,day,d120,0.17540538930825544,0.0011370865149209833,716572
p12,young_strong,fixed_dt,a,region,core,0.00047880264051809745,151.67730208851825,10352
p12,young_strong,fixed_dt,a,region,rim,0.0007135178138852066,349.48048480092996,31018
p12,young_strong,fixed_dt,a,region,out_of_field,0.0002270452186297854,0.21278159688256962,574578
p12,young_strong,fixed_dt,a,day,pre,0.0005733966506263497,508.0658755402558,716572
p12,young_strong,fixed_dt,b,region,core,0.00047880264164674216,151.67730208851825,10352
p12,young_strong,fixed_dt,b,region,rim,0.0007135178139261982,349.48048480092996,31018
p12,young_strong,fixed_dt,b,region,out_of_field,0.0006905840411232712,0.21278430224785466,1149156
p12,young_strong,fixed_dt,b,day,pre,0.0005733966506263498,508.0658755402558,716572
p12,young_strong,fixed_dt,b,day,d120,0.1377494696564923,0.0011373988854414948,716572
p12,young_strong,fixed_dt,c,region,core,0.0004788026432861294,151.67730208851825,10352
p12,young_strong,fixed_dt,c,region,rim,0.0007135178139699196,349.48048480092996,31018
p12,young_strong,fixed_dt,c,region,out_of_field,0.0015474050125474487,0.21279962481011835,1723734
p12,young_strong,fixed_dt,c,day,pre,0.0005733966506263509,508.0658755402558,716572
p12,young_strong,fixed_dt,c,day,d55,0.11157857131620047,0.0025821371160547855,716572
p12,young_strong,fixed_dt,c,day,d120,0.1806091518377392,0.0011373988854414948,716572
p12,young_strong,fixed_dt,d,region,core,0.00047880268554300037,151.67730208851825,10352
p12,young_strong,fixed_dt,d,region,rim,0.000713517826489416,349.48048480092996,31018
p12,young_strong,fixed_dt,d,region,out_of_field,0.003525122425576929,0.2131005261195938,2298312
p12,young_strong,fixed_dt,d,day,pre,0.000573396650626355,508.0658755402558,716572
p12,young_strong,fixed_dt,d,day,d34,0.06871266228372301,0.015818652304396472,716572
p12,young_strong,fixed_dt,d,day,d55,0.11189741090904742,0.0025821371160547855,716572
p12,young_strong,fixed_dt,d,day,d120,0.18177248070237018,0.0011373988854414948,716572
p12,young_strong,fixed_dt,e,region,core,0.00047880264704843503,151.67730208851825,10352
p12,young_strong,fixed_dt,e,region,rim,0.0007135178140651865,349.48048480092996,31018
p12,young_strong,fixed_dt,e,region,out_of_field,0.0016091329391827987,0.2128013230393627,1723734
p12,young_strong,fixed_dt,e,day,pre,0.0005733966506263505,508.0658755402558,716572
p12,young_strong,fixed_dt,e,day,d80,0.12116495077833603,0.0027686903797686587,716572
p12,young_strong,fixed_dt,e,day,d120,0.14088467427634513,0.0011373988854414948,716572
p12,young_strong,fixed_dt,f,region,core,0.00047880268731436223,151.67730208851825,10352
p12,young_strong,fixed_dt,f,region,rim,0.0007135178261539622,349.48048480092996,31018
p12,young_strong,fixed_dt,f,region,out_of_field,0.0038267512676888544,0.21311752165564543,2872890
p12,young_strong,fixed_dt,f,day,pre,0.000573396650626354,508.0658755402558,716572
p12,young_strong,fixed_dt,f,day,d34,0.06874185501726365,0.015818652304396472,716572
p12,young_strong,fixed_dt,f,day,d55,0.11410541204597881,0.0025821371160547855,716572
p12,young_strong,fixed_dt,f,day,d80,0.12973861394443337,0.0027686903797686587,716572
p12,young_strong,fixed_dt,f,day,d120,0.17622117129234363,0.0011373988854414948,716572
p13,young_strong,scaled_dt,a,region,core,2.2009696201497376e-15,165.87496138304218,5302
p13,young_strong,scaled_dt,a,region,rim,1.8767791978625445e-15,279.2284368506238,9392
p13,young_strong,scaled_dt,a,region,out_of_field,1.7071805266904035e-14,0.00017250179364236296,437048
p13,young_strong,scaled_dt,a,day,pre,1.8240988720485037e-15,395.62577650413914,544416
p13,young_strong,scaled_dt,b,region,core,3.5095222077725525e-13,165.87496138304218,5302
p13,young_strong,scaled_dt,b,region,rim,2.880346727539965e-13,279.2284368506238,9392
p13,young_strong,scaled_dt,b,region,out_of_field,0.11836577394492577,0.00035018240934942576,874096
p13,young_strong,scaled_dt,b,day,pre,2.8874033085967564e-13,395.62577650413914,544416
p13,young_strong,scaled_dt,b,day,d120,0.1384812034249104,0.0003211792780060553,544416
p13,young_strong,scaled_dt,c,region,core,3.062707940917545e-13,165.87496138304218,5302
p13,young_strong,scaled_dt,c,region,rim,2.7343678968193954e-13,279.2284368506238,9392
p13,young_strong,scaled_dt,c,region,out_of_field,0.1402189597279829,0.0003868735349705089,1311144
p13,young_strong,scaled_dt,c,day,pre,2.7263094575742483e-13,395.62577650413914,544416
p13,young_strong,scaled_dt,c,day,d55,0.2129445569560762,0.0001650621213201993,544416
p13,young_strong,scaled_dt,c,day,d120,0.14175609223148228,0.0003211792780060553,544416
p13,young_strong,scaled_dt,d,region,core,4.0620013644844423e-13,165.87496138304218,5302
p13,young_strong,scaled_dt,d,region,rim,3.549905528885366e-13,279.2284368506238,9392
p13,young_strong,scaled_dt,d,region,out_of_field,0.1340287736584633,0.00043311528247831334,1748192
p13,young_strong,scaled_dt,d,day,pre,3.5148351500145364e-13,395.62577650413914,544416
p13,young_strong,scaled_dt,d,day,d34,0.09675730500047929,0.0002701043834287724,544416
p13,young_strong,scaled_dt,d,day,d55,0.21520900666206838,0.0001650621213201993,544416
p13,young_strong,scaled_dt,d,day,d120,0.1415667000009587,0.0003211792780060553,544416
p13,young_strong,scaled_dt,e,region,core,5.517687341697584e-13,165.87496138304218,5302
p13,young_strong,scaled_dt,e,region,rim,4.5282594272506055e-13,279.2284368506238,9392
p13,young_strong,scaled_dt,e,region,out_of_field,0.12284974778016952,0.0004206486252491544,1311144
p13,young_strong,scaled_dt,e,day,pre,4.546453152669644e-13,395.62577650413914,544416
p13,young_strong,scaled_dt,e,day,d80,0.1346972003062939,0.00023937307897495136,544416
p13,young_strong,scaled_dt,e,day,d120,0.13856181529381628,0.0003211792780060553,544416
p13,young_strong,scaled_dt,f,region,core,6.042998290744431e-13,165.87496138304218,5302
p13,young_strong,scaled_dt,f,region,rim,5.177767476054738e-13,279.2284368506238,9392
p13,young_strong,scaled_dt,f,region,out_of_field,0.13461025586999054,0.0004918398052440487,2185240
p13,young_strong,scaled_dt,f,day,pre,5.111152865049231e-13,395.62577650413914,544416
p13,young_strong,scaled_dt,f,day,d34,0.09688018347852868,0.0002701043834287724,544416
p13,young_strong,scaled_dt,f,day,d55,0.21911035803081635,0.0001650621213201993,544416
p13,young_strong,scaled_dt,f,day,d80,0.13701202949092983,0.00023937307897495136,544416
p13,young_strong,scaled_dt,f,day,d120,0.1401636923632401,0.0003211792780060553,544416
p13,young_strong,fixed_dt,a,region,core,0.0006592197733767568,166.2078787959684,5302
p13,young_strong,fixed_dt,a,region,rim,0.0012720267610507262,279.597508060818,9392
p13,young_strong,fixed_dt,a,region,out_of_field,0.001989747531732394,0.00017281819796214278,437048
p13,young_strong,fixed_dt,a,day,pre,0.0009934564760746404,396.12275409422284,544416
p13,young_strong,fixed_dt,b,region,core,0.0006592197734559342,166.2078787959684,5302
p13,young_strong,fixed_dt,b,region,rim,0.0012720267610562966,279.597508060818,9392
p13,young_strong,fixed_dt,b,region,out_of_field,0.11826640624707323,0.0003513066781379373,874096
p13,young_strong,fixed_dt,b,day,pre,0.0009934564760746372,396.12275409422284,544416
p13,young_strong,fixed_dt,b,day,d120,0.13819122925813873,0.00032239395667583596,544416
p13,young_strong,fixed_dt,c,region,core,0.0006592197733227796,166.2078787959684,5302
p13,young_strong,fixed_dt,c,region,rim,0.0012720267610639654,279.597508060818,9392
p13,young_strong,fixed_dt,c,region,out_of_field,0.14030582729261445,0.00038825230235213666,1311144
p13,young_strong,fixed_dt,c,day,pre,0.0009934564760746398,396.12275409422284,544416
p13,young_strong,fixed_dt,c,day,d55,0.21295438105097808,0.00016597199708271856,544416
p13,young_strong,fixed_dt,c,day,d120,0.14157379928417413,0.00032239395667583596,544416
p13,young_strong,fixed_dt,d,region,core,0.0006592197733162939,166.2078787959684,5302
p13,young_strong,fixed_dt,d,region,rim,0.0012720267610769219,279.597508060818,9392
p13,young_strong,fixed_dt,d,region,out_of_field,0.13431328031385495,0.000434511736197322,1748192
p13,young_strong,fixed_dt,d,day,pre,0.0009934564760746424,396.12275409422284,544416
p13,young_strong,fixed_dt,d,day,d34,0.09756576114374416,0.00027037780894364284,544416
p13,young_strong,fixed_dt,d,day,d55,0.21526570302016873,0.00016597199708271856,544416
p13,young_strong,fixed_dt,d,day,d120,0.141388302797697,0.00032239395667583596,544416
p13,young_strong,fixed_dt,e,region,core,0.0006592197735057432,166.2078787959684,5302
p13,young_strong,fixed_dt,e,region,rim,0.001272026761061829,279.597508060818,9392
p13,young_strong,fixed_dt,e,region,out_of_field,0.12308700390833445,0.00042169332208861517,1311144
p13,young_strong,fixed_dt,e,day,pre,0.0009934564760746395,396.12275409422284,544416
p13,young_strong,fixed_dt,e,day,d80,0.13562018033362663,0.0002395746619296526,544416
p13,young_strong,fixed_dt,e,day,d120,0.13828160479790677,0.00032239395667583596,544416
p13,young_strong,fixed_dt,f,region,core,0.0006592197733645357,166.2078787959684,5302
p13,young_strong,fixed_dt,f,region,rim,0.0012720267610854276,279.597508060818,9392
p13,young_strong,fixed_dt,f,region,out_of_field,0.13509492215989524,0.0004931625742927289,2185240
p13,young_strong,fixed_dt,f,day,pre,0.0009934564760746402,396.12275409422284,544416
p13,young_strong,fixed_dt,f,day,d34,0.09770322741387764,0.00027037780894364284,544416
p13,young_strong,fixed_dt,f,day,d55,0.21944587969507034,0.00016597199708271856,544416
p13,young_strong,fixed_dt,f,day,d80,0.13812296045104466,0.0002395746619296526,544416
p13,young_strong,fixed_dt,f,day,d120,0.1398843948655065,0.00032239395667583596,544416
p14,young_strong,scaled_dt,a,region,core,2.7914226518548646e-15,68.65266180770458,2886
p14,young_strong,scaled_dt,a,region,rim,2.6388699073279887e-15,129.68316785176987,6582
p14,young_strong,scaled_dt,a,region,out_of_field,1.5615146806953566e-14,0.00021279909917476124,404760
p14,young_strong,scaled_dt,a,day,pre,2.539725873278231e-15,185.87601714386676,492076
p14,young_strong,scaled_dt,b,region,core,8.713878380519624e-13,68.65266180770458,2886
p14,young_strong,scaled_dt,b,region,rim,6.981507454937101e-13,129.68316785176987,6582
p14,young_strong,scaled_dt,b,region,out_of_field,0.11672032698587098,0.0003515208707471628,809520
p14,young_strong,scaled_dt,b,day,pre,6.407599256723947e-13,185.87601714386676,492076
p14,young_strong,scaled_dt,b,day,d120,0.1642445359273813,0.00029521083129202086,492076
p14,young_strong,scaled_dt,c,region,core,9.464580732177484e-13,68.65266180770458,2886
p14,young_strong,scaled_dt,c,region,rim,7.643028466938982e-13,129.68316785176987,6582
p14,young_strong,scaled_dt,c,region,out_of_field,0.11856375949868234,0.00039211185583770154,1214280
p14,young_strong,scaled_dt,c,day,pre,7.28865271605126e-13,185.87601714386676,492076
p14,young_strong,scaled_dt,c,day,d55,0.1636953126374484,0.0001743155467031402,492076
p14,young_strong,scaled_dt,c,day,d120,0.1660620824281144,0.00029521083129202086,492076
p14,young_strong,scaled_dt,d,region,core,1.4616921461473074e-12,68.65266180770458,2886
p14,young_strong,scaled_dt,d,region,rim,1.1828992796125907e-12,129.68316785176987,6582
p14,young_strong,scaled_dt,d,region,out_of_field,0.16078868915844008,0.0004432839864151845,1619040
p14,young_strong,scaled_dt,d,day,pre,1.0988986398192586e-12,185.87601714386676,492076
p14,young_strong,scaled_dt,d,day,d34,0.14696081609464973,0.00020838682286474853,492076
p14,young_strong,scaled_dt,d,day,d55,0.2361785041756917,0.0001743155467031402,492076
p14,young_strong,scaled_dt,d,day,d120,0.18092155198781884,0.00029521083129202086,492076
p14,young_strong,scaled_dt,e,region,core,1.544424411734863e-12,68.65266180770458,2886
p14,young_strong,scaled_dt,e,region,rim,1.261905688539104e-12,129.68316785176987,6582
p14,young_strong,scaled_dt,e,region,out_of_field,0.13292177701063773,0.0004142519481095988,1214280
p14,young_strong,scaled_dt,e,day,pre,1.1441905188324223e-12,185.87601714386676,492076
p14,young_strong,scaled_dt,e,day,d80,0.17004742436691736,0.0002248244066540255,492076
p14,young_strong,scaled_dt,e,day,d120,0.1663406554024445,0.00029521083129202086,492076
p14,young_strong,scaled_dt,f,region,core,2.0992981687659936e-12,68.65266180770458,2886
p14,young_strong,scaled_dt,f,region,rim,1.7069526327636927e-12,129.68316785176987,6582
p14,young_strong,scaled_dt,f,region,out_of_field,0.16588375543980843,0.0004945082876493493,2023800
p14,young_strong,scaled_dt,f,day,pre,1.5652288178395392e-12,185.87601714386676,492076
p14,young_strong,scaled_dt,f,day,d34,0.14791660002149,0.00020838682286474853,492076
p14,young_strong,scaled_dt,f,day,d55,0.2403869693674424,0.0001743155467031402,492076
p14,young_strong,scaled_dt,f,day,d80,0.18559976707699533,0.0002248244066540255,492076
p14,young_strong,scaled_dt,f,day,d120,0.17905802022387535,0.00029521083129202086,492076
p14,young_strong,fixed_dt,a,region,core,0.0008775948313609849,68.83012716008876,2886
p14,young_strong,fixed_dt,a,region,rim,0.00204270865989349,129.87361977083106,6582
p14,young_strong,fixed_dt,a,region,out_of_field,0.0017128486443515653,0.00021304574297470764,404760
p14,young_strong,fixed_dt,a,day,pre,0.0016317105603815922,186.02873734168466,492076
p14,young_strong,fixed_dt,b,region,core,0.0008775948313416209,68.83012716008876,2886
p14,young_strong,fixed_dt,b,region,rim,0.002042708659941088,129.87361977083106,6582
p14,young_strong,fixed_dt,b,region,out_of_field,0.11710662398820428,0.0003523282141866518,809520
p14,young_strong,fixed_dt,b,day,pre,0.001631710560381596,186.02873734168466,492076
p14,young_strong,fixed_dt,b,day,d120,0.1646139153382897,0.0002961331908402802,492076
p14,young_strong,fixed_dt,c,region,core,0.0008775948314806875,68.83012716008876,2886
p14,young_strong,fixed_dt,c,region,rim,0.002042708659851214,129.87361977083106,6582
p14,young_strong,fixed_dt,c,region,out_of_field,0.11882141099057283,0.00039308012100632906,1214280
p14,young_strong,fixed_dt,c,day,pre,0.0016317105603815946,186.02873734168466,492076
p14,young_strong,fixed_dt,c,day,d55,0.16365029818403243,0.00017486823004185092,492076
p14,young_strong,fixed_dt,c,day,d120,0.1663541097674635,0.0002961331908402802,492076
p14,young_strong,fixed_dt,d,region,core,0.0008775948315164868,68.83012716008876,2886
p14,young_strong,fixed_dt,d,region,rim,0.0020427086599098285,129.87361977083106,6582
p14,young_strong,fixed_dt,d,region,out_of_field,0.16185342331010746,0.00044452726354052394,1619040
p14,young_strong,fixed_dt,d,day,pre,0.0016317105603815955,186.02873734168466,492076
p14,young_strong,fixed_dt,d,day,d34,0.14957126406339988,0.00020917930989789967,492076
p14,young_strong,fixed_dt,d,day,d55,0.2367842898975965,0.00017486823004185092,492076
p14,young_strong,fixed_dt,d,day,d120,0.18160582884607396,0.0002961331908402802,492076
p14,young_strong,fixed_dt,e,region,core,0.0008775948313189448,68.83012716008876,2886
p14,young_strong,fixed_dt,e,region,rim,0.0020427086600494776,129.87361977083106,6582
p14,young_strong,fixed_dt,e,region,out_of_field,0.13200035322113438,0.00041578181464453536,1214280
p14,young_strong,fixed_dt,e,day,pre,0.0016317105603815942,186.02873734168466,492076
p14,young_strong,fixed_dt,e,day,d80,0.1666391802806785,0.00022655942634920148,492076
p14,young_strong,fixed_dt,e,day,d120,0.16651222765519264,0.0002961331908402802,492076
p14,young_strong,fixed_dt,f,region,core,0.0008775948314968241,68.83012716008876,2886
p14,young_strong,fixed_dt,f,region,rim,0.002042708659993089,129.87361977083106,6582
p14,young_strong,fixed_dt,f,region,out_of_field,0.16626727764421315,0.0004963303687142002,2023800
p14,young_strong,fixed_dt,f,day,pre,0.0016317105603815942,186.02873734168466,492076
p14,young_strong,fixed_dt,f,day,d34,0.15061319377741975,0.00020917930989789967,492076
p14,young_strong,fixed_dt,f,day,d55,0.24036084454595477,0.00017486823004185092,492076
p14,young_strong,fixed_dt,f,day,d80,0.18317883980400926,0.00022655942634920148,492076
p14,young_strong,fixed_dt,f,day,d120,0.1799105916226109,0.0002961331908402802,492076
p15,young_strong,scaled_dt,a,region,core,2.488128369640359e-15,110.02055625909941,3672
p15,young_strong,scaled_dt,a,region,rim,2.3708623884335747e-15,219.68949608154216,8998
p15,young_strong,scaled_dt,a,region,out_of_field,9.381620380903071e-15,0.0004557676368448267,430994
p15,young_strong,scaled_dt,a,day,pre,2.2054321348511814e-15,298.3353992637627,525622
p15,young_strong,scaled_dt,b,region,core,1.7559424953343372e-13,110.02055625909941,3672
p15,young_strong,scaled_dt,b,region,rim,1.2977732157083608e-13,219.68949608154216,8998
p15,young_strong,scaled_dt,b,region,out_of_field,0.05061305681964785,0.000491610511651935,861988
p15,young_strong,scaled_dt,b,day,pre,1.3012484252305717e-13,298.3353992637627,525622
p15,young_strong,scaled_dt,b,day,d120,0.14283048206585308,0.00019828688504391543,525622
p15,young_strong,scaled_dt,c,region,core,2.1825193002278326e-13,110.02055625909941,3672
p15,young_strong,scaled_dt,c,region,rim,1.789758946069586e-13,219.68949608154216,8998
p15,young_strong,scaled_dt,c,region,out_of_field,0.0746093750798841,0.0005334928879245361,1292982
p15,young_strong,scaled_dt,c,day,pre,1.8052082240102989e-13,298.3353992637627,525622
p15,young_strong,scaled_dt,c,day,d55,0.1495778907630466,0.00021060834620923463,525622
p15,young_strong,scaled_dt,c,day,d120,0.15430042563625287,0.00019828688504391543,525622
p15,young_strong,scaled_dt,d,region,core,2.7934495201669946e-12,110.02055625909941,3672
p15,young_strong,scaled_dt,d,region,rim,2.139761566623401e-12,219.68949608154216,8998
p15,young_strong,scaled_dt,d,region,out_of_field,0.07617682409323465,0.000627740313234113,1723976
p15,young_strong,scaled_dt,d,day,pre,2.2200137869369e-12,298.3353992637627,525622
p15,young_strong,scaled_dt,d,day,d34,0.06974844395630792,0.0013897469813700348,525622
p15,young_strong,scaled_dt,d,day,d55,0.15158925299203052,0.00021060834620923463,525622
p15,young_strong,scaled_dt,d,day,d120,0.15967393651633674,0.00019828688504391543,525622
p15,young_strong,scaled_dt,e,region,core,4.115561784659564e-13,110.02055625909941,3672
p15,young_strong,scaled_dt,e,region,rim,3.0383112133227033e-13,219.68949608154216,8998
p15,young_strong,scaled_dt,e,region,out_of_field,0.07163959044668737,0.0005437923502538656,1292982
p15,young_strong,scaled_dt,e,day,pre,3.0520293013565365e-13,298.3353992637627,525622
p15,young_strong,scaled_dt,e,day,d80,0.13298683946765497,0.00024269165766979293,525622
p15,young_strong,scaled_dt,e,day,d120,0.14284433570587887,0.00019828688504391543,525622
p15,young_strong,scaled_dt,f,region,core,3.0002149712338845e-12,110.02055625909941,3672
p15,young_strong,scaled_dt,f,region,rim,2.302315194425475e-12,219.68949608154216,8998
p15,young_strong,scaled_dt,f,region,out_of_field,0.08444659043537535,0.0006693931026588246,2154970
p15,young_strong,scaled_dt,f,day,pre,2.374509161846469e-12,298.3353992637627,525622
p15,young_strong,scaled_dt,f,day,d34,0.0697099242854427,0.0013897469813700348,525622
p15,young_strong,scaled_dt,f,day,d55,0.1546807060712388,0.00021060834620923463,525622
p15,young_strong,scaled_dt,f,day,d80,0.14321987915764756,0.00024269165766979293,525622
p15,young_strong,scaled_dt,f,day,d120,0.15755502445948943,0.00019828688504391543,525622
p15,young_strong,fixed_dt,a,region,core,0.0006191196258827054,110.04961643696393,3672
p15,young_strong,fixed_dt,a,region,rim,0.000806699796914301,219.90549917647735,8998
p15,young_strong,fixed_dt,a,region,out_of_field,0.0003739752906773924,0.00045657484693887294,430994
p15,young_strong,fixed_dt,a,day,pre,0.0006947814171542802,298.6674427628934,525622
p15,young_strong,fixed_dt,b,region,core,0.0006191196258109659,110.04961643696393,3672
p15,young_strong,fixed_dt,b,region,rim,0.0008066997969133843,219.90549917647735,8998
p15,young_strong,fixed_dt,b,region,out_of_field,0.050563521809009374,0.0004924483553083383,861988
p15,young_strong,fixed_dt,b,day,pre,0.0006947814171542801,298.6674427628934,525622
p15,young_strong,fixed_dt,b,day,d120,0.14271810792192183,0.000198548081525615,525622
p15,young_strong,fixed_dt,c,region,core,0.0006191196258872114,110.04961643696393,3672
p15,young_strong,fixed_dt,c,region,rim,0.000806699796926562,219.90549917647735,8998
p15,young_strong,fixed_dt,c,region,out_of_field,0.07398800126149864,0.0005344179500795684,1292982
p15,young_strong,fixed_dt,c,day,pre,0.0006947814171542813,298.6674427628934,525622
p15,young_strong,fixed_dt,c,day,d55,0.1472474857864382,0.00021113155738278276,525622
p15,young_strong,fixed_dt,c,day,d120,0.1544773245059961,0.000198548081525615,525622
p15,young_strong,fixed_dt,d,region,core,0.0006191196263276593,110.04961643696393,3672
p15,young_strong,fixed_dt,d,region,rim,0.0008066997962206796,219.90549917647735,8998
p15,young_strong,fixed_dt,d,region,out_of_field,0.07586228645542506,0.0006287478801590329,1723976
p15,young_strong,fixed_dt,d,day,pre,0.0006947814171542816,298.6674427628934,525622
p15,young_strong,fixed_dt,d,day,d34,0.07019771174680754,0.001390472525279941,525622
p15,young_strong,fixed_dt,d,day,d55,0.14924459902025095,0.00021113155738278276,525622
p15,young_strong,fixed_dt,d,day,d120,0.15957408363462983,0.000198548081525615,525622
p15,young_strong,fixed_dt,e,region,core,0.0006191196257092203,110.04961643696393,3672
p15,young_strong,fixed_dt,e,region,rim,0.0008066997969115717,219.90549917647735,8998
p15,young_strong,fixed_dt,e,region,out_of_field,0.07170600967697982,0.0005446255876591296,1292982
p15,young_strong,fixed_dt,e,day,pre,0.0006947814171542806,298.6674427628934,525622
p15,young_strong,fixed_dt,e,day,d80,0.13342108457239693,0.0002428526208054712,525622
p15,young_strong,fixed_dt,e,day,d120,0.14272839242246627,0.000198548081525615,525622
p15,young_strong,fixed_dt,f,region,core,0.0006191196262639993,110.04961643696393,3672
p15,young_strong,fixed_dt,f,region,rim,0.0008066997962120682,219.90549917647735,8998
p15,young_strong,fixed_dt,f,region,out_of_field,0.08427852595311384,0.0006703995412376428,2154970
p15,young_strong,fixed_dt,f,day,pre,0.0006947814171542811,298.6674427628934,525622
p15,young_strong,fixed_dt,f,day,d34,0.07015698786437444,0.001390472525279941,525622
p15,young_strong,fixed_dt,f,day,d55,0.1525376623346883,0.00021113155738278276,525622
p15,young_strong,fixed_dt,f,day,d80,0.1437970594423788,0.0002428526208054712,525622
p15,young_strong,fixed_dt,f,day,d120,0.15736283205413132,0.000198548081525615,525622
p16,old_weak,scaled_dt,a,region,core,1.8476142265351558e-15,193.2008726993056,2446
p16,old_weak,scaled_dt,a,region,rim,1.7908319327329968e-15,322.06791340517486,2452
p16,old_weak,scaled_dt,a,region,out_of_field,1.1812137413481917e-15,1.5601279031718122e-06,421978
p16,old_weak,scaled_dt,a,day,pre,1.5880012399435899e-15,471.96196893255393,504554
p16,old_weak,scaled_dt,b,region,core,0.0999966006279145,193.2008726993056,2446
p16,old_weak,scaled_dt,b,region,rim,0.08910833732043065,487.54388885186404,10516
p16,old_weak,scaled_dt,b,region,out_of_field,0.11389498446634504,0.0007577727889287461,843956
p16,old_weak,scaled_dt,b,day,pre,0.10945970133658055,471.96196893255393,504554
p16,old_weak,scaled_dt,b,day,d120,0.08929517473577574,514.0993218973989,504554
p16,old_weak,scaled_dt,c,region,core,0.10024785430814404,193.2008726993056,2446
p16,old_weak,scaled_dt,c,region,rim,0.08919520107155306,487.54388885186404,10516
p16,old_weak,scaled_dt,c,region,out_of_field,0.10643151398585667,0.0007582942109763283,1265934
p16,old_weak,scaled_dt,c,day,pre,0.10868381109372711,471.96196893255393,504554
p16,old_weak,scaled_dt,c,day,d55,0.7194559954800845,12.546474450373974,504554
p16,old_weak,scaled_dt,c,day,d120,0.09021529754230855,514.0993218973989,504554
p16,old_weak,scaled_dt,d,region,core,0.10165756245395852,193.2008726993056,2446
p16,old_weak,scaled_dt,d,region,rim,0.09867998094351577,528.0710536231875,10910
p16,old_weak,scaled_dt,d,region,out_of_field,0.03155858672408764,0.0007584480225026399,1687912
p16,old_weak,scaled_dt,d,day,pre,0.10411126625608368,471.96196893255393,504554
p16,old_weak,scaled_dt,d,day,d34,0.07582754543329623,366.2230645443825,504554
p16,old_weak,scaled_dt,d,day,d55,0.15102973600948535,12.546474450373974,504554
p16,old_weak,scaled_dt,d,day,d120,0.1111543970050962,514.0993218973989,504554
p16,old_weak,scaled_dt,e,region,core,0.107762345502483,193.2008726993056,2446
p16,old_weak,scaled_dt,e,region,rim,0.09897699050685424,540.899233504547,12600
p16,old_weak,scaled_dt,e,region,out_of_field,0.03280695671532014,0.0007661847725212424,1265934
p16,old_weak,scaled_dt,e,day,pre,0.10692286819648592,471.96196893255393,504554
p16,old_weak,scaled_dt,e,day,d80,0.08418887580073842,354.091966084807,504554
p16,old_weak,scaled_dt,e,day,d120,0.1088717497600585,514.0993218973989,504554
p16,old_weak,scaled_dt,f,region,core,0.10841225376038485,193.2008726993056,2446
p16,old_weak,scaled_dt,f,region,rim,0.09591777016409407,577.6953997771759,12994
p16,old_weak,scaled_dt,f,region,out_of_field,0.03099134282391526,0.0007668525991614964,2109890
p16,old_weak,scaled_dt,f,day,pre,0.10881718263285821,471.96196893255393,504554
p16,old_weak,scaled_dt,f,day,d34,0.0712686412053704,366.2230645443825,504554
p16,old_weak,scaled_dt,f,day,d55,0.1354060023421279,12.546474450373974,504554
p16,old_weak,scaled_dt,f,day,d80,0.07945833674037912,354.091966084807,504554
p16,old_weak,scaled_dt,f,day,d120,0.10973099543811013,514.0993218973989,504554
p16,old_weak,fixed_dt,a,region,core,0.0010924268613892337,193.18424053206127,2446
p16,old_weak,fixed_dt,a,region,rim,0.0011288401151744274,322.3981794028916,2452
p16,old_weak,fixed_dt,a,region,out_of_field,0.0016692995504446122,1.5704740755283583e-06,421978
p16,old_weak,fixed_dt,a,day,pre,0.0010222802835052605,472.62093436157124,504554
p16,old_weak,fixed_dt,b,region,core,0.10025443274030804,193.18424053206127,2446
p16,old_weak,fixed_dt,b,region,rim,0.08935982588114862,488.1887255239602,10516
p16,old_weak,fixed_dt,b,region,out_of_field,0.11512970722118321,0.0007620738417176283,843956
p16,old_weak,fixed_dt,b,day,pre,0.11029935275774605,472.62093436157124,504554
p16,old_weak,fixed_dt,b,day,d120,0.08954536745544059,514.8219761138696,504554
p16,old_weak,fixed_dt,c,region,core,0.10050896213294286,193.18424053206127,2446
p16,old_weak,fixed_dt,c,region,rim,0.08948420859086818,488.1887255239602,10516
p16,old_weak,fixed_dt,c,region,out_of_field,0.10777626395313915,0.0007626040178004195,1265934
p16,old_weak,fixed_dt,c,day,pre,0.1095317624183934,472.62093436157124,504554
p16,old_weak,fixed_dt,c,day,d55,0.6985947710819425,12.826397145087004,504554
p16,old_weak,fixed_dt,c,day,d120,0.0904583436154103,514.8219761138696,504554
p16,old_weak,fixed_dt,d,region,core,0.10198052568643216,193.18424053206127,2446
p16,old_weak,fixed_dt,d,region,rim,0.09913502152071073,529.152450589114,10910
p16,old_weak,fixed_dt,d,region,out_of_field,0.031412118815481616,0.0007627582800661741,1687912
p16,old_weak,fixed_dt,d,day,pre,0.10499701321158532,472.62093436157124,504554
p16,old_weak,fixed_dt,d,day,d34,0.07383102954094292,365.4455616889084,504554
p16,old_weak,fixed_dt,d,day,d55,0.1258028428726172,12.826397145087004,504554
p16,old_weak,fixed_dt,d,day,d120,0.11231602614155263,514.8219761138696,504554
p16,old_weak,fixed_dt,e,region,core,0.10809627897192518,193.18424053206127,2446
p16,old_weak,fixed_dt,e,region,rim,0.0997641047249639,541.8001160470366,12600
p16,old_weak,fixed_dt,e,region,out_of_field,0.03301471997592791,0.0007704980403257182,1265934
p16,old_weak,fixed_dt,e,day,pre,0.10769655061568906,472.62093436157124,504554
p16,old_weak,fixed_dt,e,day,d80,0.08392420503614485,353.4791825421946,504554
p16,old_weak,fixed_dt,e,day,d120,0.10998185026454656,514.8219761138696,504554
p16,old_weak,fixed_dt,f,region,core,0.10866908675003494,193.18424053206127,2446
p16,old_weak,fixed_dt,f,region,rim,0.09621424633209265,578.9831171842046,12994
p16,old_weak,fixed_dt,f,region,out_of_field,0.030947544068449795,0.0007711750020099296,2109890
p16,old_weak,fixed_dt,f,day,pre,0.1098145022728896,472.62093436157124,504554
p16,old_weak,fixed_dt,f,day,d34,0.06891119166405633,365.4455616889084,504554
p16,old_weak,fixed_dt,f,day,d55,0.11198550704372028,12.826397145087004,504554
p16,old_weak,fixed_dt,f,day,d80,0.07879627491922807,353.4791825421946,504554
p16,old_weak,fixed_dt,f,day,d120,0.11084058228375286,514.8219761138696,504554
p17,old_weak,scaled_dt,a,region,core,1.6210850818409333e-15,3129.5859619232833,914248
p17,old_weak,scaled_dt,a,region,rim,1.7109107931648751e-15,5441.219265571415,438794
p17,old_weak,scaled_dt,a,region,out_of_field,2.0106217183953307e-15,1390.8444132450234,1828362
p17,old_weak,scaled_dt,a,day,pre,1.6830190787263175e-15,7872.622761612465,3429538
p17,old_weak,scaled_dt,b,region,core,0.14050933093141166,3129.5859619232833,914248
p17,old_weak,scaled_dt,b,region,rim,0.129433612238587,7766.761959797249,1141756
p17,old_weak,scaled_dt,b,region,out_of_field,0.11530378699678064,7547.671731928371,3656724
p17,old_weak,scaled_dt,b,day,pre,0.1574720944388747,7872.622761612465,3429538
p17,old_weak,scaled_dt,b,day,d120,0.10392099054426639,8559.50167527423,3429538
p17,old_weak,scaled_dt,c,region,core,0.1409782910386243,3129.5859619232833,914248
p17,old_weak,scaled_dt,c,region,rim,0.12907008312443016,7839.719642240191,1145624
p17,old_weak,scaled_dt,c,region,out_of_field,0.1176866341405814,8422.035606103798,5485086
p17,old_weak,scaled_dt,c,day,pre,0.15609707641172568,7872.622761612465,3429538
p17,old_weak,scaled_dt,c,day,d55,0.11944023598522589,3736.813942300446,3429538
p17,old_weak,scaled_dt,c,day,d120,0.1065604580727305,8559.50167527423,3429538
p17,old_weak,scaled_dt,d,region,core,0.1426162357497267,3129.5859619232833,914248
p17,old_weak,scaled_dt,d,region,rim,0.12814963819618105,7893.191517008284,1148420
p17,old_weak,scaled_dt,d,region,out_of_field,0.1241720681439006,9111.672820610385,7313448
p17,old_weak,scaled_dt,d,day,pre,0.15287404186890013,7872.622761612465,3429538
p17,old_weak,scaled_dt,d,day,d34,0.1420663412630354,3500.027225491266,3429538
p17,old_weak,scaled_dt,d,day,d55,0.11341788067574733,3736.813942300446,3429538
p17,old_weak,scaled_dt,d,day,d120,0.11265182193830162,8559.50167527423,3429538
p17,old_weak,scaled_dt,e,region,core,0.14494844904858284,3129.5859619232833,914248
p17,old_weak,scaled_dt,e,region,rim,0.12173754497286114,8760.880532203442,1291400
p17,old_weak,scaled_dt,e,region,out_of_field,0.09239486575808503,10569.843877886844,5485086
p17,old_weak,scaled_dt,e,day,pre,0.16398909400947953,7872.622761612465,3429538
p17,old_weak,scaled_dt,e,day,d80,0.07221749964035797,7446.53644452266,3429538
p17,old_weak,scaled_dt,e,day,d120,0.10037100931372042,8559.50167527423,3429538
p17,old_weak,scaled_dt,f,region,core,0.14611514862974737,3129.5859619232833,914248
p17,old_weak,scaled_dt,f,region,rim,0.12000971306946362,8873.156635806628,1298064
p17,old_weak,scaled_dt,f,region,out_of_field,0.10354473607751227,11737.837646679274,9141810
p17,old_weak,scaled_dt,f,day,pre,0.15819780350727614,7872.622761612465,3429538
p17,old_weak,scaled_dt,f,day,d34,0.14285887176450612,3500.027225491266,3429538
p17,old_weak,scaled_dt,f,day,d55,0.10559249292567374,3736.813942300446,3429538
p17,old_weak,scaled_dt,f,day,d80,0.0712923258319875,7446.53644452266,3429538
p17,old_weak,scaled_dt,f,day,d120,0.11129946334920754,8559.50167527423,3429538
p17,old_weak,fixed_dt,a,region,core,9.920653231078535e-05,3132.204595235807,914248
p17,old_weak,fixed_dt,a,region,rim,0.00018814351222944985,5446.704084488398,438794
p17,old_weak,fixed_dt,a,region,out_of_field,0.0002267662775756149,1393.5235539660864,1828362
p17,old_weak,fixed_dt,a,day,pre,0.00017017699695990728,7881.047617162143,3429538
p17,old_weak,fixed_dt,b,region,core,0.1408107877115053,3132.204595235807,914248
p17,old_weak,fixed_dt,b,region,rim,0.12958724779611888,7779.862499099671,1141756
p17,old_weak,fixed_dt,b,region,out_of_field,0.11549789467233859,7556.2561958843435,3656724
p17,old_weak,fixed_dt,b,day,pre,0.1578224457687925,7881.047617162143,3429538
p17,old_weak,fixed_dt,b,day,d120,0.10420191435788197,8567.647777009914,3429538
p17,old_weak,fixed_dt,c,region,core,0.14119493327849855,3132.204595235807,914248
p17,old_weak,fixed_dt,c,region,rim,0.1291471927302592,7853.028786131358,1145624
p17,old_weak,fixed_dt,c,region,out_of_field,0.11859751639473114,8438.11319062074,5485086
p17,old_weak,fixed_dt,c,day,pre,0.15623248729254222,7881.047617162143,3429538
p17,old_weak,fixed_dt,c,day,d55,0.12188591775872383,3755.6885898464025,3429538
p17,old_weak,fixed_dt,c,day,d120,0.10715692993878406,8567.647777009914,3429538
p17,old_weak,fixed_dt,d,region,core,0.1428554867867495,3132.204595235807,914248
p17,old_weak,fixed_dt,d,region,rim,0.1282553928314305,7906.460273544922,1148420
p17,old_weak,fixed_dt,d,region,out_of_field,0.12475100128426708,9127.318410505419,7313448
p17,old_weak,fixed_dt,d,day,pre,0.15311631385275798,7881.047617162143,3429538
p17,old_weak,fixed_dt,d,day,d34,0.1418159652436906,3501.581960294322,3429538
p17,old_weak,fixed_dt,d,day,d55,0.11574477473767668,3755.6885898464025,3429538
p17,old_weak,fixed_dt,d,day,d120,0.11312840172193078,8567.647777009914,3429538
p17,old_weak,fixed_dt,e,region,core,0.14533254711844606,3132.204595235807,914248
p17,old_weak,fixed_dt,e,region,rim,0.12190704812700433,8774.29339378703,1291400
p17,old_weak,fixed_dt,e,region,out_of_field,0.09227037095338968,10573.87425011527,5485086
p17,old_weak,fixed_dt,e,day,pre,0.16458883333659086,7881.047617162143,3429538
p17,old_weak,fixed_dt,e,day,d80,0.07211586732286916,7443.047898818066,3429538
p17,old_weak,fixed_dt,e,day,d120,0.10029441038352103,8567.647777009914,3429538
p17,old_weak,fixed_dt,f,region,core,0.14640912522465915,3132.204595235807,914248
p17,old_weak,fixed_dt,f,region,rim,0.12010012521495622,8886.736077576588,1298064
p17,old_weak,fixed_dt,f,region,out_of_field,0.10395388369520514,11748.095604231408,9141810
p17,old_weak,fixed_dt,f,day,pre,0.15863546306440993,7881.047617162143,3429538
p17,old_weak,fixed_dt,f,day,d34,0.14273287922452566,3501.581960294322,3429538
p17,old_weak,fixed_dt,f,day,d55,0.10872692096461863,3755.6885898464025,3429538
p17,old_weak,fixed_dt,f,day,d80,0.07146492910107605,7443.047898818066,3429538
p17,old_weak,fixed_dt,f,day,d120,0.11141949913039287,8567.647777009914,3429538
p18,old_weak,scaled_dt,a,region,core,1.1124805036378983e-15,1456.0349982924884,60770
p18,old_weak,scaled_dt,a,region,rim,1.947512650980699e-15,2783.4088220924896,34740
p18,old_weak,scaled_dt,a,region,out_of_field,8.396250112685368e-15,0.0008510679060073332,1242504
p18,old_weak,scaled_dt,a,day,pre,1.6361203268525588e-15,3682.3981238191395,1571964
p18,old_weak,scaled_dt,b,region,core,0.17623833398448407,2481.929773835605,204476
p18,old_weak,scaled_dt,b,region,rim,0.2279864420632802,4931.441092895187,147722
p18,old_weak,scaled_dt,b,region,out_of_field,0.20422831591551768,3456.336618208255,2485008
p18,old_weak,scaled_dt,b,day,pre,0.2735507605528623,3682.3981238191395,1571964
p18,old_weak,scaled_dt,b,day,d120,0.19938055587978332,5541.733673868134,1571964
p18,old_weak,scaled_dt,c,region,core,0.17605352307556277,2481.929773835605,204476
p18,old_weak,scaled_dt,c,region,rim,0.22788315362147124,4931.904693199737,147788
p18,old_weak,scaled_dt,c,region,out_of_field,0.20430406902558526,3456.3366194568084,3727512
p18,old_weak,scaled_dt,c,day,pre,0.2743583375738825,3682.3981238191395,1571964
p18,old_weak,scaled_dt,c,day,d55,0.1832776204463195,1004.443636187887,1571964
p18,old_weak,scaled_dt,c,day,d120,0.1989432588657911,5541.733673868134,1571964
p18,old_weak,scaled_dt,d,region,core,0.17593248251258364,2481.929773835605,204476
p18,old_weak,scaled_dt,d,region,rim,0.22473810364511917,5140.608851672677,189390
p18,old_weak,scaled_dt,d,region,out_of_field,0.20416889550096606,3456.336619510046,4970016
p18,old_weak,scaled_dt,d,day,pre,0.27590085927660724,3682.3981238191395,1571964
p18,old_weak,scaled_dt,d,day,d34,0.1902686408061157,2221.551604015545,1571964
p18,old_weak,scaled_dt,d,day,d55,0.20138938448120153,1004.443636187887,1571964
p18,old_weak,scaled_dt,d,day,d120,0.1983041160588843,5541.733673868134,1571964
p18,old_weak,scaled_dt,e,region,core,0.17770597962061946,2933.925802632428,220892
p18,old_weak,scaled_dt,e,region,rim,0.21956555656006327,5776.157109182649,254686
p18,old_weak,scaled_dt,e,region,out_of_field,0.21412163580504984,3457.9446795490526,3727512
p18,old_weak,scaled_dt,e,day,pre,0.276673755343889,3682.3981238191395,1571964
p18,old_weak,scaled_dt,e,day,d80,0.19194096995727872,4043.705827508653,1571964
p18,old_weak,scaled_dt,e,day,d120,0.20075184799525775,5541.733673868134,1571964
p18,old_weak,scaled_dt,f,region,core,0.17728538208687586,2933.925802632428,220892
p18,old_weak,scaled_dt,f,region,rim,0.21809715698456433,5955.731614433398,296354
p18,old_weak,scaled_dt,f,region,out_of_field,0.21528460157187532,3457.9446808502385,6212520
p18,old_weak,scaled_dt,f,day,pre,0.2782209264742674,3682.3981238191395,1571964
p18,old_weak,scaled_dt,f,day,d34,0.19522633990464247,2221.551604015545,1571964
p18,old_weak,scaled_dt,f,day,d55,0.18656922097964634,1004.443636187887,1571964
p18,old_weak,scaled_dt,f,day,d80,0.19110561251077132,4043.705827508653,1571964
p18,old_weak,scaled_dt,f,day,d120,0.20053829835016002,5541.733673868134,1571964
p18,old_weak,fixed_dt,a,region,core,0.0007223936073887805,1461.3733104170014,60770
p18,old_weak,fixed_dt,a,region,rim,0.0015978940074402044,2789.8292051098065,34740
p18,old_weak,fixed_dt,a,region,out_of_field,0.003881134923453472,0.0008547535802127443,1242504
p18,old_weak,fixed_dt,a,day,pre,0.0013326254525938338,3692.132138859017,1571964
p18,old_weak,fixed_dt,b,region,core,0.17430919902939518,2498.147732094673,204476
p18,old_weak,fixed_dt,b,region,rim,0.2279966815781255,4944.182626662628,147722
p18,old_weak,fixed_dt,b,region,out_of_field,0.20473886154755022,3470.149921887919,2485008
p18,old_weak,fixed_dt,b,day,pre,0.2726957602096394,3692.132138859017,1571964
p18,old_weak,fixed_dt,b,day,d120,0.1995278684729176,5561.898545121981,1571964
p18,old_weak,fixed_dt,c,region,core,0.17405030413472122,2498.147732094673,204476
p18,old_weak,fixed_dt,c,region,rim,0.227902025774428,4944.6768171087815,147788
p18,old_weak,fixed_dt,c,region,out_of_field,0.20479637502300832,3470.14992315687,3727512
p18,old_weak,fixed_dt,c,day,pre,0.27350082483700733,3692.132138859017,1571964
p18,old_weak,fixed_dt,c,day,d55,0.1806336438132186,1020.4864281464668,1571964
p18,old_weak,fixed_dt,c,day,d120,0.19908234059579752,5561.898545121981,1571964
p18,old_weak,fixed_dt,d,region,core,0.17383201247364954,2498.147732094673,204476
p18,old_weak,fixed_dt,d,region,rim,0.22471474907449265,5157.586564328701,189390
p18,old_weak,fixed_dt,d,region,out_of_field,0.20469513148260926,3470.1499232099354,4970016
p18,old_weak,fixed_dt,d,day,pre,0.2751548688685597,3692.132138859017,1571964
p18,old_weak,fixed_dt,d,day,d34,0.18779250628907945,2224.4265461849045,1571964
p18,old_weak,fixed_dt,d,day,d55,0.19646235111431137,1020.4864281464668,1571964
p18,old_weak,fixed_dt,d,day,d120,0.19840058240545713,5561.898545121981,1571964
p18,old_weak,fixed_dt,e,region,core,0.175547351525753,2952.016240023731,220892
p18,old_weak,fixed_dt,e,region,rim,0.22079045118634397,5780.950405877604,254686
p18,old_weak,fixed_dt,e,region,out_of_field,0.21519695878585438,3471.7208006280566,3727512
p18,old_weak,fixed_dt,e,day,pre,0.27561720942707557,3692.132138859017,1571964
p18,old_weak,fixed_dt,e,day,d80,0.1935607617447064,4035.9241500339976,1571964
p18,old_weak,fixed_dt,e,day,d120,0.20132124551059616,5561.898545121981,1571964
p18,old_weak,fixed_dt,f,region,core,0.1751571495657074,2952.016240023731,220892
p18,old_weak,fixed_dt,f,region,rim,0.21938847734321995,5964.490331785927,296354
p18,old_weak,fixed_dt,f,region,out_of_field,0.21643984955672943,3471.7208019494756,6212520
p18,old_weak,fixed_dt,f,day,pre,0.2771607946592606,3692.132138859017,1571964
p18,old_weak,fixed_dt,f,day,d34,0.19433955851897997,2224.4265461849045,1571964
p18,old_weak,fixed_dt,f,day,d55,0.18148105793369018,1020.4864281464668,1571964
p18,old_weak,fixed_dt,f,day,d80,0.19276367858019314,4035.9241500339976,1571964
p18,old_weak,fixed_dt,f,day,d120,0.20111988554844729,5561.898545121981,1571964
p19,old_weak,scaled_dt,a,region,core,3.123861509872744e-15,555.1112811532095,17496
p19,old_weak,scaled_dt,a,region,rim,2.5870152251422624e-15,1016.8360198003674,17216
p19,old_weak,scaled_dt,a,region,out_of_field,1.0981461410876634e-14,0.0004698910219086446,622378
p19,old_weak,scaled_dt,a,day,pre,2.448359048295873e-15,1405.8422626068766,798444
p19,old_weak,scaled_dt,b,region,core,0.09294174656823183,555.1112811532095,17496
p19,old_weak,scaled_dt,b,region,rim,0.10024029309596844,1351.6681801935513,55400
p19,old_weak,scaled_dt,b,region,out_of_field,0.1596996729943431,0.04643979859968762,1244756
p19,old_weak,scaled_dt,b,day,pre,0.10423243217638882,1405.8422626068766,798444
p19,old_weak,scaled_dt,b,day,d120,0.09808208258841851,1273.6985843666098,798444
p19,old_weak,scaled_dt,c,region,core,0.09303040775809461,555.1112811532095,17496
p19,old_weak,scaled_dt,c,region,rim,0.10039336558221534,1351.6681801935513,55400
p19,old_weak,scaled_dt,c,region,out_of_field,0.16901596916681588,0.046497467421800685,1867134
p19,old_weak,scaled_dt,c,day,pre,0.10392644796023327,1405.8422626068766,798444
p19,old_weak,scaled_dt,c,day,d55,0.08966085999307531,160.66719215088668,798444
p19,old_weak,scaled_dt,c,day,d120,0.09851541101829826,1273.6985843666098,798444
p19,old_weak,scaled_dt,d,region,core,0.09549880784160782,555.1112811532095,17496
p19,old_weak,scaled_dt,d,region,rim,0.0952793743572178,1493.508242173784,65448
p19,old_weak,scaled_dt,d,region,out_of_field,0.19139013753737277,0.04652353212071545,2489512
p19,old_weak,scaled_dt,d,day,pre,0.10461120092801249,1405.8422626068766,798444
p19,old_weak,scaled_dt,d,day,d34,0.06790249196003775,952.7837936337162,798444
p19,old_weak,scaled_dt,d,day,d55,0.1038838525010845,160.66719215088668,798444
p19,old_weak,scaled_dt,d,day,d120,0.09842948793817066,1273.6985843666098,798444
p19,old_weak,scaled_dt,e,region,core,0.09644067527612009,555.1112811532095,17496
p19,old_weak,scaled_dt,e,region,rim,0.09593571011749517,1499.3132700700414,67362
p19,old_weak,scaled_dt,e,region,out_of_field,0.1820021157770523,0.046807607180787955,1867134
p19,old_weak,scaled_dt,e,day,pre,0.10611295095547775,1405.8422626068766,798444
p19,old_weak,scaled_dt,e,day,d80,0.06909040727266962,956.6827063336118,798444
p19,old_weak,scaled_dt,e,day,d120,0.09650913318558482,1273.6985843666098,798444
p19,old_weak,scaled_dt,f,region,core,0.09892692694532938,555.1112811532095,17496
p19,old_weak,scaled_dt,f,region,rim,0.09197225719846415,1628.3428023304555,77410
p19,old_weak,scaled_dt,f,region,out_of_field,0.20657047043934101,0.046890683904147176,3111890
p19,old_weak,scaled_dt,f,day,pre,0.10659969978008425,1405.8422626068766,798444
p19,old_weak,scaled_dt,f,day,d34,0.06638105241784233,952.7837936337162,798444
p19,old_weak,scaled_dt,f,day,d55,0.08946805676652,160.66719215088668,798444
p19,old_weak,scaled_dt,f,day,d80,0.06663123435645114,956.6827063336118,798444
p19,old_weak,scaled_dt,f,day,d120,0.09746299960200046,1273.6985843666098,798444
p19,old_weak,fixed_dt,a,region,core,0.0005871718437487635,555.3639237321162,17496
p19,old_weak,fixed_dt,a,region,rim,0.0005122954566938854,1017.9154735379535,17216
p19,old_weak,fixed_dt,a,region,out_of_field,0.00016007187503027726,0.0004711925362350701,622378
p19,old_weak,fixed_dt,a,day,pre,0.000491767199332682,1407.4869807521718,798444
p19,old_weak,fixed_dt,b,region,core,0.09303770970853957,555.3639237321162,17496
p19,old_weak,fixed_dt,b,region,rim,0.10048646630015552,1352.920151278597,55400
p19,old_weak,fixed_dt,b,region,out_of_field,0.15708388914080426,0.04655519617875109,1244756
p19,old_weak,fixed_dt,b,day,pre,0.1046774666874344,1407.4869807521718,798444
p19,old_weak,fixed_dt,b,day,d120,0.09824860173377634,1274.017945736928,798444
p19,old_weak,fixed_dt,c,region,core,0.09311215459611881,555.3639237321162,17496
p19,old_weak,fixed_dt,c,region,rim,0.10071902025362535,1352.920151278597,55400
p19,old_weak,fixed_dt,c,region,out_of_field,0.16935062992654534,0.04661317576543401,1867134
p19,old_weak,fixed_dt,c,day,pre,0.10425239377694741,1407.4869807521718,798444
p19,old_weak,fixed_dt,c,day,d55,0.09051109216501878,160.83432173603913,798444
p19,old_weak,fixed_dt,c,day,d120,0.09886640628328891,1274.017945736928,798444
p19,old_weak,fixed_dt,d,region,core,0.0955931562479597,555.3639237321162,17496
p19,old_weak,fixed_dt,d,region,rim,0.09557326011872071,1495.9403750581105,65448
p19,old_weak,fixed_dt,d,region,out_of_field,0.19043086301368903,0.046639272941334534,2489512
p19,old_weak,fixed_dt,d,day,pre,0.10506657249375846,1407.4869807521718,798444
p19,old_weak,fixed_dt,d,day,d34,0.06753866441218602,952.9983248682182,798444
p19,old_weak,fixed_dt,d,day,d55,0.10438033172678142,160.83432173603913,798444
p19,old_weak,fixed_dt,d,day,d120,0.09856956433589455,1274.017945736928,798444
p19,old_weak,fixed_dt,e,region,core,0.09650114584283845,555.3639237321162,17496
p19,old_weak,fixed_dt,e,region,rim,0.09626570210452513,1501.0733144709793,67362
p19,old_weak,fixed_dt,e,region,out_of_field,0.18139299858268676,0.046923143224005134,1867134
p19,old_weak,fixed_dt,e,day,pre,0.10650894841313453,1407.4869807521718,798444
p19,old_weak,fixed_dt,e,day,d80,0.06959448784295275,955.6078894479048,798444
p19,old_weak,fixed_dt,e,day,d120,0.09673956001281872,1274.017945736928,798444
p19,old_weak,fixed_dt,f,region,core,0.09902580012027631,555.3639237321162,17496
p19,old_weak,fixed_dt,f,region,rim,0.09235125355294697,1631.1547337423854,77410
p19,old_weak,fixed_dt,f,region,out_of_field,0.20444156747235318,0.047006561874644665,3111890
p19,old_weak,fixed_dt,f,day,pre,0.10712625925336368,1407.4869807521718,798444
p19,old_weak,fixed_dt,f,day,d34,0.06614863272081865,952.9983248682182,798444
p19,old_weak,fixed_dt,f,day,d55,0.08965348498577717,160.83432173603913,798444
p19,old_weak,fixed_dt,f,day,d80,0.06723438532213831,955.6078894479048,798444
p19,old_weak,fixed_dt,f,day,d120,0.09746162176002657,1274.017945736928,798444
p20,old_weak,scaled_dt,a,region,core,2.8823281924851382e-15,761.4789706514716,40696
p20,old_weak,scaled_dt,a,region,rim,2.3999439488268303e-15,1353.1282564649835,56916
p20,old_weak,scaled_dt,a,region,out_of_field,3.6614413478675295e-15,0.03755334617995734,796724
p20,old_weak,scaled_dt,a,day,pre,2.17880628236069e-15,1895.9399307772258,1059664
p20,old_weak,scaled_dt,b,region,core,0.0622445313194543,761.4789706514716,40696
p20,old_weak,scaled_dt,b,region,rim,0.0529227148025605,1637.1670477329299,149600
p20,old_weak,scaled_dt,b,region,out_of_field,0.5183935928494374,33.03730539015688,1593448
p20,old_weak,scaled_dt,b,day,pre,0.05954106362237887,1895.9399307772258,1059664
p20,old_weak,scaled_dt,b,day,d120,0.05276187805904549,1429.008436064997,1059664
p20,old_weak,scaled_dt,c,region,core,0.06274455220788364,761.4789706514716,40696
p20,old_weak,scaled_dt,c,region,rim,0.05565521554084276,1637.1670477329299,149600
p20,old_weak,scaled_dt,c,region,out_of_field,0.3513363209868659,33.038361238050186,2390172
p20,old_weak,scaled_dt,c,day,pre,0.059828360244667776,1895.9399307772258,1059664
p20,old_weak,scaled_dt,c,day,d55,0.03993779591063335,533.5967558144307,1059664
p20,old_weak,scaled_dt,c,day,d120,0.056661714321295374,1429.008436064997,1059664
p20,old_weak,scaled_dt,d,region,core,0.06246266011846652,761.4789706514716,40696
p20,old_weak,scaled_dt,d,region,rim,0.05229261730489126,1820.271606005649,190912
p20,old_weak,scaled_dt,d,region,out_of_field,0.36611669035360267,33.03894059042883,3186896
p20,old_weak,scaled_dt,d,day,pre,0.059485774873087566,1895.9399307772258,1059664
p20,old_weak,scaled_dt,d,day,d34,0.03571417131858106,1214.8359023915173,1059664
p20,old_weak,scaled_dt,d,day,d55,0.03979748293522039,533.5967558144307,1059664
p20,old_weak,scaled_dt,d,day,d120,0.05756134429913773,1429.008436064997,1059664
p20,old_weak,scaled_dt,e,region,core,0.06343804204307149,761.4789706514716,40696
p20,old_weak,scaled_dt,e,region,rim,0.052488881803404594,1811.5336591693272,193920
p20,old_weak,scaled_dt,e,region,out_of_field,0.3512010704472001,33.11991229149415,2390172
p20,old_weak,scaled_dt,e,day,pre,0.05994913251794195,1895.9399307772258,1059664
p20,old_weak,scaled_dt,e,day,d80,0.03654256621480335,1175.7546025892557,1059664
p20,old_weak,scaled_dt,e,day,d120,0.0568081749479304,1429.008436064997,1059664
p20,old_weak,scaled_dt,f,region,core,0.06351727215406809,761.4789706514716,40696
p20,old_weak,scaled_dt,f,region,rim,0.04975570926850926,1978.5668994884245,235232
p20,old_weak,scaled_dt,f,region,out_of_field,0.36178663870228006,33.12154341348937,3983620
p20,old_weak,scaled_dt,f,day,pre,0.05971448118625191,1895.9399307772258,1059664
p20,old_weak,scaled_dt,f,day,d34,0.03506849200640477,1214.8359023915173,1059664
p20,old_weak,scaled_dt,f,day,d55,0.03846367129054347,533.5967558144307,1059664
p20,old_weak,scaled_dt,f,day,d80,0.03572387737284304,1175.7546025892557,1059664
p20,old_weak,scaled_dt,f,day,d120,0.057796821853169936,1429.008436064997,1059664
p20,old_weak,fixed_dt,a,region,core,0.0018796050005222239,761.2000610534324,40696
p20,old_weak,fixed_dt,a,region,rim,0.0015250881216196774,1354.919715695061,56916
p20,old_weak,fixed_dt,a,region,out_of_field,0.0020955788050726733,0.037680713954249066,796724
p20,old_weak,fixed_dt,a,day,pre,0.0014564710446008087,1898.914535349442,1059664
p20,old_weak,fixed_dt,b,region,core,0.06315290246271121,761.2000610534324,40696
p20,old_weak,fixed_dt,b,region,rim,0.053616480621582294,1639.7361218832393,149600
p20,old_weak,fixed_dt,b,region,out_of_field,0.5175301827499192,33.14216760222721,1593448
p20,old_weak,fixed_dt,b,day,pre,0.0605213889685191,1898.914535349442,1059664
p20,old_weak,fixed_dt,b,day,d120,0.05274993147450814,1430.916674903003,1059664
p20,old_weak,fixed_dt,c,region,core,0.0636156161870677,761.2000610534324,40696
p20,old_weak,fixed_dt,c,region,rim,0.05627263413077376,1639.7361218832393,149600
p20,old_weak,fixed_dt,c,region,out_of_field,0.3504689471449192,33.14323364177713,2390172
p20,old_weak,fixed_dt,c,day,pre,0.060799170962148485,1898.914535349442,1059664
p20,old_weak,fixed_dt,c,day,d55,0.04038114598218078,534.5581629441285,1059664
p20,old_weak,fixed_dt,c,day,d120,0.0566808644693329,1430.916674903003,1059664
p20,old_weak,fixed_dt,d,region,core,0.06337059714633314,761.2000610534324,40696
p20,old_weak,fixed_dt,d,region,rim,0.052683939209414485,1823.694311687209,190912
p20,old_weak,fixed_dt,d,region,out_of_field,0.3631670940841885,33.14381406893461,3186896
p20,old_weak,fixed_dt,d,day,pre,0.0605633023478739,1898.914535349442,1059664
p20,old_weak,fixed_dt,d,day,d34,0.03443565698912908,1215.4429550765158,1059664
p20,old_weak,fixed_dt,d,day,d55,0.040264029128182076,534.5581629441285,1059664
p20,old_weak,fixed_dt,d,day,d120,0.05737135103942105,1430.916674903003,1059664
p20,old_weak,fixed_dt,e,region,core,0.06439263405670996,761.2000610534324,40696
p20,old_weak,fixed_dt,e,region,rim,0.05297075055540034,1814.2204252333645,193920
p20,old_weak,fixed_dt,e,region,out_of_field,0.3490373172121897,33.224739331093545,2390172
p20,old_weak,fixed_dt,e,day,pre,0.060995097141276704,1898.914535349442,1059664
p20,old_weak,fixed_dt,e,day,d80,0.036231440855980485,1174.6937781544746,1059664
p20,old_weak,fixed_dt,e,day,d120,0.056634486616183345,1430.916674903003,1059664
p20,old_weak,fixed_dt,f,region,core,0.06453696427737572,761.2000610534324,40696
p20,old_weak,fixed_dt,f,region,rim,0.050072570252841404,1982.0499853448516,235232
p20,old_weak,fixed_dt,f,region,out_of_field,0.35750059104883963,33.226381706124776,3983620
p20,old_weak,fixed_dt,f,day,pre,0.06086116350175002,1898.914535349442,1059664
p20,old_weak,fixed_dt,f,day,d34,0.03384452401755932,1215.4429550765158,1059664
p20,old_weak,fixed_dt,f,day,d55,0.03905771287058537,534.5581629441285,1059664
p20,old_weak,fixed_dt,f,day,d80,0.03547071717498897,1174.6937781544746,1059664
p20,old_weak,fixed_dt,f,day,d120,0.05740276939620277,1430.916674903003,1059664
p21,old_weak,scaled_dt,a,region,core,3.1416420157913166e-15,794.1337178719889,40174
p21,old_weak,scaled_dt,a,region,rim,2.8925474855397462e-15,1574.0262002303646,79716
p21,old_weak,scaled_dt,a,region,out_of_field,2.8284659341543647e-15,5.889261884932022,774988
p21,old_weak,scaled_dt,a,day,pre,2.462611463674275e-15,2224.00923048358,1037016
p21,old_weak,scaled_dt,b,region,core,0.06065616163149768,794.1337178719889,40174
p21,old_weak,scaled_dt,b,region,rim,0.04813453379486123,1668.9924202119978,89766
p21,old_weak,scaled_dt,b,region,out_of_field,0.12706236641587498,326.7850549669795,1549976
p21,old_weak,scaled_dt,b,day,pre,0.053538115067683335,2224.00923048358,1037016
p21,old_weak,scaled_dt,b,day,d120,0.05719729707648062,1416.3558788895023,1037016
p21,old_weak,scaled_dt,c,region,core,0.060688322809542665,794.1337178719889,40174
p21,old_weak,scaled_dt,c,region,rim,0.04812992153245342,1668.9924202119978,89766
p21,old_weak,scaled_dt,c,region,out_of_field,0.1263412794027469,328.71591812747704,2324964
p21,old_weak,scaled_dt,c,day,pre,0.05355493676150305,2224.00923048358,1037016
p21,old_weak,scaled_dt,c,day,d55,0.06288991745189221,46.395570643961754,1037016
p21,old_weak,scaled_dt,c,day,d120,0.05715910366540139,1416.3558788895023,1037016
p21,old_weak,scaled_dt,d,region,core,0.06200032862076547,794.1337178719889,40174
p21,old_weak,scaled_dt,d,region,rim,0.04728606591186612,1743.7406703598228,95118
p21,old_weak,scaled_dt,d,region,out_of_field,0.12472734479811184,330.5235455359149,3099952
p21,old_weak,scaled_dt,d,day,pre,0.0537653568040943,2224.00923048358,1037016
p21,old_weak,scaled_dt,d,day,d34,0.03749798837619566,1207.4576406477343,1037016
p21,old_weak,scaled_dt,d,day,d55,0.04992550025177508,46.395570643961754,1037016
p21,old_weak,scaled_dt,d,day,d120,0.05709574700121036,1416.3558788895023,1037016
p21,old_weak,scaled_dt,e,region,core,0.061180509391642574,794.1337178719889,40174
p21,old_weak,scaled_dt,e,region,rim,0.04809724255344635,1668.9924202119978,89766
p21,old_weak,scaled_dt,e,region,out_of_field,0.12213811370182401,346.7366661637678,2324964
p21,old_weak,scaled_dt,e,day,pre,0.053796958993479124,2224.00923048358,1037016
p21,old_weak,scaled_dt,e,day,d80,0.072465061582732,191.02472982505486,1037016
p21,old_weak,scaled_dt,e,day,d120,0.05668980334847968,1416.3558788895023,1037016
p21,old_weak,scaled_dt,f,region,core,0.062223078389614835,794.1337178719889,40174
p21,old_weak,scaled_dt,f,region,rim,0.047227111455355034,1743.7406703598228,95118
p21,old_weak,scaled_dt,f,region,out_of_field,0.12096659612341754,350.2622698296581,3874940
p21,old_weak,scaled_dt,f,day,pre,0.05380088062004001,2224.00923048358,1037016
p21,old_weak,scaled_dt,f,day,d34,0.037506958997440866,1207.4576406477343,1037016
p21,old_weak,scaled_dt,f,day,d55,0.04927895625131624,46.395570643961754,1037016
p21,old_weak,scaled_dt,f,day,d80,0.0691008245851028,191.02472982505486,1037016
p21,old_weak,scaled_dt,f,day,d120,0.057016420622844996,1416.3558788895023,1037016
p21,old_weak,fixed_dt,a,region,core,0.0008468898083080628,795.3469147792449,40174
p21,old_weak,fixed_dt,a,region,rim,0.0008430731803222961,1575.4157407972932,79716
p21,old_weak,fixed_dt,a,region,out_of_field,0.0013817999118753957,5.881263735710986,774988
p21,old_weak,fixed_dt,a,day,pre,0.0007306849024401762,2225.6018369686212,1037016
p21,old_weak,fixed_dt,b,region,core,0.059993527253559616,795.3469147792449,40174
p21,old_weak,fixed_dt,b,region,rim,0.04744416100536502,1672.2355602983573,89766
p21,old_weak,fixed_dt,b,region,out_of_field,0.12562662012213074,329.2365837102961,1549976
p21,old_weak,fixed_dt,b,day,pre,0.052814094363409315,2225.6018369686212,1037016
p21,old_weak,fixed_dt,b,day,d120,0.05635451629939323,1430.9989453166945,1037016
p21,old_weak,fixed_dt,c,region,core,0.060036685191989105,795.3469147792449,40174
p21,old_weak,fixed_dt,c,region,rim,0.04743907625844146,1672.2355602983573,89766
p21,old_weak,fixed_dt,c,region,out_of_field,0.12487749291338951,331.1406852067755,2324964
p21,old_weak,fixed_dt,c,day,pre,0.05283583837243206,2225.6018369686212,1037016
p21,old_weak,fixed_dt,c,day,d55,0.06777268254316293,46.11618930166573,1037016
p21,old_weak,fixed_dt,c,day,d120,0.056306097320910305,1430.9989453166945,1037016
p21,old_weak,fixed_dt,d,region,core,0.061515152801929665,795.3469147792449,40174
p21,old_weak,fixed_dt,d,region,rim,0.04651230675638068,1747.1232679062607,95118
p21,old_weak,fixed_dt,d,region,out_of_field,0.12285411735530041,332.92908370878393,3099952
p21,old_weak,fixed_dt,d,day,pre,0.053198035945777426,2225.6018369686212,1037016
p21,old_weak,fixed_dt,d,day,d34,0.03635592746313417,1205.270935577424,1037016
p21,old_weak,fixed_dt,d,day,d55,0.048508461251610416,46.11618930166573,1037016
p21,old_weak,fixed_dt,d,day,d120,0.05599438704223576,1430.9989453166945,1037016
p21,old_weak,fixed_dt,e,region,core,0.060639814060659554,795.3469147792449,40174
p21,old_weak,fixed_dt,e,region,rim,0.04744738166066524,1672.2355602983573,89766
p21,old_weak,fixed_dt,e,region,out_of_field,0.12032017215756678,348.9427060410761,2324964
p21,old_weak,fixed_dt,e,day,pre,0.05315166439820599,2225.6018369686212,1037016
p21,old_weak,fixed_dt,e,day,d80,0.07367146340395052,189.9942166611966,1037016
p21,old_weak,fixed_dt,e,day,d120,0.055719071264075486,1430.9989453166945,1037016
p21,old_weak,fixed_dt,f,region,core,0.0617822332431874,795.3469147792449,40174
p21,old_weak,fixed_dt,f,region,rim,0.046475582842524975,1747.1232679062607,95118
p21,old_weak,fixed_dt,f,region,out_of_field,0.11893577915270405,352.4287996535082,3874940
p21,old_weak,fixed_dt,f,day,pre,0.053255894788201204,2225.6018369686212,1037016
p21,old_weak,fixed_dt,f,day,d34,0.036363988616703875,1205.270935577424,1037016
p21,old_weak,fixed_dt,f,day,d55,0.04776956110613098,46.11618930166573,1037016
p21,old_weak,fixed_dt,f,day,d80,0.06874393358192515,189.9942166611966,1037016
p21,old_weak,fixed_dt,f,day,d120,0.055866458714180126,1430.9989453166945,1037016
p22,old_weak,scaled_dt,a,region,core,1.4597380080276433e-15,1345.6203889725011,161584
p22,old_weak,scaled_dt,a,region,rim,1.248429785027802e-15,2271.386973784916,153614
p22,old_weak,scaled_dt,a,region,out_of_field,1.1562318375617734e-15,9.213201700864124,1307378
p22,old_weak,scaled_dt,a,day,pre,1.173918262990035e-15,3172.4325071927005,1846998
p22,old_weak,scaled_dt,b,region,core,0.13652343132332187,1345.6203889725011,161584
p22,old_weak,scaled_dt,b,region,rim,0.07879867760588528,3158.90689716781,492950
p22,old_weak,scaled_dt,b,region,out_of_field,0.08389824114672823,2446.026143013723,2614756
p22,old_weak,scaled_dt,b,day,pre,0.11654147835741897,3172.4325071927005,1846998
p22,old_weak,scaled_dt,b,day,d120,0.07301538735505073,3346.4493514226897,1846998
p22,old_weak,scaled_dt,c,region,core,0.1363820642748836,1345.6203889725011,161584
p22,old_weak,scaled_dt,c,region,rim,0.07895044211880303,3158.90689716781,492950
p22,old_weak,scaled_dt,c,region,out_of_field,0.08412600330986733,2446.3105573008474,3922134
p22,old_weak,scaled_dt,c,day,pre,0.1164716439441171,3172.4325071927005,1846998
p22,old_weak,scaled_dt,c,day,d55,0.31129417499647566,116.2302529352457,1846998
p22,old_weak,scaled_dt,c,day,d120,0.07315314537567275,3346.4493514226897,1846998
p22,old_weak,scaled_dt,d,region,core,0.14225240925779145,1345.6203889725011,161584
p22,old_weak,scaled_dt,d,region,rim,0.07889569289888244,3411.761966103694,566430
p22,old_weak,scaled_dt,d,region,out_of_field,0.09160230525681065,2446.8705933038977,5229512
p22,old_weak,scaled_dt,d,day,pre,0.1151009674049858,3172.4325071927005,1846998
p22,old_weak,scaled_dt,d,day,d34,0.0692763983689568,1888.675946322829,1846998
p22,old_weak,scaled_dt,d,day,d55,0.12574593235022494,116.2302529352457,1846998
p22,old_weak,scaled_dt,d,day,d120,0.08221453919929046,3346.4493514226897,1846998
p22,old_weak,scaled_dt,e,region,core,0.14067444052892222,1345.6203889725011,161584
p22,old_weak,scaled_dt,e,region,rim,0.08265662159237001,3388.425096392126,579168
p22,old_weak,scaled_dt,e,region,out_of_field,0.09279732467189518,2495.881283486558,3922134
p22,old_weak,scaled_dt,e,day,pre,0.11610341955393616,3172.4325071927005,1846998
p22,old_weak,scaled_dt,e,day,d80,0.06553842618275312,2086.6651036161597,1846998
p22,old_weak,scaled_dt,e,day,d120,0.08524358676906585,3346.4493514226897,1846998
p22,old_weak,scaled_dt,f,region,core,0.14224044566165486,1345.6203889725011,161584
p22,old_weak,scaled_dt,f,region,rim,0.0792580239195782,3625.307099024491,652648
p22,old_weak,scaled_dt,f,region,out_of_field,0.09505717872308636,2496.708871560175,6536890
p22,old_weak,scaled_dt,f,day,pre,0.11541709679886133,3172.4325071927005,1846998
p22,old_weak,scaled_dt,f,day,d34,0.06021871662383036,1888.675946322829,1846998
p22,old_weak,scaled_dt,f,day,d55,0.07537738751689807,116.2302529352457,1846998
p22,old_weak,scaled_dt,f,day,d80,0.06410718147934202,2086.6651036161597,1846998
p22,old_weak,scaled_dt,f,day,d120,0.08672866683884017,3346.4493514226897,1846998
p22,old_weak,fixed_dt,a,region,core,0.0008658881423153485,1346.5004537156458,161584
p22,old_weak,fixed_dt,a,region,rim,0.0005853675958149146,2273.092261424819,153614
p22,old_weak,fixed_dt,a,region,out_of_field,0.0014238951775197666,9.24940022641867,1307378
p22,old_weak,fixed_dt,a,day,pre,0.0006813630068593123,3174.9688360907703,1846998
p22,old_weak,fixed_dt,b,region,core,0.13621151243500762,1346.5004537156458,161584
p22,old_weak,fixed_dt,b,region,rim,0.07826547465780183,3164.2299163112893,492950
p22,old_weak,fixed_dt,b,region,out_of_field,0.08376058302319132,2446.1789326375924,2614756
p22,old_weak,fixed_dt,b,day,pre,0.1165819437297261,3174.9688360907703,1846998
p22,old_weak,fixed_dt,b,day,d120,0.07241863054337797,3348.8723388364274,1846998
p22,old_weak,fixed_dt,c,region,core,0.13607078071767612,1346.5004537156458,161584
p22,old_weak,fixed_dt,c,region,rim,0.078408202403348,3164.2299163112893,492950
p22,old_weak,fixed_dt,c,region,out_of_field,0.08398131485482858,2446.4666309598183,3922134
p22,old_weak,fixed_dt,c,day,pre,0.11651179660466114,3174.9688360907703,1846998
p22,old_weak,fixed_dt,c,day,d55,0.30781296492329663,116.55174035766301,1846998
p22,old_weak,fixed_dt,c,day,d120,0.07255731929485829,3348.8723388364274,1846998
p22,old_weak,fixed_dt,d,region,core,0.1418953909698751,1346.5004537156458,161584
p22,old_weak,fixed_dt,d,region,rim,0.07808450075123413,3419.233326922087,566430
p22,old_weak,fixed_dt,d,region,out_of_field,0.0911215639979194,2447.0248188943565,5229512
p22,old_weak,fixed_dt,d,day,pre,0.11522631244516252,3174.9688360907703,1846998
p22,old_weak,fixed_dt,d,day,d34,0.0654138524935832,1889.332106230691,1846998
p22,old_weak,fixed_dt,d,day,d55,0.12529844598882772,116.55174035766301,1846998
p22,old_weak,fixed_dt,d,day,d120,0.08136890247968688,3348.8723388364274,1846998
p22,old_weak,fixed_dt,e,region,core,0.14023036151109783,1346.5004537156458,161584
p22,old_weak,fixed_dt,e,region,rim,0.08245813180413447,3400.138117471094,579168
p22,old_weak,fixed_dt,e,region,out_of_field,0.09359236425335891,2497.5486392731214,3922134
p22,old_weak,fixed_dt,e,day,pre,0.11581792037497955,3174.9688360907703,1846998
p22,old_weak,fixed_dt,e,day,d80,0.06622071450633721,2119.51727451163,1846998
p22,old_weak,fixed_dt,e,day,d120,0.08619011379895308,3348.8723388364274,1846998
p22,old_weak,fixed_dt,f,region,core,0.14110882793809196,1346.5004537156458,161584
p22,old_weak,fixed_dt,f,region,rim,0.0789039308349553,3638.646011710291,652648
p22,old_weak,fixed_dt,f,region,out_of_field,0.09536656252766548,2498.3771331286216,6536890
p22,old_weak,fixed_dt,f,day,pre,0.11525254764133813,3174.9688360907703,1846998
p22,old_weak,fixed_dt,f,day,d34,0.05457824272177302,1889.332106230691,1846998
p22,old_weak,fixed_dt,f,day,d55,0.066493534101782,116.55174035766301,1846998
p22,old_weak,fixed_dt,f,day,d80,0.06484716062397769,2119.51727451163,1846998
p22,old_weak,fixed_dt,f,day,d120,0.08741168407950099,3348.8723388364274,1846998
p23,old_weak,scaled_dt,a,region,core,3.745480406863116e-15,1468.3107577452024,116962
p23,old_weak,scaled_dt,a,region,rim,3.263261363736792e-15,2526.091590275174,82414
p23,old_weak,scaled_dt,a,region,out_of_field,3.172354385838613e-15,0.028250081859764048,769786
p23,old_weak,scaled_dt,a,day,pre,3.08307999359923e-15,3429.0257965275528,1229500
p23,old_weak,scaled_dt,b,region,core,0.0013948710119234462,1468.3107577452024,116962
p23,old_weak,scaled_dt,b,region,rim,0.001846468303217503,2526.091590275174,82414
p23,old_weak,scaled_dt,b,region,out_of_field,3.8163421226726593,4.1771566989060345,1539572
p23,old_weak,scaled_dt,b,day,pre,0.0019628734964223403,3429.0257965275528,1229500
p23,old_weak,scaled_dt,b,day,d120,0.31699204418341737,158.872709003161,1229500
p23,old_weak,scaled_dt,c,region,core,0.0013958895629386115,1468.3107577452024,116962
p23,old_weak,scaled_dt,c,region,rim,0.0018483244483505521,2526.091590275174,82414
p23,old_weak,scaled_dt,c,region,out_of_field,3.8135568791431145,4.177608460774364,2309358
p23,old_weak,scaled_dt,c,day,pre,0.0019642694745639288,3429.0257965275528,1229500
p23,old_weak,scaled_dt,c,day,d55,7.6174709227692725,0.2212114947017697,1229500
p23,old_weak,scaled_dt,c,day,d120,0.31698815036931094,158.872709003161,1229500
p23,old_weak,scaled_dt,d,region,core,0.00415285702691601,1468.3107577452024,116962
p23,old_weak,scaled_dt,d,region,rim,0.005184475894559549,2526.091590275174,82414
p23,old_weak,scaled_dt,d,region,out_of_field,0.6404267388048609,4.178400364587542,3079144
p23,old_weak,scaled_dt,d,day,pre,0.004889884567830588,3429.0257965275528,1229500
p23,old_weak,scaled_dt,d,day,d34,0.08018115108287488,113.31403379033684,1229500
p23,old_weak,scaled_dt,d,day,d55,0.2540499983175531,0.2212114947017697,1229500
p23,old_weak,scaled_dt,d,day,d120,0.4818410516648128,158.872709003161,1229500
p23,old_weak,scaled_dt,e,region,core,0.0024302228209062784,1468.3107577452024,116962
p23,old_weak,scaled_dt,e,region,rim,0.0031910969412222096,2526.091590275174,82414
p23,old_weak,scaled_dt,e,region,out_of_field,2.2804004099141233,4.191480618841621,2309358
p23,old_weak,scaled_dt,e,day,pre,0.0030779370346614744,3429.0257965275528,1229500
p23,old_weak,scaled_dt,e,day,d80,3.82042295706332,7.25007185132014,1229500
p23,old_weak,scaled_dt,e,day,d120,0.3607766025854022,158.872709003161,1229500
p23,old_weak,scaled_dt,f,region,core,0.0041629696233270366,1468.3107577452024,116962
p23,old_weak,scaled_dt,f,region,rim,0.0051984699285598825,2526.091590275174,82414
p23,old_weak,scaled_dt,f,region,out_of_field,0.642109520218635,4.192720035692186,3848930
p23,old_weak,scaled_dt,f,day,pre,0.004903854614376116,3429.0257965275528,1229500
p23,old_weak,scaled_dt,f,day,d34,0.08453972972989272,113.31403379033684,1229500
p23,old_weak,scaled_dt,f,day,d55,0.26117135555178755,0.2212114947017697,1229500
p23,old_weak,scaled_dt,f,day,d80,0.5965531269264185,7.25007185132014,1229500
p23,old_weak,scaled_dt,f,day,d120,0.4814094712838285,158.872709003161,1229500
p23,old_weak,fixed_dt,a,region,core,0.0021346061482032637,1471.2192108270367,116962
p23,old_weak,fixed_dt,a,region,rim,0.0017779334775652152,2527.4412791813984,82414
p23,old_weak,fixed_dt,a,region,out_of_field,0.00018142466665768575,0.028279661405233938,769786
p23,old_weak,fixed_dt,a,day,pre,0.0016636125061554614,3431.159388600656,1229500
p23,old_weak,fixed_dt,b,region,core,0.0026307285553370937,1471.2192108270367,116962
p23,old_weak,fixed_dt,b,region,rim,0.0026397244213232063,2527.4412791813984,82414
p23,old_weak,fixed_dt,b,region,out_of_field,3.817146527721142,4.176522571032087,1539572
p23,old_weak,fixed_dt,b,day,pre,0.002573340064775781,3431.159388600656,1229500
p23,old_weak,fixed_dt,b,day,d120,0.319328750174618,157.83542362838853,1229500
p23,old_weak,fixed_dt,c,region,core,0.0026332194663034767,1471.2192108270367,116962
p23,old_weak,fixed_dt,c,region,rim,0.002640084155402254,2527.4412791813984,82414
p23,old_weak,fixed_dt,c,region,out_of_field,3.8143515563586647,4.176978793639319,2309358
p23,old_weak,fixed_dt,c,day,pre,0.002574405573622346,3431.159388600656,1229500
p23,old_weak,fixed_dt,c,day,d55,7.559684726540185,0.22333019196892204,1229500
p23,old_weak,fixed_dt,c,day,d120,0.3193248273118827,157.83542362838853,1229500
p23,old_weak,fixed_dt,d,region,core,0.0058986644550468,1471.2192108270367,116962
p23,old_weak,fixed_dt,d,region,rim,0.0049137062607780176,2527.4412791813984,82414
p23,old_weak,fixed_dt,d,region,out_of_field,0.6484500075226146,4.177771697273244,3079144
p23,old_weak,fixed_dt,d,day,pre,0.0051544562603785295,3431.159388600656,1229500
p23,old_weak,fixed_dt,d,day,d34,0.0816738371031427,111.83911524681292,1229500
p23,old_weak,fixed_dt,d,day,d55,0.27911019632685835,0.22333019196892204,1229500
p23,old_weak,fixed_dt,d,day,d120,0.48446832451530575,157.83542362838853,1229500
p23,old_weak,fixed_dt,e,region,core,0.004089702786347511,1471.2192108270367,116962
p23,old_weak,fixed_dt,e,region,rim,0.0033014421779917823,2527.4412791813984,82414
p23,old_weak,fixed_dt,e,region,out_of_field,2.2814675098282606,4.190824897810908,2309358
p23,old_weak,fixed_dt,e,day,pre,0.0034975214597218044,3431.159388600656,1229500
p23,old_weak,fixed_dt,e,day,d80,3.85579404978154,7.18130795326587,1229500
p23,old_weak,fixed_dt,e,day,d120,0.3633439192258623,157.83542362838853,1229500
p23,old_weak,fixed_dt,f,region,core,0.005907311155989298,1471.2192108270367,116962
p23,old_weak,fixed_dt,f,region,rim,0.004926563331433928,2527.4412791813984,82414
p23,old_weak,fixed_dt,f,region,out_of_field,0.6499887558254103,4.192069762338016,3848930
p23,old_weak,fixed_dt,f,day,pre,0.005167254822389353,3431.159388600656,1229500
p23,old_weak,fixed_dt,f,day,d34,0.08591734778770634,111.83911524681292,1229500
p23,old_weak,fixed_dt,f,day,d55,0.2863110732076434,0.22333019196892204,1229500
p23,old_weak,fixed_dt,f,day,d80,0.5835500348313082,7.18130795326587,1229500
p23,old_weak,fixed_dt,f,day,d120,0.4840481781617733,157.83542362838853,1229500
p24,old_strong,scaled_dt,a,region,core,1.965474534742558e-15,83.05604722557513,808
p24,old_strong,scaled_dt,a,region,rim,1.5401821622939696e-15,171.86292995007,1540
p24,old_strong,scaled_dt,a,region,out_of_field,9.980253500399401e-14,1.6773433957727583e-06,316490
p24,old_strong,scaled_dt,a,day,pre,1.5193152862701324e-15,230.95053994637794,377200
p24,old_strong,scaled_dt,b,region,core,2.1967389049395303e-15,83.05604722557513,808
p24,old_strong,scaled_dt,b,region,rim,1.5788238782629673e-15,171.86292995007,1540
p24,old_strong,scaled_dt,b,region,out_of_field,0.04849189617541785,2.8497097040867998e-06,632980
p24,old_strong,scaled_dt,b,day,pre,1.5881638140563175e-15,230.95053994637794,377200
p24,old_strong,scaled_dt,b,day,d120,0.059078505535189396,2.4649252144240015e-06,377200
p24,old_strong,scaled_dt,c,region,core,1.9909241956933334e-15,83.05604722557513,808
p24,old_strong,scaled_dt,c,region,rim,1.4646629899075752e-15,171.86292995007,1540
p24,old_strong,scaled_dt,c,region,out_of_field,0.15553565523955432,3.3371534692592307e-06,949470
p24,old_strong,scaled_dt,c,day,pre,1.4379857866179489e-15,230.95053994637794,377200
p24,old_strong,scaled_dt,c,day,d55,0.11324498754960002,1.7418074147373746e-06,377200
p24,old_strong,scaled_dt,c,day,d120,0.2113746962410965,2.4649252144240015e-06,377200
p24,old_strong,scaled_dt,d,region,core,2.394032763585002e-15,83.05604722557513,808
p24,old_strong,scaled_dt,d,region,rim,1.769634031284867e-15,171.86292995007,1540
p24,old_strong,scaled_dt,d,region,out_of_field,0.14177524228395563,3.884225276191148e-06,1265960
p24,old_strong,scaled_dt,d,day,pre,1.6892951198125526e-15,230.95053994637794,377200
p24,old_strong,scaled_dt,d,day,d34,0.04129513504230899,2.0108161971165593e-05,377200
p24,old_strong,scaled_dt,d,day,d55,0.11265173597850016,1.7418074147373746e-06,377200
p24,old_strong,scaled_dt,d,day,d120,0.21342665828010357,2.4649252144240015e-06,377200
p24,old_strong,scaled_dt,e,region,core,2.0534567953905802e-15,83.05604722557513,808
p24,old_strong,scaled_dt,e,region,rim,1.4744950350855584e-15,171.86292995007,1540
p24,old_strong,scaled_dt,e,region,out_of_field,0.1620851535629569,3.432756649313138e-06,949470
p24,old_strong,scaled_dt,e,day,pre,1.4541637478657454e-15,230.95053994637794,377200
p24,old_strong,scaled_dt,e,day,d80,0.14766670370008445,1.9787565269867985e-06,377200
p24,old_strong,scaled_dt,e,day,d120,0.21137387664854512,2.4649252144240015e-06,377200
p24,old_strong,scaled_dt,f,region,core,2.5231555399751325e-15,83.05604722557513,808
p24,old_strong,scaled_dt,f,region,rim,1.836321952619451e-15,171.86292995007,1540
p24,old_strong,scaled_dt,f,region,out_of_field,0.1427622583521139,4.33014766630877e-06,1582450
p24,old_strong,scaled_dt,f,day,pre,1.7645010152450752e-15,230.95053994637794,377200
p24,old_strong,scaled_dt,f,day,d34,0.041295140860375,2.0108161971165593e-05,377200
p24,old_strong,scaled_dt,f,day,d55,0.11265171784907552,1.7418074147373746e-06,377200
p24,old_strong,scaled_dt,f,day,d80,0.1481559384950154,1.9787565269867985e-06,377200
p24,old_strong,scaled_dt,f,day,d120,0.2134265962697973,2.4649252144240015e-06,377200
p24,old_strong,fixed_dt,a,region,core,0.0004102308764070619,83.07829860127765,808
p24,old_strong,fixed_dt,a,region,rim,0.0002951645115657382,172.00924098940632,1540
p24,old_strong,fixed_dt,a,region,out_of_field,0.0010205360018452308,1.6807493877625602e-06,316490
p24,old_strong,fixed_dt,a,day,pre,0.00030823994184319184,231.15673082778562,377200
p24,old_strong,fixed_dt,b,region,core,0.0004102308764071385,83.07829860127765,808
p24,old_strong,fixed_dt,b,region,rim,0.0002951645115656539,172.00924098940632,1540
p24,old_strong,fixed_dt,b,region,out_of_field,0.04864027225074449,2.8567219312946253e-06,632980
p24,old_strong,fixed_dt,b,day,pre,0.0003082399418431865,231.15673082778562,377200
p24,old_strong,fixed_dt,b,day,d120,0.05922733108594607,2.4715946078886216e-06,377200
p24,old_strong,fixed_dt,c,region,core,0.0004102308764068294,83.07829860127765,808
p24,old_strong,fixed_dt,c,region,rim,0.0002951645115655727,172.00924098940632,1540
p24,old_strong,fixed_dt,c,region,out_of_field,0.15505776902869348,3.3457933020651037e-06,949470
p24,old_strong,fixed_dt,c,day,pre,0.0003082399418431891,231.15673082778562,377200
p24,old_strong,fixed_dt,c,day,d55,0.11168884957217981,1.747093048515755e-06,377200
p24,old_strong,fixed_dt,c,day,d120,0.2109995350439611,2.4715946078886216e-06,377200
p24,old_strong,fixed_dt,d,region,core,0.0004102308764069566,83.07829860127765,808
p24,old_strong,fixed_dt,d,region,rim,0.0002951645115654047,172.00924098940632,1540
p24,old_strong,fixed_dt,d,region,out_of_field,0.14119900139433664,3.894895124467923e-06,1265960
p24,old_strong,fixed_dt,d,day,pre,0.00030823994184318724,231.15673082778562,377200
p24,old_strong,fixed_dt,d,day,d34,0.041523934386516234,2.0110319649751776e-05,377200
p24,old_strong,fixed_dt,d,day,d55,0.11104032967405555,1.747093048515755e-06,377200
p24,old_strong,fixed_dt,d,day,d120,0.21305444792269712,2.4715946078886216e-06,377200
p24,old_strong,fixed_dt,e,region,core,0.0004102308764069021,83.07829860127765,808
p24,old_strong,fixed_dt,e,region,rim,0.0002951645115656191,172.00924098940632,1540
p24,old_strong,fixed_dt,e,region,out_of_field,0.16179137430959925,3.4412977221354516e-06,949470
p24,old_strong,fixed_dt,e,day,pre,0.00030823994184318637,231.15673082778562,377200
p24,old_strong,fixed_dt,e,day,d80,0.1472842690866582,1.983723280018053e-06,377200
p24,old_strong,fixed_dt,e,day,d120,0.21099666516229443,2.4715946078886216e-06,377200
p24,old_strong,fixed_dt,f,region,core,0.00041023087640698326,83.07829860127765,808
p24,old_strong,fixed_dt,f,region,rim,0.0002951645115653741,172.00924098940632,1540
p24,old_strong,fixed_dt,f,region,out_of_field,0.14221560714141365,4.341874923375725e-06,1582450
p24,old_strong,fixed_dt,f,day,pre,0.00030823994184318404,231.15673082778562,377200
p24,old_strong,fixed_dt,f,day,d34,0.04152394017073247,2.0110319649751776e-05,377200
p24,old_strong,fixed_dt,f,day,d55,0.11104031233160028,1.747093048515755e-06,377200
p24,old_strong,fixed_dt,f,day,d80,0.14777058073114122,1.983723280018053e-06,377200
p24,old_strong,fixed_dt,f,day,d120,0.21305438590702303,2.4715946078886216e-06,377200
p25,old_strong,scaled_dt,a,region,core,6.116305017378911e-15,1485.1201025820721,79576
p25,old_strong,scaled_dt,a,region,rim,6.009242245928483e-15,2641.5644183808895,47700
p25,old_strong,scaled_dt,a,region,out_of_field,9.58846059417384e-15,0.003215520023628946,692894
p25,old_strong,scaled_dt,a,day,pre,5.2569096110283975e-15,3731.6156908697008,1072476
p25,old_strong,scaled_dt,b,region,core,3.68443482092399e-14,1485.1201025820721,79576
p25,old_strong,scaled_dt,b,region,rim,5.798636000682755e-14,2641.5644183808895,47700
p25,old_strong,scaled_dt,b,region,out_of_field,0.028704026464121752,0.006902335903756208,1385788
p25,old_strong,scaled_dt,b,day,pre,5.347527266752135e-14,3731.6156908697008,1072476
p25,old_strong,scaled_dt,b,day,d120,0.03227763100340195,0.0065367947926298,1072476
p25,old_strong,scaled_dt,c,region,core,3.6470013634376954e-14,1485.1201025820721,79576
p25,old_strong,scaled_dt,c,region,rim,4.278250574261588e-14,2641.5644183808895,47700
p25,old_strong,scaled_dt,c,region,out_of_field,0.04297687533168535,0.007166830464083982,2078682
p25,old_strong,scaled_dt,c,day,pre,4.251127307761013e-14,3731.6156908697008,1072476
p25,old_strong,scaled_dt,c,day,d55,0.1200266297259541,0.001946880572292815,1072476
p25,old_strong,scaled_dt,c,day,d120,0.03294873494927671,0.0065367947926298,1072476
p25,old_strong,scaled_dt,d,region,core,4.354580951141083e-14,1485.1201025820721,79576
p25,old_strong,scaled_dt,d,region,rim,6.963414404628285e-14,2641.5644183808895,47700
p25,old_strong,scaled_dt,d,region,out_of_field,0.039874482192942644,0.007978430331806513,2771576
p25,old_strong,scaled_dt,d,day,pre,6.930363339287455e-14,3731.6156908697008,1072476
p25,old_strong,scaled_dt,d,day,d34,0.03869326554500038,0.005722739423907269,1072476
p25,old_strong,scaled_dt,d,day,d55,0.1196013138857265,0.001946880572292815,1072476
p25,old_strong,scaled_dt,d,day,d120,0.033093712775625526,0.0065367947926298,1072476
p25,old_strong,scaled_dt,e,region,core,6.338834576060032e-14,1485.1201025820721,79576
p25,old_strong,scaled_dt,e,region,rim,9.637500322087552e-14,2641.5644183808895,47700
p25,old_strong,scaled_dt,e,region,out_of_field,0.03035721388071766,0.008328607512058677,2078682
p25,old_strong,scaled_dt,e,day,pre,9.022150468631122e-14,3731.6156908697008,1072476
p25,old_strong,scaled_dt,e,day,d80,0.03413827427955581,0.0048333343113988025,1072476
p25,old_strong,scaled_dt,e,day,d120,0.032333736391900784,0.0065367947926298,1072476
p25,old_strong,scaled_dt,f,region,core,6.812650614824382e-14,1485.1201025820721,79576
p25,old_strong,scaled_dt,f,region,rim,1.0966844561104864e-13,2641.5644183808895,47700
p25,old_strong,scaled_dt,f,region,out_of_field,0.03838124677097251,0.009240065623204653,3464470
p25,old_strong,scaled_dt,f,day,pre,1.0823641741609191e-13,3731.6156908697008,1072476
p25,old_strong,scaled_dt,f,day,d34,0.03873704520526161,0.005722739423907269,1072476
p25,old_strong,scaled_dt,f,day,d55,0.12068830984091601,0.001946880572292815,1072476
p25,old_strong,scaled_dt,f,day,d80,0.034955091762367156,0.0048333343113988025,1072476
p25,old_strong,scaled_dt,f,day,d120,0.03275460080058719,0.0065367947926298,1072476
p25,old_strong,fixed_dt,a,region,core,0.002295383270825032,1488.6472042148878,79576
p25,old_strong,fixed_dt,a,region,rim,0.001899410956690926,2644.320092320883,47700
p25,old_strong,fixed_dt,a,region,out_of_field,0.0007193338234457212,0.003222230180822805,692894
p25,old_strong,fixed_dt,a,day,pre,0.0016870112015901848,3735.468445207432,1072476
p25,old_strong,fixed_dt,b,region,core,0.0022953832708023595,1488.6472042148878,79576
p25,old_strong,fixed_dt,b,region,rim,0.0018994109567103251,2644.320092320883,47700
p25,old_strong,fixed_dt,b,region,out_of_field,0.028436611228602884,0.006940888287603269,1385788
p25,old_strong,fixed_dt,b,day,pre,0.0016870112015901853,3735.468445207432,1072476
p25,old_strong,fixed_dt,b,day,d120,0.03192983476812801,0.006579757254444607,1072476
p25,old_strong,fixed_dt,c,region,core,0.0022953832708324925,1488.6472042148878,79576
p25,old_strong,fixed_dt,c,region,rim,0.0018994109566846601,2644.320092320883,47700
p25,old_strong,fixed_dt,c,region,out_of_field,0.04267666618380944,0.007206516837173955,2078682
p25,old_strong,fixed_dt,c,day,pre,0.0016870112015901844,3735.468445207432,1072476
p25,old_strong,fixed_dt,c,day,d55,0.11948594510421544,0.0019565997926875227,1072476
p25,old_strong,fixed_dt,c,day,d120,0.03260204817658829,0.006579757254444607,1072476
p25,old_strong,fixed_dt,d,region,core,0.0022953832708132267,1488.6472042148878,79576
p25,old_strong,fixed_dt,d,region,rim,0.0018994109567093223,2644.320092320883,47700
p25,old_strong,fixed_dt,d,region,out_of_field,0.03972389617863523,0.008018056011957262,2771576
p25,old_strong,fixed_dt,d,day,pre,0.0016870112015901844,3735.468445207432,1072476
p25,old_strong,fixed_dt,d,day,d34,0.039225908154833976,0.0057242267813563084,1072476
p25,old_strong,fixed_dt,d,day,d55,0.11910701922661636,0.0019565997926875227,1072476
p25,old_strong,fixed_dt,d,day,d120,0.03273039034275182,0.006579757254444607,1072476
p25,old_strong,fixed_dt,e,region,core,0.0022953832707834714,1488.6472042148878,79576
p25,old_strong,fixed_dt,e,region,rim,0.0018994109567271665,2644.320092320883,47700
p25,old_strong,fixed_dt,e,region,out_of_field,0.030296451288747448,0.008365727995322566,2078682
p25,old_strong,fixed_dt,e,day,pre,0.001687011201590185,3735.468445207432,1072476
p25,old_strong,fixed_dt,e,day,d80,0.034501371923902055,0.0048426507327342504,1072476
p25,old_strong,fixed_dt,e,day,d120,0.0320115006424708,0.006579757254444607,1072476
p25,old_strong,fixed_dt,f,region,core,0.002295383270794279,1488.6472042148878,79576
p25,old_strong,fixed_dt,f,region,rim,0.001899410956728116,2644.320092320883,47700
p25,old_strong,fixed_dt,f,region,out_of_field,0.03842533937280193,0.009278938348842476,3464470
p25,old_strong,fixed_dt,f,day,pre,0.001687011201590185,3735.468445207432,1072476
p25,old_strong,fixed_dt,f,day,d34,0.03928184325875021,0.0057242267813563084,1072476
p25,old_strong,fixed_dt,f,day,d55,0.12062854003666737,0.0019565997926875227,1072476
p25,old_strong,fixed_dt,f,day,d80,0.035547535492158576,0.0048426507327342504,1072476
p25,old_strong,fixed_dt,f,day,d120,0.032284600165591426,0.006579757254444607,1072476
p26,old_strong,scaled_dt,a,region,core,1.195045711659041e-15,525.9294045194326,20600
p26,old_strong,scaled_dt,a,region,rim,9.89346961588125e-16,1036.4131350414436,35048
p26,old_strong,scaled_dt,a,region,out_of_field,2.613885120517715e-15,0.017711169809156223,655560
p26,old_strong,scaled_dt,a,day,pre,9.18397335517586e-16,1467.267260383073,845748
p26,old_strong,scaled_dt,b,region,core,0.10374530193338329,525.9294045194326,20600
p26,old_strong,scaled_dt,b,region,rim,0.06427518984682909,1039.4308312127876,35074
p26,old_strong,scaled_dt,b,region,out_of_field,0.16877361884806283,430.1736001592069,1311120
p26,old_strong,scaled_dt,b,day,pre,0.07815503342189625,1467.267260383073,845748
p26,old_strong,scaled_dt,b,day,d120,0.16714973277916792,437.70116284981,845748
p26,old_strong,scaled_dt,c,region,core,0.10374532303092304,525.9294045194326,20600
p26,old_strong,scaled_dt,c,region,rim,0.06427518996443217,1039.4308312127876,35074
p26,old_strong,scaled_dt,c,region,out_of_field,0.16877353948862342,430.1737708567421,1966680
p26,old_strong,scaled_dt,c,day,pre,0.07815504280645234,1467.267260383073,845748
p26,old_strong,scaled_dt,c,day,d55,0.12603879152872174,0.38339873250251405,845748
p26,old_strong,scaled_dt,c,day,d120,0.16714968347000092,437.70116284981,845748
p26,old_strong,scaled_dt,d,region,core,0.10375085512783003,525.9294045194326,20600
p26,old_strong,scaled_dt,d,region,rim,0.06427365642820397,1039.4308312127876,35074
p26,old_strong,scaled_dt,d,region,out_of_field,0.16877478257116324,430.17379045893017,2622240
p26,old_strong,scaled_dt,d,day,pre,0.07815688420103194,1467.267260383073,845748
p26,old_strong,scaled_dt,d,day,d34,0.98780186934037,1.0085791617786561,845748
p26,old_strong,scaled_dt,d,day,d55,0.12598819819011528,0.38339873250251405,845748
p26,old_strong,scaled_dt,d,day,d120,0.16714009191741103,437.70116284981,845748
p26,old_strong,scaled_dt,e,region,core,0.10380801181200836,525.9294045194326,20600
p26,old_strong,scaled_dt,e,region,rim,0.06428669862123197,1039.4308312127876,35074
p26,old_strong,scaled_dt,e,region,out_of_field,0.16848529726134345,430.8028430668241,1966680
p26,old_strong,scaled_dt,e,day,pre,0.0781827472734103,1467.267260383073,845748
p26,old_strong,scaled_dt,e,day,d80,0.10967447616829948,23.276753797119287,845748
p26,old_strong,scaled_dt,e,day,d120,0.16700439189539587,437.70116284981,845748
p26,old_strong,scaled_dt,f,region,core,0.10381354383625854,525.9294045194326,20600
p26,old_strong,scaled_dt,f,region,rim,0.06428517346208856,1039.4308312127876,35074
p26,old_strong,scaled_dt,f,region,out_of_field,0.16848641462127698,430.80303308859,3277800
p26,old_strong,scaled_dt,f,day,pre,0.07818459888113899,1467.267260383073,845748
p26,old_strong,scaled_dt,f,day,d34,0.9865473991713416,1.0085791617786561,845748
p26,old_strong,scaled_dt,f,day,d55,0.12557087834809946,0.38339873250251405,845748
p26,old_strong,scaled_dt,f,day,d80,0.10965314139779705,23.276753797119287,845748
p26,old_strong,scaled_dt,f,day,d120,0.16699477422809283,437.70116284981,845748
p26,old_strong,fixed_dt,a,region,core,0.002376444691207815,527.5103403400379,20600
p26,old_strong,fixed_dt,a,region,rim,0.0023895603934472333,1037.6536419934746,35048
p26,old_strong,fixed_dt,a,region,out_of_field,0.0017116504944178618,0.017722660753243247,655560
p26,old_strong,fixed_dt,a,day,pre,0.002046121360527887,1468.4231697469236,845748
p26,old_strong,fixed_dt,b,region,core,0.1016805318804115,527.5103403400379,20600
p26,old_strong,fixed_dt,b,region,rim,0.0637190804055623,1040.6634451096527,35074
p26,old_strong,fixed_dt,b,region,out_of_field,0.16732240812620103,436.29716696672045,1311120
p26,old_strong,fixed_dt,b,day,pre,0.07701968735479511,1468.4231697469236,845748
p26,old_strong,fixed_dt,b,day,d120,0.16565858897720778,443.9872355648191,845748
p26,old_strong,fixed_dt,c,region,core,0.10168055257663763,527.5103403400379,20600
p26,old_strong,fixed_dt,c,region,rim,0.0637190813210447,1040.6634451096527,35074
p26,old_strong,fixed_dt,c,region,out_of_field,0.16732233003054714,436.2973373737268,1966680
p26,old_strong,fixed_dt,c,day,pre,0.0770196968464115,1468.4231697469236,845748
p26,old_strong,fixed_dt,c,day,d55,0.12406605956464753,0.3857921419305487,845748
p26,old_strong,fixed_dt,c,day,d120,0.16565854070589853,443.9872355648191,845748
p26,old_strong,fixed_dt,d,region,core,0.10168598636725791,527.5103403400379,20600
p26,old_strong,fixed_dt,d,region,rim,0.06371789286515606,1040.6634451096527,35074
p26,old_strong,fixed_dt,d,region,out_of_field,0.16732328635175547,436.2973567152286,2622240
p26,old_strong,fixed_dt,d,day,pre,0.07702162102435205,1468.4231697469236,845748
p26,old_strong,fixed_dt,d,day,d34,0.9940141580705691,0.9996830071163179,845748
p26,old_strong,fixed_dt,d,day,d55,0.12401639498379076,0.3857921419305487,845748
p26,old_strong,fixed_dt,d,day,d120,0.16564883655012808,443.9872355648191,845748
p26,old_strong,fixed_dt,e,region,core,0.10175001820123282,527.5103403400379,20600
p26,old_strong,fixed_dt,e,region,rim,0.0637340719389745,1040.6634451096527,35074
p26,old_strong,fixed_dt,e,region,out_of_field,0.16705247019023436,436.91214930751204,1966680
p26,old_strong,fixed_dt,e,day,pre,0.07705080243210809,1468.4231697469236,845748
p26,old_strong,fixed_dt,e,day,d80,0.12137605813393468,23.174380745383683,845748
p26,old_strong,fixed_dt,e,day,d120,0.16550068572881535,443.9872355648191,845748
p26,old_strong,fixed_dt,f,region,core,0.10175545088712258,527.5103403400379,20600
p26,old_strong,fixed_dt,f,region,rim,0.06373289303369685,1040.6634451096527,35074
p26,old_strong,fixed_dt,f,region,out_of_field,0.16705329423157453,436.9123387889366,3277800
p26,old_strong,fixed_dt,f,day,pre,0.07705273754705147,1468.4231697469236,845748
p26,old_strong,fixed_dt,f,day,d34,0.9925671646564727,0.9996830071163179,845748
p26,old_strong,fixed_dt,f,day,d55,0.12355508433188607,0.3857921419305487,845748
p26,old_strong,fixed_dt,f,day,d80,0.12135388752036681,23.174380745383683,845748
p26,old_strong,fixed_dt,f,day,d120,0.16549095670393787,443.9872355648191,845748
p27,old_strong,scaled_dt,a,region,core,3.9176586280212135e-15,213.02703265500463,2408
p27,old_strong,scaled_dt,a,region,rim,3.6615083929651594e-15,378.62898994833756,2134
p27,old_strong,scaled_dt,a,region,out_of_field,3.3254184206904113e-13,1.0068910559731906e-06,342334
p27,old_strong,scaled_dt,a,day,pre,3.181579738325449e-15,539.2325160234815,424548
p27,old_strong,scaled_dt,b,region,core,5.798173053429962e-09,213.02703265500463,2408
p27,old_strong,scaled_dt,b,region,rim,5.0894156204906495e-09,378.62898994833756,2134
p27,old_strong,scaled_dt,b,region,out_of_field,0.9134985119010672,1.887822615803154e-05,684668
p27,old_strong,scaled_dt,b,day,pre,5.908500746723196e-09,539.2325160234815,424548
p27,old_strong,scaled_dt,b,day,d120,0.08641552205505137,0.1702502470003266,424548
p27,old_strong,scaled_dt,c,region,core,5.889652291091716e-09,213.02703265500463,2408
p27,old_strong,scaled_dt,c,region,rim,5.252014442556794e-09,378.62898994833756,2134
p27,old_strong,scaled_dt,c,region,out_of_field,0.23100538387070307,1.913829809395701e-05,1027002
p27,old_strong,scaled_dt,c,day,pre,6.459625145146494e-09,539.2325160234815,424548
p27,old_strong,scaled_dt,c,day,d55,0.4458000478481093,0.003113972369672623,424548
p27,old_strong,scaled_dt,c,day,d120,0.09063306955864336,0.1702502470003266,424548
p27,old_strong,scaled_dt,d,region,core,3.725327648044038e-08,213.02703265500463,2408
p27,old_strong,scaled_dt,d,region,rim,4.2120152792033356e-08,378.62898994833756,2134
p27,old_strong,scaled_dt,d,region,out_of_field,0.18521464798652254,1.9455753354378997e-05,1369336
p27,old_strong,scaled_dt,d,day,pre,5.154629771585851e-08,539.2325160234815,424548
p27,old_strong,scaled_dt,d,day,d34,0.03630796428675163,0.8616155291200572,424548
p27,old_strong,scaled_dt,d,day,d55,0.06925448008342311,0.003113972369672623,424548
p27,old_strong,scaled_dt,d,day,d120,0.0913506942758952,0.1702502470003266,424548
p27,old_strong,scaled_dt,e,region,core,6.048369693268827e-09,213.02703265500463,2408
p27,old_strong,scaled_dt,e,region,rim,5.377375245331421e-09,378.62898994833756,2134
p27,old_strong,scaled_dt,e,region,out_of_field,0.23215936409499582,2.02623930917683e-05,1027002
p27,old_strong,scaled_dt,e,day,pre,6.588204436686012e-09,539.2325160234815,424548
p27,old_strong,scaled_dt,e,day,d80,0.05654641104864506,0.02398381815325526,424548
p27,old_strong,scaled_dt,e,day,d120,0.09055802404733497,0.1702502470003266,424548
p27,old_strong,scaled_dt,f,region,core,3.476812355963996e-08,213.02703265500463,2408
p27,old_strong,scaled_dt,f,region,rim,3.9885627525518094e-08,378.62898994833756,2134
p27,old_strong,scaled_dt,f,region,out_of_field,0.18340506651099092,2.0801526134348484e-05,1711670
p27,old_strong,scaled_dt,f,day,pre,4.9677335271299425e-08,539.2325160234815,424548
p27,old_strong,scaled_dt,f,day,d34,0.03631472648775902,0.8616155291200572,424548
p27,old_strong,scaled_dt,f,day,d55,0.0696288298933686,0.003113972369672623,424548
p27,old_strong,scaled_dt,f,day,d80,0.515182712273824,0.02398381815325526,424548
p27,old_strong,scaled_dt,f,day,d120,0.091346581963814,0.1702502470003266,424548
p27,old_strong,fixed_dt,a,region,core,0.002420765155674884,213.07641362435433,2408
p27,old_strong,fixed_dt,a,region,rim,0.0022451772630364317,379.38461102660233,2134
p27,old_strong,fixed_dt,a,region,out_of_field,0.001464226486917942,1.0126915658863993e-06,342334
p27,old_strong,fixed_dt,a,day,pre,0.0019948670258536343,540.4942473700256,424548
p27,old_strong,fixed_dt,b,region,core,0.002420768911883599,213.07641362435433,2408
p27,old_strong,fixed_dt,b,region,rim,0.002245173499133215,379.38461102660233,2134
p27,old_strong,fixed_dt,b,region,out_of_field,0.9162751750282658,1.8975289531140515e-05,684668
p27,old_strong,fixed_dt,b,day,pre,0.0019948670258625695,540.4942473700256,424548
p27,old_strong,fixed_dt,b,day,d120,0.08711818032085639,0.17009701965163568,424548
p27,old_strong,fixed_dt,c,region,core,0.0024207689246745485,213.07641362435433,2408
p27,old_strong,fixed_dt,c,region,rim,0.002245173165122056,379.38461102660233,2134
p27,old_strong,fixed_dt,c,region,out_of_field,0.23234073018472298,1.923835931370911e-05,1027002
p27,old_strong,fixed_dt,c,day,pre,0.001994867025864322,540.4942473700256,424548
p27,old_strong,fixed_dt,c,day,d55,0.4444812642922445,0.0031470839063488724,424548
p27,old_strong,fixed_dt,c,day,d120,0.09137411517950483,0.17009701965163568,424548
p27,old_strong,fixed_dt,d,region,core,0.0024207817213951423,213.07641362435433,2408
p27,old_strong,fixed_dt,d,region,rim,0.002245146071871892,379.38461102660233,2134
p27,old_strong,fixed_dt,d,region,out_of_field,0.18866504209208204,1.9557509465706858e-05,1369336
p27,old_strong,fixed_dt,d,day,pre,0.0019948670265604413,540.4942473700256,424548
p27,old_strong,fixed_dt,d,day,d34,0.03755038748104392,0.8546444228924183,424548
p27,old_strong,fixed_dt,d,day,d55,0.08027796386025964,0.0031470839063488724,424548
p27,old_strong,fixed_dt,d,day,d120,0.09205707370916721,0.17009701965163568,424548
p27,old_strong,fixed_dt,e,region,core,0.002420769048508899,213.07641362435433,2408
p27,old_strong,fixed_dt,e,region,rim,0.00224517307486258,379.38461102660233,2134
p27,old_strong,fixed_dt,e,region,out_of_field,0.23482039773606198,2.0365288006725452e-05,1027002
p27,old_strong,fixed_dt,e,day,pre,0.001994867025864748,540.4942473700256,424548
p27,old_strong,fixed_dt,e,day,d80,0.05741245122591001,0.02389233091029767,424548
p27,old_strong,fixed_dt,e,day,d120,0.09128030750651016,0.17009701965163568,424548
p27,old_strong,fixed_dt,f,region,core,0.0024207799817972954,213.07641362435433,2408
p27,old_strong,fixed_dt,f,region,rim,0.002245147246674492,379.38461102660233,2134
p27,old_strong,fixed_dt,f,region,out_of_field,0.18676315030494495,2.0908838306024523e-05,1711670
p27,old_strong,fixed_dt,f,day,pre,0.001994867026512665,540.4942473700256,424548
p27,old_strong,fixed_dt,f,day,d34,0.03755677723388185,0.8546444228924183,424548
p27,old_strong,fixed_dt,f,day,d55,0.08088208728686627,0.0031470839063488724,424548
p27,old_strong,fixed_dt,f,day,d80,0.5071507751920158,0.02389233091029767,424548
p27,old_strong,fixed_dt,f,day,d120,0.09205301747597747,0.17009701965163568,424548
p28,old_strong,scaled_dt,a,region,core,1.9227768077975747e-15,310.2202051105339,5516
p28,old_strong,scaled_dt,a,region,rim,1.7413555657572291e-15,533.0082748411164,5780
p28,old_strong,scaled_dt,a,region,out_of_field,3.4509207828727437e-14,4.8087077801408276e-05,822654
p28,old_strong,scaled_dt,a,day,pre,1.5671323914236887e-15,750.6879162295968,931840
p28,old_strong,scaled_dt,b,region,core,0.1057321034068964,310.2202051105339,5516
p28,old_strong,scaled_dt,b,region,rim,0.16094016642363507,1983.2997879710392,48820
p28,old_strong,scaled_dt,b,region,out_of_field,0.22155254901544105,2609.69164108727,1645308
p28,old_strong,scaled_dt,b,day,pre,0.11398662016523195,750.6879162295968,931840
p28,old_strong,scaled_dt,b,day,d120,0.20585754781957377,3176.7593716503534,931840
p28,old_strong,scaled_dt,c,region,core,0.10573210340857897,310.2202051105339,5516
p28,old_strong,scaled_dt,c,region,rim,0.16094016642343728,1983.2997879710392,48820
p28,old_strong,scaled_dt,c,region,out_of_field,0.22155254901547278,2609.6916410903705,2467962
p28,old_strong,scaled_dt,c,day,pre,0.1139866201657524,750.6879162295968,931840
p28,old_strong,scaled_dt,c,day,d55,0.22550483362283272,0.004206105553589909,931840
p28,old_strong,scaled_dt,c,day,d120,0.2058575478195577,3176.7593716503534,931840
p28,old_strong,scaled_dt,d,region,core,0.10573210601802753,310.2202051105339,5516
p28,old_strong,scaled_dt,d,region,rim,0.16094016611478193,1983.2997879710392,48820
p28,old_strong,scaled_dt,d,region,out_of_field,0.22155254916002765,2609.6916410906188,3290616
p28,old_strong,scaled_dt,d,day,pre,0.1139866209596242,750.6879162295968,931840
p28,old_strong,scaled_dt,d,day,d34,0.3247303277106879,0.08092276117785513,931840
p28,old_strong,scaled_dt,d,day,d55,0.2255048319364079,0.004206105553589909,931840
p28,old_strong,scaled_dt,d,day,d120,0.2058575477950113,3176.7593716503534,931840
p28,old_strong,scaled_dt,e,region,core,0.10573210758183552,310.2202051105339,5516
p28,old_strong,scaled_dt,e,region,rim,0.1609401658548173,1983.2997879710392,48820
p28,old_strong,scaled_dt,e,region,out_of_field,0.22155254926763646,2609.691643259013,2467962
p28,old_strong,scaled_dt,e,day,pre,0.1139866214464034,750.6879162295968,931840
p28,old_strong,scaled_dt,e,day,d80,0.35467282441029224,0.12400152194076532,931840
p28,old_strong,scaled_dt,e,day,d120,0.20585754777996015,3176.7593716503534,931840
p28,old_strong,scaled_dt,f,region,core,0.10573211019296536,310.2202051105339,5516
p28,old_strong,scaled_dt,f,region,rim,0.16094016554596413,1983.2997879710392,48820
p28,old_strong,scaled_dt,f,region,out_of_field,0.2215525494122231,2609.691643262362,4113270
p28,old_strong,scaled_dt,f,day,pre,0.11398662224079532,750.6879162295968,931840
p28,old_strong,scaled_dt,f,day,d34,0.3247303150328404,0.08092276117785513,931840
p28,old_strong,scaled_dt,f,day,d55,0.22550482889452902,0.004206105553589909,931840
p28,old_strong,scaled_dt,f,day,d80,0.35467281946464346,0.12400152194076532,931840
p28,old_strong,scaled_dt,f,day,d120,0.20585754775539772,3176.7593716503534,931840
p28,old_strong,fixed_dt,a,region,core,0.005661911193468708,310.24841299446285,5516
p28,old_strong,fixed_dt,a,region,rim,0.005283529443989988,535.4833598053588,5780
p28,old_strong,fixed_dt,a,region,out_of_field,0.002182752499027787,4.865193156431206e-05,822654
p28,old_strong,fixed_dt,a,day,pre,0.004763214954848835,754.6168295986354,931840
p28,old_strong,fixed_dt,b,region,core,0.1084814981033038,310.24841299446285,5516
p28,old_strong,fixed_dt,b,region,rim,0.15746297804119078,1993.9386576171134,48820
p28,old_strong,fixed_dt,b,region,out_of_field,0.22264109922196637,2646.995945948413,1645308
p28,old_strong,fixed_dt,b,day,pre,0.115972053132043,754.6168295986354,931840
p28,old_strong,fixed_dt,b,day,d120,0.2068006025909317,3218.432067199947,931840
p28,old_strong,fixed_dt,c,region,core,0.10848149810503017,310.24841299446285,5516
p28,old_strong,fixed_dt,c,region,rim,0.15746297804098416,1993.9386576171134,48820
p28,old_strong,fixed_dt,c,region,out_of_field,0.22264109922199937,2646.995945951575,2467962
p28,old_strong,fixed_dt,c,day,pre,0.1159720531325662,754.6168295986354,931840
p28,old_strong,fixed_dt,c,day,d55,0.22682115770193348,0.004273357997362082,931840
p28,old_strong,fixed_dt,c,day,d120,0.20680060259091554,3218.432067199947,931840
p28,old_strong,fixed_dt,d,region,core,0.1084815005968617,310.24841299446285,5516
p28,old_strong,fixed_dt,d,region,rim,0.15746297772863663,1993.9386576171134,48820
p28,old_strong,fixed_dt,d,region,out_of_field,0.22264109935788698,2646.995945951826,3290616
p28,old_strong,fixed_dt,d,day,pre,0.11597205387366523,754.6168295986354,931840
p28,old_strong,fixed_dt,d,day,d34,0.3175286967021818,0.07972761582110606,931840
p28,old_strong,fixed_dt,d,day,d55,0.2268211561343853,0.004273357997362082,931840
p28,old_strong,fixed_dt,d,day,d120,0.20680060256806787,3218.432067199947,931840
p28,old_strong,fixed_dt,e,region,core,0.10848150228884416,310.24841299446285,5516
p28,old_strong,fixed_dt,e,region,rim,0.1574629774401125,1993.9386576171134,48820
p28,old_strong,fixed_dt,e,region,out_of_field,0.22264109946783614,2646.9959481669184,2467962
p28,old_strong,fixed_dt,e,day,pre,0.11597205438913381,754.6168295986354,931840
p28,old_strong,fixed_dt,e,day,d80,0.3517781628044069,0.12534132532514852,931840
p28,old_strong,fixed_dt,e,day,d120,0.20680060255217625,3218.432067199947,931840
p28,old_strong,fixed_dt,f,region,core,0.10848150478240218,310.24841299446285,5516
p28,old_strong,fixed_dt,f,region,rim,0.15746297712755833,1993.9386576171134,48820
p28,old_strong,fixed_dt,f,region,out_of_field,0.22264109960375664,2646.995948170331,4113270
p28,old_strong,fixed_dt,f,day,pre,0.11597205513075595,754.6168295986354,931840
p28,old_strong,fixed_dt,f,day,d34,0.3175286840502593,0.07972761582110606,931840
p28,old_strong,fixed_dt,f,day,d55,0.22682115317334928,0.004273357997362082,931840
p28,old_strong,fixed_dt,f,day,d80,0.351778158181575,0.12534132532514852,931840
p28,old_strong,fixed_dt,f,day,d120,0.20680060252931248,3218.432067199947,931840
p29,old_strong,scaled_dt,a,region,core,2.2336207456185337e-15,1970.0997743867586,177868
p29,old_strong,scaled_dt,a,region,rim,2.5201733077954516e-15,3396.5610968784877,128772
p29,old_strong,scaled_dt,a,region,out_of_field,2.40814348183438e-15,2.1625876593121487,890296
p29,old_strong,scaled_dt,a,day,pre,2.3114180480338434e-15,4635.881696456212,1463916
p29,old_strong,scaled_dt,b,region,core,2.8042281700759037e-08,1970.0997743867586,177868
p29,old_strong,scaled_dt,b,region,rim,4.118980035054282e-08,3396.5610968784877,128772
p29,old_strong,scaled_dt,b,region,out_of_field,0.0193671539054284,2.1879255373590714,1780592
p29,old_strong,scaled_dt,b,day,pre,4.5950583733956664e-08,4635.881696456212,1463916
p29,old_strong,scaled_dt,b,day,d120,0.12332885221040855,2.536468031371044,1463916
p29,old_strong,scaled_dt,c,region,core,2.7644606910492094e-08,1970.0997743867586,177868
p29,old_strong,scaled_dt,c,region,rim,4.096658190040954e-08,3396.5610968784877,128772
p29,old_strong,scaled_dt,c,region,out_of_field,0.019578404543229184,2.1890263510311634,2670888
p29,old_strong,scaled_dt,c,day,pre,4.541811607546212e-08,4635.881696456212,1463916
p29,old_strong,scaled_dt,c,day,d55,0.12260925308053112,0.1855024688812073,1463916
p29,old_strong,scaled_dt,c,day,d120,0.12335628910755027,2.536468031371044,1463916
p29,old_strong,scaled_dt,d,region,core,1.1231771096924934e-05,1970.0997743867586,177868
p29,old_strong,scaled_dt,d,region,rim,1.1489444952918909e-05,3396.5610968784877,128772
p29,old_strong,scaled_dt,d,region,out_of_field,0.022847451812916742,2.2521505710384284,3561184
p29,old_strong,scaled_dt,d,day,pre,1.4000840245285703e-05,4635.881696456212,1463916
p29,old_strong,scaled_dt,d,day,d34,0.03829581502758724,119.18624804855158,1463916
p29,old_strong,scaled_dt,d,day,d55,0.11342623231588908,0.1855024688812073,1463916
p29,old_strong,scaled_dt,d,day,d120,0.1328359475497638,2.536468031371044,1463916
p29,old_strong,scaled_dt,e,region,core,8.248012269561836e-08,1970.0997743867586,177868
p29,old_strong,scaled_dt,e,region,rim,9.796191199273317e-08,3396.5610968784877,128772
p29,old_strong,scaled_dt,e,region,out_of_field,0.07010718837537477,2.233386299037703,2670888
p29,old_strong,scaled_dt,e,day,pre,1.1717394034660891e-07,4635.881696456212,1463916
p29,old_strong,scaled_dt,e,day,d80,0.07774268562130916,3.7991251573635254,1463916
p29,old_strong,scaled_dt,e,day,d120,0.13115219060804914,2.536468031371044,1463916
p29,old_strong,scaled_dt,f,region,core,1.0919665195576344e-05,1970.0997743867586,177868
p29,old_strong,scaled_dt,f,region,rim,1.121204184650729e-05,3396.5610968784877,128772
p29,old_strong,scaled_dt,f,region,out_of_field,0.040484903949364215,2.29634021833222,4451480
p29,old_strong,scaled_dt,f,day,pre,1.3778818162284664e-05,4635.881696456212,1463916
p29,old_strong,scaled_dt,f,day,d34,0.038319258381687094,119.18624804855158,1463916
p29,old_strong,scaled_dt,f,day,d55,0.11569743299454129,0.1855024688812073,1463916
p29,old_strong,scaled_dt,f,day,d80,0.5527400527053967,3.7991251573635254,1463916
p29,old_strong,scaled_dt,f,day,d120,0.12808607349525877,2.536468031371044,1463916
p29,old_strong,fixed_dt,a,region,core,0.001479703765174103,1970.2915731550013,177868
p29,old_strong,fixed_dt,a,region,rim,0.001252393363151846,3402.6321255418115,128772
p29,old_strong,fixed_dt,a,region,out_of_field,0.001523093521083751,2.1747902277561355,890296
p29,old_strong,fixed_dt,a,day,pre,0.0011634399910342027,4643.753976263523,1463916
p29,old_strong,fixed_dt,b,region,core,0.0014797048018016692,1970.2915731550013,177868
p29,old_strong,fixed_dt,b,region,rim,0.001252388887333384,3402.6321255418115,128772
p29,old_strong,fixed_dt,b,region,out_of_field,0.019178031797638995,2.200525156797028,1780592
p29,old_strong,fixed_dt,b,day,pre,0.001163439991934038,4643.753976263523,1463916
p29,old_strong,fixed_dt,b,day,d120,0.12136559674610144,2.568601632619171,1463916
p29,old_strong,fixed_dt,c,region,core,0.0014797038669928275,1970.2915731550013,177868
p29,old_strong,fixed_dt,c,region,rim,0.0012523894762998245,3402.6321255418115,128772
p29,old_strong,fixed_dt,c,region,out_of_field,0.01930703323800223,2.2016342032352854,2670888
p29,old_strong,fixed_dt,c,day,pre,0.0011634399919112973,4643.753976263523,1463916
p29,old_strong,fixed_dt,c,day,d55,0.12391258836541592,0.18744229702375872,1463916
p29,old_strong,fixed_dt,c,day,d120,0.12139787507314202,2.568601632619171,1463916
p29,old_strong,fixed_dt,d,region,core,0.001486338330033203,1970.2915731550013,177868
p29,old_strong,fixed_dt,d,region,rim,0.0012464420868678028,3402.6321255418115,128772
p29,old_strong,fixed_dt,d,region,out_of_field,0.02375428356748481,2.2645999219867083,3561184
p29,old_strong,fixed_dt,d,day,pre,0.001163532488973534,4643.753976263523,1463916
p29,old_strong,fixed_dt,d,day,d34,0.03965759321357461,118.25276556283814,1463916
p29,old_strong,fixed_dt,d,day,d55,0.12415536596820186,0.18744229702375872,1463916
p29,old_strong,fixed_dt,d,day,d120,0.1305399522159638,2.568601632619171,1463916
p29,old_strong,fixed_dt,e,region,core,0.0014797383956450954,1970.2915731550013,177868
p29,old_strong,fixed_dt,e,region,rim,0.0012523634658475177,3402.6321255418115,128772
p29,old_strong,fixed_dt,e,region,out_of_field,0.0713666693651904,2.2457914874753135,2670888
p29,old_strong,fixed_dt,e,day,pre,0.001163439997076412,4643.753976263523,1463916
p29,old_strong,fixed_dt,e,day,d80,0.07951684424846289,3.7805099108521905,1463916
p29,old_strong,fixed_dt,e,day,d120,0.12947399174911348,2.568601632619171,1463916
p29,old_strong,fixed_dt,f,region,core,0.0014857163462753309,1970.2915731550013,177868
p29,old_strong,fixed_dt,f,region,rim,0.0012468980567357344,3402.6321255418115,128772
p29,old_strong,fixed_dt,f,region,out_of_field,0.0422999877256059,2.3086102412885112,4451480
p29,old_strong,fixed_dt,f,day,pre,0.0011635295054050927,4643.753976263523,1463916
p29,old_strong,fixed_dt,f,day,d34,0.03967998596331857,118.25276556283814,1463916
p29,old_strong,fixed_dt,f,day,d55,0.12650284435797524,0.18744229702375872,1463916
p29,old_strong,fixed_dt,f,day,d80,0.5463067935614889,3.7805099108521905,1463916
p29,old_strong,fixed_dt,f,day,d120,0.1259048132498442,2.568601632619171,1463916
p30,old_strong,scaled_dt,a,region,core,6.70528788887169e-15,1722.7582227494852,103740
p30,old_strong,scaled_dt,a,region,rim,4.4322794258840405e-15,3039.2993693753283,30128
p30,old_strong,scaled_dt,a,region,out_of_field,4.288841709229507e-14,2.1751756020380833e-05,863064
p30,old_strong,scaled_dt,a,day,pre,4.358213995255785e-15,4168.265551210882,1309272
p30,old_strong,scaled_dt,b,region,core,0.21297971015925612,1722.7582227494852,103740
p30,old_strong,scaled_dt,b,region,rim,0.22625624654291274,3552.3843055898024,138358
p30,old_strong,scaled_dt,b,region,out_of_field,2.082810372823974,0.18946909630457992,1726128
p30,old_strong,scaled_dt,b,day,pre,0.23075713144303253,4168.265551210882,1309272
p30,old_strong,scaled_dt,b,day,d120,0.29156118372270223,2873.9073892027204,1309272
p30,old_strong,scaled_dt,c,region,core,0.21298043701723934,1722.7582227494852,103740
p30,old_strong,scaled_dt,c,region,rim,0.22625663790950973,3552.3843055898024,138358
p30,old_strong,scaled_dt,c,region,out_of_field,2.0828025219931328,0.18946958235742528,2589192
p30,old_strong,scaled_dt,c,day,pre,0.23075750326661362,4168.265551210882,1309272
p30,old_strong,scaled_dt,c,day,d55,0.20734448873613295,4.290456950031642,1309272
p30,old_strong,scaled_dt,c,day,d120,0.29156056469646063,2873.9073892027204,1309272
p30,old_strong,scaled_dt,d,region,core,0.21383394694977925,1722.7582227494852,103740
p30,old_strong,scaled_dt,d,region,rim,0.22620505291575166,3552.3843055898024,138358
p30,old_strong,scaled_dt,d,region,out_of_field,2.0946135048618073,0.18946979468468308,3452256
p30,old_strong,scaled_dt,d,day,pre,0.23047961274681047,4168.265551210882,1309272
p30,old_strong,scaled_dt,d,day,d34,0.1663011377539313,781.9028136023591,1309272
p30,old_strong,scaled_dt,d,day,d55,0.1645109309683484,4.290456950031642,1309272
p30,old_strong,scaled_dt,d,day,d120,0.29211686276211896,2873.9073892027204,1309272
p30,old_strong,scaled_dt,e,region,core,0.22758291385516416,1722.7582227494852,103740
p30,old_strong,scaled_dt,e,region,rim,0.23924197387786988,4055.555579287473,207588
p30,old_strong,scaled_dt,e,region,out_of_field,1.5683484362198556,0.18955721875493947,2589192
p30,old_strong,scaled_dt,e,day,pre,0.26231455133349524,4168.265551210882,1309272
p30,old_strong,scaled_dt,e,day,d80,0.2317507575428301,3022.5415919240563,1309272
p30,old_strong,scaled_dt,e,day,d120,0.2496111534118053,2873.9073892027204,1309272
p30,old_strong,scaled_dt,f,region,core,0.22766190476323228,1722.7582227494852,103740
p30,old_strong,scaled_dt,f,region,rim,0.23905396090106476,4055.555579287473,207588
p30,old_strong,scaled_dt,f,region,out_of_field,1.5730684877144416,0.1895579168103768,4315320
p30,old_strong,scaled_dt,f,day,pre,0.2622202584356691,4168.265551210882,1309272
p30,old_strong,scaled_dt,f,day,d34,0.20266374740589282,781.9028136023591,1309272
p30,old_strong,scaled_dt,f,day,d55,0.29556288546700743,4.290456950031642,1309272
p30,old_strong,scaled_dt,f,day,d80,0.2317912171915946,3022.5415919240563,1309272
p30,old_strong,scaled_dt,f,day,d120,0.2498695865262814,2873.9073892027204,1309272
p30,old_strong,fixed_dt,a,region,core,0.006628734924625432,1722.4831586048936,103740
p30,old_strong,fixed_dt,a,region,rim,0.008198411971116374,3056.147513685675,30128
p30,old_strong,fixed_dt,a,region,out_of_field,0.0005573274429120596,2.2053072076448028e-05,863064
p30,old_strong,fixed_dt,a,day,pre,0.007871586041076338,4190.252018376356,1309272
p30,old_strong,fixed_dt,b,region,core,0.21084844941708825,1722.4831586048936,103740
p30,old_strong,fixed_dt,b,region,rim,0.22783302357498153,3573.1638294024197,138358
p30,old_strong,fixed_dt,b,region,out_of_field,2.075021725794549,0.1931022716067016,1726128
p30,old_strong,fixed_dt,b,day,pre,0.23238133667248673,4190.252018376356,1309272
p30,old_strong,fixed_dt,b,day,d120,0.2933053528134619,2890.50036745356,1309272
p30,old_strong,fixed_dt,c,region,core,0.21084891861568344,1722.4831586048936,103740
p30,old_strong,fixed_dt,c,region,rim,0.22783326594258918,3573.1638294024197,138358
p30,old_strong,fixed_dt,c,region,out_of_field,2.07501501991149,0.1931027642553683,2589192
p30,old_strong,fixed_dt,c,day,pre,0.2323815621839421,4190.252018376356,1309272
p30,old_strong,fixed_dt,c,day,d55,0.17226564976767678,4.382661591643916,1309272
p30,old_strong,fixed_dt,c,day,d120,0.2933049773463432,2890.50036745356,1309272
p30,old_strong,fixed_dt,d,region,core,0.2118904812835783,1722.4831586048936,103740
p30,old_strong,fixed_dt,d,region,rim,0.22789093676306316,3573.1638294024197,138358
p30,old_strong,fixed_dt,d,region,out_of_field,2.085520526154951,0.1931029765128638,3452256
p30,old_strong,fixed_dt,d,day,pre,0.23220351680538107,4190.252018376356,1309272
p30,old_strong,fixed_dt,d,day,d34,0.16850814669714848,766.131455685121,1309272
p30,old_strong,fixed_dt,d,day,d55,0.1471306656873908,4.382661591643916,1309272
p30,old_strong,fixed_dt,d,day,d120,0.29370857331026295,2890.50036745356,1309272
p30,old_strong,fixed_dt,e,region,core,0.22494719994110488,1722.4831586048936,103740
p30,old_strong,fixed_dt,e,region,rim,0.24090880658160682,4078.370461018918,207588
p30,old_strong,fixed_dt,e,region,out_of_field,1.559512249239631,0.19319048183701434,2589192
p30,old_strong,fixed_dt,e,day,pre,0.26459075959238404,4190.252018376356,1309272
p30,old_strong,fixed_dt,e,day,d80,0.23335220821829744,3031.2454820969156,1309272
p30,old_strong,fixed_dt,e,day,d120,0.2505750259510808,2890.50036745356,1309272
p30,old_strong,fixed_dt,f,region,core,0.22512200565747179,1722.4831586048936,103740
p30,old_strong,fixed_dt,f,region,rim,0.24083073140950198,4078.370461018918,207588
p30,old_strong,fixed_dt,f,region,out_of_field,1.5617246767872752,0.19319118642131955,4315320
p30,old_strong,fixed_dt,f,day,pre,0.2646665348313869,4190.252018376356,1309272
p30,old_strong,fixed_dt,f,day,d34,0.21755208638732307,766.131455685121,1309272
p30,old_strong,fixed_dt,f,day,d55,0.27498336392968664,4.382661591643916,1309272
p30,old_strong,fixed_dt,f,day,d80,0.2332851576797155,3031.2454820969156,1309272
p30,old_strong,fixed_dt,f,day,d120,0.250599991304319,2890.50036745356,1309272
p31,old_strong,scaled_dt,a,region,core,5.6577696928052956e-15,924.0465452448329,31920
p31,old_strong,scaled_dt,a,region,rim,4.878047316687184e-15,1595.4944587746108,20986
p31,old_strong,scaled_dt,a,region,out_of_field,3.801453828774834e-14,0.00013176712015711784,551258
p31,old_strong,scaled_dt,a,day,pre,4.456295095234516e-15,2162.1097023522075,785114
p31,old_strong,scaled_dt,b,region,core,0.00024395797806409488,924.0465452448329,31920
p31,old_strong,scaled_dt,b,region,rim,0.00029793801969941905,1595.4944587746108,20986
p31,old_strong,scaled_dt,b,region,out_of_field,0.7054904035521217,0.026771412031829353,1102516
p31,old_strong,scaled_dt,b,day,pre,0.0002831736194667805,2162.1097023522075,785114
p31,old_strong,scaled_dt,b,day,d120,0.3340288513587374,46.46139874189778,785114
p31,old_strong,scaled_dt,c,region,core,0.00024395824571436133,924.0465452448329,31920
p31,old_strong,scaled_dt,c,region,rim,0.0002979383176193251,1595.4944587746108,20986
p31,old_strong,scaled_dt,c,region,out_of_field,0.7060470128656774,0.026787917496448,1653774
p31,old_strong,scaled_dt,c,day,pre,0.0002831739015423133,2162.1097023522075,785114
p31,old_strong,scaled_dt,c,day,d55,2.837533835140501,0.004468232593537239,785114
p31,old_strong,scaled_dt,c,day,d120,0.3340288508408882,46.46139874189778,785114
p31,old_strong,scaled_dt,d,region,core,0.0002459928449922858,924.0465452448329,31920
p31,old_strong,scaled_dt,d,region,rim,0.0003001939067725974,1595.4944587746108,20986
p31,old_strong,scaled_dt,d,region,out_of_field,0.7075649232832594,0.02679510391642781,2205032
p31,old_strong,scaled_dt,d,day,pre,0.0002853148996294898,2162.1097023522075,785114
p31,old_strong,scaled_dt,d,day,d34,1.7799412900588245,0.621500348074162,785114
p31,old_strong,scaled_dt,d,day,d55,2.83690790923393,0.004468232593537239,785114
p31,old_strong,scaled_dt,d,day,d120,0.33402516286702505,46.46139874189778,785114
p31,old_strong,scaled_dt,e,region,core,0.00024397685037362356,924.0465452448329,31920
p31,old_strong,scaled_dt,e,region,rim,0.00029795827252068714,1595.4944587746108,20986
p31,old_strong,scaled_dt,e,region,out_of_field,0.7073705478277904,0.026922521792074033,1653774
p31,old_strong,scaled_dt,e,day,pre,0.00028319265810254493,2162.1097023522075,785114
p31,old_strong,scaled_dt,e,day,d80,2.335784284956966,0.0439350815064142,785114
p31,old_strong,scaled_dt,e,day,d120,0.33402881645218485,46.46139874189778,785114
p31,old_strong,scaled_dt,f,region,core,0.00024601173934371524,924.0465452448329,31920
p31,old_strong,scaled_dt,f,region,rim,0.00030021419025460583,1595.4944587746108,20986
p31,old_strong,scaled_dt,f,region,out_of_field,0.7094303284329002,0.026946080816305895,2756290
p31,old_strong,scaled_dt,f,day,pre,0.00028533398854040245,2162.1097023522075,785114
p31,old_strong,scaled_dt,f,day,d34,1.7799340449518377,0.621500348074162,785114
p31,old_strong,scaled_dt,f,day,d55,2.8368996297372386,0.004468232593537239,785114
p31,old_strong,scaled_dt,f,day,d80,2.3346785441020397,0.0439350815064142,785114
p31,old_strong,scaled_dt,f,day,d120,0.3340251345116319,46.46139874189778,785114
p31,old_strong,fixed_dt,a,region,core,0.0017727435176510518,925.9424083511021,31920
p31,old_strong,fixed_dt,a,region,rim,0.0011114117575281067,1600.2525736835828,20986
p31,old_strong,fixed_dt,a,region,out_of_field,0.0012110928737723954,0.00013237495307032905,551258
p31,old_strong,fixed_dt,a,day,pre,0.001218344859431761,2168.6948516369016,785114
p31,old_strong,fixed_dt,b,region,core,0.0016509176719673013,925.9424083511021,31920
p31,old_strong,fixed_dt,b,region,rim,0.0012309905522643572,1600.2525736835828,20986
p31,old_strong,fixed_dt,b,region,out_of_field,0.695855139909866,0.02720455401541098,1102516
p31,old_strong,fixed_dt,b,day,pre,0.0012505512769806623,2168.6948516369016,785114
p31,old_strong,fixed_dt,b,day,d120,0.32375853321673254,47.92388316838869,785114
p31,old_strong,fixed_dt,c,region,core,0.0016509174991198197,925.9424083511021,31920
p31,old_strong,fixed_dt,c,region,rim,0.001230990783829068,1600.2525736835828,20986
p31,old_strong,fixed_dt,c,region,out_of_field,0.6964002971245145,0.027220899556250636,1653774
p31,old_strong,fixed_dt,c,day,pre,0.001250551339862171,2168.6948516369016,785114
p31,old_strong,fixed_dt,c,day,d55,2.8343604042915334,0.004448306632380242,785114
p31,old_strong,fixed_dt,c,day,d120,0.32375853271934596,47.92388316838869,785114
p31,old_strong,fixed_dt,d,region,core,0.001649621927739186,925.9424083511021,31920
p31,old_strong,fixed_dt,d,region,rim,0.0012327741748727685,1600.2525736835828,20986
p31,old_strong,fixed_dt,d,region,out_of_field,0.6978842529082233,0.027228033110431628,2205032
p31,old_strong,fixed_dt,d,day,pre,0.0012510282743589329,2168.6948516369016,785114
p31,old_strong,fixed_dt,d,day,d34,1.779473496968821,0.6156469926775151,785114
p31,old_strong,fixed_dt,d,day,d55,2.8337377502253775,0.004448306632380242,785114
p31,old_strong,fixed_dt,d,day,d120,0.3237550043404932,47.92388316838869,785114
p31,old_strong,fixed_dt,e,region,core,0.0016509041500371083,925.9424083511021,31920
p31,old_strong,fixed_dt,e,region,rim,0.001231007946295781,1600.2525736835828,20986
p31,old_strong,fixed_dt,e,region,out_of_field,0.697709473789214,0.027354515012619585,1653774
p31,old_strong,fixed_dt,e,day,pre,0.001250555510962337,2168.6948516369016,785114
p31,old_strong,fixed_dt,e,day,d80,2.3288030217261957,0.04375569754971108,785114
p31,old_strong,fixed_dt,e,day,d120,0.32375849977098053,47.92388316838869,785114
p31,old_strong,fixed_dt,f,region,core,0.001649608435395525,925.9424083511021,31920
p31,old_strong,fixed_dt,f,region,rim,0.001232791576224577,1600.2525736835828,20986
p31,old_strong,fixed_dt,f,region,out_of_field,0.6997245555194427,0.0273778655022808,2756290
p31,old_strong,fixed_dt,f,day,pre,0.0012510325497660036,2168.6948516369016,785114
p31,old_strong,fixed_dt,f,day,d34,1.7794662343870928,0.6156469926775151,785114
p31,old_strong,fixed_dt,f,day,d55,2.83372949221834,0.004448306632380242,785114
p31,old_strong,fixed_dt,f,day,d80,2.3277034604153917,0.04375569754971108,785114
p31,old_strong,fixed_dt,f,day,d120,0.3237549771419286,47.92388316838869,785114
