qoi,factor,S1,S1_conf,ST,ST_conf,S1_half,ST_half,n_blocks_used
log10_mass,front_speed_mm_per_day,0.2666738509963104,0.03480357521651338,0.34183811517860263,0.03294216790391376,0.2707024336527985,0.3472603128258109,2048
log10_mass,front_width_mm,-0.0007414276224463965,0.014471356967617416,0.05651530423310694,0.008036959283675657,0.006623257965998684,0.05484957584824481,2048
log10_mass,diffusivity_ratio,0.0032931238892809737,0.004198963604745902,0.005060099191096576,0.0008567101397319944,0.0005409497701103234,0.0056823704346115325,2048
log10_mass,resection_time,-0.0005830269108932281,0.010908358987015572,0.03250897299604447,0.0068458344683005575,-0.0033266780751837473,0.03166280476711641,2048
log10_mass,chemo_kill_rate,0.12371142596270186,0.02266068307709118,0.12400741808856958,0.009921639962081383,0.1260502149463108,0.12362494829252559,2048
log10_mass,rt_alpha,0.3995393814646383,0.04164956254899688,0.48903083293771005,0.037016966102492686,0.39219157985266023,0.487972954370045,2048
log10_mass,rt_alpha_beta_ratio,0.0014891133121986283,0.004433906441169164,0.004099701116609282,0.0005824065165491739,0.002486746642362233,0.004164217107339031,2048
log10_mass,seed_peak_density,0.0008399781522984548,0.0025783973202985694,0.002195417330691981,0.0008048164468348928,-4.2061009561259935e-05,0.001772335355217737,2048
log10_mass,seed_sigma_mm,0.057606468803820206,0.018449320967473357,0.10438877123104573,0.01571375310150663,0.05831076381419456,0.09868772452727216,2048
log10_mass,gaussian_seed_x_fraction,0.0019275651529963756,0.005244625930065436,0.007006594143958327,0.00095256377156884,-0.0007576743491577271,0.006764623400212588,2048
log10_mass,gaussian_seed_y_fraction,0.002444584472629874,0.005255126726566263,0.006573736292763087,0.0008417997076878032,-0.00018225519253260337,0.006189016546074951,2048
log10_mass,gaussian_seed_z_fraction,0.00211401665062224,0.005981199717377867,0.008023552569627515,0.0014094884644639941,0.00036837526261364664,0.008797849987605175,2048
V_core,front_speed_mm_per_day,0.11915302954395397,0.07176752572199019,0.6013673092911921,0.18144509639857023,0.11756066685317029,0.5873746038536766,2048
V_core,front_width_mm,0.01008838710574013,0.021217315543428098,0.27302303641819664,0.0961445249430083,0.008789583549450421,0.2893584536208229,2048
V_core,diffusivity_ratio,0.008445630458660995,0.01247028877753546,0.03844959907696526,0.02052302002624144,0.0020592866966607786,0.03230677974410313,2048
V_core,resection_time,0.014550849814598086,0.02472269729981119,0.08675289585768985,0.03149116770737848,-0.001145985420722312,0.07861728219057956,2048
V_core,chemo_kill_rate,0.02636739786424079,0.023487684755974656,0.23158195023990158,0.08202593204991142,0.04201620229554634,0.20551693705095156,2048
V_core,rt_alpha,0.0410352105834252,0.02677799660234987,0.3726216089952019,0.13007729753935196,0.04220192004130153,0.38758953913659244,2048
V_core,rt_alpha_beta_ratio,-0.001587040967791901,0.002510573767178213,0.003963164074726885,0.002107950095635965,-0.0012113434502132076,0.003204875633497041,2048
V_core,seed_peak_density,0.0002593644532900925,0.0008193340317072264,0.0009036319816980771,0.00038544178805367953,-8.045202901162896e-05,0.0006622404275041083,2048
V_core,seed_sigma_mm,0.0029345013308797407,0.014993798301957628,0.0889447871270832,0.03836004645048151,0.01172822616457223,0.07408448037672047,2048
V_core,gaussian_seed_x_fraction,-0.005127339094915511,0.007925210001528555,0.03844446189038251,0.014228620279594867,0.002142457383418691,0.037239108138744016,2048
V_core,gaussian_seed_y_fraction,-0.00135904991300681,0.011917138321608749,0.09499172371983156,0.0554185467233534,-0.00610774363050917,0.0881694448860472,2048
V_core,gaussian_seed_z_fraction,-0.0040502751719793334,0.0081075366057905,0.057059327501315496,0.026230526842641183,-0.003373463932655132,0.07274667655256244,2048
V_edema,front_speed_mm_per_day,0.2220345395610815,0.0736172595394015,0.6235248669839739,0.1373126177917324,0.23900254415506714,0.6214927125555066,2048
V_edema,front_width_mm,-0.004699437755635744,0.02265288246007158,0.12389598913696163,0.03223629127008598,0.006249219252835559,0.12373325343293248,2048
V_edema,diffusivity_ratio,0.009322392923713018,0.01742466112540129,0.04958474203508609,0.022759907907154944,-0.002962704616919393,0.042329504324169515,2048
V_edema,resection_time,0.018834573231209382,0.021405931632196937,0.08945951211964587,0.02612376463712484,0.0033597356194437177,0.08878378608082017,2048
V_edema,chemo_kill_rate,0.033173719112595375,0.025131684457299405,0.17520175902954369,0.05470680186759996,0.038925996749169495,0.18888244139683616,2048
V_edema,rt_alpha,0.07178589316009107,0.03080524597160641,0.3365386990103215,0.0809638080867526,0.0745717665790865,0.34469858762423694,2048
V_edema,rt_alpha_beta_ratio,-0.00023340176618675252,0.0018632640332392454,0.002485652295198283,0.0011770570612134857,-0.00018486638034062426,0.0023107125628413147,2048
V_edema,seed_peak_density,0.0011595792361176929,0.0013455875592954158,0.0010742571218545294,0.00033180403198453324,0.0004061272407102854,0.0009620945099035899,2048
V_edema,seed_sigma_mm,0.01534269774078668,0.020813763879195715,0.09811056892470607,0.026592532035186835,0.01766278020056855,0.09016096520581718,2048
V_edema,gaussian_seed_x_fraction,-0.008013752567844505,0.01096313123168083,0.047960847895505324,0.015412437143652912,-0.002046773988977465,0.04284443738477897,2048
V_edema,gaussian_seed_y_fraction,-0.000310586943716989,0.012963277236947072,0.09602167230331626,0.039276641956329864,-0.0031717596156284724,0.09787233955877354,2048
V_edema,gaussian_seed_z_fraction,0.0007051583861964354,0.010253755860828698,0.06956909511344644,0.04523608600797523,0.003625764149404299,0.09853259041931359,2048
log10_V_core,front_speed_mm_per_day,0.18537395883925067,0.05440057311041205,0.6874595532409752,0.0711111709546556,0.1820641895642127,0.6919798025884035,2048
log10_V_core,front_width_mm,0.023241376045523156,0.030554036065452792,0.33905402469787765,0.04917878425306416,0.0190055297258581,0.33108957141023,2048
log10_V_core,diffusivity_ratio,-0.0004458684813724579,0.002073148179945918,0.0010539981506436616,0.0004172687220658858,0.00024795742250897506,0.0009638739585617149,2048
log10_V_core,resection_time,-0.001479178626202013,0.004958253585921112,0.01322081701030232,0.006119892848577798,-0.0014420500847460603,0.00601691132861194,2048
log10_V_core,chemo_kill_rate,0.052640462818143795,0.03534587351452559,0.34859234898530056,0.0530305831105002,0.06258950650787902,0.3539974235516294,2048
log10_V_core,rt_alpha,0.07616485056752789,0.040856759889048785,0.4960890677294409,0.06385128686757757,0.08059692415735568,0.4911505048894195,2048
log10_V_core,rt_alpha_beta_ratio,-0.006397123396333511,0.0073796750430831,0.011212512344784556,0.006105096704169407,-0.008202265118999096,0.016588643525559294,2048
log10_V_core,seed_peak_density,-2.6850126894628772e-05,0.0009255438726790248,0.0012182206697751265,0.0019477009622150172,-0.0006361309743012813,0.0022685123630485477,2048
log10_V_core,seed_sigma_mm,-0.0003354637637703636,0.004666827206646253,0.008293018810074725,0.004301698509455933,-0.000135433535530895,0.008348371811778965,2048
log10_V_core,gaussian_seed_x_fraction,-0.003064828874835171,0.003402466056083209,0.002008955634134825,0.0010199289127347908,0.0008887311655964825,0.0020157525558174767,2048
log10_V_core,gaussian_seed_y_fraction,-0.0013145007734349996,0.0028394148887477,0.002011398386729222,0.0009723036506642558,-0.0003161077095530604,0.0016948561343364044,2048
log10_V_core,gaussian_seed_z_fraction,-0.002755580561107201,0.0029706317362435284,0.0029602902752137754,0.0016373313940873607,-0.001425577231961788,0.0036934048127813418,2048
log10_V_edema,front_speed_mm_per_day,0.2538837756313657,0.04987815641622447,0.5797478240561004,0.04685393024340114,0.24470590132312733,0.5818396356235455,2048
log10_V_edema,front_width_mm,0.06794749948423615,0.03185703388943302,0.23872161362774738,0.03079789602735848,0.06260966446828474,0.22467240248790854,2048
log10_V_edema,diffusivity_ratio,-0.0017894367807765878,0.003330061879117479,0.0023631154576863756,0.0015042844712355587,-0.003606673892797634,0.0022337342960135785,2048
log10_V_edema,resection_time,0.0034198259765572357,0.010739734925994445,0.03672346758649722,0.010019346673983883,0.002753105775676624,0.03471156154593375,2048
log10_V_edema,chemo_kill_rate,0.08282966498598997,0.03280618571564512,0.32214573251727935,0.03549454048175375,0.07601156302443392,0.3262558104891808,2048
log10_V_edema,rt_alpha,0.21579154623680835,0.04363681338589286,0.5484870589435632,0.045345283661075396,0.21310082684891749,0.5487163960492883,2048
log10_V_edema,rt_alpha_beta_ratio,0.006386883112186243,0.007391739269308203,0.018694702157267835,0.007142964937497135,0.006902117465926264,0.01940721359858717,2048
log10_V_edema,seed_peak_density,-0.0013449444520956659,0.004921648118321822,0.005633364355465332,0.003643645258851895,-0.003153674232499121,0.008752644760479818,2048
log10_V_edema,seed_sigma_mm,0.007857502988360375,0.01034152522220763,0.021808455429751895,0.007390793788865658,0.010512495582062843,0.022945749645434943,2048
log10_V_edema,gaussian_seed_x_fraction,-0.0011360265860415142,0.002530283272843885,0.0033362072198537714,0.0017162414818213223,-0.0012186951803389323,0.0033300598568309155,2048
log10_V_edema,gaussian_seed_y_fraction,-0.0002271320498410653,0.0022672295894323015,0.0021515224739084614,0.0008372928109639789,-0.0013851003639579512,0.0020720890580841335,2048
log10_V_edema,gaussian_seed_z_fraction,0.0001598006324643102,0.0026182171607717552,0.003623909716076053,0.0023310449408860848,-0.00040299275202845125,0.0031757251724018583,2048
r95_core,front_speed_mm_per_day,0.20536352167172123,0.05989686032092566,0.7071472067011356,0.08276568527662057,0.20318446448981248,0.7105270260639605,2048
r95_core,front_width_mm,0.025288686679437542,0.02809928104182796,0.30731827630068304,0.051745480146971355,0.019670519651174938,0.2821563308707475,2048
r95_core,diffusivity_ratio,-0.0007740833415124863,0.0012617458256707255,0.0004727173759465725,0.00016422715125051195,-0.0004572300473973801,0.00043962560163961385,2048
r95_core,resection_time,0.011732263578241295,0.015466190764896488,0.07512018172057669,0.02976631976819062,-0.0017689921182662874,0.07732491965128167,2048
r95_core,chemo_kill_rate,0.052987851181798766,0.03305918977553435,0.31537580754529354,0.05567200264790068,0.06031499640090675,0.33356313474895827,2048
r95_core,rt_alpha,0.06820728587139516,0.035573097132545216,0.43582174194416345,0.06627143309423736,0.07619417297887503,0.4400518135560637,2048
r95_core,rt_alpha_beta_ratio,-0.0040201566693519675,0.006804762409385315,0.013005499296090597,0.009965284966824636,-0.0057967997794985664,0.02269077820368139,2048
r95_core,seed_peak_density,0.00167774310884107,0.0021214510998959807,0.007147779902780847,0.007823160427471143,0.0005552207997977035,0.010623718971906107,2048
r95_core,seed_sigma_mm,0.005150903672211616,0.012917729387340204,0.058110528398076414,0.011383654786645579,0.008414705024741263,0.05948756072988781,2048
r95_core,gaussian_seed_x_fraction,-0.0028514163774005863,0.0043210083173814496,0.008125693501263942,0.008050797391702273,0.0018195621107643127,0.01368977350949561,2048
r95_core,gaussian_seed_y_fraction,-0.001077674869549489,0.003496181175005917,0.01313646329955012,0.01089835560726591,0.0011979336489223347,0.015399166380493544,2048
r95_core,gaussian_seed_z_fraction,-0.0010092278067667785,0.003076114870186208,0.007076072211650401,0.007208161479604174,0.0008620940375331903,0.009304989955823071,2048
r95_edema,front_speed_mm_per_day,0.34145100796887173,0.06361561125189191,0.6835039278891459,0.06066359446260815,0.3332542109851194,0.6983560643949885,2048
r95_edema,front_width_mm,0.045831572467749646,0.030198644043121923,0.21902092430962236,0.03461572177633433,0.04400749476867976,0.2033938581427383,2048
r95_edema,diffusivity_ratio,-0.0007955134353604976,0.004971888590579469,0.00809644744766386,0.007409167915927402,9.942500443230265e-05,0.014456668785128432,2048
r95_edema,resection_time,0.015071933545016014,0.01689328185184604,0.08807693723491368,0.018574506378942444,0.015825827023903467,0.0892734918790369,2048
r95_edema,chemo_kill_rate,0.06965712354509439,0.028904506772441427,0.2735210256518521,0.03878368878870603,0.06642101000506825,0.26557577652401343,2048
r95_edema,rt_alpha,0.146116688977326,0.04064826082350507,0.40867996900210196,0.04498026855344909,0.14366048341817372,0.41209678214619017,2048
r95_edema,rt_alpha_beta_ratio,0.001429231773711689,0.005592035748412187,0.018096933954559833,0.009963521913053124,-0.0012867403003796244,0.020712748010498452,2048
r95_edema,seed_peak_density,0.0017300394605146722,0.0068044955325161464,0.010177551871449792,0.005338885094233925,-0.0006026098552823104,0.012574619082172651,2048
r95_edema,seed_sigma_mm,0.03134638432016117,0.018804173754794703,0.08295804209797311,0.012865782375676682,0.03816607683507374,0.08530334740548222,2048
r95_edema,gaussian_seed_x_fraction,0.003317725227307537,0.007937393461642421,0.021728833106916548,0.013161968129312343,-0.0013390811774930263,0.0277325900993663,2048
r95_edema,gaussian_seed_y_fraction,-0.0006979777556658766,0.004311260912750564,0.013938221051516196,0.011308414024712783,-0.0038325529194031113,0.0201887022503497,2048
r95_edema,gaussian_seed_z_fraction,-0.0008237668348054374,0.0036122941396126785,0.010636613822903018,0.009059414531807506,-0.0010583991216077226,0.011245301388960967,2048
centroid_drift,front_speed_mm_per_day,0.3048295132568555,0.03744063720105598,0.3865907852984822,0.03145046407609804,0.29841948526881296,0.3867622849138975,2040
centroid_drift,front_width_mm,-0.005304732733387262,0.017268173484311426,0.07160636108241883,0.008690858078540526,-0.02225068208537617,0.07299543595440311,2040
centroid_drift,diffusivity_ratio,-0.001873449057977726,0.00628801087714814,0.007679834837939172,0.0016586321418074713,-0.0017719384936097141,0.007852620156731677,2040
centroid_drift,resection_time,0.09984409836722316,0.0247812554232693,0.16888419606243202,0.01606795446736875,0.09879230174097124,0.16544848167149917,2040
centroid_drift,chemo_kill_rate,0.000211773611521211,0.0019582058609505892,0.0009433947013464919,0.00016984452423205566,0.0017982925454289769,0.000983691707905581,2040
centroid_drift,rt_alpha,0.14905715046355952,0.03008862800527496,0.21499310603911537,0.019411158153829922,0.13540961329341264,0.22889735980409595,2040
centroid_drift,rt_alpha_beta_ratio,0.002510451439509453,0.004166585687847648,0.004268770618779852,0.001151843241548985,0.0016293733580217537,0.00500666822443949,2040
centroid_drift,seed_peak_density,-0.00025148805459481973,0.004554780925092649,0.0062376820879838195,0.0020401161847356953,-0.0034477550923732434,0.007096634179614949,2040
centroid_drift,seed_sigma_mm,0.12678743896050518,0.028435849584218773,0.19026485399032267,0.016167823153183936,0.12077667884009467,0.19044311061232952,2040
centroid_drift,gaussian_seed_x_fraction,0.047949874476217985,0.020983749269590547,0.10736306768405292,0.011243522502459698,0.048467324962718675,0.10959679904216306,2040
centroid_drift,gaussian_seed_y_fraction,0.03626276077816191,0.02181269892009763,0.10808575083640143,0.012257122111878203,0.027021810808660306,0.10734628112293992,2040
centroid_drift,gaussian_seed_z_fraction,0.019015704700731516,0.016122155098817894,0.07112750868837633,0.008959746378189477,0.012147242856610938,0.07140289502588439,2040
centroid_x_mm,front_speed_mm_per_day,0.002767829070594251,0.008036906483154367,0.018323480520620543,0.001907427631906394,0.0043539604750187,0.018433636570570774,2040
centroid_x_mm,front_width_mm,-0.001975973242620017,0.003734438331516607,0.003887907887494203,0.0005655703201862574,-0.0021491811055726917,0.003770394319123134,2040
centroid_x_mm,diffusivity_ratio,-0.00025174845681354623,0.0015658388182615856,0.0007925279916709611,0.00018489663892018844,0.0007411205205828723,0.0007757400316926924,2040
centroid_x_mm,resection_time,0.0002099860669752952,0.005144457520968832,0.008133619379386283,0.0009369362301911103,0.00131069490943181,0.008024613332504605,2040
centroid_x_mm,chemo_kill_rate,5.941065881704241e-05,0.0003830882979997925,4.5614414420603534e-05,9.6585175771444e-06,6.498973394291248e-05,4.7609617572741336e-05,2040
centroid_x_mm,rt_alpha,0.0018792212923494727,0.005937922870884693,0.010149853556390611,0.0011827118322832984,0.0020165501561841227,0.010786472620881078,2040
centroid_x_mm,rt_alpha_beta_ratio,8.119602696966973e-05,0.0008309561668800096,0.00018463314806151272,4.562764591542364e-05,1.5013680268716434e-05,0.00019267489085415983,2040
centroid_x_mm,seed_peak_density,0.00033875746392849455,0.0010269570629947633,0.0003134244322232387,6.941007349999067e-05,0.0012575307171205131,0.0003466177054386039,2040
centroid_x_mm,seed_sigma_mm,-0.0035563578595482316,0.006781151892009919,0.012709143571779909,0.0013669093199509994,-0.0023795646120942852,0.012301356948456754,2040
centroid_x_mm,gaussian_seed_x_fraction,0.9563729839782501,0.049480753804350026,0.9969055217957954,0.046026956181662804,0.9654893066212268,0.999619792686944,2040
centroid_x_mm,gaussian_seed_y_fraction,0.0007003238884997678,0.004397854731890038,0.005666917635117083,0.0007611485157321316,0.000946307385673719,0.005501800926310058,2040
centroid_x_mm,gaussian_seed_z_fraction,0.0008525451399658809,0.0035090153344264075,0.0038600693743758912,0.0006376908409055296,-0.0005449143450701489,0.003977616594760376,2040
centroid_y_mm,front_speed_mm_per_day,0.0005153610764673721,0.006916203102330401,0.013271700346765947,0.001729354909003065,0.003307163146361626,0.014050250992356104,2040
centroid_y_mm,front_width_mm,-0.0009393642541146703,0.00309242597333575,0.002210534858332794,0.0003505472898550438,-0.0003985783887403117,0.0024889741535277588,2040
centroid_y_mm,diffusivity_ratio,0.0001375188217096025,0.0013426677432172855,0.0004820523403844702,0.0001377024271189463,0.0002266044868125326,0.0005691615827540662,2040
centroid_y_mm,resection_time,0.0007807349496156452,0.004888584485444903,0.005897205562871175,0.0007431337500836133,0.003449544710279072,0.006007080655736394,2040
centroid_y_mm,chemo_kill_rate,-3.8263884510387015e-05,0.000373390897359602,3.5203584772801235e-05,8.712829032195975e-06,-0.0005455940900292338,3.5013515643274835e-05,2040
centroid_y_mm,rt_alpha,-0.0005738491814426872,0.0049296694897760516,0.006342863299184728,0.0009159143428218035,-0.002335136384807507,0.006740693142690482,2040
centroid_y_mm,rt_alpha_beta_ratio,-0.000318787670013074,0.0007346133037357453,0.00012453713187713595,3.5904317444838164e-05,-0.0008567179819280702,0.00014458325950416378,2040
centroid_y_mm,seed_peak_density,1.9291652161197186e-05,0.0009814201177819725,0.0002695163521993816,9.266612710173902e-05,0.00016106772112809025,0.0002984674430912028,2040
centroid_y_mm,seed_sigma_mm,0.0007644321132599312,0.00545898909158549,0.008137927286623835,0.0010239268688579254,0.004401946114981716,0.008492468891951193,2040
centroid_y_mm,gaussian_seed_x_fraction,0.014253281228739477,0.0170069361538523,0.10319470890532309,0.01077769854394176,0.018516086728868966,0.10431638483801964,2040
centroid_y_mm,gaussian_seed_y_fraction,0.8768809390196868,0.049894566391780665,0.9886645306952454,0.05291943179959505,0.8818911471254974,0.9894434946991835,2040
centroid_y_mm,gaussian_seed_z_fraction,0.0009372475118100583,0.0044733749849374255,0.005374491986706338,0.0007739420131927006,0.002018352973549655,0.00622550878606612,2040
centroid_z_mm,front_speed_mm_per_day,-0.0008841768550119367,0.012668916348149331,0.040538775600315546,0.004590827183499965,-0.007557876568002919,0.037014665597805134,2040
centroid_z_mm,front_width_mm,0.0008051960977262846,0.005842309067594545,0.008364094048461836,0.001251356995388084,-0.0001587410327497311,0.008309259726695061,2040
centroid_z_mm,diffusivity_ratio,0.002651112580313602,0.003755528647109916,0.002650999748008594,0.0007194634281747962,0.002199010485535147,0.0033717963322262225,2040
centroid_z_mm,resection_time,0.004651161404953838,0.009150701966304527,0.019237053688103693,0.0025625117301639458,0.005813059064407245,0.017619108622894685,2040
centroid_z_mm,chemo_kill_rate,-0.0001066179785034031,0.0006216639506238561,0.0001158644752936564,2.804957824396973e-05,-0.00011553583032197709,0.0001175423864980732,2040
centroid_z_mm,rt_alpha,0.011717243718786262,0.009425452359502602,0.02450711518799449,0.0031803388101622923,0.016933452713216616,0.02559447451327358,2040
centroid_z_mm,rt_alpha_beta_ratio,-1.2573093558020851e-05,0.0016216419363234453,0.0004991329537987172,0.0002508016320870953,0.0005388386302713886,0.0006291761287805337,2040
centroid_z_mm,seed_peak_density,0.0006447130801902428,0.0018266936319960108,0.0008666753432219283,0.0003185950570528789,0.0008535193970560283,0.0010131965953040247,2040
centroid_z_mm,seed_sigma_mm,0.004421302805746869,0.009279273241840962,0.023649260071743554,0.0032964387595614273,-0.008394485525770847,0.023760284860138082,2040
centroid_z_mm,gaussian_seed_x_fraction,0.026694709762017932,0.019487371916561996,0.10763061060223361,0.01147082433241521,0.022085243022758334,0.10745660977481593,2040
centroid_z_mm,gaussian_seed_y_fraction,0.029529200264025314,0.024222331506516016,0.1901641367870599,0.015612132830918815,0.024478763930259557,0.190028048353616,2040
centroid_z_mm,gaussian_seed_z_fraction,0.7043104060504549,0.05419204955146481,0.9010645023937568,0.06551150443135925,0.7113898897604278,0.8999163630108872,2040
R_g,front_speed_mm_per_day,0.23793418779391426,0.03326403867463094,0.29837115209119075,0.024227998831127643,0.23144468080562097,0.30459588292883966,2040
R_g,front_width_mm,0.005136680307861277,0.008087204815326146,0.017421149743587362,0.001945858096218241,0.0007779803354533504,0.017252907437211015,2040
R_g,diffusivity_ratio,0.016315343009910537,0.008978024467892946,0.018682001854469353,0.0026663413703932994,0.017472227191460504,0.02012896195063813,2040
R_g,resection_time,0.07423515307860641,0.01960493903442182,0.10766779585143012,0.010037560465404835,0.059483617274294395,0.1041694653006189,2040
R_g,chemo_kill_rate,0.0009925079552788054,0.0021619611090746772,0.0009987450801171528,0.00020437308322133042,0.0013068562535476923,0.001000528316163934,2040
R_g,rt_alpha,0.020860518294618147,0.012402108789343292,0.04132211362742431,0.0044346050627972295,0.018576112372876187,0.043059987632465956,2040
R_g,rt_alpha_beta_ratio,0.0003525778470668766,0.0018419548108460247,0.0008273065606881152,0.00018075303948415124,-0.0008223838243182002,0.0008644424100042881,2040
R_g,seed_peak_density,0.005350903573340071,0.005180376267490668,0.007127004254243235,0.0006524234978375669,0.006087744384239545,0.0070195843455301285,2040
R_g,seed_sigma_mm,0.48623930788861014,0.03980020193579862,0.49456993779509506,0.03272615224568859,0.4902749539229538,0.49637945128082395,2040
R_g,gaussian_seed_x_fraction,0.026844883835114325,0.015074211655642976,0.06081543045029943,0.007291710095944857,0.017929110158624084,0.060851330949307274,2040
R_g,gaussian_seed_y_fraction,0.03258930499739018,0.015415703184836808,0.06857924502140607,0.008725321723665738,0.021430623804983354,0.06756897938738014,2040
R_g,gaussian_seed_z_fraction,0.02962162229824999,0.012592390224908273,0.048612026887082424,0.0062947550205337596,0.031717747806576956,0.05190957678301934,2040
log10_anisotropy,front_speed_mm_per_day,0.18364812509369313,0.03479331412704495,0.323840832955489,0.02907493254615236,0.1759189131401933,0.3148922202271125,2040
log10_anisotropy,front_width_mm,-0.014492934235358537,0.027696800272992275,0.179549767172928,0.022125025546396223,-0.03823069596275095,0.18197510429693703,2040
log10_anisotropy,diffusivity_ratio,0.004945030493598919,0.008831152143415882,0.022202843510680664,0.003924841715397157,0.0051326036740832566,0.023246194169226856,2040
log10_anisotropy,resection_time,0.09566889723854607,0.030061134946275367,0.2392626358634252,0.025865500468398882,0.07786367322935384,0.2242301177405273,2040
log10_anisotropy,chemo_kill_rate,-1.689993365982859e-05,0.0013492843530581947,0.0005331861867988301,0.00012449629026956807,-0.0003793480168225262,0.0005669299605021837,2040
log10_anisotropy,rt_alpha,0.17416680271616358,0.04011765090129747,0.31193785929521994,0.030060974081904623,0.13736551261958424,0.31604768531008076,2040
log10_anisotropy,rt_alpha_beta_ratio,0.0011505811401613158,0.005629053447285545,0.008501528558116877,0.0021250587955806395,-0.00296002578119149,0.008167408925421634,2040
log10_anisotropy,seed_peak_density,-0.0009837450102340055,0.005592356130528017,0.010405812500983635,0.0045703174628771775,-0.003143557403168357,0.011996655334365086,2040
log10_anisotropy,seed_sigma_mm,0.05598727565598431,0.02562129244482263,0.15944598925730366,0.018252887549003036,0.07046933971325889,0.16201735794802868,2040
log10_anisotropy,gaussian_seed_x_fraction,0.03256996402855572,0.02724686373803722,0.19463426082889523,0.01727820626170069,0.024070661496586966,0.19686438703889542,2040
log10_anisotropy,gaussian_seed_y_fraction,0.045490934993084424,0.026680334137787944,0.1841450070102964,0.020184409155037258,0.038169117125289156,0.17674035122299306,2040
log10_anisotropy,gaussian_seed_z_fraction,0.011562389919200429,0.023055266851745124,0.12441071283488571,0.014355047694462813,0.012748050816196926,0.12791920432774564,2040
wm_fraction,front_speed_mm_per_day,0.06060443878517209,0.02916432271776421,0.2565379390477659,0.024803241914091577,0.06949314765302042,0.24672484955984356,2040
wm_fraction,front_width_mm,-0.014311361275209962,0.020789389839935658,0.13393944771867267,0.01790914241925772,-0.007020458505059382,0.13049252934141867,2040
wm_fraction,diffusivity_ratio,0.04906073353040399,0.01643955874017061,0.06880602716492358,0.00853883288494652,0.044810312434509544,0.07231238675785209,2040
wm_fraction,resection_time,0.019441014453804386,0.02400603936164958,0.16870352131441985,0.01956201935040688,0.007699175386963318,0.16173772349694374,2040
wm_fraction,chemo_kill_rate,0.0009621484595686251,0.001536506079292047,0.0007068289744841341,0.00015856982276059276,0.002383429074267961,0.0007715024806191324,2040
wm_fraction,rt_alpha,0.1743626931149922,0.03876421960448727,0.33656313653589837,0.03647677167162642,0.17996582491203644,0.3697570151457639,2040
wm_fraction,rt_alpha_beta_ratio,0.001029078963274316,0.005691046165499851,0.006699593419813632,0.0017379184165185304,-0.0014305113495528096,0.007707281595063691,2040
wm_fraction,seed_peak_density,4.046345084509868e-05,0.0054819869815513214,0.010245683112987137,0.004195052798547225,-0.0019359783498617052,0.01138167882607596,2040
wm_fraction,seed_sigma_mm,-0.03433672775169424,0.02436178046438469,0.15987805962045618,0.021474087271391176,-0.029898258952293227,0.15191050203540504,2040
wm_fraction,gaussian_seed_x_fraction,0.019172708483602037,0.027839422674410905,0.2082141900381482,0.02261764718217807,0.020618294350644,0.21489675142190354,2040
wm_fraction,gaussian_seed_y_fraction,0.005251621581536886,0.027566946471759005,0.21140240348996395,0.02166795427077973,0.018834677249620714,0.2156136193760613,2040
wm_fraction,gaussian_seed_z_fraction,0.1259469804399168,0.036195886114916365,0.33235577143026523,0.035589322140931925,0.12546522126799525,0.3400061464405424,2040
pre_log10_mass,front_speed_mm_per_day,0.16922850797437358,0.025748144032932525,0.19035880554661277,0.015161019832721664,0.16324504787076352,0.1953784474648283,2048
pre_log10_mass,front_width_mm,0.02229886742511206,0.009233286994276356,0.023850469479799914,0.0017141746491097314,0.019664437007679326,0.023904111586241283,2048
pre_log10_mass,diffusivity_ratio,0.0011677712496749265,0.003269163628666097,0.00273356663057492,0.0004633233880776291,0.001433297966832673,0.002550595841893052,2048
pre_log10_mass,resection_time,0.1020525338571194,0.020636708457420008,0.11730027602256321,0.010468720498141612,0.08860234753475545,0.1163984120538056,2048
pre_log10_mass,chemo_kill_rate,0.0,0.0,0.0,0.0,0.0,0.0,2048
pre_log10_mass,rt_alpha,0.0,0.0,0.0,0.0,0.0,0.0,2048
pre_log10_mass,rt_alpha_beta_ratio,0.0,0.0,0.0,0.0,0.0,0.0,2048
pre_log10_mass,seed_peak_density,0.009432746755662,0.006167163950932697,0.01093722968912199,0.0007691658885608663,0.010456033376945678,0.010945151655246453,2048
pre_log10_mass,seed_sigma_mm,0.6509954145610154,0.04409656122500585,0.6624835953280092,0.037592044471297506,0.6619195848263514,0.6709154202541882,2048
pre_log10_mass,gaussian_seed_x_fraction,0.013225362267387799,0.008355756122445074,0.01795572505787661,0.0017296538606422723,0.011811118273258217,0.01800118072475986,2048
pre_log10_mass,gaussian_seed_y_fraction,0.005025740924921905,0.00609782856563296,0.00937254426933782,0.0014376441152055765,0.0044676415669375235,0.008572263830123715,2048
pre_log10_mass,gaussian_seed_z_fraction,0.002486088244894786,0.004278804558174219,0.00559692833993006,0.0009431441300841809,0.0026359514876034902,0.0059359062317152185,2048
pre_V_core,front_speed_mm_per_day,0.18715530511516246,0.0358905719829521,0.31741653522879293,0.044461656944476825,0.19400673732759086,0.32050967089974675,2048
pre_V_core,front_width_mm,0.022073833216824164,0.015457268267457441,0.05565950099298099,0.007409711732556079,0.022521968096302747,0.05205584489322456,2048
pre_V_core,diffusivity_ratio,0.0002800605681556938,0.005816871295255248,0.008086339278578998,0.0027385824357368466,0.0010621518629387306,0.008132993977913384,2048
pre_V_core,resection_time,0.09861576185889617,0.02594135189565156,0.18514457761724676,0.026017668158233195,0.08819654396903698,0.1877715522522958,2048
pre_V_core,chemo_kill_rate,0.0,0.0,0.0,0.0,0.0,0.0,2048
pre_V_core,rt_alpha,0.0,0.0,0.0,0.0,0.0,0.0,2048
pre_V_core,rt_alpha_beta_ratio,0.0,0.0,0.0,0.0,0.0,0.0,2048
pre_V_core,seed_peak_density,0.00707528105390306,0.006764519184460965,0.014619154528089224,0.0020435521001524685,0.0072343213953868,0.0137466596618788,2048
pre_V_core,seed_sigma_mm,0.4325549557588963,0.054151824226861996,0.5999219192529588,0.062038481713921435,0.41991136756219793,0.5686009068608197,2048
pre_V_core,gaussian_seed_x_fraction,0.015941382662372963,0.011151055237204029,0.042157654415734734,0.011208369671045403,0.021583116981909265,0.03969017752857921,2048
pre_V_core,gaussian_seed_y_fraction,-6.525508222999209e-05,0.009184954193476064,0.029820458140061817,0.00929766885562422,0.007868296891724434,0.03656354792964132,2048
pre_V_core,gaussian_seed_z_fraction,-0.0011234025653376841,0.006014502354743444,0.016914189679744823,0.005745567356240723,0.00098543067900823,0.021470828136460812,2048
pre_V_edema,front_speed_mm_per_day,0.1309274129681853,0.031287521415957094,0.2217347782105916,0.03484419570706834,0.14159502173456673,0.22669415011391444,2048
pre_V_edema,front_width_mm,0.006437709660503825,0.008853687822696268,0.01790716109895793,0.002199385615989935,0.007071658927473853,0.017855088409363867,2048
pre_V_edema,diffusivity_ratio,0.002369263042894022,0.006580659580637529,0.010495754994725832,0.00288373212357068,0.0018645409011177059,0.010348426792920163,2048
pre_V_edema,resection_time,0.07074495421415548,0.022341166783839114,0.12984467635909508,0.018805805768024292,0.06430472880546398,0.12871443538476865,2048
pre_V_edema,chemo_kill_rate,0.0,0.0,0.0,0.0,0.0,0.0,2048
pre_V_edema,rt_alpha,0.0,0.0,0.0,0.0,0.0,0.0,2048
pre_V_edema,rt_alpha_beta_ratio,0.0,0.0,0.0,0.0,0.0,0.0,2048
pre_V_edema,seed_peak_density,0.007519336596221562,0.006634423490878685,0.01442869953541345,0.001902320719601573,0.00809302690852003,0.013414008031897818,2048
pre_V_edema,seed_sigma_mm,0.5994270405442228,0.05783588048457602,0.6857128902430276,0.06369173955941196,0.5808518105656753,0.652204937747686,2048
pre_V_edema,gaussian_seed_x_fraction,0.022447817870755418,0.01302556441296363,0.049286437756105056,0.010627633294660387,0.025582264093572196,0.04647916608235087,2048
pre_V_edema,gaussian_seed_y_fraction,0.005814829571069339,0.010311533552259139,0.03866842013722023,0.009941255073399527,0.010945694935220235,0.044368417384044526,2048
pre_V_edema,gaussian_seed_z_fraction,0.00019647029831568403,0.0072726798455118894,0.022827935113833724,0.00737900213136089,0.0028527561616978185,0.029293486860535876,2048
pre_log10_V_core,front_speed_mm_per_day,0.22340737737514815,0.028633010277025046,0.24541960622510825,0.017902702921442793,0.23216198048870335,0.2525432976212035,2048
pre_log10_V_core,front_width_mm,0.05631792741058142,0.015409474204240296,0.06488996140200176,0.005066792938529478,0.05239273071650402,0.06548167475340395,2048
pre_log10_V_core,diffusivity_ratio,-0.0011987769992321277,0.0027469183447409546,0.0019268210104478286,0.00034831733004901585,-0.0012609212139403918,0.0019958643095953636,2048
pre_log10_V_core,resection_time,0.16002783046042074,0.025208170963661423,0.17323123122504425,0.013089415247303511,0.15529010275125918,0.17321254955236007,2048
pre_log10_V_core,chemo_kill_rate,0.0,0.0,0.0,0.0,0.0,0.0,2048
pre_log10_V_core,rt_alpha,0.0,0.0,0.0,0.0,0.0,0.0,2048
pre_log10_V_core,rt_alpha_beta_ratio,0.0,0.0,0.0,0.0,0.0,0.0,2048
pre_log10_V_core,seed_peak_density,0.01530895484200116,0.009603101163991767,0.025087385729575088,0.002964825827202699,0.015917651492801322,0.024895969949044097,2048
pre_log10_V_core,seed_sigma_mm,0.508696165638196,0.03992847298384427,0.519752035890203,0.03222941375894056,0.5200691148434547,0.5280688995079643,2048
pre_log10_V_core,gaussian_seed_x_fraction,0.008261047073844228,0.006310984543121269,0.010776489892332252,0.0011185731167742264,0.007832321740118855,0.01089812788308309,2048
pre_log10_V_core,gaussian_seed_y_fraction,0.0008272775364544077,0.004847627571196127,0.005573040608191249,0.0008962902564463954,0.0014933936869480835,0.005130505969240135,2048
pre_log10_V_core,gaussian_seed_z_fraction,-0.002136327919919562,0.003247935439097401,0.00340737922939001,0.0005682679683971726,-0.0014474147501430021,0.0037017517003228107,2048
pre_log10_V_edema,front_speed_mm_per_day,0.12359790210180012,0.023494148140911424,0.15289597843665784,0.01383213314096507,0.11993955337532987,0.1579453326588421,2048
pre_log10_V_edema,front_width_mm,0.014190047947612352,0.007771147726746692,0.016532785858034457,0.001270568561612446,0.012603966457822509,0.016825605216470488,2048
pre_log10_V_edema,diffusivity_ratio,0.0012858259439911127,0.003760254344747298,0.003697164782817368,0.0005849636069795851,0.001355449615066792,0.0034582945618400395,2048
pre_log10_V_edema,resection_time,0.07524918933612228,0.01898932650748441,0.0962037862914671,0.00965857970032305,0.06499202933977125,0.09485886283638464,2048
pre_log10_V_edema,chemo_kill_rate,0.0,0.0,0.0,0.0,0.0,0.0,2048
pre_log10_V_edema,rt_alpha,0.0,0.0,0.0,0.0,0.0,0.0,2048
pre_log10_V_edema,rt_alpha_beta_ratio,0.0,0.0,0.0,0.0,0.0,0.0,2048
pre_log10_V_edema,seed_peak_density,0.008967538449778913,0.005926366614943931,0.010032113976076463,0.0007024649287001926,0.010407895206573725,0.010000250310787412,2048
pre_log10_V_edema,seed_sigma_mm,0.7180643340825382,0.04640119014054025,0.7363639846596333,0.041121306278503335,0.7304750633683191,0.746004189646923,2048
pre_log10_V_edema,gaussian_seed_x_fraction,0.015403285453565481,0.009120581178082076,0.021101592488625212,0.0020356761151384267,0.013745342685347073,0.021028547186972592,2048
pre_log10_V_edema,gaussian_seed_y_fraction,0.005667570390820323,0.006732281581339757,0.011573256619582813,0.0017314132542810918,0.004090973271019579,0.010552941347976333,2048
pre_log10_V_edema,gaussian_seed_z_fraction,0.0019136867625716611,0.0050281345155940085,0.0075342067807411236,0.00121556147135157,0.0019437419975087053,0.007971837722572775,2048
pre_r95_core,front_speed_mm_per_day,0.2798566485202314,0.03317692371344214,0.31406455683362916,0.02277078054758992,0.27330554521546163,0.3197533970203082,2048
pre_r95_core,front_width_mm,0.0491328109894432,0.014471506204809775,0.058976717920494776,0.004703512851716881,0.04339402656588378,0.059249364516717376,2048
pre_r95_core,diffusivity_ratio,-0.0010508267881557789,0.002504462731147684,0.001319407613415848,0.00027989595772581115,-0.0004164232155636083,0.0012586673170551755,2048
pre_r95_core,resection_time,0.16878203717006612,0.026178086199790205,0.19979691798427207,0.016737933331750613,0.155814602836657,0.20193614810441884,2048
pre_r95_core,chemo_kill_rate,0.0,0.0,0.0,0.0,0.0,0.0,2048
pre_r95_core,rt_alpha,0.0,0.0,0.0,0.0,0.0,0.0,2048
pre_r95_core,rt_alpha_beta_ratio,0.0,0.0,0.0,0.0,0.0,0.0,2048
pre_r95_core,seed_peak_density,0.009897115726870976,0.006880912777160046,0.012358763394135408,0.00119194815748298,0.010745979106240436,0.012405786873661338,2048
pre_r95_core,seed_sigma_mm,0.453127299982232,0.03759024702065534,0.4659488714844227,0.031012511239817183,0.45733369783542593,0.4720536469291143,2048
pre_r95_core,gaussian_seed_x_fraction,0.0010751192933146898,0.0018144267985184307,0.0009621741613181536,0.00018274467174335081,0.0013812213522130987,0.001005830673356699,2048
pre_r95_core,gaussian_seed_y_fraction,0.0009123009634818358,0.0020171172561097264,0.0010649087989405726,0.00021043198398067268,0.001425770352711088,0.0010530640942004235,2048
pre_r95_core,gaussian_seed_z_fraction,0.0006121623228151493,0.0023346797875781807,0.0016068235753527655,0.0003632915613994001,0.001709781077728443,0.0018001440214711452,2048
pre_r95_edema,front_speed_mm_per_day,0.21294565156827602,0.03251573760275768,0.26426276392246395,0.0221827898290264,0.20165987590218343,0.26742653069581995,2048
pre_r95_edema,front_width_mm,0.01626449474894175,0.008627006733650683,0.02178929452599328,0.001909699549122606,0.01415953097112405,0.02199996018589102,2048
pre_r95_edema,diffusivity_ratio,0.0004498972458639113,0.0030511929447465023,0.001981779696445976,0.00036038205467052556,0.000645411744438859,0.0018840239678859165,2048
pre_r95_edema,resection_time,0.1146757167369463,0.024673981928298255,0.16126267470462813,0.01635443748661614,0.09985182407253633,0.1616772322350717,2048
pre_r95_edema,chemo_kill_rate,0.0,0.0,0.0,0.0,0.0,0.0,2048
pre_r95_edema,rt_alpha,0.0,0.0,0.0,0.0,0.0,0.0,2048
pre_r95_edema,rt_alpha_beta_ratio,0.0,0.0,0.0,0.0,0.0,0.0,2048
pre_r95_edema,seed_peak_density,0.007668712764838307,0.005462000825672581,0.008473498558137622,0.0006791592651376996,0.00852199777020964,0.008428610823241636,2048
pre_r95_edema,seed_sigma_mm,0.5987533967793585,0.04243873952044446,0.5991423600282044,0.037562624238925396,0.6029564176411173,0.6044206009202711,2048
pre_r95_edema,gaussian_seed_x_fraction,0.0012749073083307748,0.002261261380129482,0.001391669205148612,0.0002480613575072155,0.00017904750941183712,0.00148398210509204,2048
pre_r95_edema,gaussian_seed_y_fraction,0.001896462727696431,0.0023085636244714164,0.0015650713742859684,0.0003107366978177293,0.0003439650699296265,0.0015632464746726633,2048
pre_r95_edema,gaussian_seed_z_fraction,0.001418179331054754,0.0028367346676576154,0.002443544796730403,0.0005315633118753375,0.002461308589307202,0.002746862172766958,2048
pre_centroid_drift,front_speed_mm_per_day,0.24625763379062132,0.04353272162071249,0.384746046088964,0.04007066933758218,0.233161536599957,0.39286612868653886,2048
pre_centroid_drift,front_width_mm,0.010483785810239513,0.00865505015612714,0.023068549485600536,0.0031473910080813535,0.007597346728242052,0.02484780357699975,2048
pre_centroid_drift,diffusivity_ratio,0.0012272318067302534,0.005122553794792203,0.006683398329869171,0.0014772723655994621,0.0001408851102356626,0.006372573724617329,2048
pre_centroid_drift,resection_time,0.11706132111972739,0.02895964373997757,0.22748791896244114,0.029269400610679213,0.11744174824129573,0.24097950193550538,2048
pre_centroid_drift,chemo_kill_rate,0.0,0.0,0.0,0.0,0.0,0.0,2048
pre_centroid_drift,rt_alpha,0.0,0.0,0.0,0.0,0.0,0.0,2048
pre_centroid_drift,rt_alpha_beta_ratio,0.0,0.0,0.0,0.0,0.0,0.0,2048
pre_centroid_drift,seed_peak_density,0.002504225274037134,0.0030949408055750563,0.002300346210636293,0.000279872343724864,0.0039493518978025305,0.0025056062573180064,2048
pre_centroid_drift,seed_sigma_mm,0.07476828609010158,0.02458164081351818,0.15919911054090177,0.01749998012761325,0.06297276878782616,0.16280667859540285,2048
pre_centroid_drift,gaussian_seed_x_fraction,0.19761354308080686,0.03669013600272668,0.3188268256400803,0.03306511499821004,0.19411696747426999,0.3233866370837784,2048
pre_centroid_drift,gaussian_seed_y_fraction,0.0508927377890499,0.024214714736475493,0.15069780717038017,0.0258828637993407,0.04670842117373593,0.15378905966257464,2048
pre_centroid_drift,gaussian_seed_z_fraction,0.016902148001109892,0.014271388105991989,0.06350779296528535,0.01455567472567993,0.01959626704036906,0.07515015288722109,2048
pre_centroid_x_mm,front_speed_mm_per_day,0.0008104687967477665,0.0027119463441766857,0.0018782819867732704,0.00025552365777429707,0.00024158898137834924,0.0019482790798274173,2048
pre_centroid_x_mm,front_width_mm,0.0005746974120781611,0.0006524602981059454,0.00010885323342245271,1.736766256606403e-05,0.0007144876311147025,0.00010853979383129784,2048
pre_centroid_x_mm,diffusivity_ratio,-0.00020364798763294033,0.0003426840002244947,3.7680127287353914e-05,9.468954807061101e-06,-8.708119746877723e-05,3.481623273106556e-05,2048
pre_centroid_x_mm,resection_time,0.0006770999013702327,0.001936375512880646,0.0011274561879811953,0.00018999692275337688,0.0007059687211882862,0.001133650756357053,2048
pre_centroid_x_mm,chemo_kill_rate,0.0,0.0,0.0,0.0,0.0,0.0,2048
pre_centroid_x_mm,rt_alpha,0.0,0.0,0.0,0.0,0.0,0.0,2048
pre_centroid_x_mm,rt_alpha_beta_ratio,0.0,0.0,0.0,0.0,0.0,0.0,2048
pre_centroid_x_mm,seed_peak_density,6.195023490680153e-05,0.00026828631054535816,1.7625540843789684e-05,2.4319557658930414e-06,7.467952665290383e-05,1.8679357939889996e-05,2048
pre_centroid_x_mm,seed_sigma_mm,0.00010715761413186525,0.00225582624222838,0.001228422585444432,0.00014151060941740894,0.00038991420617153215,0.001204244441857173,2048
pre_centroid_x_mm,gaussian_seed_x_fraction,0.9975260125052511,0.049172971582405106,1.0012878520187047,0.04383742743218856,0.9995844004442378,1.0016154592750848,2048
pre_centroid_x_mm,gaussian_seed_y_fraction,0.0008189507794190913,0.0008728601078053643,0.0001953948667023023,4.8132981444298274e-05,0.0010248381336368049,0.00021378306713518887,2048
pre_centroid_x_mm,gaussian_seed_z_fraction,0.00021634889275488523,0.0007940652640956525,0.0001476478439252373,3.3056003130225446e-05,0.00019765649400548563,0.00016968577327532765,2048
pre_centroid_y_mm,front_speed_mm_per_day,0.0002553862366876256,0.0019231003214498258,0.0009106837978577052,0.0001622489114482253,0.0010225948354121825,0.0009234544391183737,2048
pre_centroid_y_mm,front_width_mm,-0.0001252422790250648,0.0004668692952082317,5.8505708834992665e-05,1.1622902895641817e-05,-0.000295999789903413,5.738994775659787e-05,2048
pre_centroid_y_mm,diffusivity_ratio,-2.4879703194867607e-05,0.0003622555528624506,3.1195093201433186e-05,9.294259260522633e-06,-4.764792856992618e-06,2.609212702782253e-05,2048
pre_centroid_y_mm,resection_time,0.0002717342198186126,0.0014503555783124337,0.0005431944500174934,0.00010569407561294109,0.0003571170055264448,0.0005389168319286766,2048
pre_centroid_y_mm,chemo_kill_rate,0.0,0.0,0.0,0.0,0.0,0.0,2048
pre_centroid_y_mm,rt_alpha,0.0,0.0,0.0,0.0,0.0,0.0,2048
pre_centroid_y_mm,rt_alpha_beta_ratio,0.0,0.0,0.0,0.0,0.0,0.0,2048
pre_centroid_y_mm,seed_peak_density,4.619220682867392e-05,0.00017467273385097175,6.302026223353737e-06,1.2227775758321637e-06,0.00011738091895030907,6.2451011212975905e-06,2048
pre_centroid_y_mm,seed_sigma_mm,-0.0006757495862288215,0.0012138615251122329,0.0003939923706697201,7.466051332537528e-05,-9.74463704090495e-05,0.00038925668537013346,2048
pre_centroid_y_mm,gaussian_seed_x_fraction,0.008879544565084498,0.017324804163591754,0.09393769983503454,0.010082787001326735,0.008761769924817387,0.0943527655312966,2048
pre_centroid_y_mm,gaussian_seed_y_fraction,0.9045394592321765,0.051244808976137646,0.9902802139131746,0.052059884282802386,0.9059036784758662,0.9916322994398815,2048
pre_centroid_y_mm,gaussian_seed_z_fraction,-0.0001509249941149586,0.0008358225804676844,0.00018331600174563463,4.245525990909424e-05,7.575281617173599e-05,0.00018681755398444264,2048
pre_centroid_z_mm,front_speed_mm_per_day,-0.0012315243403176377,0.003260472321454745,0.002623049782340907,0.0004134590362538926,-0.0004950371831310401,0.002229675867911268,2048
pre_centroid_z_mm,front_width_mm,-0.0002654311560079832,0.0008645276296704097,0.0001658916066463338,3.60723629398738e-05,-0.00032977025087120294,0.00018194863180011486,2048
pre_centroid_z_mm,diffusivity_ratio,0.00026159594801106786,0.0006713733399056527,8.828480676668217e-05,2.258775777732095e-05,0.0008090457750873246,9.070786786100558e-05,2048
pre_centroid_z_mm,resection_time,-0.0007015950836586338,0.002371137709632958,0.0015233919144870384,0.0002605664672585662,-0.0022299767138141526,0.0015903483753022716,2048
pre_centroid_z_mm,chemo_kill_rate,0.0,0.0,0.0,0.0,0.0,0.0,2048
pre_centroid_z_mm,rt_alpha,0.0,0.0,0.0,0.0,0.0,0.0,2048
pre_centroid_z_mm,rt_alpha_beta_ratio,0.0,0.0,0.0,0.0,0.0,0.0,2048
pre_centroid_z_mm,seed_peak_density,-0.00011323275812155279,0.00020498058356284744,8.349798015660728e-06,1.7909009110089782e-06,-4.906483257346796e-05,7.780681769097205e-06,2048
pre_centroid_z_mm,seed_sigma_mm,0.0006505509958565738,0.0016065421142165096,0.0005795653008910213,0.00011837906195083257,-0.000503682277816682,0.0004842060648355833,2048
pre_centroid_z_mm,gaussian_seed_x_fraction,0.0223225770008172,0.016939311448421163,0.09074770730686657,0.009442950676749119,0.023220178227470693,0.09061624910514839,2048
pre_centroid_z_mm,gaussian_seed_y_fraction,0.030227002677591416,0.02148383968905881,0.14866070741354845,0.012187633623756132,0.027096420190342897,0.150096287087423,2048
pre_centroid_z_mm,gaussian_seed_z_fraction,0.8048074632217435,0.052867046709500286,0.9295801581013248,0.05816372750283314,0.8141096279653868,0.9310248741484769,2048
pre_R_g,front_speed_mm_per_day,0.13185655550190983,0.025764950236314203,0.16782459025524257,0.015564081490799513,0.12048332869879766,0.17209804255903,2048
pre_R_g,front_width_mm,0.002570328866502439,0.005111911205602467,0.007174248193871101,0.0007147610387999827,0.0020920673102234927,0.007090393618493498,2048
pre_R_g,diffusivity_ratio,0.002733682503061212,0.004707170201577733,0.005640543386955561,0.0008397560285100888,0.0026778127346126744,0.005360031230306048,2048
pre_R_g,resection_time,0.07090942773513093,0.019678063072381055,0.10055405860598284,0.01114957868907062,0.05544045117614562,0.09929921774936154,2048
pre_R_g,chemo_kill_rate,0.0,0.0,0.0,0.0,0.0,0.0,2048
pre_R_g,rt_alpha,0.0,0.0,0.0,0.0,0.0,0.0,2048
pre_R_g,rt_alpha_beta_ratio,0.0,0.0,0.0,0.0,0.0,0.0,2048
pre_R_g,seed_peak_density,0.006621635334919957,0.005165073868530382,0.007947672203388616,0.0006236486951218592,0.007775884960051349,0.007820163007499865,2048
pre_R_g,seed_sigma_mm,0.7229248296992652,0.04652437110295088,0.7287709296825019,0.042059390731232715,0.7234950918944327,0.728319890852622,2048
pre_R_g,gaussian_seed_x_fraction,0.01065644658068825,0.007882778019047992,0.01683671763981134,0.001926174247539094,0.008621365722320707,0.016855962140559937,2048
pre_R_g,gaussian_seed_y_fraction,0.0059168511089924035,0.007305411316005934,0.014193762446650082,0.00237548770158129,0.00485388514697563,0.013791483761687767,2048
pre_R_g,gaussian_seed_z_fraction,0.004799003071773991,0.005800253372401956,0.01033715855621408,0.0018129237046684303,0.005158004039508128,0.011704513897732112,2048
pre_log10_anisotropy,front_speed_mm_per_day,0.08221757014178495,0.02620848749698904,0.18613904862580194,0.023237328394927297,0.0864089708064735,0.18423923610890608,2048
pre_log10_anisotropy,front_width_mm,-0.0002873405927271363,0.005880019999784986,0.010725141357999795,0.0015456270445477589,-0.001427470513476727,0.010495025698243097,2048
pre_log10_anisotropy,diffusivity_ratio,-0.0014233297959439777,0.00729417565192788,0.018336755649398098,0.004023085267958616,0.00182516501621738,0.017329661661710124,2048
pre_log10_anisotropy,resection_time,0.05448222911298004,0.01986255923672458,0.10542670158829597,0.015287034381747886,0.059034717663674324,0.11493854523582267,2048
pre_log10_anisotropy,chemo_kill_rate,0.0,0.0,0.0,0.0,0.0,0.0,2048
pre_log10_anisotropy,rt_alpha,0.0,0.0,0.0,0.0,0.0,0.0,2048
pre_log10_anisotropy,rt_alpha_beta_ratio,0.0,0.0,0.0,0.0,0.0,0.0,2048
pre_log10_anisotropy,seed_peak_density,0.0037581140085236335,0.0030499927972764966,0.002318227973181176,0.0002617882629133518,0.004470360449768847,0.002180925059013804,2048
pre_log10_anisotropy,seed_sigma_mm,0.02047843703895126,0.024494709332572896,0.1590798894296207,0.015578306027819157,0.025187106575287693,0.15497706059192784,2048
pre_log10_anisotropy,gaussian_seed_x_fraction,0.44251926450039003,0.06167806430228533,0.6954888084436872,0.04924988607069792,0.4479971924835673,0.6730841898408567,2048
pre_log10_anisotropy,gaussian_seed_y_fraction,0.06209779847677803,0.03282788001904942,0.2505670165279214,0.03486619365659318,0.06416151988091405,0.24571577825145566,2048
pre_log10_anisotropy,gaussian_seed_z_fraction,0.008042798962832899,0.01739785440541566,0.0879795625230954,0.014413546304170629,0.013988593928907944,0.08653807486175283,2048
pre_wm_fraction,front_speed_mm_per_day,0.03436131132250787,0.015569391444833276,0.06882243840764155,0.007952825080091847,0.026680396651548463,0.06803257650099395,2048
pre_wm_fraction,front_width_mm,0.0033946844523883306,0.004725967894540662,0.0059693808436403015,0.000977838419938532,0.003084897899053109,0.00591544202498947,2048
pre_wm_fraction,diffusivity_ratio,0.0014461403040634626,0.0037746357401845817,0.0038376037098848082,0.0006794698379729713,-0.001145605272977325,0.004031904492385874,2048
pre_wm_fraction,resection_time,0.017298154083783403,0.01294597386836884,0.04423820142626057,0.005918654453235713,0.014098611799503502,0.043883026260129215,2048
pre_wm_fraction,chemo_kill_rate,0.0,0.0,0.0,0.0,0.0,0.0,2048
pre_wm_fraction,rt_alpha,0.0,0.0,0.0,0.0,0.0,0.0,2048
pre_wm_fraction,rt_alpha_beta_ratio,0.0,0.0,0.0,0.0,0.0,0.0,2048
pre_wm_fraction,seed_peak_density,0.000543294332304493,0.0017861484417632536,0.0009785176904023238,0.00012049065978135243,-0.0006784783917150096,0.001074831929866052,2048
pre_wm_fraction,seed_sigma_mm,0.014112400347478486,0.01790314729248474,0.0917920335789367,0.01069151482214489,0.01639711173448372,0.09403994088867988,2048
pre_wm_fraction,gaussian_seed_x_fraction,0.16632218854907993,0.04046294763466186,0.4233007943129673,0.042921752792597544,0.16665154864048295,0.4336424841916654,2048
pre_wm_fraction,gaussian_seed_y_fraction,0.13077300665178393,0.035773265202199804,0.36262749958059803,0.03270868087419273,0.13101230737827707,0.37263061214206894,2048
pre_wm_fraction,gaussian_seed_z_fraction,0.34337972155423735,0.045190207178412455,0.5907173789334133,0.05379895713502174,0.3287492124979893,0.5839061065895641,2048
mid_crt_log10_mass,front_speed_mm_per_day,0.06527358628523006,0.020322619427068714,0.11812248591889009,0.011533992689269527,0.06414888360831253,0.1179484211439571,2048
mid_crt_log10_mass,front_width_mm,0.00039082748738554165,0.010453538882501948,0.027804535793177702,0.004796377902044956,0.003954937571926886,0.028659324987905656,2048
mid_crt_log10_mass,diffusivity_ratio,0.004147991881750733,0.004947542736104322,0.00700696011042538,0.0009221950488290076,0.0013938885632183656,0.007431554952081848,2048
mid_crt_log10_mass,resection_time,-0.0004967416386493593,0.012243956389903062,0.03849507143499836,0.005857602939471815,-0.005483929859756734,0.03542567983677103,2048
mid_crt_log10_mass,chemo_kill_rate,0.042226930796712685,0.012709316539479883,0.04113615458376822,0.003177745536107504,0.04167950876480613,0.04140076944180845,2048
mid_crt_log10_mass,rt_alpha,0.6552430101092095,0.050049809786363045,0.6835522856108952,0.04114286369159864,0.6483348374574113,0.6916242248965709,2048
mid_crt_log10_mass,rt_alpha_beta_ratio,0.005636243919869218,0.005260073331799754,0.006907052595775179,0.0008058102755347751,0.005792319930846292,0.007340662830899933,2048
mid_crt_log10_mass,seed_peak_density,0.0008920783142309602,0.002387031515103354,0.0019423734901372674,0.0008034624075683307,0.0006461367064089799,0.0019272118973030787,2048
mid_crt_log10_mass,seed_sigma_mm,0.1281919245782215,0.024216216068298747,0.164664113444988,0.01686801540738654,0.127154029497467,0.16044007204173372,2048
mid_crt_log10_mass,gaussian_seed_x_fraction,0.005152236700829469,0.006914855304032247,0.012174636193761974,0.00123528824086754,0.0007233148288658457,0.011978572683414344,2048
mid_crt_log10_mass,gaussian_seed_y_fraction,0.004083297508988537,0.006796370655852704,0.01153405798836674,0.001294114921826301,0.0027741976007851056,0.01108684062820924,2048
mid_crt_log10_mass,gaussian_seed_z_fraction,0.005709614504118476,0.0072791242355687465,0.012333924366757624,0.001642613094640578,0.005988351851510416,0.012851876294782327,2048
mid_crt_V_core,front_speed_mm_per_day,0.0005098601529467158,0.002478265881914654,0.3367697025694472,0.5652855457804322,0.00039781533639753443,0.23297180732315137,2048
mid_crt_V_core,front_width_mm,0.0018649217130534764,0.007745438158326313,0.4309289171123175,0.7992377587253379,0.0028925094173509296,0.268319285385177,2048
mid_crt_V_core,diffusivity_ratio,-0.00027473457881132136,0.0008004934408928497,0.04547932648090295,0.11989795283387393,-0.0003053128850262198,0.056518541798602356,2048
mid_crt_V_core,resection_time,-2.23329562581308e-05,0.0007677728057203403,0.0378770827547238,0.08598918046326877,0.00023364546712950203,0.04000944254490533,2048
mid_crt_V_core,chemo_kill_rate,-0.0006694313958594783,0.0028517094556635577,0.33111610362134003,0.6279388872691325,-0.00047633856347427243,0.2499788414244126,2048
mid_crt_V_core,rt_alpha,0.006940074226324237,0.020901727820268924,0.21786436063615863,0.40897376375993527,-0.00017539657537880927,0.14600729203040305,2048
mid_crt_V_core,rt_alpha_beta_ratio,0.00014396707014830136,0.0004151103248105383,0.005824861008836948,0.01382569775487683,1.7203238648749797e-05,0.0005794342287999292,2048
mid_crt_V_core,seed_peak_density,1.0702068225361167e-05,7.503395296947948e-05,0.00033631654661119047,0.0008238815035836087,-1.9892041133850715e-05,8.001951463145135e-05,2048
mid_crt_V_core,seed_sigma_mm,-0.00014211975075356705,0.0005750193026570931,0.01879941396129979,0.0338260600725281,-0.0001313690275777494,0.009337480988042548,2048
mid_crt_V_core,gaussian_seed_x_fraction,0.00010593705914496873,0.00033898027181010384,0.0068117285747234125,0.012523999544315104,6.696519933272607e-05,0.005242306505778547,2048
mid_crt_V_core,gaussian_seed_y_fraction,-0.00040288075157343315,0.002327841941851706,0.21438610167590313,0.7272462678876025,0.000270778976331322,0.024218187203662856,2048
mid_crt_V_core,gaussian_seed_z_fraction,-0.0006978842426264223,0.0014387874085308161,0.11685486049859772,0.29283762637928146,-0.0006091603089823607,0.1411039984265209,2048
mid_crt_V_edema,front_speed_mm_per_day,0.03556538207783106,0.04564370215783114,0.3705435025605102,0.09578034798388686,0.04306430767157743,0.36893255285461957,2048
mid_crt_V_edema,front_width_mm,-0.004216058945660666,0.027666613459237488,0.12341786289158237,0.04159602189061884,0.009538867330041924,0.11094035107832485,2048
mid_crt_V_edema,diffusivity_ratio,0.0010383710109163565,0.00791964680928119,0.019392448242402247,0.01020852987565826,-0.0019007529771199706,0.022195401220029016,2048
mid_crt_V_edema,resection_time,-0.0032989989154081495,0.01634910147169477,0.14286234395385666,0.04833483948625643,-0.007411832615777938,0.14673730446226657,2048
mid_crt_V_edema,chemo_kill_rate,0.0481478728375587,0.036843694723197824,0.3298175226420883,0.09410798943888797,0.026478224688910933,0.33018867768427196,2048
mid_crt_V_edema,rt_alpha,0.13193884161800873,0.03877045897824711,0.5747100232339581,0.14375691241315589,0.1330319791999698,0.5656516731164836,2048
mid_crt_V_edema,rt_alpha_beta_ratio,0.0031315891442328827,0.0035007979208149576,0.011436584897143083,0.0072375918629566105,0.002200340516871181,0.016952389551326438,2048
mid_crt_V_edema,seed_peak_density,0.000213971618057767,0.0025507335965341176,0.0015887180812419854,0.0005544466011058987,0.0007835103375838196,0.0016186344966787705,2048
mid_crt_V_edema,seed_sigma_mm,0.016914665095577475,0.029070043464150715,0.18748469872380197,0.06668134603974323,0.014868651135804363,0.1588626321626538,2048
mid_crt_V_edema,gaussian_seed_x_fraction,-0.0017390247931279757,0.006147169496633883,0.03880993284423458,0.01622723279703704,0.00022440600335002611,0.035272800076199505,2048
mid_crt_V_edema,gaussian_seed_y_fraction,0.006103096172082646,0.02526457193965711,0.07202054357692683,0.051831850407743095,-0.00687083786966628,0.07412458558726873,2048
mid_crt_V_edema,gaussian_seed_z_fraction,0.0022902668220949867,0.010342408368048905,0.044398523871240006,0.022606094380668792,-0.004027907355924701,0.06337922928397315,2048
mid_crt_log10_V_core,front_speed_mm_per_day,0.0012249073100890223,0.004613626794490649,0.6728944048615221,0.26827733495187095,-0.0005121413781809049,0.6568028585906436,2048
mid_crt_log10_V_core,front_width_mm,0.04484800852346405,0.09369162056036515,0.6786373337648559,0.28567022669411807,0.10340598210086449,0.7815908599200215,2048
mid_crt_log10_V_core,diffusivity_ratio,-4.967379482008427e-05,0.0003504796727836551,0.0037097898935514574,0.0033953985273609136,-0.00026664548668787607,0.0048241338990492435,2048
mid_crt_log10_V_core,resection_time,4.652557613941189e-05,0.0008810685907450587,0.02429913881551619,0.020964678975817514,-1.150659461791849e-05,0.04312339712978512,2048
mid_crt_log10_V_core,chemo_kill_rate,-0.002111417192267552,0.004347097932798013,0.5247037222569293,0.24595179374061013,-0.0032414982209645424,0.5499084571893256,2048
mid_crt_log10_V_core,rt_alpha,0.05188988233829727,0.1084263829053865,0.7107811589288189,0.29059530134936173,-0.005455529735147512,0.7722903249792541,2048
mid_crt_log10_V_core,rt_alpha_beta_ratio,0.0010505822055169145,0.0012716125552074433,0.052052277619363395,0.04608578530624531,-9.660869207407843e-05,0.023972905280548663,2048
mid_crt_log10_V_core,seed_peak_density,-0.0001083602180894635,0.00015524812682733512,0.0007200872736015636,0.0007528268313398582,-0.0001677286538765769,0.0010310139371929917,2048
mid_crt_log10_V_core,seed_sigma_mm,0.00015194869822364164,0.00040318678940087755,0.004739925437434734,0.0037858259994357985,8.619273838777377e-05,0.005286871543870658,2048
mid_crt_log10_V_core,gaussian_seed_x_fraction,7.971678428278514e-05,0.00047223793157302654,0.006928492118173472,0.005499351540625833,-0.0002409266430255694,0.004317348253264724,2048
mid_crt_log10_V_core,gaussian_seed_y_fraction,0.00016942881912579416,0.00034194025791529204,0.0035087123170239763,0.0025742841187145343,7.591929861192836e-05,0.0012727203705033524,2048
mid_crt_log10_V_core,gaussian_seed_z_fraction,-0.00023206992439967912,0.0004268795504133347,0.005222868507725682,0.006284184095351502,-0.0004625748403835252,0.00931059310110587,2048
mid_crt_log10_V_edema,front_speed_mm_per_day,0.06197046384383328,0.0366224423435463,0.2724622127506595,0.037818660985437735,0.06094440246971141,0.27621308649259924,2048
mid_crt_log10_V_edema,front_width_mm,0.005600635039900092,0.021901620618299,0.1078704194376052,0.022069309791957478,0.005930571139107297,0.10715244233473453,2048
mid_crt_log10_V_edema,diffusivity_ratio,-0.0011211418861347853,0.0020121968557718765,0.0014195884328299195,0.0005253193562658698,-0.0017569915654935882,0.00177829412338361,2048
mid_crt_log10_V_edema,resection_time,0.00022426229505331845,0.00674911570611804,0.02003170441692449,0.006700457051535667,-0.001236980658554128,0.017797057853427403,2048
mid_crt_log10_V_edema,chemo_kill_rate,0.10557611204238494,0.03730969079787812,0.39160870699966915,0.04679570546318374,0.09251912790043745,0.39282427404053505,2048
mid_crt_log10_V_edema,rt_alpha,0.40418133248706944,0.05660500250259268,0.7974986878271623,0.05810106398705,0.3940751808178468,0.7874203639762541,2048
mid_crt_log10_V_edema,rt_alpha_beta_ratio,0.00019326584537022527,0.007785467201002242,0.025867157284925228,0.008388902122775037,0.00876768799763509,0.028533954217444167,2048
mid_crt_log10_V_edema,seed_peak_density,0.00012471272408032903,0.0016653349901163828,0.0023037661770318528,0.0022578394278337135,-0.0008944834267402006,0.0007621327662627248,2048
mid_crt_log10_V_edema,seed_sigma_mm,0.00023019639539042968,0.007200454557393591,0.019822097090112147,0.006441419494025384,-0.0023648908572727876,0.01800954732492641,2048
mid_crt_log10_V_edema,gaussian_seed_x_fraction,-0.0004031378984150884,0.001998462860275908,0.0020643552256371365,0.0010325531394395132,-9.462652617672681e-05,0.002431429599984515,2048
mid_crt_log10_V_edema,gaussian_seed_y_fraction,8.728884684904999e-05,0.001823332942311616,0.0015247068732494695,0.0003859935920513855,-0.0008972886543557946,0.0014200895337996076,2048
mid_crt_log10_V_edema,gaussian_seed_z_fraction,0.0005975049434003765,0.0026049822756689374,0.002475223921707863,0.0009251132078752604,-0.00042018495228066344,0.0021891861882516665,2048
mid_crt_r95_core,front_speed_mm_per_day,0.001632468733299567,0.004761262243417914,0.6622528357422339,0.2919695478049492,-0.00032040838436454854,0.7325236042640286,2048
mid_crt_r95_core,front_width_mm,0.01805893107727846,0.03965933412415166,0.5390136250588029,0.2281554285201298,0.0451766518350338,0.606025776488152,2048
mid_crt_r95_core,diffusivity_ratio,4.696314367688196e-06,0.0002209169828690284,0.001280470165602151,0.0010206271742544254,8.844860688811515e-05,0.0010534587610819632,2048
mid_crt_r95_core,resection_time,0.0005659212162170823,0.0012815679861638422,0.04619195543864959,0.0374299909352626,0.0014011630665479529,0.05642800141123029,2048
mid_crt_r95_core,chemo_kill_rate,-0.0017823634079600587,0.004901054791495313,0.6219238341866012,0.2739053625787376,-0.0035843471009136575,0.6504259729568151,2048
mid_crt_r95_core,rt_alpha,0.01789516032993163,0.03918200560506698,0.6636583888253296,0.27978599476277816,-0.00438471693509864,0.6774962759634389,2048
mid_crt_r95_core,rt_alpha_beta_ratio,0.002598131893581342,0.0019905504923266567,0.1164927950688093,0.0941389700505233,0.0010714183971135217,0.04263701994985936,2048
mid_crt_r95_core,seed_peak_density,2.908686763952433e-05,0.00014903645511008781,0.0006532092868125076,0.0004270254850160407,-5.328404883071014e-05,0.00020139920600919722,2048
mid_crt_r95_core,seed_sigma_mm,0.00016203661220130536,0.001269721806427883,0.0441370376308733,0.030617211282402693,-0.00021588508930279443,0.023733419473207954,2048
mid_crt_r95_core,gaussian_seed_x_fraction,1.6531543883348177e-05,9.407405160653829e-05,0.0002394111705469233,0.00016467874453058863,-2.7846357742114826e-05,0.00021372371941094827,2048
mid_crt_r95_core,gaussian_seed_y_fraction,8.517381605898007e-05,0.000258322006440153,0.001772893522986769,0.001998172732732921,1.4024791112859277e-05,0.0017404454417335275,2048
mid_crt_r95_core,gaussian_seed_z_fraction,-9.213344404360426e-05,0.00023528055052313393,0.0014925426829842969,0.0015030874195070295,-0.00015758120427301176,0.0011025658588361769,2048
mid_crt_r95_edema,front_speed_mm_per_day,0.10596635974528237,0.051920129998461226,0.38676422517929615,0.05659320266070752,0.10773974560655758,0.3937737784855672,2048
mid_crt_r95_edema,front_width_mm,0.015998955463782154,0.02455132490207626,0.1380816964498727,0.030988205976275954,0.019973566924413908,0.16737579708398642,2048
mid_crt_r95_edema,diffusivity_ratio,-0.0028567545214364842,0.006207137688941329,0.004348617581862787,0.005398301284042812,-0.005572036562202967,0.007859622905671734,2048
mid_crt_r95_edema,resection_time,0.00864286802161808,0.011389601686539654,0.05921079759977416,0.012872963567672528,0.004190505961348147,0.05492140018938666,2048
mid_crt_r95_edema,chemo_kill_rate,0.08473529736376921,0.037673015549164295,0.34818091879809415,0.053143494760693855,0.06886500456041525,0.34676782838134357,2048
mid_crt_r95_edema,rt_alpha,0.31285218787552427,0.052502885158436395,0.7362028955601236,0.07759982394523995,0.3000398998043964,0.7018059252020478,2048
mid_crt_r95_edema,rt_alpha_beta_ratio,-0.0017412274120305897,0.008079007491319021,0.03317021128493583,0.015240668724447293,0.0035624605534392605,0.0430501310291397,2048
mid_crt_r95_edema,seed_peak_density,-0.0019473833964682968,0.006731029024630239,0.00969440778260774,0.007373903136615145,-0.00667781648671064,0.009352826383133193,2048
mid_crt_r95_edema,seed_sigma_mm,0.01897711730966781,0.015997072734305638,0.09585005248948227,0.015554383868152251,0.009696501593428495,0.09913035962666229,2048
mid_crt_r95_edema,gaussian_seed_x_fraction,0.00017676798195854845,0.001363892812713157,0.00220958302267808,0.002857655962259563,4.164485919360577e-05,0.0012827374891004675,2048
mid_crt_r95_edema,gaussian_seed_y_fraction,-0.0012019133041799202,0.0019423913226407376,0.003745803622559034,0.004125292102695408,-0.0024260581378962504,0.0025503489572950727,2048
mid_crt_r95_edema,gaussian_seed_z_fraction,0.001506237982412548,0.0025229584988749085,0.0045203345461881355,0.004680559599289773,0.0014083756057524136,0.0018374397466381321,2048
mid_crt_centroid_drift,front_speed_mm_per_day,0.3078091413571503,0.03918493240231327,0.4098036164153435,0.03338360130056186,0.2905876516612691,0.4039854585827531,2048
mid_crt_centroid_drift,front_width_mm,-0.002213041040431354,0.016361443101597473,0.0687962132108952,0.009326138187327958,0.005064745493868835,0.06772140150451099,2048
mid_crt_centroid_drift,diffusivity_ratio,6.9568157088683e-05,0.00518301869183345,0.00573234784536796,0.0013522283889423837,0.0009418013270531424,0.006555397007760377,2048
mid_crt_centroid_drift,resection_time,0.13142694308904537,0.02762194474940459,0.22815670083883755,0.02314693503282611,0.12868066756496532,0.23187839437271218,2048
mid_crt_centroid_drift,chemo_kill_rate,-1.3863745991632378e-05,0.00018981480890462965,8.0477728798578e-06,1.3105299534815616e-06,6.360106913296743e-05,7.954226155089209e-06,2048
mid_crt_centroid_drift,rt_alpha,0.026612377198209566,0.016537265310547777,0.06524483852873898,0.0095205744756993,0.03506254602396117,0.06264200490990153,2048
mid_crt_centroid_drift,rt_alpha_beta_ratio,-0.0008365112860256325,0.003342410343945671,0.0020798672758358854,0.0005238947882679311,-0.0010789732736272658,0.0022042577479511626,2048
mid_crt_centroid_drift,seed_peak_density,0.0013705694247662002,0.004299138512511475,0.006071714716518539,0.0023308114134130355,0.0007963419725732809,0.00597082925075262,2048
mid_crt_centroid_drift,seed_sigma_mm,0.1546669693915999,0.02891030538646318,0.22746409658475086,0.019285138229975452,0.15012183692082812,0.22827345519085562,2048
mid_crt_centroid_drift,gaussian_seed_x_fraction,0.05438597326908088,0.022574106553593015,0.12879702696922676,0.013157727038488701,0.04784387650231716,0.1307508766611861,2048
mid_crt_centroid_drift,gaussian_seed_y_fraction,0.03917042367457898,0.024734974472347158,0.12762563558881182,0.015958608030979815,0.024871766484787106,0.12456914431130675,2048
mid_crt_centroid_drift,gaussian_seed_z_fraction,0.02933809251979507,0.016987250604771045,0.08255921667274362,0.011567780992753266,0.021580360069156968,0.08607898786518842,2048
mid_crt_centroid_x_mm,front_speed_mm_per_day,0.0009609837484487884,0.0069282846491463745,0.012666792872319397,0.0013054391608592058,0.003136713179669462,0.013035350481734495,2048
mid_crt_centroid_x_mm,front_width_mm,-0.0013381866246448407,0.0025453944014835733,0.0020220980520878106,0.00030658826235893617,-0.0003703440495765742,0.0019251504217349395,2048
mid_crt_centroid_x_mm,diffusivity_ratio,-0.0004911940399995281,0.00108375105663086,0.00038161995442109834,0.00010400895948139434,0.0002458874948713644,0.00037451896977038255,2048
mid_crt_centroid_x_mm,resection_time,0.0002151477219486026,0.0048100149918957,0.006810491977287265,0.0007790273881774949,0.0006215151830998807,0.006996642637097101,2048
mid_crt_centroid_x_mm,chemo_kill_rate,4.406820682101117e-06,2.986248556663336e-05,2.579913540162805e-07,5.51257613483639e-08,7.517549114590572e-06,2.5218246010596944e-07,2048
mid_crt_centroid_x_mm,rt_alpha,0.0006293269252246127,0.0027081042983155283,0.001979740656490372,0.0003748949724093886,0.0016847224141961193,0.0019055684313106624,2048
mid_crt_centroid_x_mm,rt_alpha_beta_ratio,9.28590360180364e-05,0.00048488147335658873,5.809315755939643e-05,1.8544312253612538e-05,0.00036627353646213017,7.187010376674432e-05,2048
mid_crt_centroid_x_mm,seed_peak_density,-0.0006021058651570863,0.0008439231288150066,0.0001803508935242911,2.841346215094565e-05,-0.00011633333249370517,0.000163878269934652,2048
mid_crt_centroid_x_mm,seed_sigma_mm,-0.001964218240328401,0.005934761295575565,0.009020295080440551,0.0009051377796208241,-7.76464837135486e-06,0.008987766867899805,2048
mid_crt_centroid_x_mm,gaussian_seed_x_fraction,0.9748244327837898,0.04907186910645017,0.9972784357286765,0.046968277726749975,0.9803595569470493,0.9983589312321597,2048
mid_crt_centroid_x_mm,gaussian_seed_y_fraction,0.0020882696508505326,0.003258186028105036,0.0029678212079238707,0.00040820857533709895,0.0023329444741232324,0.003114636157993338,2048
mid_crt_centroid_x_mm,gaussian_seed_z_fraction,0.0008516990405433044,0.002527721266094343,0.0017636537341749426,0.00027351572987270356,-0.00022920017367817591,0.0019044206671941265,2048
mid_crt_centroid_y_mm,front_speed_mm_per_day,0.0015136014963932226,0.005342672284127294,0.0077373830614251345,0.0009988189791207862,0.0055363760550893185,0.007923469547813498,2048
mid_crt_centroid_y_mm,front_width_mm,0.00047499253496804554,0.0025242111069871368,0.0013119143584861678,0.00022090002166985187,0.001917767273462518,0.001300583973878746,2048
mid_crt_centroid_y_mm,diffusivity_ratio,0.00023026715941330613,0.0009642113283568363,0.00021726354448181858,5.133760880350485e-05,0.00016513067084544103,0.00023291090129384402,2048
mid_crt_centroid_y_mm,resection_time,0.001740571292133509,0.004199393291007908,0.004398005089043392,0.000572609651059801,0.00398661685917418,0.004486452116899102,2048
mid_crt_centroid_y_mm,chemo_kill_rate,-4.867225442288912e-06,2.994534106663527e-05,1.9838109977377743e-07,5.1767291482123054e-08,-4.711707469941289e-05,2.117424715705167e-07,2048
mid_crt_centroid_y_mm,rt_alpha,-6.417626253325771e-05,0.002022410585493334,0.0011073572455078092,0.00023701414671372734,0.0004195723213056,0.0010325418258053968,2048
mid_crt_centroid_y_mm,rt_alpha_beta_ratio,-0.0001230479139636333,0.000368735484876265,3.4441404228618505e-05,1.3069376746935884e-05,-7.516448613267073e-06,2.8808623877216926e-05,2048
mid_crt_centroid_y_mm,seed_peak_density,9.151761011736325e-05,0.0007502930348589086,0.00014679748394821998,6.831744370803645e-05,0.00031957213230286827,0.00014843665413776755,2048
mid_crt_centroid_y_mm,seed_sigma_mm,-0.0005503829399188732,0.004360745336931958,0.005005766323299114,0.0007124437629684367,0.0033124509589517663,0.005085614265769718,2048
mid_crt_centroid_y_mm,gaussian_seed_x_fraction,0.011749612042853632,0.017391663282057844,0.09921149957030748,0.01063372480303563,0.013690428772220847,0.09976168125446663,2048
mid_crt_centroid_y_mm,gaussian_seed_y_fraction,0.8908266689246568,0.05101515903313847,0.9907603576815335,0.05285971399112804,0.8976401872679518,0.9960393886739559,2048
mid_crt_centroid_y_mm,gaussian_seed_z_fraction,0.0007157009932773181,0.003126692217705818,0.0024184482757322726,0.00032740133095287454,0.0027551985341656106,0.0026080708389332693,2048
mid_crt_centroid_z_mm,front_speed_mm_per_day,-0.003569016421090618,0.009810740431066368,0.02470180837723292,0.0028898777739159234,-0.007913832587780355,0.022480022165776152,2048
mid_crt_centroid_z_mm,front_width_mm,-0.0022869768898943986,0.004403957939705515,0.004696925307000961,0.0007933955723697101,-0.0021198061983521465,0.0047750394699064055,2048
mid_crt_centroid_z_mm,diffusivity_ratio,0.0011071181349162327,0.0022328758543458628,0.0010920444990542878,0.00027727244654564845,0.0011250998980248846,0.0013322859082616982,2048
mid_crt_centroid_z_mm,resection_time,0.002025979604221369,0.00834165384468089,0.014591748506288625,0.001931885914160766,0.0018905585608497712,0.014490395436492874,2048
mid_crt_centroid_z_mm,chemo_kill_rate,-8.771926024891626e-06,4.141325660394129e-05,5.530307249881653e-07,1.2999339868177267e-07,-2.957319015997824e-05,5.060941888461392e-07,2048
mid_crt_centroid_z_mm,rt_alpha,0.003460143773301979,0.00456895973075554,0.004519931654760421,0.0008672398934863035,0.00623186469915991,0.0043035968701180104,2048
mid_crt_centroid_z_mm,rt_alpha_beta_ratio,-0.0001474038696401731,0.0007413876834599534,0.00015632779193078635,5.046601125533773e-05,-0.0014670439289377918,0.00016825488211710628,2048
mid_crt_centroid_z_mm,seed_peak_density,0.0004501618168164998,0.0012744981403647311,0.0004575722434050957,0.00020952882617587156,0.00020962512984087296,0.00045712326156970256,2048
mid_crt_centroid_z_mm,seed_sigma_mm,0.0011954870201923108,0.007292243064274378,0.014588055334319401,0.0018820212528133599,-0.0064629846760680745,0.014431593348701295,2048
mid_crt_centroid_z_mm,gaussian_seed_x_fraction,0.024180594083988757,0.018413902546858638,0.09928577966361798,0.009979824622335211,0.021239526984576117,0.098973287821252,2048
mid_crt_centroid_z_mm,gaussian_seed_y_fraction,0.029544124209590447,0.023621320771471922,0.17594474945293098,0.014452208320597711,0.02480010098084892,0.1771847592539,2048
mid_crt_centroid_z_mm,gaussian_seed_z_fraction,0.7442778855035976,0.05323049082650458,0.9169413659924122,0.06243385951180117,0.7495014730018134,0.9181285643469749,2048
mid_crt_R_g,front_speed_mm_per_day,0.17493315885393204,0.030280371758828216,0.23581066038553578,0.020389425180051355,0.16086424720794468,0.2413411609087427,2048
mid_crt_R_g,front_width_mm,-0.0021097226260445756,0.006986903854584789,0.014087904189634166,0.0013907722399658486,-0.0029030613634677903,0.013738096712498139,2048
mid_crt_R_g,diffusivity_ratio,0.008301677715499951,0.006967753775730543,0.01081617212860108,0.001665133414651029,0.009193176959728782,0.011087663518442778,2048
mid_crt_R_g,resection_time,0.08341967205555116,0.0216533582331655,0.12018788590434565,0.012256288439087921,0.06507768884396622,0.11774124002832967,2048
mid_crt_R_g,chemo_kill_rate,6.12336438863502e-05,0.00017327270115710333,6.233226587030397e-06,1.0950917469653618e-06,5.086700141385693e-05,6.0197727932473745e-06,2048
mid_crt_R_g,rt_alpha,0.004771181011341874,0.007901501210660857,0.01747343167600225,0.0027200104777571014,0.0039037698632945505,0.01726545080841419,2048
mid_crt_R_g,rt_alpha_beta_ratio,-0.00023335493941426701,0.0010467776023052318,0.0003645890535863227,9.162974367005456e-05,-5.602217267611233e-05,0.0003467063419123525,2048
mid_crt_R_g,seed_peak_density,0.008024522984341117,0.005192562361069765,0.008234690267424925,0.0006783387570260054,0.008726295252549494,0.008064943255093564,2048
mid_crt_R_g,seed_sigma_mm,0.586195420215061,0.043100001314743404,0.5987633948875585,0.038229618603684,0.5839227274542336,0.5952432393658346,2048
mid_crt_R_g,gaussian_seed_x_fraction,0.019921783917410302,0.012189509481383129,0.03915820929117977,0.004389916950357998,0.014515132086443968,0.03923415809097597,2048
mid_crt_R_g,gaussian_seed_y_fraction,0.02029983069541385,0.012813989976063384,0.04539639509450339,0.005832641246766621,0.011407696839619183,0.04535640046144266,2048
mid_crt_R_g,gaussian_seed_z_fraction,0.017361761060342453,0.010453235012084878,0.033145178746422116,0.004615821104296622,0.021067086394040268,0.03638229635725218,2048
mid_crt_log10_anisotropy,front_speed_mm_per_day,0.22724253020755344,0.03767697618268304,0.4075562213806238,0.035945913645639226,0.23812728789936613,0.39629488899225734,2048
mid_crt_log10_anisotropy,front_width_mm,0.01616511927964975,0.026396635942713593,0.1785298765562207,0.023614306466939038,0.020873960478015114,0.16857366026929996,2048
mid_crt_log10_anisotropy,diffusivity_ratio,0.0018609078800307178,0.00878536904422556,0.016709998813720418,0.0028666277010071296,0.00137307399268292,0.01740255019707421,2048
mid_crt_log10_anisotropy,resection_time,0.14085011842701814,0.03358538409824743,0.30080879488492324,0.030329931862960628,0.1348024132709297,0.304225577263079,2048
mid_crt_log10_anisotropy,chemo_kill_rate,1.770481997672489e-05,0.00013963598885628303,5.3745094040929786e-06,1.6094024393095978e-06,-5.054610480574933e-05,5.633527069032027e-06,2048
mid_crt_log10_anisotropy,rt_alpha,0.010980031544466176,0.013806737651453634,0.05449532251382077,0.009584542647449271,0.006187589267594842,0.052102780341547576,2048
mid_crt_log10_anisotropy,rt_alpha_beta_ratio,-0.0018531200762672189,0.003193538176540993,0.0034300414975048173,0.001315726198149582,-0.003529718998694748,0.0038660830410562883,2048
mid_crt_log10_anisotropy,seed_peak_density,0.002320334581574058,0.004394053939738264,0.0062307880179997025,0.0026242117620330135,0.0005374909223201092,0.00601105107614106,2048
mid_crt_log10_anisotropy,seed_sigma_mm,0.06477746578054518,0.02244920977827078,0.13659453726049817,0.012767440212700678,0.07765383625428654,0.1371860675717357,2048
mid_crt_log10_anisotropy,gaussian_seed_x_fraction,0.07587815774525988,0.028789675098016474,0.24198459278432097,0.020502502326659195,0.0779145309681903,0.24463252422911166,2048
mid_crt_log10_anisotropy,gaussian_seed_y_fraction,0.04676923752687886,0.028732874581260275,0.21000592039221397,0.02230884998313663,0.026158704575918484,0.20755765180535335,2048
mid_crt_log10_anisotropy,gaussian_seed_z_fraction,0.027737502418184207,0.024009484297394718,0.13916592768615524,0.01696459490226148,0.02978346846472121,0.1422968959926394,2048
mid_crt_wm_fraction,front_speed_mm_per_day,0.09255207914898735,0.034696845840070906,0.2986746740065128,0.025278633602271804,0.0876481772225429,0.29285644939781225,2048
mid_crt_wm_fraction,front_width_mm,-0.020797746804769486,0.02050326103318187,0.11383143454090786,0.015400806510578027,-0.010020650815177968,0.11418378885284844,2048
mid_crt_wm_fraction,diffusivity_ratio,0.03503640012376139,0.01410655312595819,0.05173541664951966,0.005592286157763691,0.026986470625963512,0.053076836248169404,2048
mid_crt_wm_fraction,resection_time,0.03761862578667708,0.025227079278805267,0.21368445721406074,0.02126509170640658,0.0304249628008582,0.2134018928264561,2048
mid_crt_wm_fraction,chemo_kill_rate,8.744189153281165e-05,0.0001511314999939011,8.230946711388033e-06,1.5681506143496525e-06,0.000203133634935137,8.703393010219574e-06,2048
mid_crt_wm_fraction,rt_alpha,0.026466228681867494,0.01840146002637399,0.07632316874451718,0.013094630457457597,0.027722702387748117,0.08186641265658348,2048
mid_crt_wm_fraction,rt_alpha_beta_ratio,-0.0024737790520019845,0.003417395515435182,0.0028067016605133775,0.0008093399427434929,-0.002815077911626996,0.0027597974888173052,2048
mid_crt_wm_fraction,seed_peak_density,0.002276577660956777,0.005140427040290205,0.008743134221398446,0.00425353416091416,-3.259229392838241e-05,0.007757203271959207,2048
mid_crt_wm_fraction,seed_sigma_mm,-0.012731212552399333,0.022449334744366518,0.1590079846147155,0.017356798767486012,-0.007284457645386763,0.1580158843210016,2048
mid_crt_wm_fraction,gaussian_seed_x_fraction,0.039048235194134986,0.03333172158993048,0.2876417292346054,0.030145852839062615,0.04697350514308118,0.2946524386590329,2048
mid_crt_wm_fraction,gaussian_seed_y_fraction,0.03567645487628818,0.03170786686134327,0.268739446936226,0.026171029798850814,0.03812527510368201,0.2835790188698926,2048
mid_crt_wm_fraction,gaussian_seed_z_fraction,0.19439259174471543,0.039689035930425054,0.42030811841784166,0.042616853662894055,0.17749490023786268,0.4354878995045373,2048
end_crt_log10_mass,front_speed_mm_per_day,0.08990941575934996,0.022688523218019015,0.15122783275006452,0.015705589935459917,0.09088166939182471,0.15464452746738433,2048
end_crt_log10_mass,front_width_mm,0.010147100970650497,0.01705347054101508,0.08370472570493913,0.013046553643569832,0.020565806343748726,0.08144655605602862,2048
end_crt_log10_mass,diffusivity_ratio,0.0031637173126512277,0.004481052434810097,0.0060575929245155966,0.0010460289570234835,8.434869195090791e-05,0.0068349836462089685,2048
end_crt_log10_mass,resection_time,0.0002536789219817639,0.01225869802126239,0.04057812726286414,0.008450813826236279,-0.003106184346659785,0.039600617060712745,2048
end_crt_log10_mass,chemo_kill_rate,0.07162087764367132,0.016517390461896653,0.0689847882953627,0.005588913294636776,0.07224971247899327,0.06892281829281305,2048
end_crt_log10_mass,rt_alpha,0.5880563336832266,0.04929553673467146,0.6837829139498612,0.047043140145764765,0.573241344802007,0.6783260980925356,2048
end_crt_log10_mass,rt_alpha_beta_ratio,0.002736440573063156,0.004855219516552129,0.005330566477876123,0.000711976764458497,0.0030762337861646553,0.005450643313740411,2048
end_crt_log10_mass,seed_peak_density,0.0004819624526559094,0.002850235176763649,0.00270417433530743,0.0009853486211671163,-0.0002869620921351534,0.002211495426230408,2048
end_crt_log10_mass,seed_sigma_mm,0.07234918506905794,0.02108174727415972,0.12716090040387887,0.018995885364354453,0.07288404238344108,0.12033713622577362,2048
end_crt_log10_mass,gaussian_seed_x_fraction,0.002206073396382056,0.0055796455199200005,0.00844564903981266,0.0011576169828983642,0.00011995607470974215,0.00817496377471144,2048
end_crt_log10_mass,gaussian_seed_y_fraction,0.002501932518344968,0.005608064960291604,0.007829856531662337,0.0010273428326423642,0.0003147905091629793,0.0073868841904977485,2048
end_crt_log10_mass,gaussian_seed_z_fraction,0.00315936454757549,0.006777254605105604,0.00964792705737018,0.001728525301005013,0.0012003729097265462,0.01064612783866533,2048
end_crt_V_core,front_speed_mm_per_day,0.0006067531163321023,0.0024135505236290134,0.316771107252427,0.6125999293471814,0.0005676557279443667,0.22550525168745011,2048
end_crt_V_core,front_width_mm,0.0007983305915581774,0.003328342117086358,0.3699959652754907,0.7417789972091204,0.0011161003318753287,0.22353438638914191,2048
end_crt_V_core,diffusivity_ratio,-0.0002751482362563093,0.0008599771111831444,0.05481096949352372,0.15913885147451418,-0.0003023535609346275,0.06483400735912347,2048
end_crt_V_core,resection_time,-1.6885155311326075e-05,0.0008077269708237463,0.040349809436597515,0.10270485805645524,0.00021410769363002926,0.04078269972026005,2048
end_crt_V_core,chemo_kill_rate,-0.00043429621270566144,0.0028129137810634455,0.3059826991244016,0.7017839406361529,-0.00022861267378737951,0.2171721281909234,2048
end_crt_V_core,rt_alpha,0.008102059801565687,0.027044371138535504,0.20784975024147198,0.47191742644334156,7.295918162978467e-06,0.15024890425620885,2048
end_crt_V_core,rt_alpha_beta_ratio,0.00010956421406048772,0.0005184755844231533,0.00858269223588788,0.03161623352367964,1.6625718274168392e-05,0.0007293592567848212,2048
end_crt_V_core,seed_peak_density,1.0746157830078175e-05,7.241628441399876e-05,0.0003027646157631931,0.0008289969845631808,-1.736399570732703e-05,7.172788593966808e-05,2048
end_crt_V_core,seed_sigma_mm,-0.00019569073754740644,0.000563770682597086,0.017363126352180295,0.03725257382105233,-0.00012783056614718743,0.009894451594889662,2048
end_crt_V_core,gaussian_seed_x_fraction,0.00014378300931886654,0.000359774407461549,0.007289605357247799,0.016705493720522175,7.025216437487115e-05,0.006506835529270761,2048
end_crt_V_core,gaussian_seed_y_fraction,-0.0003379069628791232,0.002606511239506312,0.24206298936416132,0.9862202246513752,0.00026629377493466783,0.02883654683538808,2048
end_crt_V_core,gaussian_seed_z_fraction,-0.0006149248558635924,0.0014384611959462278,0.12048089697370984,0.3371227450966783,-0.0005621837893221328,0.13984559571862304,2048
end_crt_V_edema,front_speed_mm_per_day,0.05045203910656457,0.056734852946753594,0.5079403906758279,0.18953995113976307,0.05150472841237739,0.521063989957728,2048
end_crt_V_edema,front_width_mm,0.0026144299073846,0.024664647025181806,0.25473202868064787,0.12005497739390027,0.011676088309137626,0.23986899541215015,2048
end_crt_V_edema,diffusivity_ratio,-0.0006042746263206316,0.0019478961904307248,0.023149820871970445,0.020337157151718018,-0.0010716963538067634,0.03257126607639844,2048
end_crt_V_edema,resection_time,0.007304898528710829,0.011041654484053554,0.1005486156851502,0.04348875174179806,0.006815416190302284,0.09753669299194002,2048
end_crt_V_edema,chemo_kill_rate,0.002363437303242486,0.00656748217372836,0.28495409763808294,0.13395888368041087,0.002993686054172014,0.30262082243975447,2048
end_crt_V_edema,rt_alpha,0.06151561903789021,0.03785061268555418,0.5339501397533166,0.20038675497128008,0.07010079745274404,0.5535508997077587,2048
end_crt_V_edema,rt_alpha_beta_ratio,0.004682893528943698,0.009288093707070452,0.01568698474435817,0.01098587849117508,6.921600141324408e-05,0.0069587369792368445,2048
end_crt_V_edema,seed_peak_density,-0.0007660106244294663,0.0018300941003764636,0.0019013753360067572,0.0015103318788087343,0.00010152360370069323,0.0020252344254630453,2048
end_crt_V_edema,seed_sigma_mm,-0.0014198033235366377,0.020992073130500576,0.11617370461183762,0.060507978967551466,0.010299784470400851,0.09109348308800183,2048
end_crt_V_edema,gaussian_seed_x_fraction,0.0012147962006209565,0.0028312657799319974,0.03399369842025961,0.01848884293541538,0.0004320843818440534,0.03188708938150137,2048
end_crt_V_edema,gaussian_seed_y_fraction,0.0091178664770062,0.023046577422867896,0.10892697841784545,0.11191857129950758,-0.002785070821441858,0.08571333442495956,2048
end_crt_V_edema,gaussian_seed_z_fraction,-0.0025290435174129522,0.003124033574465808,0.05347386778109815,0.0400872609434566,-0.003247140850571498,0.07391933079401508,2048
end_crt_log10_V_core,front_speed_mm_per_day,6.451981264644109e-07,0.003365955858916326,0.6981057560269123,0.3740213822523443,0.0005800693659852476,0.6185819938318932,2048
end_crt_log10_V_core,front_width_mm,0.05982343190983717,0.12210665260855479,0.7719560706158526,0.4104804297090207,0.135421750648014,0.7846350543940181,2048
end_crt_log10_V_core,diffusivity_ratio,-3.195184587824791e-05,0.00010026643547443908,0.0006447025064078096,0.0007056407515225599,-6.298476910612585e-05,0.001280153791389557,2048
end_crt_log10_V_core,resection_time,-2.2760972932045207e-05,9.310120788595831e-05,0.0006423907840137187,0.000853166757043757,3.800226271143141e-05,0.0011451571545111861,2048
end_crt_log10_V_core,chemo_kill_rate,-0.0015743328512470075,0.0031673642198204732,0.5681433454380665,0.36879276303457337,-0.0011506850503382926,0.6052984747043875,2048
end_crt_log10_V_core,rt_alpha,0.08300543054048898,0.16721893465669943,0.6401750785336386,0.3758247722770294,-0.002349738773737895,0.6636856306489675,2048
end_crt_log10_V_core,rt_alpha_beta_ratio,-4.7462277979506855e-06,0.00027778202647853846,0.0046256782224016494,0.006211207033384852,-9.697841982631647e-05,0.001319760518332656,2048
end_crt_log10_V_core,seed_peak_density,-3.211233750095517e-05,7.653402760612318e-05,0.0003365847442065091,0.000731050803852385,-7.351386513690902e-05,0.0007412744558528857,2048
end_crt_log10_V_core,seed_sigma_mm,2.9032387100144042e-05,0.0001051573100335553,0.0006763188451094974,0.0009145268135146497,6.732067396249939e-05,0.001014083880494017,2048
end_crt_log10_V_core,gaussian_seed_x_fraction,5.545489093559778e-05,7.439194825974574e-05,0.0003612782254010327,0.0005150302147226991,5.826975628248691e-05,0.0006601059448355081,2048
end_crt_log10_V_core,gaussian_seed_y_fraction,4.2925597218620186e-05,0.00017967971462544757,0.0020453608634346484,0.002221740471359929,0.00012869408379058655,0.0011249846854635014,2048
end_crt_log10_V_core,gaussian_seed_z_fraction,-7.486495789811142e-05,8.948024459089244e-05,0.0006485026761671513,0.000590357693129252,-5.780842044176236e-05,0.0009466325676360845,2048
end_crt_log10_V_edema,front_speed_mm_per_day,0.04969890226702738,0.03277573184852972,0.5303576314535651,0.08667307664374707,0.05240861578218583,0.5164741457377208,2048
end_crt_log10_V_edema,front_width_mm,0.03448702366119396,0.03006458398258814,0.2821550098823589,0.06273809658451257,0.05918866867068691,0.28478083135866,2048
end_crt_log10_V_edema,diffusivity_ratio,-0.0012312568705891167,0.0019584227323557403,0.002082158509161677,0.0014833461074205679,-0.0005791470050753246,0.0032409217176604657,2048
end_crt_log10_V_edema,resection_time,0.006932541163873507,0.011369379120176236,0.04150945549935205,0.020662116645360416,0.013495792800963372,0.04347053372133243,2048
end_crt_log10_V_edema,chemo_kill_rate,0.06586117098175603,0.042370144792055656,0.4566490981797493,0.07684811793960636,0.08248015148043708,0.4537714673232054,2048
end_crt_log10_V_edema,rt_alpha,0.1709684230942737,0.06444180540559702,0.7456394038272175,0.10039247745103573,0.16537198387871985,0.7526892318979123,2048
end_crt_log10_V_edema,rt_alpha_beta_ratio,0.0018470981365338228,0.00510453800767165,0.02607137507340436,0.012788539697864192,0.0027670413372512005,0.03166788277717746,2048
end_crt_log10_V_edema,seed_peak_density,-0.0003714609759906765,0.001442327033749943,0.006828274267530601,0.006190604768436151,-0.0004885388143596052,0.009738553527401763,2048
end_crt_log10_V_edema,seed_sigma_mm,0.005796803864404445,0.008086696693163697,0.03681422744108122,0.01813832912182843,0.003473210960765984,0.03650669402209367,2048
end_crt_log10_V_edema,gaussian_seed_x_fraction,-0.0002086936035830393,0.0015709092091298579,0.001416432873465796,0.0007781659652049018,-0.0001340682820666634,0.0015989587424344775,2048
end_crt_log10_V_edema,gaussian_seed_y_fraction,-0.0005192764377776881,0.0013416164551869796,0.0019606027607884245,0.0010098738362687265,-0.001771182250136109,0.0022304649506362383,2048
end_crt_log10_V_edema,gaussian_seed_z_fraction,-0.001357801263380062,0.001302785317399744,0.002910604649151587,0.0019446762951880214,-0.0024209588279416657,0.004015945550153055,2048
end_crt_r95_core,front_speed_mm_per_day,8.049963709065317e-05,0.0032411744485726307,0.6544663445911177,0.4392217437372699,0.0005608052843579629,0.6670124281299808,2048
end_crt_r95_core,front_width_mm,0.03365378700522973,0.06927862134263718,0.6118921739908891,0.35352714072500285,0.08078101243089432,0.6727708687580183,2048
end_crt_r95_core,diffusivity_ratio,3.312130148925821e-06,2.4105770090131583e-05,4.086593244867434e-05,4.4878565278284217e-05,3.0424886454585585e-06,8.283958569894344e-05,2048
end_crt_r95_core,resection_time,-6.806164394336277e-05,0.00038701768409001226,0.011393695794827626,0.014564485734190209,0.00028209952250750657,0.018903365368035094,2048
end_crt_r95_core,chemo_kill_rate,-0.0016788487446364397,0.0031187233239652903,0.5440592286814651,0.37974409430720424,-0.001570551561193504,0.6155221811772573,2048
end_crt_r95_core,rt_alpha,0.03426936687078643,0.07001662479368058,0.5945862930361998,0.4096136977283784,-0.0030182073933879058,0.6920934858530883,2048
end_crt_r95_core,rt_alpha_beta_ratio,-0.00044905480401024304,0.0007966495317201704,0.033335880320991836,0.05805633861265007,-0.000594198422492206,0.051521520754241545,2048
end_crt_r95_core,seed_peak_density,2.9948185001103773e-05,4.460751633488361e-05,0.00015885833862621404,0.00017767319990801185,-1.4940360316906297e-06,8.347632325079535e-05,2048
end_crt_r95_core,seed_sigma_mm,9.17999485959118e-06,0.00033992298453542995,0.00782761427373419,0.006995083591758712,2.4427401357600006e-05,0.0038045909630513935,2048
end_crt_r95_core,gaussian_seed_x_fraction,1.7987000634834547e-05,3.0517277752153047e-05,7.938173878515567e-05,9.505990225801654e-05,3.1225959335618255e-05,0.00011312178077196016,2048
end_crt_r95_core,gaussian_seed_y_fraction,5.239427946350807e-05,0.00011370898127353869,0.0010834288998264328,0.0018900266843950803,0.0001436579427994143,0.002416465680430364,2048
end_crt_r95_core,gaussian_seed_z_fraction,-2.7092473938224055e-05,3.7709023578351146e-05,8.73536251872761e-05,0.00014572631437777947,-1.2251426352316816e-05,2.0986739565188287e-05,2048
end_crt_r95_edema,front_speed_mm_per_day,0.06966286151960482,0.0530024372710293,0.5683916683040012,0.10163526893957081,0.0777286381860939,0.5678659601873824,2048
end_crt_r95_edema,front_width_mm,0.03241310380184788,0.028932009791003677,0.27690462375865516,0.07203318553551717,0.05834849929902622,0.30179850429198496,2048
end_crt_r95_edema,diffusivity_ratio,0.0006377298364126067,0.0013534467464877036,0.0025754691410371324,0.002641163808575073,0.00034927385248472505,0.0015165496959825618,2048
end_crt_r95_edema,resection_time,0.0064511914054172104,0.007965401761103977,0.07854570963620362,0.02388016509547454,0.007313093377535754,0.0809276819056129,2048
end_crt_r95_edema,chemo_kill_rate,0.055175539021578096,0.040324242763857654,0.42031079232841506,0.08229171124723603,0.07518356315368896,0.42808723449162805,2048
end_crt_r95_edema,rt_alpha,0.14832446937355945,0.05730325274411622,0.6814841987131344,0.11640012084912137,0.16065154741114648,0.6991249597717252,2048
end_crt_r95_edema,rt_alpha_beta_ratio,7.102937786601535e-05,0.0032548583749746345,0.03712360238589445,0.021591027943535658,0.0033343203504991046,0.04879585672631207,2048
end_crt_r95_edema,seed_peak_density,-0.0013053228659132365,0.00241843809288644,0.0176058825832187,0.012926756517369126,-0.002453018268828749,0.023640243931713715,2048
end_crt_r95_edema,seed_sigma_mm,0.015127075294235565,0.015733434555667773,0.08699416283372088,0.024100189273595106,0.014740397996978433,0.08992861114463688,2048
end_crt_r95_edema,gaussian_seed_x_fraction,-0.0003194629704785259,0.0011369530938771211,0.0038966120514539377,0.004083399779623279,-0.00024148916478136448,0.003440174590674575,2048
end_crt_r95_edema,gaussian_seed_y_fraction,-0.00023929678534075766,0.0014933262167605862,0.009234354913419129,0.01033013682882313,-0.0012923166758348017,0.01163435539074347,2048
end_crt_r95_edema,gaussian_seed_z_fraction,-0.0005725782645799176,0.001548842478465803,0.008531748380621098,0.00880000047928255,-0.0007739896369830436,0.0002319310908659663,2048
end_crt_centroid_drift,front_speed_mm_per_day,0.2700045916204909,0.03590331915798994,0.3567839283183084,0.03108456082472993,0.26358835362015454,0.35624728650250503,2035
end_crt_centroid_drift,front_width_mm,-0.004858335086301342,0.01737156313590318,0.0740289728034532,0.008990384861442297,-0.02276109864775135,0.07606013745355837,2035
end_crt_centroid_drift,diffusivity_ratio,-0.00145599442695114,0.0061901877688430714,0.00784338679841554,0.0017670179685706012,-0.001831140147655544,0.008199011858073138,2035
end_crt_centroid_drift,resection_time,0.10173162733687575,0.02579445251222364,0.17694906038253336,0.017391552057125205,0.09952338653911345,0.172332894113232,2035
end_crt_centroid_drift,chemo_kill_rate,-6.073575199924697e-05,0.0004151296437128257,4.78516133166704e-05,9.031653532224448e-06,0.0002195021305777839,4.6824656332786816e-05,2035
end_crt_centroid_drift,rt_alpha,0.17436708758081454,0.03181394405255885,0.25013206882685113,0.020962496993441677,0.15819210932369349,0.2684858793778104,2035
end_crt_centroid_drift,rt_alpha_beta_ratio,0.0016282699903988854,0.004821331379562113,0.005040343384769148,0.001566323452636227,-5.3209957198131086e-05,0.006274896143999081,2035
end_crt_centroid_drift,seed_peak_density,8.790993346717553e-05,0.005052071060148547,0.006628339838395369,0.002323075745829211,-0.003070494089042339,0.007604055114413805,2035
end_crt_centroid_drift,seed_sigma_mm,0.12859151712428016,0.028167907552482063,0.1938425113116282,0.017472972237470605,0.12379318493142817,0.1926792551393028,2035
end_crt_centroid_drift,gaussian_seed_x_fraction,0.04609427116074602,0.02045857959273224,0.10854532947724353,0.011510285780404824,0.04670435614195549,0.1114746277661865,2035
end_crt_centroid_drift,gaussian_seed_y_fraction,0.03436894070483619,0.021844918570620535,0.1066255854506821,0.012766127924550357,0.024612915350403327,0.106741077133009,2035
end_crt_centroid_drift,gaussian_seed_z_fraction,0.019364039762220373,0.016261374139598658,0.0708999175408134,0.009225480777700546,0.012772954715735496,0.0715627185683065,2035
end_crt_centroid_x_mm,front_speed_mm_per_day,0.002691939862947051,0.007641043280114103,0.016355574047477815,0.00191082071539117,0.004176349468235379,0.016432648655683762,2035
end_crt_centroid_x_mm,front_width_mm,-0.002345297561822392,0.003660659602588574,0.003755976534511798,0.0005550437910874117,-0.0020609579802064264,0.0035794037051690574,2035
end_crt_centroid_x_mm,diffusivity_ratio,-0.00035235504697832894,0.0015279514026509352,0.0007194010464981604,0.00016817936794262083,0.0006812043148153896,0.0007087130371275622,2035
end_crt_centroid_x_mm,resection_time,0.00014392351253800616,0.0054190627245620585,0.00829301318535579,0.0009777170537718805,0.0009644335564776285,0.008187145886148967,2035
end_crt_centroid_x_mm,chemo_kill_rate,3.1373243578212754e-05,9.073490287933578e-05,2.3037094010795446e-06,5.749586698368362e-07,3.51027139560137e-05,2.259479458130627e-06,2035
end_crt_centroid_x_mm,rt_alpha,0.001667734191091675,0.006120482595245283,0.011143753514415218,0.0012669647364504813,0.0018546512681551098,0.011769400098900352,2035
end_crt_centroid_x_mm,rt_alpha_beta_ratio,0.00011010766026252926,0.0008333650685950054,0.00019023620164782286,4.793983589208486e-05,4.083857404029685e-05,0.000198188157319447,2035
end_crt_centroid_x_mm,seed_peak_density,0.00029834296511155746,0.001036002037623106,0.0003141319947998156,6.888841178825605e-05,0.0011446376765930444,0.00034792342526057077,2035
end_crt_centroid_x_mm,seed_sigma_mm,-0.003295396554776133,0.006626242727091868,0.012263048327597226,0.0012463632898761482,-0.0021088426634099694,0.01163940732424368,2035
end_crt_centroid_x_mm,gaussian_seed_x_fraction,0.958209012833068,0.04862686574721134,0.9965324847276399,0.04678315719856157,0.9684910457115218,1.0022726146713017,2035
end_crt_centroid_x_mm,gaussian_seed_y_fraction,0.0006883603743143438,0.004598679533493709,0.005510943396570668,0.0007789621107656568,0.0011322597551038007,0.005380365377700285,2035
end_crt_centroid_x_mm,gaussian_seed_z_fraction,0.0006236102916002561,0.003344384356875714,0.0037288219364122366,0.000626631405399396,-0.0007133192825514415,0.003839780294713869,2035
end_crt_centroid_y_mm,front_speed_mm_per_day,0.00022889778949806443,0.006647291272835862,0.011702872002435012,0.0015761848090131037,0.0035898706854753408,0.012443982119152042,2035
end_crt_centroid_y_mm,front_width_mm,-0.0008186737265778841,0.0031262476263334135,0.0021616149062173152,0.00035435045755535924,-0.00023049097277437667,0.002441638023637886,2035
end_crt_centroid_y_mm,diffusivity_ratio,0.00027784450242415183,0.0014082657090105952,0.0004761549319579194,0.00016361825303714587,0.0005027695994202259,0.0005762018814695272,2035
end_crt_centroid_y_mm,resection_time,0.0008054445778917161,0.004848211718590321,0.005771881352227849,0.0007359449158727166,0.003066979506551291,0.0058548857551825395,2035
end_crt_centroid_y_mm,chemo_kill_rate,-1.0209891940591855e-05,8.913130413065944e-05,1.8078093009009783e-06,4.835230111358298e-07,-0.00013284771938465724,1.812745227295628e-06,2035
end_crt_centroid_y_mm,rt_alpha,-0.0006077843599754059,0.005189165575595229,0.007165692321798549,0.0009904033108444515,-0.0026547521013362296,0.0076850121938973805,2035
end_crt_centroid_y_mm,rt_alpha_beta_ratio,-0.00041780625681610696,0.0007526496411959082,0.0001375571279090834,4.27587835009911e-05,-0.001113313610875519,0.00016782781110678867,2035
end_crt_centroid_y_mm,seed_peak_density,0.00012960834533020963,0.0010052578500579815,0.0002736108641053237,9.988724776280134e-05,0.00030294721407739613,0.0003057048699557581,2035
end_crt_centroid_y_mm,seed_sigma_mm,0.0005421250576456595,0.005557851677294444,0.007869791189029827,0.0011098143045971788,0.004088416074034108,0.00824768264666814,2035
end_crt_centroid_y_mm,gaussian_seed_x_fraction,0.014875084423436923,0.01696428605045132,0.10317386782018381,0.011187638578062167,0.019094688473180563,0.10445590676190274,2035
end_crt_centroid_y_mm,gaussian_seed_y_fraction,0.8774252684773071,0.051378655675413026,0.98940055395904,0.05437151921421195,0.8832918108922397,0.9910694940181882,2035
end_crt_centroid_y_mm,gaussian_seed_z_fraction,0.0008014333180082957,0.004190563222484518,0.005102330250518529,0.0007786785232264946,0.002006787312579866,0.005901842718477586,2035
end_crt_centroid_z_mm,front_speed_mm_per_day,0.0004272567780168746,0.011592642034441153,0.03570306285316961,0.004209275627159193,-0.005178918752485306,0.032303196444200266,2035
end_crt_centroid_z_mm,front_width_mm,0.0007070655524761869,0.0057765040551542605,0.008305906306231854,0.0012883590596234123,-0.00016444541401847786,0.008307640387575784,2035
end_crt_centroid_z_mm,diffusivity_ratio,0.0024077483411002088,0.0036296043078989705,0.00247977294542137,0.0007085776890572052,0.0019347300107331793,0.0032049267227167774,2035
end_crt_centroid_z_mm,resection_time,0.005566064352117582,0.009350002450129825,0.019111285324314345,0.0026329904248843395,0.00824540441625212,0.017351616974143023,2035
end_crt_centroid_z_mm,chemo_kill_rate,-6.872024055098138e-06,0.0001323262804723229,5.26430385120682e-06,1.2487488371378612e-06,-7.583820463988466e-05,4.9008929164258425e-06,2035
end_crt_centroid_z_mm,rt_alpha,0.01311892919415449,0.009667859236810497,0.027020796758622137,0.003461393529342108,0.01872598975611101,0.02872887953138771,2035
end_crt_centroid_z_mm,rt_alpha_beta_ratio,0.00020414010441185222,0.0016816681328404538,0.0006007047104833659,0.00032283709789520705,0.0010360037987026955,0.0008260935888777746,2035
end_crt_centroid_z_mm,seed_peak_density,0.0005584265706574848,0.001807513531434153,0.0008850449645118978,0.000338493132152364,0.0008040896008190603,0.0010463932818467578,2035
end_crt_centroid_z_mm,seed_sigma_mm,0.0045165589366181775,0.009013237899348762,0.022642557257392733,0.0031877121828032253,-0.007933690163283994,0.0225098015939268,2035
end_crt_centroid_z_mm,gaussian_seed_x_fraction,0.02752230811416259,0.019181923193393624,0.10710804308572133,0.011468987760836083,0.022711622666597413,0.10759165211068131,2035
end_crt_centroid_z_mm,gaussian_seed_y_fraction,0.030259925550837338,0.02362733868067984,0.18889994248428146,0.015737048858156594,0.027131495752661817,0.18870055622396992,2035
end_crt_centroid_z_mm,gaussian_seed_z_fraction,0.7054438905647978,0.05197189929849014,0.899319129336585,0.06385421520314206,0.7105245941819264,0.897775183936392,2035
end_crt_R_g,front_speed_mm_per_day,0.18943498174423662,0.030176081077216168,0.25113637631385355,0.022051263255857798,0.18371727898916101,0.2587090111088076,2035
end_crt_R_g,front_width_mm,0.006481106220184063,0.00824398693490553,0.01695350041935821,0.0019355533610118428,0.0023937069984366114,0.016703737242560968,2035
end_crt_R_g,diffusivity_ratio,0.016002573925648328,0.009154048244486391,0.01809597601791472,0.002838462945024611,0.01735562375006238,0.01988028981117825,2035
end_crt_R_g,resection_time,0.07764104779516555,0.02047016027182789,0.11547402365251068,0.011507791415698498,0.06288856271254466,0.11122259809535134,2035
end_crt_R_g,chemo_kill_rate,0.00023522828781010898,0.00046620452758440077,4.455571406496322e-05,9.306229307357521e-06,0.00022197367429456095,4.3104342361850945e-05,2035
end_crt_R_g,rt_alpha,0.029271800890618968,0.014081582851050463,0.052727818561081746,0.005342196100522962,0.027150442562887313,0.05451874954124548,2035
end_crt_R_g,rt_alpha_beta_ratio,0.0007328661279676821,0.0019495625687259686,0.0011148684743187375,0.0004181938083455148,-0.00036163464128154187,0.0013298704324912016,2035
end_crt_R_g,seed_peak_density,0.0056451588234720605,0.005300566764815786,0.007689374026823792,0.0007084843125520813,0.006674167055692515,0.007607158516491953,2035
end_crt_R_g,seed_sigma_mm,0.525012615539014,0.04169509474677455,0.532805418651838,0.035402717918449345,0.5309658935844682,0.5353147213432735,2035
end_crt_R_g,gaussian_seed_x_fraction,0.028705257136232683,0.01526372552423472,0.06303243826517646,0.007657970001724556,0.020442846777381295,0.06360971687944943,2035
end_crt_R_g,gaussian_seed_y_fraction,0.03319488133878023,0.015062316893493,0.0684200612142218,0.009405258994627314,0.02296386845823488,0.06808370823471659,2035
end_crt_R_g,gaussian_seed_z_fraction,0.028789221267805577,0.013138786791041801,0.04911818189842155,0.006800218187313522,0.03230177319943379,0.05209989884760873,2035
end_crt_log10_anisotropy,front_speed_mm_per_day,0.176340051364762,0.033127838540867725,0.3107478323592541,0.028331272566101795,0.17169264819602204,0.3037585593435503,2035
end_crt_log10_anisotropy,front_width_mm,-0.011068323866883629,0.026562065810906917,0.1769015312187508,0.020390459886934005,-0.034228119198023294,0.1769723927166138,2035
end_crt_log10_anisotropy,diffusivity_ratio,0.004403872753944351,0.008863204692688377,0.021333323459745694,0.0036782001587321667,0.005610403206245424,0.022446888323868694,2035
end_crt_log10_anisotropy,resection_time,0.09263600120452796,0.02874003308078524,0.23271065065253846,0.025148263647015504,0.074417462128907,0.21729304373405486,2035
end_crt_log10_anisotropy,chemo_kill_rate,4.7611585412743084e-05,0.00032752990290836446,3.1094606812676087e-05,8.054663809606603e-06,-7.841140210195073e-05,3.183104534819164e-05,2035
end_crt_log10_anisotropy,rt_alpha,0.19459818538422285,0.03978743905462729,0.3398134097857662,0.03188013687039631,0.15822280767265717,0.3487189671536456,2035
end_crt_log10_anisotropy,rt_alpha_beta_ratio,0.0017321012809991348,0.005981862407378259,0.009101160571699133,0.0022512548908224664,-0.0026726086054451085,0.008768277108590078,2035
end_crt_log10_anisotropy,seed_peak_density,-0.0012111858060359513,0.005719216705607052,0.009708823468866137,0.004505022143771428,-0.002863896279685188,0.011082574160829238,2035
end_crt_log10_anisotropy,seed_sigma_mm,0.04961860271528607,0.024199394889688388,0.14723549641659983,0.017124150969153887,0.06549373644421219,0.1475775867092325,2035
end_crt_log10_anisotropy,gaussian_seed_x_fraction,0.0323481214521567,0.02687360962074067,0.1894893076431579,0.017044822670828793,0.026033852793577374,0.19250314396549167,2035
end_crt_log10_anisotropy,gaussian_seed_y_fraction,0.04864663437562214,0.02717075833834082,0.18304631038943175,0.02032404314693732,0.04160250254272299,0.17617130659284022,2035
end_crt_log10_anisotropy,gaussian_seed_z_fraction,0.011241450209212389,0.021718804120911626,0.1228558253766464,0.014586029823065071,0.01397820948847799,0.1266639238138042,2035
end_crt_wm_fraction,front_speed_mm_per_day,0.06482692031347716,0.03022543243031408,0.2504184379241585,0.023706672690591037,0.07427309626278093,0.24203067569550757,2035
end_crt_wm_fraction,front_width_mm,-0.013316287068703919,0.02108572719495226,0.13437190125622078,0.017760904895919773,-0.0024486074191062772,0.12912960153734068,2035
end_crt_wm_fraction,diffusivity_ratio,0.04829175010069341,0.016292073618562372,0.06965171064586713,0.00871963068874146,0.04479539829453507,0.07389104720388462,2035
end_crt_wm_fraction,resection_time,0.02057099990393239,0.024097429117895256,0.1762198280587341,0.01982261223081345,0.010885896538111669,0.1671193996878144,2035
end_crt_wm_fraction,chemo_kill_rate,9.849254118323309e-05,0.00039667225886197893,4.866830518327213e-05,1.122427335585303e-05,0.0004588512878485718,5.0536252409085385e-05,2035
end_crt_wm_fraction,rt_alpha,0.18241703412369104,0.03801546743492379,0.35261924974527153,0.036281894288955625,0.19115623518258848,0.39035360105731515,2035
end_crt_wm_fraction,rt_alpha_beta_ratio,0.00020558152717661246,0.005736073164266697,0.007412200529821818,0.0022019799922752587,-0.002293145986377974,0.009004448206274801,2035
end_crt_wm_fraction,seed_peak_density,-0.0002085908194291451,0.005573130990858749,0.01083138165822623,0.004426123061124271,-0.0018784262549627797,0.01193793723458105,2035
end_crt_wm_fraction,seed_sigma_mm,-0.032765069352343086,0.02454497485111252,0.15847710254824718,0.02058639013798118,-0.029350527795695695,0.14698271504306176,2035
end_crt_wm_fraction,gaussian_seed_x_fraction,0.017436920735372743,0.028726640317301492,0.20750357234320774,0.022957767467275986,0.020970473878149706,0.21410942876230146,2035
end_crt_wm_fraction,gaussian_seed_y_fraction,0.00460275963208578,0.025625802599357143,0.20323456567562412,0.021447166932272298,0.01669177807215393,0.2077281070272378,2035
end_crt_wm_fraction,gaussian_seed_z_fraction,0.11914837554406553,0.03589954354320042,0.3154381514702608,0.03314799721865377,0.11699742207700317,0.31886720858946627,2035
