qoi,factor,S1,S1_conf,ST,ST_conf,S1_half,ST_half,n_blocks_used
log10_mass,front_speed_mm_per_day,0.11148351284202282,0.022138517348689372,0.14088073240255458,0.013945009111702385,0.10920238631447943,0.14703354454570655,2048
log10_mass,front_width_mm,0.007902209553798238,0.009686248505733703,0.028780763693073603,0.0037983690087619107,0.009133678599126402,0.028302142940819185,2048
log10_mass,diffusivity_ratio,0.0019338108794928815,0.0030670503306267486,0.0024196166147070902,0.000738242318720789,0.0025219607617102927,0.0030305966675724565,2048
log10_mass,resection_time,0.00022811792305083998,0.0048733191063916395,0.006397531328549631,0.001231859134674041,-0.001615426029105333,0.005925719608924968,2048
log10_mass,chemo_kill_rate,0.6705637441188714,0.05203968819952804,0.6857141894328732,0.040075467836221935,0.6729614284785347,0.6832264824051651,2048
log10_mass,rt_alpha,0.15654803773720838,0.02742580866143994,0.19169282357059758,0.017917818543753256,0.15561384657086014,0.1961933640217734,2048
log10_mass,rt_alpha_beta_ratio,0.0005256975691811218,0.0018729659578883265,0.0008460107718758146,0.0001601627209955343,0.0011987108210025957,0.0008166224868664786,2048
log10_mass,seed_peak_density,2.2690694130491405e-05,0.0013186084883427477,0.0004459206130880315,0.00015672416311614392,-6.957542904250427e-06,0.00035199528769079666,2048
log10_mass,seed_sigma_mm,0.017838810807587053,0.009461865425446813,0.023803888536306682,0.0025991263046659255,0.017245727889361635,0.023387419332057447,2048
log10_mass,gaussian_seed_x_fraction,0.0022912793981213196,0.0032309581602117574,0.0029873589902510156,0.0004325247305624095,-0.0008504545260141916,0.0028389170630524338,2048
log10_mass,gaussian_seed_y_fraction,0.0020427942963243627,0.003325279937935012,0.002927270778865134,0.0006255167648423325,-0.0011390421014804309,0.0030540719854102805,2048
log10_mass,gaussian_seed_z_fraction,0.00046251101581200175,0.003471349835761769,0.0034111796205248796,0.0006817786288207358,-0.0009752480976380839,0.003784683738278715,2048
V_core,front_speed_mm_per_day,0.04757216290773062,0.06154564858927231,0.4865864700328137,0.2187067752483843,0.07622461864421498,0.44986779237925734,2048
V_core,front_width_mm,-0.01658330790086737,0.04552204638791946,0.28285978984886556,0.13043649126151075,-0.018196587077995614,0.29797101529866993,2048
V_core,diffusivity_ratio,0.00952925068775407,0.01787957959802015,0.03727090826345279,0.02754443085562765,0.0018183522718620948,0.029968193350909403,2048
V_core,resection_time,0.013994792053278547,0.02697605290676061,0.09085097261047889,0.0436587448338909,-0.005856868935916528,0.07951743116209631,2048
V_core,chemo_kill_rate,0.0391290760840435,0.029354154527927195,0.500496400957518,0.24156419160637063,0.045800186104041705,0.5090295225866973,2048
V_core,rt_alpha,0.012573943576221642,0.014999014651282214,0.2598783507891349,0.16728398625746366,-0.000848195804764103,0.3206984544565307,2048
V_core,rt_alpha_beta_ratio,-0.000968528328224657,0.0010656438732353406,0.00046901994306906017,0.0003845816923260497,-0.0006550556708694508,0.0007755076424424672,2048
V_core,seed_peak_density,-2.344842186547636e-05,0.0005451559035658187,0.0007563915131569177,0.00043991403808632887,0.00010412080751307128,0.0005818053951996983,2048
V_core,seed_sigma_mm,0.002697431409641894,0.021623621708199314,0.07280388524873752,0.0452734739798035,0.014796052077213217,0.05599448390768126,2048
V_core,gaussian_seed_x_fraction,-0.0063269293920131305,0.009190029689390682,0.023982912577256724,0.012476780709148311,0.0007438076563520176,0.026600579278908756,2048
V_core,gaussian_seed_y_fraction,0.0004055360780997512,0.01865324406741952,0.09511924560590075,0.0737682361861108,-0.009712471573045589,0.08501727659574072,2048
V_core,gaussian_seed_z_fraction,-0.0008688583512484014,0.008816419259053139,0.061840212234017346,0.035231417416924794,0.0013378856088346219,0.08231925955370828,2048
V_edema,front_speed_mm_per_day,0.11598206547060692,0.060311266872471334,0.5109959115918282,0.15940445719287366,0.12182507771373981,0.46843273210997316,2048
V_edema,front_width_mm,0.0008966318317031015,0.021511245716944946,0.1502832628575185,0.04940699223697617,0.0029251153637363273,0.15087687642021397,2048
V_edema,diffusivity_ratio,0.005388242107952088,0.017049408516449153,0.04812209995470321,0.025237420465520802,-0.0022790924130024143,0.03806808597068506,2048
V_edema,resection_time,0.016032122261443477,0.02318819047851948,0.09469367587524725,0.033708035414343196,-0.004112487777254263,0.08209034144541821,2048
V_edema,chemo_kill_rate,0.08734687821477538,0.031270817313251445,0.4612305316703301,0.15858361021241174,0.09499874567833666,0.5089875121898116,2048
V_edema,rt_alpha,0.04136133907351992,0.02209334648584905,0.2468952828650828,0.09063314897845454,0.03997851381715353,0.2520500904983953,2048
V_edema,rt_alpha_beta_ratio,0.00014220367501521756,0.0019807984332409893,0.0006175858144469029,0.0005276705078093724,0.0016203280668351141,0.000897290528140353,2048
V_edema,seed_peak_density,0.00022295275847345844,0.000753054084569346,0.0011071820498173921,0.00047467633743257845,2.709493051278403e-05,0.0010709834003715946,2048
V_edema,seed_sigma_mm,0.004931851161404452,0.01908399008031785,0.08622568881457303,0.03166959349599975,0.01259980880402934,0.07409909555177945,2048
V_edema,gaussian_seed_x_fraction,-0.007184752455926851,0.009521258826544107,0.03979998432035138,0.015563865722692354,-0.0003977486544018694,0.03775715650118541,2048
V_edema,gaussian_seed_y_fraction,0.0025916855653192847,0.01626660065326594,0.08700655178720407,0.04935599288740591,-0.004873975408397458,0.07921749295841463,2048
V_edema,gaussian_seed_z_fraction,-0.002425188773798075,0.00863943117706284,0.07395567553796283,0.04201965711596034,-0.0020452379143157703,0.10067280480765975,2048
log10_V_core,front_speed_mm_per_day,0.1259697745156687,0.049760302160818434,0.5645667297650526,0.07329078629152735,0.10643476192487396,0.569038421290376,2048
log10_V_core,front_width_mm,0.057168599017861865,0.03653752533734079,0.35509717104889793,0.05550744196316395,0.05502514284701587,0.36472278528089014,2048
log10_V_core,diffusivity_ratio,0.0013355574280907174,0.003604105914164005,0.0024428583573932344,0.001376561255475015,-0.0002087469387145527,0.0031475518135464266,2048
log10_V_core,resection_time,0.003918993966269594,0.004122751501676038,0.012392656858532707,0.005619290879308757,0.0030539407291434425,0.013780910235624775,2048
log10_V_core,chemo_kill_rate,0.17234271183669966,0.05279881259557449,0.6760620364095585,0.07959750916941626,0.18764554313079904,0.7045014642960339,2048
log10_V_core,rt_alpha,0.04638806831831601,0.02872673475112687,0.36295780631648245,0.05862668225213949,0.04804958306449689,0.3620610995895279,2048
log10_V_core,rt_alpha_beta_ratio,-0.0010478159304156205,0.0011861305337918136,0.001415677436445028,0.001474288790772636,-8.775035923243379e-05,0.0007729813211285688,2048
log10_V_core,seed_peak_density,0.0003080385867276744,0.0007501699669387438,0.00035937401377871166,0.00033151824666500824,-0.0004941587225067414,0.0003969076281977714,2048
log10_V_core,seed_sigma_mm,0.009028753877779615,0.00883383516005179,0.008578876753365739,0.004764017755437313,0.00445779193724559,0.008255623611640893,2048
log10_V_core,gaussian_seed_x_fraction,3.3825754787155434e-05,0.005450177410454867,0.0035250835759780353,0.0020598243505315405,-0.002453158309086495,0.003201735599345622,2048
log10_V_core,gaussian_seed_y_fraction,-0.0004256595705434345,0.0022181001737823685,0.003330214577882098,0.0022320082853825207,-0.0002916530074950141,0.004903632047144867,2048
log10_V_core,gaussian_seed_z_fraction,-0.001303930897953022,0.0018839867719679527,0.00230501754390245,0.0010608319807008054,-0.0022688341853267916,0.003236574097744439,2048
log10_V_edema,front_speed_mm_per_day,0.12391544234606902,0.040472786687067115,0.3981963816290993,0.04374897235909953,0.1390163833025648,0.4127043512829599,2048
log10_V_edema,front_width_mm,0.05119715381876444,0.02925057641417359,0.21851833957419475,0.030424791936685694,0.06711595207387504,0.2227761024469615,2048
log10_V_edema,diffusivity_ratio,0.00119607155648744,0.004261877672900968,0.0020017060744499243,0.0014638236755001332,0.0016514008030262936,0.002260906410030261,2048
log10_V_edema,resection_time,-0.0021623058367588595,0.006883947116471474,0.011632934389687127,0.005292208167381728,-0.005862280337099251,0.01092240122628517,2048
log10_V_edema,chemo_kill_rate,0.28242848466820775,0.048367270635079986,0.6552052930453067,0.052408695430597035,0.2851517058956299,0.6803660323767734,2048
log10_V_edema,rt_alpha,0.10324680786540262,0.03618612123878632,0.44412036695669294,0.04472734342198499,0.11937026760528398,0.42071793244437883,2048
log10_V_edema,rt_alpha_beta_ratio,-0.000354619987981841,0.0037061513187277313,0.004469575339014222,0.003109917876116435,-0.001373057630094881,0.00467454466089173,2048
log10_V_edema,seed_peak_density,0.00020270337829090694,0.0009130183874521342,0.00039383409132479763,0.0005732408462209678,0.0003057055989832191,0.00010115181116357067,2048
log10_V_edema,seed_sigma_mm,3.3739475150980725e-05,0.005273491624017669,0.008748438654980852,0.0022556588545511935,-0.0007867576531028989,0.007692933717715595,2048
log10_V_edema,gaussian_seed_x_fraction,-0.0016444163457540503,0.0035777320536533068,0.0025769692153229154,0.0011665539888015544,0.0016121070394918464,0.0020602419399980685,2048
log10_V_edema,gaussian_seed_y_fraction,0.00017596285116954958,0.00241302244061655,0.002610177960103485,0.0018796661517753192,0.0006391225962602828,0.003250244436752447,2048
log10_V_edema,gaussian_seed_z_fraction,-0.0013632151573124618,0.0027151737964261156,0.003381878750101168,0.0015404838423704193,0.0004082488281581864,0.003326494580433641,2048
r95_core,front_speed_mm_per_day,0.14827279424092094,0.06433191982651768,0.5915525341291755,0.09292985697200978,0.123952813375888,0.599795926994628,2048
r95_core,front_width_mm,0.054307591918720956,0.036461913506434365,0.33468855403639963,0.06202563572482692,0.054646649536867535,0.3473348466325231,2048
r95_core,diffusivity_ratio,0.0013458367346315682,0.002632323454194341,0.0029236454591102484,0.002498194174798608,2.7421418025710527e-05,0.004565986610036574,2048
r95_core,resection_time,0.011471056509886163,0.017054884310418086,0.042229578992401796,0.009442904296068257,-6.339460170555647e-05,0.0441162493737733,2048
r95_core,chemo_kill_rate,0.13911093854485795,0.050637382048703584,0.6261294319152967,0.0994394430047556,0.16048668051665813,0.6671074255462477,2048
r95_core,rt_alpha,0.04342520786849978,0.027523852234114802,0.30799760388911057,0.062365224542585064,0.05450862061743176,0.3090706060268218,2048
r95_core,rt_alpha_beta_ratio,1.247626563910115e-05,0.0007564931723648567,0.0015318902698648127,0.002387132527837991,-0.00030048293710313465,0.0005567363370180332,2048
r95_core,seed_peak_density,0.0012996558575302276,0.0026103839550858155,0.0017554614383300609,0.0016244587815534115,-0.0009013937928133674,0.0011303674540936212,2048
r95_core,seed_sigma_mm,0.01626602073995055,0.012966594209587583,0.048932680705719905,0.010453735685932747,0.015329105960782349,0.052677693236531584,2048
r95_core,gaussian_seed_x_fraction,-0.0005504124681766262,0.00258905482171898,0.001574587301593151,0.0009376911140670377,-0.00126885965900892,0.002141835687638049,2048
r95_core,gaussian_seed_y_fraction,9.506410585194213e-05,0.0028073121669769446,0.005534988876895012,0.004792309965948736,-0.00048710029864863796,0.005664920422274323,2048
r95_core,gaussian_seed_z_fraction,0.0011873979610387564,0.0017951023250729163,0.006140408384467434,0.005493555097144561,0.0021616378863734136,0.008090658376435413,2048
r95_edema,front_speed_mm_per_day,0.172835983449914,0.05121329951160682,0.5250666145208188,0.06300166504955756,0.16997885809138757,0.523872865304842,2048
r95_edema,front_width_mm,0.04459380459697409,0.030350337007132144,0.21066720893079,0.03444616352584171,0.04394259264312035,0.21038438757052166,2048
r95_edema,diffusivity_ratio,-0.0031477323987936894,0.00814378468177293,0.0049471095991913796,0.006105804736270741,-0.005762525520712088,0.007840691669783496,2048
r95_edema,resection_time,0.004981786383508482,0.014812238020782253,0.05631279052371067,0.01587475482624714,-0.004288726049742061,0.05804781559767803,2048
r95_edema,chemo_kill_rate,0.200441652070413,0.04610231998396175,0.5728872682635948,0.06592851026219455,0.1977915618644033,0.6010140134893054,2048
r95_edema,rt_alpha,0.08031552565976899,0.030777770658350526,0.33259010233715974,0.04639915084943535,0.08090026918453977,0.31228418543257414,2048
r95_edema,rt_alpha_beta_ratio,-0.0032435388370404264,0.006686548656406937,0.004985943693295179,0.004702497834025318,-0.0048734660753361105,0.004125149631280759,2048
r95_edema,seed_peak_density,0.0011655968162889551,0.002601828897781089,0.0017821971882708164,0.0014960834152777018,0.0012150643245936541,0.0012724814336421153,2048
r95_edema,seed_sigma_mm,0.006275611855833154,0.013169737931547588,0.05223920804739004,0.007676825837459964,0.0019887491540141163,0.053440758253411005,2048
r95_edema,gaussian_seed_x_fraction,-0.0006920204136241662,0.0021530547424669917,0.0033234489201584,0.003300317050333511,0.0008323803668751017,0.0008548897699946788,2048
r95_edema,gaussian_seed_y_fraction,0.0009603107514781071,0.0034379440466523483,0.004276439790479372,0.004398715521188763,0.002310395482062382,0.006331703532630885,2048
r95_edema,gaussian_seed_z_fraction,-0.0014482437643374246,0.002787089036243873,0.0033655671071520237,0.0029856380011287474,0.0003289687668026992,0.005320214305291107,2048
centroid_drift,front_speed_mm_per_day,0.3132753560960335,0.040918468564312305,0.4091315716497352,0.039061879193734377,0.3080383543305995,0.41663551369733837,1721
centroid_drift,front_width_mm,0.0032070885326086064,0.017196809429292453,0.0769521574450505,0.009913482665794547,-0.005123731709973123,0.0806157556585271,1721
centroid_drift,diffusivity_ratio,-0.0029601975499157457,0.007382015851512814,0.009708230695879469,0.0024336086753776534,-0.001996618022929634,0.009576560325347,1721
centroid_drift,resection_time,0.10207554088747028,0.026776544144471993,0.1799999767378537,0.019709289371156995,0.10813218010477486,0.1902122361520112,1721
centroid_drift,chemo_kill_rate,-0.0011549930376872407,0.004517137747511012,0.004805529001729724,0.0010340989435782613,-0.00013478132673075586,0.005400958714686861,1721
centroid_drift,rt_alpha,0.1363854439197787,0.036429381461699904,0.19803922256185513,0.02164426865093496,0.13985046473401608,0.2152802866568138,1721
centroid_drift,rt_alpha_beta_ratio,0.00222371790867027,0.00282361989454134,0.002133532010562369,0.0007355946342094503,0.002082685908323952,0.0020849562158471806,1721
centroid_drift,seed_peak_density,6.725530395564674e-05,0.0037023392266097668,0.003336058881227591,0.0005945542834932972,-0.00199790836500966,0.0034029611667699047,1721
centroid_drift,seed_sigma_mm,0.0844594817312173,0.024740516393503085,0.1326669121279142,0.01322541984191545,0.07860940119611998,0.12544163734209288,1721
centroid_drift,gaussian_seed_x_fraction,0.03880737795626876,0.02465551529043103,0.1135362621141789,0.0132614753059483,0.03247170950244754,0.11397850025595638,1721
centroid_drift,gaussian_seed_y_fraction,0.03402685420245686,0.027486193780420685,0.11656430272567309,0.016746103631694095,0.026124539694145348,0.1255594790035903,1721
centroid_drift,gaussian_seed_z_fraction,0.021188673811041215,0.01953960933920754,0.08201297911893479,0.012123276244987274,0.012958566411239745,0.08469733533122528,1721
centroid_x_mm,front_speed_mm_per_day,0.003688325393770817,0.007095245121129785,0.012251062059763791,0.0014928225980458541,0.004594071577468609,0.01269504260549199,1721
centroid_x_mm,front_width_mm,0.00018797655674751386,0.003275257482472079,0.0025177586651470877,0.0004125605938740285,0.0011228203656239893,0.002229779427361833,1721
centroid_x_mm,diffusivity_ratio,-0.0005541764862117755,0.0013938405399165877,0.0005221375601366286,0.00012882961233926136,-0.0002739856665478557,0.0004484215523022632,1721
centroid_x_mm,resection_time,0.001236931020327868,0.0051995187002210185,0.005367416145153094,0.0007353989737825371,0.002812749581568125,0.005641548848091867,1721
centroid_x_mm,chemo_kill_rate,0.00024556815867313295,0.0007160632950219152,0.00012751308247740205,2.891123358180006e-05,0.00044684689407508077,0.00014040055240734743,1721
centroid_x_mm,rt_alpha,-0.0008965509464097378,0.004819652967772349,0.005531871301217945,0.0008639263199327557,-0.0006135442757713002,0.0059473408543327475,1721
centroid_x_mm,rt_alpha_beta_ratio,0.000285637228371926,0.000493751948940012,5.9113216650855426e-05,2.4671420322462377e-05,0.0006589639271332725,4.8655494172961186e-05,1721
centroid_x_mm,seed_peak_density,0.00023814574681280153,0.0008170357615445116,0.0001476804109471431,2.959135401492657e-05,9.23786268104269e-05,0.00011681201082861064,1721
centroid_x_mm,seed_sigma_mm,2.2847708716252365e-05,0.0049232985926401795,0.005367252676614552,0.0006551660847467229,0.002115838507094194,0.005031958249716974,1721
centroid_x_mm,gaussian_seed_x_fraction,0.9788228939374982,0.05339177003066334,0.9960121005748884,0.049688680704326825,0.9893935303011332,1.007167721833854,1721
centroid_x_mm,gaussian_seed_y_fraction,0.00328043167167844,0.004126436349893285,0.0036267055677505315,0.0005521156049474636,0.00221141468963973,0.003928738427444365,1721
centroid_x_mm,gaussian_seed_z_fraction,0.0011991107608793955,0.0030312522076128344,0.0024873083066363068,0.0004404114997100997,-0.0005044753027827282,0.0028828637345817082,1721
centroid_y_mm,front_speed_mm_per_day,0.0013567051929659,0.0055604055077746435,0.007435303084672725,0.0011438938748942439,-0.00134356638218918,0.007991131011266745,1721
centroid_y_mm,front_width_mm,-7.858572578148308e-05,0.002556758584328762,0.0014504604939851013,0.0002591611171839247,3.194808761121132e-05,0.0017233036384796646,1721
centroid_y_mm,diffusivity_ratio,0.0006588485342315489,0.0014238129141630259,0.0003983000001411633,0.00013374280547097684,0.000974640239976425,0.0005199479135339311,1721
centroid_y_mm,resection_time,0.001647814994099233,0.0039859113525437615,0.0033468385915857097,0.0005226848008241348,0.002773134347886043,0.003572431667910308,1721
centroid_y_mm,chemo_kill_rate,-0.0006269121966566706,0.0009818432025166456,0.0001358660585419483,6.185191280750767e-05,-0.0017752436580170522,0.00016126761466267564,1721
centroid_y_mm,rt_alpha,-0.00040970908032896697,0.0035026007615204797,0.0032541085340910478,0.0006076318334000987,-0.0013499428268855056,0.00365197527742112,1721
centroid_y_mm,rt_alpha_beta_ratio,-0.00014366545478681104,0.0005150299664489018,4.087988132615086e-05,2.495798811246984e-05,-0.00018384249302743082,4.9727176176288964e-05,1721
centroid_y_mm,seed_peak_density,0.0005397969548254568,0.0006476004322174421,8.338589637261317e-05,1.8840286681633073e-05,0.0007210066572816505,8.984710597708859e-05,1721
centroid_y_mm,seed_sigma_mm,-0.0003044180972118293,0.0038232220391261258,0.003146689523268498,0.0005075042929600658,0.0025087980953329573,0.0032830303986123464,1721
centroid_y_mm,gaussian_seed_x_fraction,0.016222443833954478,0.019020763644026734,0.1013008401809794,0.011711608528061199,0.007392001797669554,0.10122413970461755,1721
centroid_y_mm,gaussian_seed_y_fraction,0.8939790444146879,0.057955035196642884,1.0063912673166358,0.05617857848405155,0.8708171735486724,0.9792173223838674,1721
centroid_y_mm,gaussian_seed_z_fraction,0.001227254984167511,0.0037158618293615586,0.0029598329006844124,0.0005794547339253224,0.002080757040627306,0.0033420978582230205,1721
centroid_z_mm,front_speed_mm_per_day,-0.00656429592428885,0.009658556863247483,0.021698653856840777,0.0026319985098964475,-0.010625794281866476,0.02032662148968657,1721
centroid_z_mm,front_width_mm,-0.0035645511859997746,0.004604841661066572,0.004388657098858116,0.0006859816688055268,-0.0009804717361420413,0.004637730879438336,1721
centroid_z_mm,diffusivity_ratio,0.000705045383412818,0.0030939106098242988,0.0016751278736647302,0.0006249600160221915,0.0017413773612068451,0.0020946390004032305,1721
centroid_z_mm,resection_time,0.0005560349741807289,0.0070316905479196395,0.010323490519283784,0.001475580013981369,0.00532237149413133,0.010778086564426317,1721
centroid_z_mm,chemo_kill_rate,0.0003936862169681259,0.0010921060578284807,0.0002927242930057622,7.444816145903843e-05,-3.953388709613326e-05,0.0003062319036321801,1721
centroid_z_mm,rt_alpha,0.00647893988997368,0.008057719906841211,0.012352201041559121,0.0019902037644054784,0.009183757660197567,0.01303148250984456,1721
centroid_z_mm,rt_alpha_beta_ratio,0.00030484225333216204,0.0006208261499634036,0.00011660632650909269,5.116239782512757e-05,0.00048206392703797505,9.914133504847188e-05,1721
centroid_z_mm,seed_peak_density,-0.00019629667995633212,0.0011469910885137749,0.00026224653683286895,6.266932271844547e-05,0.0006479727973130655,0.0002820844842586946,1721
centroid_z_mm,seed_sigma_mm,-0.00018634435899037802,0.006581065568785436,0.010523591174040097,0.002130502918123439,-0.004146293901502892,0.01022074276785174,1721
centroid_z_mm,gaussian_seed_x_fraction,0.019490482348240516,0.02035097045561732,0.10553169379395745,0.011271034422154751,0.019408872552972155,0.10814020595389758,1721
centroid_z_mm,gaussian_seed_y_fraction,0.03641294909742328,0.02675985526305297,0.18136760451252668,0.016087498930014012,0.04377472056044022,0.1800801275096924,1721
centroid_z_mm,gaussian_seed_z_fraction,0.7298380583180133,0.05852867405647001,0.906697458226263,0.06636011941700105,0.7338414403187605,0.9010523187796405,1721
R_g,front_speed_mm_per_day,0.2991233939297279,0.03714563219913814,0.36800288010577115,0.03050802456420226,0.30243715530894716,0.37534363955706546,1721
R_g,front_width_mm,0.002450680150297301,0.010634082970795817,0.02553082641874328,0.003008815508176225,-0.0026308159981073753,0.02529771104262658,1721
R_g,diffusivity_ratio,0.018237295233412294,0.010759657102215787,0.020732124514303025,0.0034227722350339412,0.017480986623506743,0.02200019990345711,1721
R_g,resection_time,0.09798403917817411,0.02445547609926341,0.13282709026824424,0.014689223549286638,0.07794802186067731,0.13164701000839937,1721
R_g,chemo_kill_rate,0.0003826017531172577,0.004661782624397086,0.004809695719556325,0.0008637553377253284,0.000905304241380478,0.004741663756579061,1721
R_g,rt_alpha,0.026355518834329496,0.014588616926326133,0.043592406730957,0.005626335785494604,0.020464973650655558,0.043702616607875146,1721
R_g,rt_alpha_beta_ratio,3.91385586148648e-05,0.001375535861269125,0.0004311737155552136,0.00015726006739900524,-0.000489251749532435,0.0004834898332909161,1721
R_g,seed_peak_density,0.005438929423710117,0.005490314679556166,0.007125696551455813,0.0007122497400682358,0.006328565136720415,0.007028128734275348,1721
R_g,seed_sigma_mm,0.393846457860917,0.04159408480116486,0.40081271268648305,0.029603409039263538,0.38824809440365854,0.40212231336049864,1721
R_g,gaussian_seed_x_fraction,0.020242239628149788,0.01628620876387036,0.049577565931365496,0.0064606980405842954,0.01885719501796765,0.04988725332477687,1721
R_g,gaussian_seed_y_fraction,0.02520106992154806,0.015515560546645624,0.05522880006421231,0.008108179694985685,0.0192967900609168,0.0583204269842201,1721
R_g,gaussian_seed_z_fraction,0.028753875732617715,0.013205245658358709,0.04361982379266803,0.006291663222928237,0.0363409609336217,0.048732461730060656,1721
log10_anisotropy,front_speed_mm_per_day,0.17562408081145017,0.03947673794089186,0.3545406739146993,0.03520913588294112,0.1854830041200781,0.3564434000215375,1721
log10_anisotropy,front_width_mm,0.009787526547096952,0.028805269475101307,0.19426479300106303,0.025853255932786375,0.002059552858639155,0.18940270590346,1721
log10_anisotropy,diffusivity_ratio,0.00178847512305651,0.011609530215958343,0.02975062476431645,0.005107007269028891,0.004597287352261266,0.03317678273680886,1721
log10_anisotropy,resection_time,0.09064155845677727,0.030784174461599763,0.22446015066559846,0.02769175572857304,0.08194047069586805,0.22492700303560795,1721
log10_anisotropy,chemo_kill_rate,0.0015023983118677975,0.003149246132737746,0.0025194751280552155,0.0005464767616049271,0.0015450571009592057,0.002415652389528519,1721
log10_anisotropy,rt_alpha,0.1407013538868509,0.039387036182765796,0.2408965831809637,0.03165397838155609,0.1378518624147428,0.26357660257732846,1721
log10_anisotropy,rt_alpha_beta_ratio,0.001906614118497959,0.004184160484632761,0.0036287727105741405,0.0011474388744598012,0.0003290172361512471,0.0027308191607491768,1721
log10_anisotropy,seed_peak_density,0.0019095464970561877,0.005133201134608358,0.005482096816913215,0.0013864115552079967,-0.0030995353388592194,0.005064096953937963,1721
log10_anisotropy,seed_sigma_mm,0.031135395952929818,0.023752305582482532,0.12456642632321581,0.015261611729669486,0.039005973629897536,0.13289705242780342,1721
log10_anisotropy,gaussian_seed_x_fraction,0.049666650198559516,0.03162453775451799,0.21560233730382172,0.021344480331111068,0.05039939043937257,0.20689416366156005,1721
log10_anisotropy,gaussian_seed_y_fraction,0.04048301734302379,0.031225863079501783,0.19701592375506316,0.02414552492714726,0.04360486742986663,0.19330140694437933,1721
log10_anisotropy,gaussian_seed_z_fraction,0.01696192485898148,0.02634840324429343,0.13763028072778472,0.017439108565135388,0.02433102213688176,0.1308733519701792,1721
wm_fraction,front_speed_mm_per_day,0.07389018153889904,0.03257448756972773,0.23608630191583752,0.024021837295859712,0.07516658563656983,0.23467589358539614,1721
wm_fraction,front_width_mm,-0.006369837577299694,0.019971720680158712,0.10736259007185818,0.016371806613520265,0.02118704684528528,0.10383343196099029,1721
wm_fraction,diffusivity_ratio,0.03111944312054912,0.014904101718577553,0.050604635486676305,0.007274777840858918,0.02464257948139824,0.053118172637518946,1721
wm_fraction,resection_time,0.012708759619097548,0.022649116818174768,0.1410374943182508,0.016535691560316083,0.008471681894942537,0.13574740034822624,1721
wm_fraction,chemo_kill_rate,0.002097286221315039,0.0031992648101253633,0.0028480062750616997,0.000601836884585562,0.004339459499201814,0.0032354909986068224,1721
wm_fraction,rt_alpha,0.12971976387719053,0.037350382307285775,0.21238371379919932,0.03100610808061094,0.14810086288968904,0.23585180038904344,1721
wm_fraction,rt_alpha_beta_ratio,0.001128406106905253,0.0031667682287546068,0.002382014200378607,0.000987027065918953,0.003758280818133389,0.0020239079770710384,1721
wm_fraction,seed_peak_density,0.0013256102874162274,0.004636956049488012,0.0042143878658081595,0.0012813393340779585,-0.003471235031255651,0.004109592344419111,1721
wm_fraction,seed_sigma_mm,0.0049991426837063075,0.01949606049021683,0.10846997700802567,0.015555123778270534,0.006555820893052585,0.1029933785393279,1721
wm_fraction,gaussian_seed_x_fraction,0.03583954289982081,0.03495906208133424,0.3009131075247534,0.034437370025003425,0.04644402350628035,0.30946334782089713,1721
wm_fraction,gaussian_seed_y_fraction,0.023317735056394548,0.033285548633963664,0.26081202998902736,0.030218598828633998,0.03957977040467497,0.2744951985123278,1721
wm_fraction,gaussian_seed_z_fraction,0.16340070807913978,0.04342740040399292,0.4195838536688258,0.04740831365136698,0.14816550130240935,0.42446699251881786,1721
pre_log10_mass,front_speed_mm_per_day,0.19236352797068318,0.028038686510104667,0.22221750057433562,0.017801393617652147,0.18451008721242476,0.22779880871657548,2048
pre_log10_mass,front_width_mm,0.03972911552848592,0.012412123137272569,0.04323797309220481,0.003233980725590212,0.036384242957152195,0.04322781020572038,2048
pre_log10_mass,diffusivity_ratio,0.0013896317257393806,0.0038147124845014243,0.003562182949156375,0.0006106275857548526,0.0017538530367342457,0.003326749644788113,2048
pre_log10_mass,resection_time,0.11180251627986564,0.022249386434540618,0.1343880215582698,0.012443696251129935,0.09544258905344123,0.13336766853509485,2048
pre_log10_mass,chemo_kill_rate,0.0,0.0,0.0,0.0,0.0,0.0,2048
pre_log10_mass,rt_alpha,0.0,0.0,0.0,0.0,0.0,0.0,2048
pre_log10_mass,rt_alpha_beta_ratio,0.0,0.0,0.0,0.0,0.0,0.0,2048
pre_log10_mass,seed_peak_density,0.009616113434567758,0.0063257481771009545,0.011481108645597086,0.0008110067854692104,0.010468010631024158,0.011474205748945839,2048
pre_log10_mass,seed_sigma_mm,0.5909990619659695,0.04262397418100055,0.6021437868754679,0.03533593045184953,0.600325564120593,0.6084390208970251,2048
pre_log10_mass,gaussian_seed_x_fraction,0.012313263760605183,0.008054438011114991,0.016744438480045778,0.001760999635032981,0.011333091100181415,0.016907580250728464,2048
pre_log10_mass,gaussian_seed_y_fraction,0.004585560990449853,0.005846172435971556,0.008673623416236904,0.0013787969130844007,0.0034919406545462685,0.00783807759265392,2048
pre_log10_mass,gaussian_seed_z_fraction,0.002100690410156665,0.004515775758827755,0.006433298632900811,0.0010843555085616418,0.002936695054167508,0.007012800135992059,2048
pre_V_core,front_speed_mm_per_day,0.20701054658070894,0.042816858853783966,0.40275221578897197,0.07041148763680462,0.21587917238975396,0.4144387145109832,2048
pre_V_core,front_width_mm,0.04390129837148253,0.022129857740280406,0.10968108912654885,0.015563494439959255,0.04596386247172257,0.10538482379798797,2048
pre_V_core,diffusivity_ratio,0.0004438282971543027,0.0075116318369155026,0.013725871589823507,0.005157098202617981,0.0014074670044875704,0.013291383712987652,2048
pre_V_core,resection_time,0.10110131111374947,0.027983405733995215,0.22036213772377106,0.036890357259024724,0.09353143954924796,0.2258518349193225,2048
pre_V_core,chemo_kill_rate,0.0,0.0,0.0,0.0,0.0,0.0,2048
pre_V_core,rt_alpha,0.0,0.0,0.0,0.0,0.0,0.0,2048
pre_V_core,rt_alpha_beta_ratio,0.0,0.0,0.0,0.0,0.0,0.0,2048
pre_V_core,seed_peak_density,0.00659581057674423,0.006258978393800237,0.012975875456968742,0.002075573316409067,0.007009242612035606,0.012795617500726306,2048
pre_V_core,seed_sigma_mm,0.3192825640698452,0.05020284535541714,0.4984079712923014,0.061475381719544135,0.3032960832889448,0.46676594521148673,2048
pre_V_core,gaussian_seed_x_fraction,0.013605351057137288,0.010294522223257701,0.04670287158669305,0.017271416646464838,0.018566539610980048,0.04581763903040933,2048
pre_V_core,gaussian_seed_y_fraction,-0.0019447180130669757,0.009255249725598802,0.030755815822328333,0.012826667216457205,0.005795532162586846,0.03901192086828919,2048
pre_V_core,gaussian_seed_z_fraction,-0.00044232349667266984,0.007022255866113525,0.021962896294636824,0.00785036294554038,0.0015751051687824043,0.026220340784389694,2048
pre_V_edema,front_speed_mm_per_day,0.16975836804349473,0.03950967198352615,0.32856643459054813,0.059254814400213324,0.18158371732815862,0.34129839221399405,2048
pre_V_edema,front_width_mm,0.015705623245281932,0.014303838261992998,0.04345630260049514,0.006190107798098856,0.01760062756086569,0.04349182350763249,2048
pre_V_edema,diffusivity_ratio,0.0031009864538329747,0.008628504440255326,0.017228552551806182,0.00514849315014823,0.0027801895688014566,0.016425688094940834,2048
pre_V_edema,resection_time,0.08597994430805164,0.026627578703384537,0.1833089041625405,0.030710163055355198,0.07779264932771231,0.18353403075274174,2048
pre_V_edema,chemo_kill_rate,0.0,0.0,0.0,0.0,0.0,0.0,2048
pre_V_edema,rt_alpha,0.0,0.0,0.0,0.0,0.0,0.0,2048
pre_V_edema,rt_alpha_beta_ratio,0.0,0.0,0.0,0.0,0.0,0.0,2048
pre_V_edema,seed_peak_density,0.00663141281862207,0.0061968218544656934,0.01281165961725049,0.0018913670379376024,0.0073887646887540095,0.012380703996938447,2048
pre_V_edema,seed_sigma_mm,0.46635445224921795,0.05539150524676476,0.5622837433259882,0.0626461625260239,0.44726054170681384,0.5281034788086931,2048
pre_V_edema,gaussian_seed_x_fraction,0.019641776946235378,0.012388330517368349,0.054192781143359924,0.015714873931521038,0.023449506530748027,0.05199228832020037,2048
pre_V_edema,gaussian_seed_y_fraction,0.0014038534099088608,0.010746920731022125,0.03962755762506508,0.012973651839337902,0.006802335146222664,0.04736245710833976,2048
pre_V_edema,gaussian_seed_z_fraction,0.0017954879299032882,0.008146421114946291,0.029534465522174532,0.00918827801602742,0.005323023875888243,0.03627027201041004,2048
pre_log10_V_core,front_speed_mm_per_day,0.21652435329853634,0.029296607773185983,0.24042637061334396,0.021190717679277386,0.22388824076024091,0.2517208467480534,2048
pre_log10_V_core,front_width_mm,0.11727301316250276,0.024976183217338372,0.15839860415345836,0.02715049499768775,0.11403386676276071,0.16681409198118552,2048
pre_log10_V_core,diffusivity_ratio,-0.0025767482708709314,0.009452320457585511,0.02465111969378722,0.014879211602969192,-0.006575803758490589,0.036090991583977494,2048
pre_log10_V_core,resection_time,0.14249331097027326,0.025439900216729285,0.16299118972579013,0.015439987692801032,0.1290732846926409,0.15957069515083816,2048
pre_log10_V_core,chemo_kill_rate,0.0,0.0,0.0,0.0,0.0,0.0,2048
pre_log10_V_core,rt_alpha,0.0,0.0,0.0,0.0,0.0,0.0,2048
pre_log10_V_core,rt_alpha_beta_ratio,0.0,0.0,0.0,0.0,0.0,0.0,2048
pre_log10_V_core,seed_peak_density,0.020064214011329178,0.011582762758071451,0.03859005151027752,0.006715667223620613,0.02354161625248337,0.03878009602455865,2048
pre_log10_V_core,seed_sigma_mm,0.42550917988693865,0.038318963677932215,0.45977912744353083,0.03926673428459387,0.4324777943593954,0.454637974010595,2048
pre_log10_V_core,gaussian_seed_x_fraction,0.011824317077330037,0.009202844778947552,0.021505037211420757,0.00967754976778725,0.008508946255276841,0.015569033709465437,2048
pre_log10_V_core,gaussian_seed_y_fraction,-0.0016710922429386047,0.008226486045243538,0.014023846659706416,0.009438503364293784,0.0005239314285415069,0.019817988211186372,2048
pre_log10_V_core,gaussian_seed_z_fraction,-0.004232997537369588,0.006395914392792922,0.014071325611957062,0.008800699671269476,-0.003492755830122631,0.011704213006632054,2048
pre_log10_V_edema,front_speed_mm_per_day,0.1535990595964442,0.026142576593353742,0.1899864167318739,0.016878135613280273,0.1486607532102482,0.19679212749434832,2048
pre_log10_V_edema,front_width_mm,0.03289969378422591,0.011635853346956809,0.03713546804572688,0.0029662981162302477,0.030017989676419308,0.03772269658726451,2048
pre_log10_V_edema,diffusivity_ratio,0.0009510281868913101,0.004238278553705602,0.004584908605008114,0.0007431189710106695,0.0010956291063019333,0.004362003916131876,2048
pre_log10_V_edema,resection_time,0.08974248436555644,0.02119126553529818,0.11631016607846871,0.011632751425035372,0.0762880758474534,0.11473723753953943,2048
pre_log10_V_edema,chemo_kill_rate,0.0,0.0,0.0,0.0,0.0,0.0,2048
pre_log10_V_edema,rt_alpha,0.0,0.0,0.0,0.0,0.0,0.0,2048
pre_log10_V_edema,rt_alpha_beta_ratio,0.0,0.0,0.0,0.0,0.0,0.0,2048
pre_log10_V_edema,seed_peak_density,0.009263694151303466,0.006260507674373353,0.011206605907082782,0.0008162890720001795,0.010444696852256132,0.01112310508542987,2048
pre_log10_V_edema,seed_sigma_mm,0.6488415690110263,0.04496902550712573,0.6665017451294246,0.0388627470532897,0.6605425958775278,0.6738981339506975,2048
pre_log10_V_edema,gaussian_seed_x_fraction,0.013514654731296163,0.008604831848512653,0.019047144172384345,0.0020142898311605413,0.012568375330721445,0.019126262319997703,2048
pre_log10_V_edema,gaussian_seed_y_fraction,0.003983587607220685,0.006409750892077513,0.01049917964949665,0.0016046882718021985,0.002782104625381526,0.009566853877369143,2048
pre_log10_V_edema,gaussian_seed_z_fraction,0.00011023087490614714,0.005182124190042076,0.008370432304159096,0.00133919736386119,0.001101036778095069,0.009234073468924858,2048
pre_r95_core,front_speed_mm_per_day,0.2927425180542994,0.03584944560347287,0.3459196670542775,0.026583680630224368,0.285339705091402,0.3533583963679624,2048
pre_r95_core,front_width_mm,0.08946512002024824,0.019612758539403162,0.10978450229109933,0.009098889151616668,0.08313680377665941,0.11158032978749823,2048
pre_r95_core,diffusivity_ratio,-0.0017835414449876741,0.0033405988693540117,0.0024832336065854477,0.0006382537345982086,-0.00226244283715039,0.0029549401436536455,2048
pre_r95_core,resection_time,0.16973988749169755,0.02761974641300637,0.21458058832102836,0.019511796752600258,0.15223090353016178,0.2161770911142289,2048
pre_r95_core,chemo_kill_rate,0.0,0.0,0.0,0.0,0.0,0.0,2048
pre_r95_core,rt_alpha,0.0,0.0,0.0,0.0,0.0,0.0,2048
pre_r95_core,rt_alpha_beta_ratio,0.0,0.0,0.0,0.0,0.0,0.0,2048
pre_r95_core,seed_peak_density,0.010668209648615416,0.007262524980130824,0.01321865729112515,0.0013196999045052265,0.011589077996752364,0.013153080734845862,2048
pre_r95_core,seed_sigma_mm,0.3701155325069986,0.034718475477642376,0.38700690090923096,0.027722028361435957,0.3720674865301123,0.3898886480741652,2048
pre_r95_core,gaussian_seed_x_fraction,0.0027390817916497496,0.002936330364926756,0.00241369094410647,0.0006560716989709856,0.0025029741623103967,0.002386380921885602,2048
pre_r95_core,gaussian_seed_y_fraction,-0.00036493082758181755,0.0028556948000930766,0.002108854057260952,0.0004942681958494592,-0.0009459187887418418,0.0025449799096019785,2048
pre_r95_core,gaussian_seed_z_fraction,-0.00012168501766987167,0.00284968836019982,0.002589327376266669,0.0004993754349372243,0.00038372453089268165,0.002817543458660304,2048
pre_r95_edema,front_speed_mm_per_day,0.24882136050080506,0.03635964705797931,0.32043141412007387,0.027484479986854937,0.2373214203761208,0.32617347189948703,2048
pre_r95_edema,front_width_mm,0.035436674002524864,0.012747746802798552,0.0483696635145576,0.004623757299697209,0.03205915719306991,0.049266442983928675,2048
pre_r95_edema,diffusivity_ratio,0.00013521745602065736,0.003458585971898687,0.0024507375849443943,0.00046838497341199935,0.0004383955515934007,0.002327513788507796,2048
pre_r95_edema,resection_time,0.1318098677322678,0.027138150982967162,0.19396987084694806,0.020370676500818852,0.11471162115240469,0.19527344452418738,2048
pre_r95_edema,chemo_kill_rate,0.0,0.0,0.0,0.0,0.0,0.0,2048
pre_r95_edema,rt_alpha,0.0,0.0,0.0,0.0,0.0,0.0,2048
pre_r95_edema,rt_alpha_beta_ratio,0.0,0.0,0.0,0.0,0.0,0.0,2048
pre_r95_edema,seed_peak_density,0.0072327944959635375,0.005490497964403166,0.00826890810850261,0.0006894001928740146,0.008048750513142114,0.008366324794440516,2048
pre_r95_edema,seed_sigma_mm,0.5031182399289403,0.03984351452836526,0.50364192156313,0.03415275051042746,0.506243367519314,0.5077035152983603,2048
pre_r95_edema,gaussian_seed_x_fraction,0.001210316216141305,0.002741534609637868,0.0021064230450940137,0.00036087154726542793,0.0014453295822882157,0.002201465789296873,2048
pre_r95_edema,gaussian_seed_y_fraction,0.0006874973915712247,0.0026505732792970775,0.0021245004482322266,0.00043210662205921547,-0.0006558394315542548,0.0021590093084271986,2048
pre_r95_edema,gaussian_seed_z_fraction,0.0008943409774346875,0.0032634186517363373,0.003231076344044793,0.0005515154047111287,0.0018125416129835283,0.0037166954901682444,2048
pre_centroid_drift,front_speed_mm_per_day,0.28328340470809243,0.04850048981551385,0.452512482323687,0.048762148354673615,0.27485202498853667,0.46778995699329207,2048
pre_centroid_drift,front_width_mm,0.01563357286291907,0.011347288690285687,0.04078954373215125,0.006134161874247213,0.013323150242784805,0.045215318445380036,2048
pre_centroid_drift,diffusivity_ratio,0.00017249273164280139,0.006207929058028906,0.008714637896115122,0.0016768992784077538,-0.0006363752898625642,0.007671145902070111,2048
pre_centroid_drift,resection_time,0.13695168689895226,0.032095939385231406,0.2714465231682708,0.03652980064589736,0.13875576477034182,0.2892977792449194,2048
pre_centroid_drift,chemo_kill_rate,0.0,0.0,0.0,0.0,0.0,0.0,2048
pre_centroid_drift,rt_alpha,0.0,0.0,0.0,0.0,0.0,0.0,2048
pre_centroid_drift,rt_alpha_beta_ratio,0.0,0.0,0.0,0.0,0.0,0.0,2048
pre_centroid_drift,seed_peak_density,0.001425413117019063,0.0027715682080576925,0.001726911556307919,0.0002314317192852439,0.003293086608261996,0.0019619471945049437,2048
pre_centroid_drift,seed_sigma_mm,0.034136822157456004,0.020588691215656728,0.1132547127890492,0.013894482326719483,0.01901267831998758,0.11578166841551503,2048
pre_centroid_drift,gaussian_seed_x_fraction,0.17304229153344156,0.035537087964395156,0.28817266394932745,0.033105173747380964,0.17146653978820472,0.2933978252340348,2048
pre_centroid_drift,gaussian_seed_y_fraction,0.03979603699697018,0.0233685394587439,0.13561152299142215,0.02612658483315604,0.03435145145631597,0.14259436099927272,2048
pre_centroid_drift,gaussian_seed_z_fraction,0.019103152690924354,0.013960229220873598,0.06330315267311312,0.01508722803028472,0.021136220457792284,0.07722013194461269,2048
pre_centroid_x_mm,front_speed_mm_per_day,0.0008971162063189467,0.0024436004294230386,0.0015168956916071794,0.00021585678007962484,0.00025311701680205966,0.0015641452824998819,2048
pre_centroid_x_mm,front_width_mm,0.0007595461669921163,0.0007237598025349563,0.00013454786798625148,2.3759763126585497e-05,0.0009251042412599855,0.0001336915540842256,2048
pre_centroid_x_mm,diffusivity_ratio,-0.00031627969350355876,0.0003593041950718438,3.522656353676183e-05,7.373469607732215e-06,-0.00021795232679336512,2.901872710991636e-05,2048
pre_centroid_x_mm,resection_time,0.0005193811259248518,0.0017737894925658197,0.0009328090565997349,0.0001668180077271598,0.0004113882438655501,0.0009314410268256192,2048
pre_centroid_x_mm,chemo_kill_rate,0.0,0.0,0.0,0.0,0.0,0.0,2048
pre_centroid_x_mm,rt_alpha,0.0,0.0,0.0,0.0,0.0,0.0,2048
pre_centroid_x_mm,rt_alpha_beta_ratio,0.0,0.0,0.0,0.0,0.0,0.0,2048
pre_centroid_x_mm,seed_peak_density,1.4079600126063107e-05,0.00020129203161475332,9.569849238813252e-06,1.3342381754078042e-06,1.0653289920840515e-05,1.0034840414510772e-05,2048
pre_centroid_x_mm,seed_sigma_mm,0.00012952325603269509,0.0015988205416518895,0.0006213487378806477,7.882797754666301e-05,7.832318279184202e-05,0.0006115799098823624,2048
pre_centroid_x_mm,gaussian_seed_x_fraction,0.9988813501424523,0.04935902540729037,1.0018044646006967,0.04364194723727057,1.000525373541148,1.001984062003876,2048
pre_centroid_x_mm,gaussian_seed_y_fraction,0.0008993980035327029,0.0008966967968633659,0.0001962090319161757,4.7133864907938344e-05,0.0010990528724032602,0.0002255057484565064,2048
pre_centroid_x_mm,gaussian_seed_z_fraction,0.00028397550684273955,0.0008322778032613851,0.00016026065273456663,3.6718305009122515e-05,0.0004085054918916552,0.00017115634209814145,2048
pre_centroid_y_mm,front_speed_mm_per_day,0.0002430617268074537,0.0017183331076792534,0.0007185105908014188,0.00013941744472704737,0.0008690509234048039,0.000746636479334137,2048
pre_centroid_y_mm,front_width_mm,-0.00014264911716096985,0.0004925130404524464,6.6088631706645e-05,1.5132465447417526e-05,-0.0002886125322608937,6.61121458763305e-05,2048
pre_centroid_y_mm,diffusivity_ratio,-2.480143377883001e-05,0.0003263842189450107,2.6168672829332824e-05,6.996411527936072e-06,7.613181794944064e-06,2.1757269338250537e-05,2048
pre_centroid_y_mm,resection_time,0.0001128790027205278,0.0013169309257289115,0.00042996928569210186,9.088766064917152e-05,0.00011853475367814751,0.0004220781309262251,2048
pre_centroid_y_mm,chemo_kill_rate,0.0,0.0,0.0,0.0,0.0,0.0,2048
pre_centroid_y_mm,rt_alpha,0.0,0.0,0.0,0.0,0.0,0.0,2048
pre_centroid_y_mm,rt_alpha_beta_ratio,0.0,0.0,0.0,0.0,0.0,0.0,2048
pre_centroid_y_mm,seed_peak_density,3.977283449787709e-05,0.00011278794999665243,3.0831129780071045e-06,5.929128903925843e-07,9.770677293386154e-05,2.9722509489578522e-06,2048
pre_centroid_y_mm,seed_sigma_mm,-0.0004630748946416923,0.000855255983707883,0.00018800788516437815,3.893085564893783e-05,7.631565948028516e-05,0.00018601618441499353,2048
pre_centroid_y_mm,gaussian_seed_x_fraction,0.008495812441305338,0.017535853895584184,0.0948867296596812,0.01015891896744159,0.008363430021910413,0.09521514537988134,2048
pre_centroid_y_mm,gaussian_seed_y_fraction,0.9039711154107506,0.05134762684062084,0.9904663404887084,0.05221555355209313,0.9051174547763677,0.9921030273856677,2048
pre_centroid_y_mm,gaussian_seed_z_fraction,-0.00015606459231313924,0.0008107611232662966,0.00017136487631201936,3.8031721706174066e-05,0.00014516388311864935,0.0001737280704313955,2048
pre_centroid_z_mm,front_speed_mm_per_day,-0.0010561130944415225,0.002845483940286146,0.0020114080573379717,0.00033652829248963175,-0.00026225463782617703,0.0016653523183615267,2048
pre_centroid_z_mm,front_width_mm,-0.00032064858466078456,0.000960247516713488,0.00019941195365752204,5.101707740319143e-05,-0.0004495236991069507,0.00022807473686808932,2048
pre_centroid_z_mm,diffusivity_ratio,0.000303430389434837,0.0007007941991086822,8.540463749785364e-05,2.7265872620082513e-05,0.0009836503977874314,7.846035863527918e-05,2048
pre_centroid_z_mm,resection_time,-0.0005217084878333959,0.0020999031685706494,0.001169256334074718,0.00021499017294185756,-0.0018256663987479594,0.0012209185364638337,2048
pre_centroid_z_mm,chemo_kill_rate,0.0,0.0,0.0,0.0,0.0,0.0,2048
pre_centroid_z_mm,rt_alpha,0.0,0.0,0.0,0.0,0.0,0.0,2048
pre_centroid_z_mm,rt_alpha_beta_ratio,0.0,0.0,0.0,0.0,0.0,0.0,2048
pre_centroid_z_mm,seed_peak_density,-8.356901144147385e-05,0.00014070394954448582,5.196951387027061e-06,1.1375241124587468e-06,-1.4951783241379199e-05,4.757194957216018e-06,2048
pre_centroid_z_mm,seed_sigma_mm,0.0003361204965175647,0.0011678099987381448,0.0003134120979012705,6.343484519565442e-05,-0.0003148079933352278,0.0002484466360666068,2048
pre_centroid_z_mm,gaussian_seed_x_fraction,0.02222696986655126,0.016989442332873212,0.09166242407618932,0.009565969495319668,0.02403642505581894,0.09146450823531552,2048
pre_centroid_z_mm,gaussian_seed_y_fraction,0.03071935809424281,0.021579110651556953,0.14964551858965222,0.012311604189553474,0.027707541878926482,0.15117416288941196,2048
pre_centroid_z_mm,gaussian_seed_z_fraction,0.804739975486412,0.05311975154257868,0.9299504835700947,0.05845207356173308,0.8139921134199934,0.9311265660933602,2048
pre_R_g,front_speed_mm_per_day,0.17670892288589504,0.03050513015578196,0.23147012652409948,0.021499084505095002,0.16425215961450954,0.23806403089954503,2048
pre_R_g,front_width_mm,0.0031544311846616415,0.006576745721712605,0.011522609758646978,0.001323361129195016,0.003636253220619554,0.011606331754028427,2048
pre_R_g,diffusivity_ratio,0.004966021607715091,0.006378171976441042,0.009982402356704423,0.0014362968278456803,0.005029942844435234,0.009276124597291548,2048
pre_R_g,resection_time,0.0933845903196025,0.022771986496922223,0.1372456887337488,0.015346307212081398,0.07590692476376103,0.1360997362209332,2048
pre_R_g,chemo_kill_rate,0.0,0.0,0.0,0.0,0.0,0.0,2048
pre_R_g,rt_alpha,0.0,0.0,0.0,0.0,0.0,0.0,2048
pre_R_g,rt_alpha_beta_ratio,0.0,0.0,0.0,0.0,0.0,0.0,2048
pre_R_g,seed_peak_density,0.006007742558996589,0.004974139228185277,0.0073894492366599245,0.0006098383161653359,0.00731160975586818,0.0072909614112447625,2048
pre_R_g,seed_sigma_mm,0.6259412978205695,0.04460242269701304,0.6330239881409047,0.04006833621880655,0.6233340400527817,0.629980066577192,2048
pre_R_g,gaussian_seed_x_fraction,0.012264657971232606,0.008694521745735668,0.021241854993657987,0.0026107710118824247,0.010327126129424534,0.02121952963033505,2048
pre_R_g,gaussian_seed_y_fraction,0.006785227933633376,0.008113187810536857,0.0172911502685977,0.0028765515088968016,0.00421569969839909,0.016426563003116946,2048
pre_R_g,gaussian_seed_z_fraction,0.007667307496478525,0.007095585679737325,0.01581030906984296,0.002541258198171253,0.009287092874678117,0.017701079435369773,2048
pre_log10_anisotropy,front_speed_mm_per_day,0.12130307339066752,0.029359717593989178,0.23102583324526127,0.02703118289544897,0.12343484213878118,0.2293389849855167,2048
pre_log10_anisotropy,front_width_mm,0.0011975173737766983,0.008433092740327646,0.022094185813908606,0.003211397375473597,-0.0028547142350371633,0.022172504211805437,2048
pre_log10_anisotropy,diffusivity_ratio,-0.0010486689249951569,0.009220690520427288,0.029096750771853943,0.005676432230758628,0.002040190367291685,0.026816419590425203,2048
pre_log10_anisotropy,resection_time,0.0716515490170795,0.022751885577909414,0.13640989020415864,0.01864773581333766,0.07303066447603752,0.14992845940168567,2048
pre_log10_anisotropy,chemo_kill_rate,0.0,0.0,0.0,0.0,0.0,0.0,2048
pre_log10_anisotropy,rt_alpha,0.0,0.0,0.0,0.0,0.0,0.0,2048
pre_log10_anisotropy,rt_alpha_beta_ratio,0.0,0.0,0.0,0.0,0.0,0.0,2048
pre_log10_anisotropy,seed_peak_density,0.004358869927963744,0.0030190784209078885,0.0022039130308969057,0.00030429344595805393,0.0036415838861873274,0.002025871102470097,2048
pre_log10_anisotropy,seed_sigma_mm,0.0028510975280214594,0.024717984953071447,0.15204490195685827,0.01582030559093026,-0.0060355152424880045,0.1504500809117914,2048
pre_log10_anisotropy,gaussian_seed_x_fraction,0.41392327745671403,0.06407251217681878,0.6763166767608083,0.05146532974834949,0.41298961933306116,0.6418208743917637,2048
pre_log10_anisotropy,gaussian_seed_y_fraction,0.04423579257012797,0.03120836780450154,0.23283316370218377,0.03431335221921034,0.043703509758887364,0.23139997922228986,2048
pre_log10_anisotropy,gaussian_seed_z_fraction,0.0069908758592196725,0.0183589826060225,0.09855600351023804,0.015568440721085949,0.009610615899632411,0.0993499948525578,2048
pre_wm_fraction,front_speed_mm_per_day,0.02928302069236205,0.014421029847853893,0.06177958641205869,0.007166572536163188,0.021775534192127168,0.062080158017001806,2048
pre_wm_fraction,front_width_mm,0.004457014533995345,0.005786662574051061,0.008395837327548991,0.0013393179132242976,0.002903911578167738,0.008530858602268689,2048
pre_wm_fraction,diffusivity_ratio,-0.0003498215548538672,0.0038220053226655612,0.003943123596422467,0.0006762244140218519,-0.0031888979084104788,0.004084882546941141,2048
pre_wm_fraction,resection_time,0.01541011852087207,0.012025940281467412,0.03942621678968362,0.005127228657553272,0.0120094076371663,0.040228117148060294,2048
pre_wm_fraction,chemo_kill_rate,0.0,0.0,0.0,0.0,0.0,0.0,2048
pre_wm_fraction,rt_alpha,0.0,0.0,0.0,0.0,0.0,0.0,2048
pre_wm_fraction,rt_alpha_beta_ratio,0.0,0.0,0.0,0.0,0.0,0.0,2048
pre_wm_fraction,seed_peak_density,0.0002930642526485381,0.001480977395375971,0.0007202820722243429,8.591943835678973e-05,-0.0006998199150213646,0.000769863740544784,2048
pre_wm_fraction,seed_sigma_mm,0.00950408423652079,0.014218912444034533,0.06166204837180376,0.007046626791769437,0.0078569660021711,0.06289223491787341,2048
pre_wm_fraction,gaussian_seed_x_fraction,0.20094796054664646,0.041736364827308074,0.4631205112326329,0.04373445841480509,0.20605845872305434,0.4719108080130979,2048
pre_wm_fraction,gaussian_seed_y_fraction,0.12501338071634663,0.037207351786882184,0.3664196644159908,0.032895709353502556,0.13168169836611257,0.37248958370359825,2048
pre_wm_fraction,gaussian_seed_z_fraction,0.31674473790465385,0.04481238104677785,0.5790044480405733,0.05208078695960182,0.3012816847789736,0.569832017075533,2048
mid_crt_log10_mass,front_speed_mm_per_day,0.0617100904258772,0.01785475674115233,0.09154862492993074,0.009377540734328189,0.061482469078068966,0.09322232605607858,2048
mid_crt_log10_mass,front_width_mm,0.0018097581959795432,0.008814541239835888,0.019632672588990808,0.003517135491551346,0.004893318755757502,0.02077147122635292,2048
mid_crt_log10_mass,diffusivity_ratio,0.004913413228268686,0.005250296817714355,0.007297445825666738,0.0023617359298346956,0.005165867979032039,0.009068632804548204,2048
mid_crt_log10_mass,resection_time,0.0044225975365898085,0.008727797675853785,0.018980277351465794,0.0022659801022708193,-0.00022509590092946,0.018999726190600478,2048
mid_crt_log10_mass,chemo_kill_rate,0.37745916267867297,0.03911487713117121,0.37392989283740374,0.027059279931261393,0.3791931364144321,0.37960085190740356,2048
mid_crt_log10_mass,rt_alpha,0.4177491917864008,0.04376586863651228,0.436002679495434,0.03119847535087187,0.4139559380325323,0.4465061609910743,2048
mid_crt_log10_mass,rt_alpha_beta_ratio,0.0021882160534786614,0.0031703904867660753,0.0024954400980778248,0.00037549634459321877,0.002867927691201142,0.0026925095907658378,2048
mid_crt_log10_mass,seed_peak_density,-6.342345770970745e-05,0.001979111264086737,0.0009659939076231728,0.0002945694034740711,-0.0006855456546003841,0.0009497875114842743,2048
mid_crt_log10_mass,seed_sigma_mm,0.08269715356147632,0.018314856686467467,0.0953272863602718,0.00813050431545656,0.08182693691668744,0.09657042953830541,2048
mid_crt_log10_mass,gaussian_seed_x_fraction,0.004948177636285783,0.005456923931454486,0.0095437282030229,0.0010755655750447695,8.622345458447498e-05,0.009513071164313098,2048
mid_crt_log10_mass,gaussian_seed_y_fraction,0.003435538669148465,0.006129382110935469,0.00878714483186671,0.0012678420035896088,0.0004467857581586522,0.008824267115348493,2048
mid_crt_log10_mass,gaussian_seed_z_fraction,0.005549580169037902,0.00633119038968997,0.010067302795917821,0.0014152641167191693,0.005277218623116567,0.01050554858156101,2048
mid_crt_V_core,front_speed_mm_per_day,0.027146924558142313,0.07299673867923492,0.32629991820604015,0.3282193595593309,0.07148947782247678,0.32906486986054545,2048
mid_crt_V_core,front_width_mm,0.00044024112619084414,0.010083911563324945,0.35265730480586416,0.45283442643361826,0.00632520498451588,0.2561000902558697,2048
mid_crt_V_core,diffusivity_ratio,-0.00011183355968184762,0.0009216695701366394,0.01791894902903319,0.02876936356125464,-0.000111897402124065,0.03512469552585493,2048
mid_crt_V_core,resection_time,0.0003816263574902787,0.0019069256622034274,0.06685171048150107,0.08417982328908422,0.0009104843869056109,0.061952168399417404,2048
mid_crt_V_core,chemo_kill_rate,0.010421340843075584,0.03877417204157164,0.43221273155452444,0.5200685037146106,-0.004218092824749854,0.5597864296879074,2048
mid_crt_V_core,rt_alpha,0.004787016700257724,0.014780227022620105,0.28737491656524167,0.35288244434674915,0.01436915497477841,0.2520572815734267,2048
mid_crt_V_core,rt_alpha_beta_ratio,0.00014696081735723288,0.0003929000627097221,0.0033713203215209463,0.007264400636400122,0.0002471342523351428,0.00750741837398275,2048
mid_crt_V_core,seed_peak_density,-0.0002169427720746416,0.00046480851998959943,0.0007105016295770112,0.0010303578081376028,-6.671720473284632e-05,0.00010865080997645113,2048
mid_crt_V_core,seed_sigma_mm,0.0010834642880212188,0.009487456972691693,0.05303579079841071,0.06484664378084137,0.007459605131567883,0.02530635781489281,2048
mid_crt_V_core,gaussian_seed_x_fraction,0.0010242538931031701,0.002835742842123769,0.008698643159294655,0.009712019530727268,-0.00015026242620705141,0.008436543071025381,2048
mid_crt_V_core,gaussian_seed_y_fraction,0.0009220512688726077,0.004123164295465802,0.0897761313175424,0.1580614776804839,0.0002521113595976756,0.08655385394104273,2048
mid_crt_V_core,gaussian_seed_z_fraction,-0.0001497346799983519,0.0019199625485240132,0.06376532957595318,0.11446729377124945,-0.0013616873957036253,0.13051665486659425,2048
mid_crt_V_edema,front_speed_mm_per_day,0.03814401171763615,0.03387922991992618,0.28142971246481774,0.08585323018414058,0.05500634432588091,0.2774068718063945,2048
mid_crt_V_edema,front_width_mm,-0.020129535295601665,0.02542017928711362,0.09459988112450834,0.031112480360691357,-0.007612267541723366,0.08803217084450322,2048
mid_crt_V_edema,diffusivity_ratio,0.0010615138312029299,0.009750634731096258,0.02455875283199907,0.012225744434718971,-0.0019817108537323828,0.018717813135055817,2048
mid_crt_V_edema,resection_time,0.00679822857224659,0.016376602152985135,0.12684720040941014,0.04782981512429194,-0.007770869535887986,0.11909412946037037,2048
mid_crt_V_edema,chemo_kill_rate,0.13659237916409334,0.04043088379412414,0.5168789273143094,0.16485932585012414,0.13070790769619572,0.5381762606846777,2048
mid_crt_V_edema,rt_alpha,0.0800319131118483,0.03409398109838303,0.4065488540328974,0.13491410997969278,0.06791453178041537,0.42824994673381,2048
mid_crt_V_edema,rt_alpha_beta_ratio,-0.0006125843445003855,0.003171172281563087,0.0014199048967342466,0.0007190040185121224,0.001165262675817405,0.0016567637402958263,2048
mid_crt_V_edema,seed_peak_density,0.00020021303100278967,0.0014045492027402468,0.0017849257520714523,0.000686285950084422,-3.2122408798996954e-05,0.001980844242325047,2048
mid_crt_V_edema,seed_sigma_mm,0.02905660404586995,0.024344418256869275,0.16435873380918486,0.05195582624049587,0.0293016810181808,0.14507760403454814,2048
mid_crt_V_edema,gaussian_seed_x_fraction,-0.0019601967194067703,0.006207357330085051,0.041271155262578935,0.0212574659585593,0.0009584214826016664,0.034723689032970725,2048
mid_crt_V_edema,gaussian_seed_y_fraction,0.007325538213045479,0.01461438036240747,0.05811670306290458,0.0377949882647703,0.00022642084010552293,0.05934440383217416,2048
mid_crt_V_edema,gaussian_seed_z_fraction,0.004121788072279798,0.009044241687741927,0.07003200217029647,0.039096164924219294,0.0011132436331927776,0.10092064503780354,2048
mid_crt_log10_V_core,front_speed_mm_per_day,0.027363856541418388,0.05028062801237893,0.6024426783894453,0.13327439379600106,0.05934245878417548,0.601609822750739,2048
mid_crt_log10_V_core,front_width_mm,0.025666898187918747,0.03903848381469453,0.39186396688574243,0.1112409767198601,0.03377575795707323,0.39310116395404987,2048
mid_crt_log10_V_core,diffusivity_ratio,0.008227182121538923,0.017324621096846654,0.006668864977368125,0.005199602897173452,0.0163603110016881,0.008981531077052627,2048
mid_crt_log10_V_core,resection_time,0.0075669631046517615,0.020761913626489152,0.05171319041099963,0.02642552767639864,0.016909867957959363,0.04697030691743554,2048
mid_crt_log10_V_core,chemo_kill_rate,0.04479170423087349,0.05203186193337553,0.6670708747005353,0.1539072263353547,0.011625437787240298,0.6087343576381411,2048
mid_crt_log10_V_core,rt_alpha,0.057337911078553225,0.05303762895321651,0.5840223655944982,0.1387696477672586,0.04193497340713661,0.5936122412716003,2048
mid_crt_log10_V_core,rt_alpha_beta_ratio,-0.0011653108283437175,0.0023020696542389116,0.004535861099900998,0.0033376776981351125,-0.001955055585090594,0.004915015340122148,2048
mid_crt_log10_V_core,seed_peak_density,0.0011023459293623727,0.002130037649736395,0.0005389723215902315,0.0003581415986856462,0.0020505729954867617,0.0004512798753050493,2048
mid_crt_log10_V_core,seed_sigma_mm,0.012147973470810163,0.02835623026989772,0.013109318038052603,0.012025329535821866,0.027088106460365847,0.018462655861990702,2048
mid_crt_log10_V_core,gaussian_seed_x_fraction,-0.004435407895860108,0.008045313534823689,0.0030873489577867524,0.0015837947039580803,-0.01010640574555519,0.0029203734042820184,2048
mid_crt_log10_V_core,gaussian_seed_y_fraction,0.010806138741989074,0.01981429750273954,0.005954153776185487,0.005936797065312855,0.02091513364961294,0.009700416914307798,2048
mid_crt_log10_V_core,gaussian_seed_z_fraction,0.010746086533000476,0.0191931321222368,0.01067940393821406,0.007445607327700859,0.02060594084159339,0.01260454811365049,2048
mid_crt_log10_V_edema,front_speed_mm_per_day,0.037336603360953916,0.024723089584482418,0.14448329906322735,0.02421670432088037,0.051732532047279824,0.13419890483380179,2048
mid_crt_log10_V_edema,front_width_mm,0.007287338652826287,0.018863777718420783,0.0896463210060172,0.018070479828120656,0.011843514149901537,0.09377684934985922,2048
mid_crt_log10_V_edema,diffusivity_ratio,0.00046005052125487004,0.005307002249032011,0.0035476812541932632,0.0022011854162516174,0.003603066072072536,0.004524010462774479,2048
mid_crt_log10_V_edema,resection_time,1.657713595707354e-05,0.004553272640212592,0.006982591650217605,0.0022609192402385154,-0.005061784121265516,0.006610024974681817,2048
mid_crt_log10_V_edema,chemo_kill_rate,0.354557077746772,0.04960597202018493,0.6859794723420873,0.05209764575140722,0.34372259315880166,0.6962699251796401,2048
mid_crt_log10_V_edema,rt_alpha,0.24085758543608385,0.04231559821414753,0.6167069640505434,0.05071960465248798,0.24320541873825663,0.586494049071745,2048
mid_crt_log10_V_edema,rt_alpha_beta_ratio,0.00042461096423407026,0.002511059283113168,0.00411439369332825,0.0025559885116454295,-0.00036753585572875933,0.0042643361227573204,2048
mid_crt_log10_V_edema,seed_peak_density,-4.398848222828545e-06,0.0006763822524119522,0.00014599533638172692,8.337061899029794e-05,-0.0007831666463657748,0.00017335000406326913,2048
mid_crt_log10_V_edema,seed_sigma_mm,0.0029813314718982976,0.007667734875722994,0.014044839428106306,0.003053405156458392,0.005231872658588265,0.013110219200039516,2048
mid_crt_log10_V_edema,gaussian_seed_x_fraction,4.524795279157662e-05,0.003773074669133682,0.0030690221463642794,0.0019422454875651783,0.000699290735340982,0.004651434152949057,2048
mid_crt_log10_V_edema,gaussian_seed_y_fraction,0.0003216835747353104,0.0032086939088683815,0.0032852728730048105,0.0020154715333640418,0.0008999875656354611,0.004877811745112679,2048
mid_crt_log10_V_edema,gaussian_seed_z_fraction,0.0007779766735652086,0.0028525827175469977,0.0029582795901109465,0.0011738518250985904,0.0010877407086069245,0.002055444807686371,2048
mid_crt_r95_core,front_speed_mm_per_day,0.03559828558713849,0.07617711721978873,0.5902787938480063,0.15427509904780004,0.07629360680471771,0.5866057541788366,2048
mid_crt_r95_core,front_width_mm,0.009712705130923281,0.01983468082783489,0.41547643049652017,0.12654103605013428,0.007235591046131868,0.4403722236006501,2048
mid_crt_r95_core,diffusivity_ratio,-0.00533319100400699,0.011984946405288289,0.019122617918065157,0.016455228163105736,-0.010695183099601368,0.016065631858917385,2048
mid_crt_r95_core,resection_time,-0.0014428369206446027,0.01626747517984788,0.054173419744733844,0.022051038111518914,-0.001998334603468631,0.059215154788455564,2048
mid_crt_r95_core,chemo_kill_rate,0.058055012823193024,0.07040034947569007,0.6134993366033791,0.15567828353442204,0.032286062676166294,0.602367229916441,2048
mid_crt_r95_core,rt_alpha,0.05597132164086885,0.05759257125078465,0.5645314688063443,0.15992056391532689,0.030833215067420816,0.6069763351204394,2048
mid_crt_r95_core,rt_alpha_beta_ratio,-0.0006358218857785223,0.0014765904883377915,0.016834927758894804,0.02283488654728382,-0.0001765291216804923,7.314877585639374e-05,2048
mid_crt_r95_core,seed_peak_density,-0.0010461657358110563,0.0012484329447770954,0.002165988310376494,0.0033648743711417566,-0.0008428577328759415,0.00038474667310014793,2048
mid_crt_r95_core,seed_sigma_mm,-0.0007594295447259986,0.02001366821408233,0.05028483700977943,0.019318526636995525,0.003266947985657568,0.0442660503422193,2048
mid_crt_r95_core,gaussian_seed_x_fraction,-0.011256777849511516,0.015980382481092032,0.009176697927238036,0.009179746501805362,-0.022888868874108886,0.0048248768704399776,2048
mid_crt_r95_core,gaussian_seed_y_fraction,0.0007122444921768526,0.001899857132806779,0.009777684429169016,0.0094930059306753,0.0020491593686704675,0.012075667827166733,2048
mid_crt_r95_core,gaussian_seed_z_fraction,0.0012648408736606394,0.0020325654388077437,0.011871262800542593,0.011160374695008413,0.002342982486680906,0.011342402354937636,2048
mid_crt_r95_edema,front_speed_mm_per_day,0.07830126885576309,0.0354638518832486,0.24973366148159817,0.036860093378558605,0.09226416593107738,0.24152251529789326,2048
mid_crt_r95_edema,front_width_mm,0.013615711226608306,0.022640676436114872,0.13731635419798466,0.030657048375011993,0.013814709928484109,0.14413873993885598,2048
mid_crt_r95_edema,diffusivity_ratio,-0.0007162630279036601,0.004072392015553969,0.0017753992329347609,0.0011157052711964967,0.00024996432669798917,0.0020057824756198675,2048
mid_crt_r95_edema,resection_time,0.014314821365093404,0.01460788361233024,0.047589040432057535,0.00794449593891892,0.007808884018145367,0.04731603694971537,2048
mid_crt_r95_edema,chemo_kill_rate,0.26070136070412425,0.04643008311433692,0.6148317870222337,0.06536061688050117,0.26271022369140257,0.6386420802404956,2048
mid_crt_r95_edema,rt_alpha,0.19064681198926137,0.040139268952806,0.5445040403900921,0.0651180480220701,0.1910603292627377,0.5452059395296018,2048
mid_crt_r95_edema,rt_alpha_beta_ratio,0.00033342318106124885,0.002051158399268918,0.003559042778483191,0.003486078907427977,-0.0014410763131411676,0.0038016286981761675,2048
mid_crt_r95_edema,seed_peak_density,0.0005908244283628005,0.0021048799430296162,0.0014653754524377803,0.0002401733777541199,-0.0010352668151237935,0.0015813365551191408,2048
mid_crt_r95_edema,seed_sigma_mm,0.018661213099896056,0.016934457864001405,0.08263475857298036,0.01062788208778365,0.01705561119348292,0.08079238671348148,2048
mid_crt_r95_edema,gaussian_seed_x_fraction,-0.000450352744003518,0.002271369528530902,0.0013023686125963375,0.0010446777358293254,-0.00012463042092267424,0.0023477127698463044,2048
mid_crt_r95_edema,gaussian_seed_y_fraction,0.0016103761379481646,0.0034914668732268753,0.0016716178900825292,0.0011869161786764435,0.004046229979171119,0.0021669735369076,2048
mid_crt_r95_edema,gaussian_seed_z_fraction,0.0014874353703914248,0.0028184477411721393,0.0028286252738270105,0.002434286168939454,0.00373036670069187,0.0030995319215700516,2048
mid_crt_centroid_drift,front_speed_mm_per_day,0.32317833349559605,0.04174947572348323,0.4445734585668702,0.036862948071303685,0.3062132820590699,0.43648838462349837,2048
mid_crt_centroid_drift,front_width_mm,0.004774439454628234,0.018686610156465444,0.08808072751683044,0.01136348620860495,0.01673596184061226,0.0854094334290385,2048
mid_crt_centroid_drift,diffusivity_ratio,-8.542689224615877e-05,0.006496488447879729,0.008181247971353375,0.0018705910861591124,0.0021683510151543563,0.009042053902242017,2048
mid_crt_centroid_drift,resection_time,0.1324679499167425,0.027604310383987057,0.23671355996440666,0.025700094996829792,0.13750472840073114,0.24500737917464716,2048
mid_crt_centroid_drift,chemo_kill_rate,-0.00010029185308316275,0.0005535652586571737,6.818170278796623e-05,1.1461840218846202e-05,9.313694784433489e-05,7.119975796488741e-05,2048
mid_crt_centroid_drift,rt_alpha,0.03157118399228703,0.020141331816729124,0.08662021512164896,0.013385204333432842,0.03975239858843233,0.08173950631127122,2048
mid_crt_centroid_drift,rt_alpha_beta_ratio,-0.0002857358782880855,0.0027092031592963616,0.0014514167498027668,0.00045740198136565,-4.1937083789886286e-05,0.0015717051058219535,2048
mid_crt_centroid_drift,seed_peak_density,0.0021626952499301127,0.0038372029089134073,0.0036327231068202463,0.0005152461285575241,0.001791193679904452,0.0035382166495588913,2048
mid_crt_centroid_drift,seed_sigma_mm,0.09608961836422908,0.02445727615979865,0.16494027777775291,0.01569744725789831,0.08902370272765707,0.16517533238831622,2048
mid_crt_centroid_drift,gaussian_seed_x_fraction,0.052835925382111966,0.023761306778357253,0.13217239819383791,0.014611329475306141,0.04868402714581395,0.13404995053559923,2048
mid_crt_centroid_drift,gaussian_seed_y_fraction,0.038296831374062215,0.025562954720842124,0.12789943437139883,0.017921116040529216,0.025398978055737355,0.1313730633330662,2048
mid_crt_centroid_drift,gaussian_seed_z_fraction,0.028490599113950108,0.018096638161062637,0.09109235175233966,0.012869236478499142,0.021315140550095715,0.09960650841715579,2048
mid_crt_centroid_x_mm,front_speed_mm_per_day,0.0024377452656759975,0.00587794171777187,0.009012569779347064,0.0009764102520652889,0.004081741415603812,0.009115160975690623,2048
mid_crt_centroid_x_mm,front_width_mm,-0.0008433202201816215,0.0023877433853944584,0.0017482217993803903,0.0002562059653813319,0.0001391077815763003,0.0016776647013863944,2048
mid_crt_centroid_x_mm,diffusivity_ratio,-0.0007587262143921816,0.0008520623366978843,0.0002555617088264111,5.4144818937550554e-05,-0.0002349119838712005,0.0002035694846845918,2048
mid_crt_centroid_x_mm,resection_time,0.0014160585396448423,0.004095960732963456,0.0047276296854949305,0.0005969868616333356,0.000556992072850231,0.0048485683479754975,2048
mid_crt_centroid_x_mm,chemo_kill_rate,2.144943671931665e-06,6.505710757157433e-05,1.2983584543262277e-06,2.1294015311458924e-07,6.2303575033871264e-06,1.280985964958446e-06,2048
mid_crt_centroid_x_mm,rt_alpha,-3.4628580948330194e-05,0.002478857188501185,0.0016412357418250435,0.00032805073073133826,0.0008994148590534297,0.001578612977097082,2048
mid_crt_centroid_x_mm,rt_alpha_beta_ratio,4.26589196639414e-05,0.0003581439784946755,2.9526969558846178e-05,1.1931591556919373e-05,0.00014745762167907222,3.510194777458707e-05,2048
mid_crt_centroid_x_mm,seed_peak_density,-0.00010819238826932314,0.0006830242519574546,0.000104997826016102,1.7033809091639387e-05,-0.0002361033440012181,9.299816734172361e-05,2048
mid_crt_centroid_x_mm,seed_sigma_mm,-0.00030942390417522576,0.0041817085995428825,0.004288277385459353,0.0004735387314909228,0.00022674662508998143,0.004241807319809743,2048
mid_crt_centroid_x_mm,gaussian_seed_x_fraction,0.9847226392634836,0.04914965889433358,0.9994966928664466,0.04544467273132027,0.9895066809988884,1.0007003842267606,2048
mid_crt_centroid_x_mm,gaussian_seed_y_fraction,0.0033966590337000274,0.0029325918208673776,0.002252218999741775,0.0003298975236398308,0.0029949007600047262,0.0025586616928462815,2048
mid_crt_centroid_x_mm,gaussian_seed_z_fraction,0.0010078373677137387,0.0022092417274448065,0.0013765085329609514,0.00021802382704841946,0.0005544641621035782,0.0015861398780236185,2048
mid_crt_centroid_y_mm,front_speed_mm_per_day,0.000861126263363998,0.004211131584690429,0.004694663873406669,0.0006418185177028673,0.0028652612649370363,0.004687991442200457,2048
mid_crt_centroid_y_mm,front_width_mm,0.0003740350926130399,0.0020268436091677015,0.0009515276054404036,0.00013792686683100676,0.0009128053656257132,0.0009101078232763809,2048
mid_crt_centroid_y_mm,diffusivity_ratio,0.0002295942225284704,0.0008438454979558161,0.00016615776435088147,3.674620700629636e-05,8.272755296956458e-05,0.00018163561017957826,2048
mid_crt_centroid_y_mm,resection_time,0.0009258399713993177,0.003140565283557296,0.0025787456929082966,0.00036669237651372043,0.002230142866880524,0.0025654895717465236,2048
mid_crt_centroid_y_mm,chemo_kill_rate,-7.160622154608057e-05,9.333424055910577e-05,1.2776285779822646e-06,6.648967978855816e-07,-0.00018877864177874935,1.5594562646151801e-06,2048
mid_crt_centroid_y_mm,rt_alpha,-0.00018203819522605598,0.0017915775823872265,0.0008603959964422597,0.00021518018313904712,8.001520796954508e-05,0.0007562343269689364,2048
mid_crt_centroid_y_mm,rt_alpha_beta_ratio,-3.6248704523112433e-06,0.00020638751409656053,1.1743022678455855e-05,4.762841199892171e-06,1.1525216474896523e-05,9.742059902211666e-06,2048
mid_crt_centroid_y_mm,seed_peak_density,0.0001271152949581881,0.0004844230074425245,5.1443186482763525e-05,8.600895512958291e-06,0.00031923567632875305,5.013133272156617e-05,2048
mid_crt_centroid_y_mm,seed_sigma_mm,-0.0006288940168984216,0.0028098442759291655,0.0021014179563125235,0.0003018985669679808,0.001508895350839616,0.0021100332454841654,2048
mid_crt_centroid_y_mm,gaussian_seed_x_fraction,0.010428923373531091,0.017610065664395658,0.0993963719896432,0.010549736518535576,0.011402707910866543,0.09989936981663192,2048
mid_crt_centroid_y_mm,gaussian_seed_y_fraction,0.8941077473632051,0.051019615026275666,0.9904555231986576,0.052540306040089975,0.8982282550924935,0.9951394961653498,2048
mid_crt_centroid_y_mm,gaussian_seed_z_fraction,0.000327042512621542,0.0027411390463039516,0.0018588546894192943,0.00030635919849149323,0.0022582783459932313,0.002037615399960374,2048
mid_crt_centroid_z_mm,front_speed_mm_per_day,-0.004546770870065896,0.007589607756620793,0.01497235078069925,0.0017917927029122956,-0.0063389738994528684,0.01340296590605694,2048
mid_crt_centroid_z_mm,front_width_mm,-0.0034253496528463697,0.00393131167014588,0.003257764274638269,0.0005024463415151236,-0.0012943179044597021,0.0031322428759593176,2048
mid_crt_centroid_z_mm,diffusivity_ratio,0.0005845737177775075,0.002101938864911485,0.0008932947806498387,0.00025369824280819365,0.0022744423765877985,0.001127094673762472,2048
mid_crt_centroid_z_mm,resection_time,-0.0006100671880048536,0.005883964163879928,0.008300690104689833,0.0011346063304095938,-0.0010025837995943096,0.008548844717080506,2048
mid_crt_centroid_z_mm,chemo_kill_rate,4.533484315033692e-06,9.399887645146063e-05,2.664589257929946e-06,5.93510012349224e-07,-2.9042239374124574e-05,2.620995916748274e-06,2048
mid_crt_centroid_z_mm,rt_alpha,0.002363653256634712,0.003967646953516351,0.003347046312700069,0.0007065084816987879,0.005112132102050715,0.00312269327607032,2048
mid_crt_centroid_z_mm,rt_alpha_beta_ratio,-7.426814028860934e-05,0.00046390242987200136,6.294705178743799e-05,2.7941680408645793e-05,-0.0007147548066501074,7.420884435168894e-05,2048
mid_crt_centroid_z_mm,seed_peak_density,-0.00021994532077372443,0.000725077605770409,0.00015590147603888028,3.427843662666245e-05,0.0001786987341755805,0.00014772560854360017,2048
mid_crt_centroid_z_mm,seed_sigma_mm,0.0010099082879017275,0.0048958700458870035,0.006675122587607111,0.00091935184883302,-0.0016819884570917578,0.00641355423569867,2048
mid_crt_centroid_z_mm,gaussian_seed_x_fraction,0.02226562900511673,0.01850754767058145,0.09932662591985889,0.009951767400753623,0.022702327716514176,0.09937257598865802,2048
mid_crt_centroid_z_mm,gaussian_seed_y_fraction,0.03101591994327168,0.023559468500332095,0.1737226522144656,0.014243206841947995,0.02960822169645955,0.17409140770920384,2048
mid_crt_centroid_z_mm,gaussian_seed_z_fraction,0.7670907419910393,0.05315432766007643,0.9200987939967052,0.06094982789563928,0.7777331481630892,0.923205466604196,2048
mid_crt_R_g,front_speed_mm_per_day,0.23409715418051427,0.034269106940151825,0.3038058007727187,0.025895642724919826,0.22181478342576513,0.31037212915429674,2048
mid_crt_R_g,front_width_mm,0.0003819702666887961,0.008970150219167639,0.022873079085585984,0.0021639451980039535,0.0005606089081610331,0.022436093863983982,2048
mid_crt_R_g,diffusivity_ratio,0.008385196200050604,0.00747631518095199,0.013402458062056958,0.001885498111495612,0.008594685410585202,0.013334858013911226,2048
mid_crt_R_g,resection_time,0.10574684986974474,0.023663138628341965,0.1491786664897046,0.015605031223691569,0.0875034841266826,0.14716249216445712,2048
mid_crt_R_g,chemo_kill_rate,2.8759895437724383e-05,0.0005026104517280538,5.8158330568768784e-05,9.015025334474145e-06,3.730625445790451e-05,5.651858227529723e-05,2048
mid_crt_R_g,rt_alpha,0.006117167132253761,0.009014799559185582,0.023319556392943357,0.0037606985277150143,0.005505875928847536,0.022133311957924277,2048
mid_crt_R_g,rt_alpha_beta_ratio,0.0002454248828449213,0.0008966876449183435,0.0002974749433715443,9.469263161961887e-05,0.0002764518703234414,0.0002804002034399127,2048
mid_crt_R_g,seed_peak_density,0.007451744155080127,0.0054839748588152,0.008566072933993618,0.0007446302278321459,0.008549945416474823,0.008128465659188545,2048
mid_crt_R_g,seed_sigma_mm,0.4814368136171508,0.03983283099727067,0.49155207452987154,0.033457242334011233,0.47662005248024514,0.484981718134969,2048
mid_crt_R_g,gaussian_seed_x_fraction,0.017768176112641053,0.011928072775550707,0.03716710661520466,0.00427050329326385,0.013847122490900367,0.036055213528313555,2048
mid_crt_R_g,gaussian_seed_y_fraction,0.016059633186921742,0.012290749079658065,0.03972233249487348,0.005582770079525682,0.00810385527440474,0.03930779719596775,2048
mid_crt_R_g,gaussian_seed_z_fraction,0.019541349649933672,0.010325070336712705,0.03420764454525155,0.0049712422624129,0.02451831586533226,0.03860574192542559,2048
mid_crt_log10_anisotropy,front_speed_mm_per_day,0.21731600204071347,0.038508562703101205,0.419409744212027,0.037428975989803846,0.22671121532821253,0.402496591767313,2048
mid_crt_log10_anisotropy,front_width_mm,0.029149629131998596,0.027856255845443514,0.21392689700753356,0.0265101403176712,0.03992643423754996,0.1982132561065204,2048
mid_crt_log10_anisotropy,diffusivity_ratio,-0.0013465876281514915,0.00994032694397224,0.02254324052023087,0.0036924898796321997,-0.0008374456685174717,0.023659780851527267,2048
mid_crt_log10_anisotropy,resection_time,0.11902266359153711,0.03259482004162761,0.2736084656930572,0.02886636683692585,0.1177179765838326,0.2811949278727758,2048
mid_crt_log10_anisotropy,chemo_kill_rate,-4.422254687655714e-05,0.00041112356860760246,4.241483542001909e-05,9.913922384208926e-06,-4.646204967796521e-05,4.056940012714058e-05,2048
mid_crt_log10_anisotropy,rt_alpha,0.016877069448736143,0.015117920780233182,0.06426754798575639,0.011409189629062122,0.015006247872573864,0.06375460013596891,2048
mid_crt_log10_anisotropy,rt_alpha_beta_ratio,-0.0011908978555380263,0.0026583026344196535,0.002915003012513124,0.0014808700422238384,-0.0015944207803043416,0.00348851247268423,2048
mid_crt_log10_anisotropy,seed_peak_density,0.0019310350393913953,0.003979549213916483,0.00380103055016291,0.0007482306026280935,-0.0010516899191766152,0.003342793018430149,2048
mid_crt_log10_anisotropy,seed_sigma_mm,0.029472800339011798,0.02089106568044965,0.11423723983211617,0.011242480385803087,0.027297262445653742,0.1180187872576396,2048
mid_crt_log10_anisotropy,gaussian_seed_x_fraction,0.08922029694811529,0.030237560800233414,0.25435582456008876,0.02196701435436013,0.09112658646303906,0.24604751541738007,2048
mid_crt_log10_anisotropy,gaussian_seed_y_fraction,0.0402344536641034,0.02959622379930109,0.2025806149778735,0.021635327228377726,0.02032916066080481,0.20107745705513394,2048
mid_crt_log10_anisotropy,gaussian_seed_z_fraction,0.028671875983892793,0.02465442616413772,0.1526086373456561,0.018149645595422956,0.036728593428642264,0.15149158191644535,2048
mid_crt_wm_fraction,front_speed_mm_per_day,0.09146378348939985,0.030542421203179217,0.25123508407136025,0.02245679604113688,0.07884133082035272,0.24563268290051155,2048
mid_crt_wm_fraction,front_width_mm,-0.008605421814658475,0.01921082023696348,0.1007513694233273,0.01392776735556829,0.001261422987917072,0.09552034685385757,2048
mid_crt_wm_fraction,diffusivity_ratio,0.026367111231111164,0.012209681103324354,0.03952024012137266,0.004423884648976563,0.017427534427828992,0.04139753099121854,2048
mid_crt_wm_fraction,resection_time,0.037858026340465284,0.02241795582543253,0.16856485564325877,0.017387931740674326,0.0353777129392104,0.16948953576662742,2048
mid_crt_wm_fraction,chemo_kill_rate,0.00014547368707256664,0.0004047055228067196,4.983985309318278e-05,7.873881570522114e-06,0.0002123282231484022,5.430791658832737e-05,2048
mid_crt_wm_fraction,rt_alpha,0.02074427829319147,0.0162552315814679,0.06751338974788393,0.012633593098430856,0.019455360242766097,0.06787615270375699,2048
mid_crt_wm_fraction,rt_alpha_beta_ratio,-0.001338080414461131,0.0027814374663446334,0.0015355666876516229,0.0006456097205107662,-0.0007559757560193879,0.0016350751489871394,2048
mid_crt_wm_fraction,seed_peak_density,0.0006049606449216377,0.003501507098791463,0.004056558843699091,0.0007633503748978012,-0.0010059963078089247,0.003476700188780306,2048
mid_crt_wm_fraction,seed_sigma_mm,-0.0006436757255821619,0.020005717033652767,0.11759474088835466,0.012604289478909618,0.003034027468464139,0.11731400287809018,2048
mid_crt_wm_fraction,gaussian_seed_x_fraction,0.07695127371991276,0.038491725504058064,0.35359132231634843,0.03523515363828746,0.0896953866008697,0.36376889486299463,2048
mid_crt_wm_fraction,gaussian_seed_y_fraction,0.052828790483866524,0.03275567596919953,0.2983326722232796,0.028462557753899394,0.04683832823546666,0.31438429374830185,2048
mid_crt_wm_fraction,gaussian_seed_z_fraction,0.21806473284226027,0.04064992445401438,0.459740471611996,0.045952794641608855,0.18798345402795744,0.46524832849034986,2048
end_crt_log10_mass,front_speed_mm_per_day,0.05712517022827684,0.01677193695134525,0.08166106647362624,0.008570705621870954,0.05553210897984552,0.085125558299305,2048
end_crt_log10_mass,front_width_mm,0.0019205624482036983,0.010849105693040408,0.03540217788422183,0.006535721357614421,0.005166032139417905,0.03461998514182719,2048
end_crt_log10_mass,diffusivity_ratio,0.0025733511831294202,0.003806852227280605,0.004294240195285383,0.0012659808800702386,0.0029915928294189354,0.0055722691530434324,2048
end_crt_log10_mass,resection_time,0.001865930990294579,0.00668354518286707,0.011476265858936154,0.002048743445726217,-0.0008748041017001411,0.010593932133319637,2048
end_crt_log10_mass,chemo_kill_rate,0.5235148192480737,0.04614489133690396,0.5236442730208241,0.034504835592879084,0.5244782267873528,0.5261484802288954,2048
end_crt_log10_mass,rt_alpha,0.33004270680962944,0.038670725313449394,0.37873225941007627,0.029771434458551026,0.3241616674585698,0.3839573790983968,2048
end_crt_log10_mass,rt_alpha_beta_ratio,0.0008152870583356474,0.0025513499689004556,0.001529304657813106,0.0002654739574879141,0.001598478926768382,0.0015167977330242017,2048
end_crt_log10_mass,seed_peak_density,-7.940449980824633e-05,0.001817354845620404,0.0007963696777717114,0.0002697920613873269,-0.00037049599204308194,0.0006885731431932048,2048
end_crt_log10_mass,seed_sigma_mm,0.031675238876159424,0.012586195177328058,0.04299527661262794,0.004647514457347624,0.030862847010542066,0.04139087306217804,2048
end_crt_log10_mass,gaussian_seed_x_fraction,0.004174825955859087,0.004034897210444016,0.005197934762966129,0.0007255349090192303,0.0006782592355927071,0.0050639854897843615,2048
end_crt_log10_mass,gaussian_seed_y_fraction,0.0034602022810650444,0.004473755487818922,0.004941387805104218,0.0010438521574534564,-2.1906817903027166e-05,0.005141938524807713,2048
end_crt_log10_mass,gaussian_seed_z_fraction,0.001939974471693376,0.004533012484637546,0.005814987172990826,0.0011553628962504363,-0.00021220672272593966,0.006421294488325112,2048
end_crt_V_core,front_speed_mm_per_day,0.02940996394272683,0.06933223586569279,0.31429242420814124,0.3361903744949783,0.06654023093466375,0.32148578531173644,2048
end_crt_V_core,front_width_mm,0.003002262070678866,0.011398347278669457,0.3801735140428682,0.5317407276769986,0.008577519613584762,0.25848790057562476,2048
end_crt_V_core,diffusivity_ratio,-0.00015963913621400814,0.0008717521974410583,0.020336597114896656,0.03563952391378681,-0.00028833006081584997,0.04152651039980058,2048
end_crt_V_core,resection_time,0.0007632036582629763,0.0021029900007299637,0.059532349372952355,0.08118523751105794,0.0015083112217438154,0.05467167621526957,2048
end_crt_V_core,chemo_kill_rate,0.011875217601196301,0.0374869846413566,0.4348744537721576,0.5406863222148391,-0.003825666566524274,0.5528549237537331,2048
end_crt_V_core,rt_alpha,0.005895482698885468,0.01744317055587334,0.2904860561446627,0.38241934458874316,0.015994482445053457,0.24969447044188872,2048
end_crt_V_core,rt_alpha_beta_ratio,0.00022336687977792997,0.00046538250162885957,0.00529767426290445,0.010270055077517376,0.00032489262939394865,0.011989247084424925,2048
end_crt_V_core,seed_peak_density,-2.6928564960599682e-05,0.0001420368634946149,0.0005954162648977719,0.0008899357358914876,-4.2531181969585555e-05,9.085172676253332e-05,2048
end_crt_V_core,seed_sigma_mm,0.002814559317364596,0.007566280239853775,0.042026893990906256,0.052862623924010324,0.006420073935712083,0.01822928643368001,2048
end_crt_V_core,gaussian_seed_x_fraction,-0.00010641518212266296,0.000531660350118698,0.00844086595397636,0.009960098386448426,-0.00016168482693330305,0.00853361987461024,2048
end_crt_V_core,gaussian_seed_y_fraction,-0.0006608378986664197,0.0020321767454144464,0.10028976537016626,0.18752592826118927,3.83982454765731e-05,0.09430502090599277,2048
end_crt_V_core,gaussian_seed_z_fraction,-0.0005859503359678921,0.0015952127348664484,0.06390083163397357,0.1173594973048557,-0.0014103947902073563,0.13062604732239932,2048
end_crt_V_edema,front_speed_mm_per_day,0.025319483226046262,0.04732727305261034,0.3563878958556601,0.13889684842398914,0.039503846182626125,0.35810133682375783,2048
end_crt_V_edema,front_width_mm,-0.013700771739624303,0.021205059277209334,0.15050573031183026,0.06726524663784995,-0.016658098776942264,0.1608388177279338,2048
end_crt_V_edema,diffusivity_ratio,0.0010864871167147508,0.004525595937442481,0.025347929344577053,0.015439965124375286,0.0003598227807726881,0.025060516214536303,2048
end_crt_V_edema,resection_time,0.007235043029034529,0.01438738078367045,0.10844035578115369,0.05501497442787938,-0.0034124689206248182,0.09166202568408108,2048
end_crt_V_edema,chemo_kill_rate,0.08912281358581532,0.041472233972515996,0.5092777842986873,0.22732852739255144,0.09320303399501534,0.5259439777458126,2048
end_crt_V_edema,rt_alpha,0.051579467272042705,0.05144999220912254,0.3894022373979639,0.18288570863185105,0.017005304217653384,0.40611232951839865,2048
end_crt_V_edema,rt_alpha_beta_ratio,-0.005479720179130302,0.008819418711644917,0.0030059591773675576,0.002448988853135696,-0.0020048689913832727,0.0043668885274742416,2048
end_crt_V_edema,seed_peak_density,-0.00020169224968330106,0.0009176738102512743,0.0012350129716789187,0.0006383423487815287,0.00010758628631512806,0.0012966648134520177,2048
end_crt_V_edema,seed_sigma_mm,0.012794759434897565,0.01743978871421239,0.10030315618830565,0.046678774863514044,0.01926733330840644,0.0889824134090261,2048
end_crt_V_edema,gaussian_seed_x_fraction,-0.0004527903304446715,0.0035488737318090215,0.033137994242008924,0.022183247794264997,0.002002202694461666,0.02569536772339746,2048
end_crt_V_edema,gaussian_seed_y_fraction,0.00013456946267027147,0.013653528764602317,0.07349133564046997,0.06416170548298428,-0.006515715590034156,0.07067089926462941,2048
end_crt_V_edema,gaussian_seed_z_fraction,0.0011113829222108903,0.007938184071138723,0.07135899640552729,0.044739897167600254,0.004224385100848214,0.10156180198144822,2048
end_crt_log10_V_core,front_speed_mm_per_day,0.04219563957835271,0.059409342497476175,0.6064851800964723,0.15154185963605074,0.07622771435680402,0.5855402776050015,2048
end_crt_log10_V_core,front_width_mm,0.021429720895284974,0.04146779388101519,0.42140087111904706,0.13565501441939298,0.04387686927313289,0.40035450459259175,2048
end_crt_log10_V_core,diffusivity_ratio,0.012810933114363513,0.02527124761323296,0.005110281749917378,0.007423620206915427,0.025537777964292494,0.0085726273412506,2048
end_crt_log10_V_core,resection_time,0.016596444850727386,0.0318666414372538,0.021460865182542123,0.01710348730348951,0.03270153340460375,0.024158370229017623,2048
end_crt_log10_V_core,chemo_kill_rate,0.02309375559824072,0.0533166023526569,0.6971169349882518,0.18364308601177087,-0.00867426649813564,0.6184700792896386,2048
end_crt_log10_V_core,rt_alpha,0.027150601159025668,0.04914571933099035,0.6120714255103661,0.16555333274947984,0.05694700569059089,0.5628296814678625,2048
end_crt_log10_V_core,rt_alpha_beta_ratio,-0.002540633108596318,0.005182444061195214,0.007944930210905888,0.008498031664663525,-0.00486343793079298,0.00709812430567276,2048
end_crt_log10_V_core,seed_peak_density,0.0028754104668946064,0.005593941505185143,0.00027962206320595895,0.00036808799639260256,0.005601706297856358,0.0004753145577098681,2048
end_crt_log10_V_core,seed_sigma_mm,0.019886160562588854,0.038936676087329834,0.014454348790477526,0.017861501635293726,0.03955723463241681,0.021271207907632612,2048
end_crt_log10_V_core,gaussian_seed_x_fraction,-0.0026489293079051397,0.005142023833270731,0.0034326550741202665,0.002173801185519599,-0.005318466310875786,0.0034191145561514023,2048
end_crt_log10_V_core,gaussian_seed_y_fraction,0.014586869610194288,0.02785622773319099,0.010209175153041095,0.010434336676126033,0.029025070763135742,0.013884946065049765,2048
end_crt_log10_V_core,gaussian_seed_z_fraction,0.014060512386961167,0.027493437984240043,0.0098687285987729,0.009681619997131165,0.028065606136201696,0.014700108717246637,2048
end_crt_log10_V_edema,front_speed_mm_per_day,0.03298109501191493,0.033105984163627776,0.26657431600794884,0.04483862911265382,0.04433028814377367,0.28090650488413327,2048
end_crt_log10_V_edema,front_width_mm,0.012936268529027498,0.02569330099084595,0.16149656683713973,0.030480765904341633,0.03596176663225927,0.16579979330941005,2048
end_crt_log10_V_edema,diffusivity_ratio,0.0009346556197815211,0.0030189261534011415,0.0031487295760385036,0.0026481114180347634,-0.00046040275609164004,0.004345432850310562,2048
end_crt_log10_V_edema,resection_time,0.002590185944430854,0.00481689713322818,0.007837364003552783,0.003223092279699739,0.0003016085208378664,0.00917489853256348,2048
end_crt_log10_V_edema,chemo_kill_rate,0.25301254062062056,0.059771236400926964,0.7324354417931571,0.06964576834272722,0.25250037568034606,0.7343325998095078,2048
end_crt_log10_V_edema,rt_alpha,0.14852183959636098,0.043733312976827844,0.6092663532307268,0.06772127488948121,0.14799300985659106,0.6063336991386515,2048
end_crt_log10_V_edema,rt_alpha_beta_ratio,-0.003233658135498468,0.006375834836816482,0.009092233783870118,0.004915626781092385,7.843283527161e-05,0.008937377963289465,2048
end_crt_log10_V_edema,seed_peak_density,0.00039205070522790474,0.0006364713737131342,0.00011292100120923762,6.264403839523817e-05,-0.00011324399418985718,6.181249248532471e-05,2048
end_crt_log10_V_edema,seed_sigma_mm,0.007500255054940882,0.008791759004207528,0.016031501333472142,0.005609903932328604,0.004842225171403629,0.011855253328358085,2048
end_crt_log10_V_edema,gaussian_seed_x_fraction,-0.002113834660238236,0.0035280198553156966,0.0042119088614953,0.0024732896723007464,-0.0032064685610164413,0.003645675482040427,2048
end_crt_log10_V_edema,gaussian_seed_y_fraction,0.0003132352621601534,0.0022342197718807394,0.003397921197548909,0.002341350130648599,0.0021693738231194906,0.003513542076946684,2048
end_crt_log10_V_edema,gaussian_seed_z_fraction,0.0021035705656296147,0.005415076997028898,0.004503409271526928,0.0026605653244749345,0.001135969252686923,0.0026109647313842113,2048
end_crt_r95_core,front_speed_mm_per_day,0.056721977129977286,0.09328091460811883,0.5742163629427192,0.16441506094017075,0.10651756064730836,0.5472938782578927,2048
end_crt_r95_core,front_width_mm,0.013438336569829564,0.019694340927561463,0.3714060151167834,0.1336581525077541,0.02794849021219137,0.3706991247985935,2048
end_crt_r95_core,diffusivity_ratio,0.001002388203913554,0.0017381976106635355,0.0017119462018821215,0.001521210691623591,0.0019126434205327975,0.0007819383387467081,2048
end_crt_r95_core,resection_time,0.0074220607139447465,0.014798962720293733,0.046191888607342226,0.022242350523298343,0.01525601978743067,0.044058468051513894,2048
end_crt_r95_core,chemo_kill_rate,0.030352364519522928,0.06775721634608964,0.5956881599281402,0.17929334451441453,-0.016128750936566356,0.5535823728678264,2048
end_crt_r95_core,rt_alpha,0.02026942802128014,0.039755136857992646,0.5418130252515734,0.17543814703834068,0.04305808705807194,0.5305477137613624,2048
end_crt_r95_core,rt_alpha_beta_ratio,-0.006286955956065111,0.012335959721533299,0.005859562905389897,0.007769153333764317,-0.01264257868565872,0.0019054614827854611,2048
end_crt_r95_core,seed_peak_density,-0.0002191641524121851,0.000724325963885051,0.000815458018135177,0.0006774479233284579,-0.0007687567508451695,0.00030658860397110983,2048
end_crt_r95_core,seed_sigma_mm,0.010089360333973079,0.020172652733983536,0.0373628293167438,0.01690667956303655,0.020882746773876335,0.031688136950259654,2048
end_crt_r95_core,gaussian_seed_x_fraction,-0.0062224948990181085,0.01236877813323348,0.003079692828468745,0.0032037290067822195,-0.012501927527262566,0.002048059037996706,2048
end_crt_r95_core,gaussian_seed_y_fraction,0.0016602446998668348,0.002520859528763613,0.012767731287036826,0.02025215727932324,0.003519214511529699,0.02022482235959511,2048
end_crt_r95_core,gaussian_seed_z_fraction,0.0015455494540429701,0.002610789929105722,0.004550091673017997,0.007704183636203247,0.0030672284763740725,0.008380946161336451,2048
end_crt_r95_edema,front_speed_mm_per_day,0.06182575500005065,0.0511512626775482,0.367439689865861,0.07186986011739993,0.08910766407836963,0.3759831358227226,2048
end_crt_r95_edema,front_width_mm,0.014222055816610313,0.03211007083777526,0.1890226683609987,0.041825953417001197,0.03756600109510147,0.1843844535781803,2048
end_crt_r95_edema,diffusivity_ratio,0.0028286979763937196,0.003143304350991124,0.004161605511625735,0.0035150804613702066,0.0020869404390094918,0.003075958792742041,2048
end_crt_r95_edema,resection_time,0.01374896594853248,0.017343383680035445,0.04763191215826827,0.011057047543641046,0.004483659279779675,0.04904607299376712,2048
end_crt_r95_edema,chemo_kill_rate,0.18365207021431992,0.05390714837261408,0.6474066373692974,0.09098546277193231,0.19448987995085604,0.6417159124803394,2048
end_crt_r95_edema,rt_alpha,0.12827560598698973,0.04422021445011265,0.569337540409283,0.08712210098418531,0.13914559574913002,0.5791423132395187,2048
end_crt_r95_edema,rt_alpha_beta_ratio,-0.00043147238580357894,0.0038830832185967066,0.016121108997843425,0.012052499986332923,0.0011987022825597502,0.01068294233324394,2048
end_crt_r95_edema,seed_peak_density,0.0006136332900308224,0.0013006496403539876,0.0010522524163149136,0.00022141565932761565,0.00025553185445656125,0.00105725025614016,2048
end_crt_r95_edema,seed_sigma_mm,0.01425514535727417,0.01690350748932954,0.07388710704606476,0.0144411293399602,0.013702165141700286,0.07252907508641036,2048
end_crt_r95_edema,gaussian_seed_x_fraction,-0.00063608048413821,0.0027496520133856537,0.003486220106810628,0.0026433658832849673,-0.001367400951620002,0.0013600826934924341,2048
end_crt_r95_edema,gaussian_seed_y_fraction,0.0004410120179880868,0.003994293607038738,0.005876965638467728,0.004615677533118187,0.0008322695998089004,0.005759936538869684,2048
end_crt_r95_edema,gaussian_seed_z_fraction,0.00039130357201290874,0.0035421662099567965,0.00474646871030539,0.0035308958609863226,0.00166043748141116,0.004764105767136335,2048
end_crt_centroid_drift,front_speed_mm_per_day,0.2721353217977043,0.038075377167486636,0.3779680073057433,0.03686337318645564,0.2613102218618039,0.38170267953936,1933
end_crt_centroid_drift,front_width_mm,-0.0026037165883324716,0.01628234976745998,0.07708075229668454,0.010683026832130713,-0.011690229679981106,0.08096361695019802,1933
end_crt_centroid_drift,diffusivity_ratio,-0.00173865847330788,0.0073987859829764266,0.010637665172785901,0.0027130934982505573,0.0006289493055141973,0.011705911614049288,1933
end_crt_centroid_drift,resection_time,0.10080416229974672,0.02653485567718043,0.18652626869184538,0.020070712749321106,0.10620212465675342,0.1909545058458203,1933
end_crt_centroid_drift,chemo_kill_rate,-0.0004981276696118615,0.0011833788315288387,0.0003218685940033358,6.649183943462501e-05,-0.0001940510383884681,0.00034118266006113345,1933
end_crt_centroid_drift,rt_alpha,0.17691303499246322,0.03828487548955231,0.2428871679918597,0.024272365206890925,0.1791818657122794,0.2601652504312654,1933
end_crt_centroid_drift,rt_alpha_beta_ratio,0.0010456535923602044,0.0029368081878236745,0.0025054821233600456,0.0007544235230814012,0.00047220282515042706,0.0024971850129595526,1933
end_crt_centroid_drift,seed_peak_density,0.0007590950633273078,0.0036836298853517315,0.0035628820085978974,0.0006259589142001325,-0.0009782240310101577,0.003746266422597192,1933
end_crt_centroid_drift,seed_sigma_mm,0.08115492327467543,0.02449330778227275,0.14024447865169767,0.01451947714312116,0.0723269120524005,0.13794510430609414,1933
end_crt_centroid_drift,gaussian_seed_x_fraction,0.03649058540351391,0.022957124527098076,0.11317483752751872,0.012764621812219617,0.030865947386231128,0.1105781390632923,1933
end_crt_centroid_drift,gaussian_seed_y_fraction,0.031435870021524766,0.025207123721373948,0.11078124695114842,0.015118040468824057,0.021225834966218632,0.1159105441655388,1933
end_crt_centroid_drift,gaussian_seed_z_fraction,0.01829926538918799,0.018013855739876242,0.080471903535906,0.010919874303894279,0.009712418685848895,0.08485248205102836,1933
end_crt_centroid_x_mm,front_speed_mm_per_day,0.0039700338789983225,0.0064827114488273975,0.010827378427049023,0.0012793626127254138,0.0042387255514844185,0.011200108653504735,1933
end_crt_centroid_x_mm,front_width_mm,-0.000989293350603486,0.0029220179386443574,0.002408774605291244,0.0003907940975861331,-0.00034197477912641154,0.002178878555717885,1933
end_crt_centroid_x_mm,diffusivity_ratio,-0.000776028275628613,0.001196819168819562,0.0004509067150141251,0.00010315302758059713,-0.0003938397726357552,0.00038563836764941004,1933
end_crt_centroid_x_mm,resection_time,0.0012600433591936876,0.0045690153170005856,0.005303496345435798,0.0006611273446707095,0.0018132850896640398,0.005335290650043651,1933
end_crt_centroid_x_mm,chemo_kill_rate,2.2448946022233484e-05,0.00016726710528575965,8.25797421529215e-06,1.6395882833224166e-06,3.3644546464169487e-05,8.103556936507127e-06,1933
end_crt_centroid_x_mm,rt_alpha,0.0006135820830561042,0.004783383965144257,0.006224001335121631,0.0008767680320142139,0.0008787970687037462,0.0065286313656327186,1933
end_crt_centroid_x_mm,rt_alpha_beta_ratio,0.00045358901461145675,0.0005081829892216852,6.68294204653425e-05,2.2890366769125222e-05,0.0007891901619342976,5.765751084016352e-05,1933
end_crt_centroid_x_mm,seed_peak_density,0.0002924426390956421,0.0008018683444232859,0.00015098039926215979,3.108036932737997e-05,9.240989502531222e-05,0.00013184323284220307,1933
end_crt_centroid_x_mm,seed_sigma_mm,0.00046130862193849854,0.004661085567460789,0.0052399770073695276,0.0005942115720609512,0.0012919339665360926,0.004959709464183924,1933
end_crt_centroid_x_mm,gaussian_seed_x_fraction,0.9829495700877605,0.0505031996218279,1.0004771030201438,0.04637343126339742,0.9851389894079379,0.9992123859250622,1933
end_crt_centroid_x_mm,gaussian_seed_y_fraction,0.0034911510668176856,0.0037344671165769274,0.003321568092327073,0.0005027610602576991,0.0015654377347897163,0.003465992081886607,1933
end_crt_centroid_x_mm,gaussian_seed_z_fraction,0.001205696630339884,0.0027064322677844963,0.00234887379055388,0.0004213004293270554,-0.0009592129308336653,0.0025846654719069487,1933
end_crt_centroid_y_mm,front_speed_mm_per_day,3.845647619390174e-05,0.004898014305787065,0.006253686867687423,0.0009723075654869788,0.00027660522068642706,0.0067053218656944824,1933
end_crt_centroid_y_mm,front_width_mm,0.0004910108428629514,0.0023789131114328728,0.001292327278567417,0.00023948971038957243,0.0006610548461502238,0.0015317687814471528,1933
end_crt_centroid_y_mm,diffusivity_ratio,0.000971242793659352,0.001260640477579959,0.0003536815833404061,0.00012364901010050025,0.0014186937419368004,0.00046652951875784693,1933
end_crt_centroid_y_mm,resection_time,0.0014057392914443977,0.003510533228685632,0.003119468728964654,0.0004755020206894432,0.0028239450533611514,0.003248609589645582,1933
end_crt_centroid_y_mm,chemo_kill_rate,-0.00018088292169707266,0.00025081474927764153,8.861846068907758e-06,5.247141031890623e-06,-0.00047403830651112364,1.1065868002291959e-05,1933
end_crt_centroid_y_mm,rt_alpha,0.0007566556584401602,0.0038762847942586318,0.0037029702670814484,0.0006552435015685782,0.0008675122165925072,0.004050533852411294,1933
end_crt_centroid_y_mm,rt_alpha_beta_ratio,-0.0001642550082918481,0.0005015378740568853,4.2401839712780344e-05,2.257705086073412e-05,-0.00021060140705879806,4.977473525558718e-05,1933
end_crt_centroid_y_mm,seed_peak_density,0.0004131431469799028,0.0005835708015027713,7.761393432365591e-05,1.6589407514545996e-05,0.000628761885714096,8.30161213812803e-05,1933
end_crt_centroid_y_mm,seed_sigma_mm,0.00013742035830812402,0.0033985328438478324,0.0029844356724208305,0.0004604858580540851,0.002922040564056391,0.0032491052125372673,1933
end_crt_centroid_y_mm,gaussian_seed_x_fraction,0.011987884765839387,0.017925388054653255,0.10088142031731066,0.011394791343914995,0.012251410386618485,0.10263508757756198,1933
end_crt_centroid_y_mm,gaussian_seed_y_fraction,0.8804938231395915,0.053092029687900257,0.9852031245646512,0.052803152853907555,0.8744506734367539,0.9796123459856385,1933
end_crt_centroid_y_mm,gaussian_seed_z_fraction,0.0007579767320135807,0.003572428468852962,0.002932006565385379,0.0005595550749321074,0.0021246468061102523,0.0034108157992020645,1933
end_crt_centroid_z_mm,front_speed_mm_per_day,-0.0056301289351288865,0.008421799384629156,0.01834926869120885,0.0022889742417705034,-0.007694707948455969,0.01678288944441754,1933
end_crt_centroid_z_mm,front_width_mm,-0.0033629222419085795,0.004144387468946475,0.003970542134725422,0.0006345697302583929,-0.00013783630162526856,0.004171685927578521,1933
end_crt_centroid_z_mm,diffusivity_ratio,0.0011142790817706236,0.0029908446683363224,0.0016396369165997465,0.0006273032254481107,0.0030418763740796984,0.002233072070168612,1933
end_crt_centroid_z_mm,resection_time,0.0004173734154522662,0.006393694711799445,0.009665266163300604,0.001335638004932411,0.0029400012438069627,0.0098329224150275,1933
end_crt_centroid_z_mm,chemo_kill_rate,1.323666286380504e-05,0.0002556208631249258,1.8358247253651973e-05,4.432185228872276e-06,-9.744794499123253e-05,1.8337404147040277e-05,1933
end_crt_centroid_z_mm,rt_alpha,0.005442896353417608,0.007456423051184306,0.013844591798948917,0.0019590861368093244,0.01227453274937942,0.014736814089594655,1933
end_crt_centroid_z_mm,rt_alpha_beta_ratio,6.829607436507932e-05,0.0007038986974562401,0.00012200173606202421,4.75311140938883e-05,0.00014699119650773328,0.00011377523111517371,1933
end_crt_centroid_z_mm,seed_peak_density,-0.00019625365464894111,0.0009973603873188633,0.00025538523759385877,5.927339290013784e-05,0.0006118850737702385,0.0002712835576380723,1933
end_crt_centroid_z_mm,seed_sigma_mm,5.2254584279271434e-05,0.006103424600577927,0.009805207401241304,0.001879871093503935,-0.0033252961652717183,0.009778306770227964,1933
end_crt_centroid_z_mm,gaussian_seed_x_fraction,0.023306940185475897,0.01895982624810848,0.10277240600155661,0.010750072378662481,0.022417319241828607,0.10513976115676349,1933
end_crt_centroid_z_mm,gaussian_seed_y_fraction,0.03555864821481977,0.02446737565176172,0.17765486454232465,0.015206818806427836,0.0373472320507179,0.18055951903150932,1933
end_crt_centroid_z_mm,gaussian_seed_z_fraction,0.746561108461751,0.05401349416217329,0.9006275119801885,0.05869090269720877,0.7521227045114994,0.9006473753283459,1933
end_crt_R_g,front_speed_mm_per_day,0.244262506109487,0.034513781215884054,0.3084979922322172,0.026912987688663643,0.24733151421364882,0.31785978106524254,1933
end_crt_R_g,front_width_mm,0.003551189084171266,0.00916029300694199,0.022961233443974674,0.0026049864974953545,-0.00011485917871675112,0.022294048968354147,1933
end_crt_R_g,diffusivity_ratio,0.012876541171971186,0.009759061889309424,0.019850061213784652,0.003691643006225865,0.014377423070196804,0.02194906236811268,1933
end_crt_R_g,resection_time,0.10438902337686463,0.023202766831867064,0.14145173024043503,0.015268719861533685,0.08312730938037936,0.1384641222989552,1933
end_crt_R_g,chemo_kill_rate,0.00015062492213094793,0.001157275120275197,0.0003177390368967122,5.395413492050633e-05,0.00015212220260143165,0.0003115921283491424,1933
end_crt_R_g,rt_alpha,0.04257841626429554,0.016008088127148136,0.06007364879059058,0.007191685439598243,0.039561110480325686,0.061456990890668334,1933
end_crt_R_g,rt_alpha_beta_ratio,5.699669430210684e-05,0.0014705189757519674,0.0006354163776699281,0.0002071199669938683,-0.00011874332424338203,0.0006590938769975943,1933
end_crt_R_g,seed_peak_density,0.006414550161472627,0.005573587637676026,0.007840561261592641,0.0007600833651028423,0.006252773773305462,0.007563603147352184,1933
end_crt_R_g,seed_sigma_mm,0.431937051836976,0.038759857319327636,0.4453951318762263,0.03128188484484385,0.42646656046967885,0.44480352697408415,1933
end_crt_R_g,gaussian_seed_x_fraction,0.021300728290372464,0.015355323590520428,0.05098926722333218,0.006697883251293885,0.01957813394659891,0.0501049551377717,1933
end_crt_R_g,gaussian_seed_y_fraction,0.02387662469872491,0.014246675818601314,0.05302546194986726,0.007492604090218671,0.018456769928311263,0.055044679084459675,1933
end_crt_R_g,gaussian_seed_z_fraction,0.027930480512446412,0.012390345111442585,0.04293405432363987,0.005865654817415906,0.03306224661891558,0.048316908284299874,1933
end_crt_log10_anisotropy,front_speed_mm_per_day,0.15746439063140383,0.03523951047654458,0.3401827578263941,0.032791181707178284,0.16461006854978624,0.3296837975423896,1933
end_crt_log10_anisotropy,front_width_mm,-0.004027722956090937,0.027614319361980263,0.1904762921653153,0.023237565769634046,-0.012732878314597037,0.18268260769910924,1933
end_crt_log10_anisotropy,diffusivity_ratio,0.0035700947019469027,0.010665175537149232,0.029188205093248855,0.005578287471308291,0.006529865865113799,0.03401743947423982,1933
end_crt_log10_anisotropy,resection_time,0.08370627137504143,0.029860041021257517,0.2190859274565706,0.025903362538587462,0.07569804131567538,0.2149781284615311,1933
end_crt_log10_anisotropy,chemo_kill_rate,0.00011396114188304077,0.0008853406236580304,0.00018833378778872897,4.022889366925336e-05,2.6787029385865827e-05,0.0001681435595436399,1933
end_crt_log10_anisotropy,rt_alpha,0.17539771268945048,0.04128640496566821,0.2933443508508849,0.03364499877261319,0.17917828975957387,0.32613079007518475,1933
end_crt_log10_anisotropy,rt_alpha_beta_ratio,0.0009252205049495059,0.004304177032730219,0.004820417062539026,0.001540327516164737,-0.0003808764726271348,0.004463212356442148,1933
end_crt_log10_anisotropy,seed_peak_density,0.001506155571075602,0.005285645615372661,0.005786973089960448,0.0013227666159972386,-0.00543510328402185,0.005530254639198635,1933
end_crt_log10_anisotropy,seed_sigma_mm,0.021221469182110545,0.02187956968029092,0.11499136634687397,0.013332897409005172,0.024303517121333492,0.12039007504316884,1933
end_crt_log10_anisotropy,gaussian_seed_x_fraction,0.051116971518870756,0.027557438388714887,0.2147014477122421,0.019774395236642647,0.05477463141452001,0.20918873486621153,1933
end_crt_log10_anisotropy,gaussian_seed_y_fraction,0.03715271039126157,0.02861157346849647,0.1899278215432416,0.020904929089934486,0.0326022853957684,0.18085630077002446,1933
end_crt_log10_anisotropy,gaussian_seed_z_fraction,0.009737772112937587,0.023211247913606466,0.13703486850315955,0.015611025852736767,0.017402468981384464,0.13414888706483738,1933
end_crt_wm_fraction,front_speed_mm_per_day,0.07698890152058871,0.03156392236953314,0.22446163867030214,0.021944863337377878,0.06899189361922012,0.22263796770301944,1933
end_crt_wm_fraction,front_width_mm,-0.0028454184113469866,0.01953740545164341,0.10312291453343508,0.015615816052454675,0.019150539003750817,0.10214540427052668,1933
end_crt_wm_fraction,diffusivity_ratio,0.03583984402941159,0.014527208630336212,0.05064911647915782,0.0071710400873203585,0.030600153402644444,0.05626505122127633,1933
end_crt_wm_fraction,resection_time,0.01705704679335059,0.022527952324212914,0.14574175513284182,0.015703000664694062,0.0048349463077298795,0.14087835249565966,1933
end_crt_wm_fraction,chemo_kill_rate,4.123975585982862e-05,0.0009346051487206483,0.00024130830195749387,4.6201684037502185e-05,0.00017927289972624412,0.0002595713024962269,1933
end_crt_wm_fraction,rt_alpha,0.13793286539941932,0.035906319262592454,0.23460714192353121,0.031024695802334742,0.1611731725863448,0.26068244318293543,1933
end_crt_wm_fraction,rt_alpha_beta_ratio,-9.129035901369651e-05,0.0030819603946289336,0.0025460056151774013,0.0009118000674001505,0.001043699704817386,0.0024775052096427112,1933
end_crt_wm_fraction,seed_peak_density,0.0021214216546772196,0.004710529580166853,0.004340564184135844,0.0011441288879893762,-0.0023311909749676135,0.004366561110701306,1933
end_crt_wm_fraction,seed_sigma_mm,0.006228016804828541,0.020708284360118314,0.11493636423856533,0.015598955587392814,-0.001625003517086879,0.11203144897923212,1933
end_crt_wm_fraction,gaussian_seed_x_fraction,0.04986077099456794,0.03459100740595901,0.29280841300456456,0.03101499604475578,0.06297363744041792,0.3048075475038702,1933
end_crt_wm_fraction,gaussian_seed_y_fraction,0.02436713129365161,0.03152450206491531,0.25012705608302116,0.025558673993883438,0.023766469436967173,0.25998232753729045,1933
end_crt_wm_fraction,gaussian_seed_z_fraction,0.16647149901032948,0.04029637713686802,0.3871238080733996,0.03864904342782664,0.14168466860839496,0.38281665174140783,1933
