patient,cell,T_0,rho_T_0,rho_T_r,objective,rule_peak,rule_sigma_mm,initial_peak,initial_sigma_mm,initial_from_rule,fitted_peak,fitted_sigma_mm,n_evaluations,objective_initial,objective_achieved,growth_n_steps,dt,wall_time_s,pre_dice_core,pre_dice_edema,pre_assd_core_mm,pre_assd_edema_mm,pre_rel_l2_log,pre_rel_l2,pre_max_abs_diff,pre_mass,pre_mass_out_of_field,pre_ref_mass,pre_ref_mass_out_of_field,pre_qoi_mass,pre_qoi_log10_mass,pre_qoi_V_core,pre_qoi_V_edema,pre_qoi_log10_V_core,pre_qoi_log10_V_edema,pre_qoi_r95_core,pre_qoi_r95_edema,pre_qoi_centroid_drift,pre_qoi_centroid_x_mm,pre_qoi_centroid_y_mm,pre_qoi_centroid_z_mm,pre_qoi_R_g,pre_qoi_anisotropy,pre_qoi_log10_anisotropy,pre_qoi_wm_fraction,pre_qoi_n_core,pre_qoi_n_edema,pre_qoi_voxel_volume,d34_dice_core,d34_dice_edema,d34_assd_core_mm,d34_assd_edema_mm,d34_rel_l2_log,d34_rel_l2,d34_max_abs_diff,d34_mass,d34_mass_out_of_field,d34_ref_mass,d34_ref_mass_out_of_field,d34_qoi_mass,d34_qoi_log10_mass,d34_qoi_V_core,d34_qoi_V_edema,d34_qoi_log10_V_core,d34_qoi_log10_V_edema,d34_qoi_r95_core,d34_qoi_r95_edema,d34_qoi_centroid_drift,d34_qoi_centroid_x_mm,d34_qoi_centroid_y_mm,d34_qoi_centroid_z_mm,d34_qoi_R_g,d34_qoi_anisotropy,d34_qoi_log10_anisotropy,d34_qoi_wm_fraction,d34_qoi_n_core,d34_qoi_n_edema,d34_qoi_voxel_volume,d55_dice_core,d55_dice_edema,d55_assd_core_mm,d55_assd_edema_mm,d55_rel_l2_log,d55_rel_l2,d55_max_abs_diff,d55_mass,d55_mass_out_of_field,d55_ref_mass,d55_ref_mass_out_of_field,d55_qoi_mass,d55_qoi_log10_mass,d55_qoi_V_core,d55_qoi_V_edema,d55_qoi_log10_V_core,d55_qoi_log10_V_edema,d55_qoi_r95_core,d55_qoi_r95_edema,d55_qoi_centroid_drift,d55_qoi_centroid_x_mm,d55_qoi_centroid_y_mm,d55_qoi_centroid_z_mm,d55_qoi_R_g,d55_qoi_anisotropy,d55_qoi_log10_anisotropy,d55_qoi_wm_fraction,d55_qoi_n_core,d55_qoi_n_edema,d55_qoi_voxel_volume,d80_dice_core,d80_dice_edema,d80_assd_core_mm,d80_assd_edema_mm,d80_rel_l2_log,d80_rel_l2,d80_max_abs_diff,d80_mass,d80_mass_out_of_field,d80_ref_mass,d80_ref_mass_out_of_field,d80_qoi_mass,d80_qoi_log10_mass,d80_qoi_V_core,d80_qoi_V_edema,d80_qoi_log10_V_core,d80_qoi_log10_V_edema,d80_qoi_r95_core,d80_qoi_r95_edema,d80_qoi_centroid_drift,d80_qoi_centroid_x_mm,d80_qoi_centroid_y_mm,d80_qoi_centroid_z_mm,d80_qoi_R_g,d80_qoi_anisotropy,d80_qoi_log10_anisotropy,d80_qoi_wm_fraction,d80_qoi_n_core,d80_qoi_n_edema,d80_qoi_voxel_volume,d120_dice_core,d120_dice_edema,d120_assd_core_mm,d120_assd_edema_mm,d120_rel_l2_log,d120_rel_l2,d120_max_abs_diff,d120_mass,d120_mass_out_of_field,d120_ref_mass,d120_ref_mass_out_of_field,d120_qoi_mass,d120_qoi_log10_mass,d120_qoi_V_core,d120_qoi_V_edema,d120_qoi_log10_V_core,d120_qoi_log10_V_edema,d120_qoi_r95_core,d120_qoi_r95_edema,d120_qoi_centroid_drift,d120_qoi_centroid_x_mm,d120_qoi_centroid_y_mm,d120_qoi_centroid_z_mm,d120_qoi_R_g,d120_qoi_anisotropy,d120_qoi_log10_anisotropy,d120_qoi_wm_fraction,d120_qoi_n_core,d120_qoi_n_edema,d120_qoi_voxel_volume,d180_dice_core,d180_dice_edema,d180_assd_core_mm,d180_assd_edema_mm,d180_rel_l2_log,d180_rel_l2,d180_max_abs_diff,d180_mass,d180_mass_out_of_field,d180_ref_mass,d180_ref_mass_out_of_field,d180_qoi_mass,d180_qoi_log10_mass,d180_qoi_V_core,d180_qoi_V_edema,d180_qoi_log10_V_core,d180_qoi_log10_V_edema,d180_qoi_r95_core,d180_qoi_r95_edema,d180_qoi_centroid_drift,d180_qoi_centroid_x_mm,d180_qoi_centroid_y_mm,d180_qoi_centroid_z_mm,d180_qoi_R_g,d180_qoi_anisotropy,d180_qoi_log10_anisotropy,d180_qoi_wm_fraction,d180_qoi_n_core,d180_qoi_n_edema,d180_qoi_voxel_volume
p00,young_weak,38.695700550451875,0.854125871548223,0.854125871548223,truth,,,,,,0.9467885714024306,8.914254128031502,,,,,,,1.0,1.0,0.0,0.0,0.0,0.0,0.0,18207.709486951506,1252.2386772931175,18207.709486951506,1252.2386772931175,18265.988270522947,4.261643174430428,5709.0,20068.0,3.756636108245848,4.302525732960741,11.224972160321824,16.64331697709324,0.18133519123679517,131.85582086028882,102.97557241180448,90.10722928792069,17.356172419178463,1.0240470091877703,0.010319893517002144,0.5154464251595493,5709.0,20068.0,1.0,,,,,0.0,0.0,0.0,7858.499653993491,1462.3707509417331,7858.499653993491,1462.3707509417331,7910.0019971284855,3.898176593148975,0.0,0.0,0.0,0.0,0.0,0.0,0.7781810090068149,131.36509360949645,102.99611090263211,90.44993825465089,21.18063068094109,1.0582693432632908,0.02459621534187507,0.5875231845393817,0.0,0.0,1.0,,,,,0.0,0.0,0.0,3873.6132900818466,1071.4371533139367,3873.6132900818466,1071.4371533139367,3908.574686390146,3.5920184150208363,0.0,0.0,0.0,0.0,0.0,0.0,1.1725628808856319,131.0220505811653,103.01744768865666,90.64669484456908,22.6428825027411,1.085844988996219,0.03576783148805046,0.5796849494683752,0.0,0.0,1.0,,,,,0.0,0.0,0.0,6527.657554119306,1894.5071705946814,6527.657554119306,1894.5071705946814,6587.902968412694,3.8187471939292177,0.0,0.0,0.0,0.0,0.0,0.0,1.2468547064821367,130.95257942483076,103.00619723462555,90.67640105859748,23.089599618959028,1.093183567330169,0.03869309478107968,0.5760749143174835,0.0,0.0,1.0,,,,,0.0,0.0,0.0,6214.6547817315695,1982.0928835692596,6214.6547817315695,1982.0928835692596,6274.228073379862,3.7975603016122887,0.0,0.0,0.0,0.0,0.0,0.0,1.3675449576056244,130.83911995797405,102.99030225959801,90.72280197352352,23.777901335732963,1.105806450021761,0.043679118791982614,0.5702532258530223,0.0,0.0,1.0,,,,,0.0,0.0,0.0,8050.107522139313,2943.8197375574096,8050.107522139313,2943.8197375574096,8131.919273615824,3.9101930587022027,0.0,0.0,0.0,0.0,0.0,0.0,1.5625852631428445,130.65434163453224,102.96902071101559,90.7936728240855,24.79296874480647,1.1274072227607421,0.05208081281083802,0.5612762622258581,0.0,0.0,1.0
p00,young_weak,30.0,0.6621866455948544,0.854125871548223,A,1.0801732522920093,9.094753285580827,0.9999050000000002,9.094753285580827,True,1.0,9.059221468960109,150,0.013991832397306324,0.011681413427527123,360,0.08333333333333333,121.17699008435011,0.989708857419298,0.9799217201240279,0.08948453608247423,0.26414427157001413,0.003378813683115565,0.026426077928008447,0.02735397119613392,17708.578942873508,1177.5717846346765,18207.709486951506,1252.2386772931175,17768.77892183603,4.249657583926312,5660.0,19278.0,3.752893154884594,4.285084503335219,11.090536506409418,16.401219466856727,0.13768163433133226,131.88909541038944,102.98220374176957,90.07962221818347,17.211616717781723,1.0200744363378855,0.008631864027881292,0.5115839924330886,5660.0,19278.0,1.0,,,,,0.003066433424892057,0.03229220468359701,0.006945665968228001,7564.3367169323055,1377.2751150627016,7858.499653993491,1462.3707509417331,7617.7768755005045,3.8818282480363977,0.0,0.0,0.0,0.0,0.0,0.0,0.6971859699648782,131.4323839411016,103.00635783572415,90.40477137290254,21.10037495702284,1.052924529444113,0.02239724334066238,0.5856709247762544,0.0,0.0,1.0,,,,,0.0028281250503743955,0.0340158108618213,0.0030060467974128424,3724.833476388589,1011.5837425264369,3873.6132900818466,1071.4371533139367,3761.263097709926,3.5753337130786766,0.0,0.0,0.0,0.0,0.0,0.0,1.064215821193322,131.1139256304907,103.02722169298515,90.58880090455766,22.565334136104642,1.078900795989461,0.032981513510476616,0.5774111240501917,0.0,0.0,1.0,,,,,0.0029198759953942446,0.03285601423116779,0.0042033771863189615,6285.350190446643,1793.4452547004908,6527.657554119306,1894.5071705946814,6348.177478055582,3.8026490599641503,0.0,0.0,0.0,0.0,0.0,0.0,1.138448413808297,131.04434989500814,103.0155932829021,90.61850991686472,23.01526279677572,1.08625515374945,0.03593184997652731,0.5739510214877092,0.0,0.0,1.0,,,,,0.0028440938429084095,0.032432089560901885,0.0035787159026270804,5987.135543831353,1880.5000838188294,6214.6547817315695,1982.0928835692596,6049.230951117296,3.7817001655754834,0.0,0.0,0.0,0.0,0.0,0.0,1.2583118747412572,130.93156162578887,102.9992626227249,90.664671099795,23.705078487506093,1.098763419501734,0.04090419227292111,0.5683297838272277,0.0,0.0,1.0,,,,,0.002884470346050979,0.03085221772571615,0.003716935717883396,7769.949668135002,2804.465372962293,8050.107522139313,2943.8197375574096,7855.246047425028,3.8951597928598156,0.0,0.0,0.0,0.0,0.0,0.0,1.4515732130558308,130.74852723389964,102.97755725267125,90.73510341562441,24.72048942173948,1.1200653743774873,0.04924337169055701,0.5595865024458176,0.0,0.0,1.0
p00,young_weak,30.0,0.6621866455948544,0.854125871548223,B,1.0801732522920093,9.094753285580827,0.9999050000000002,9.094753285580827,True,0.970256820951693,9.265650060759828,102,0.0008812650460021665,0.0003835896073598466,360,0.08333333333333333,82.08736681193113,0.9898441603922256,0.9952434317021541,0.08761826408885233,0.06357777390698485,0.012861748558444783,0.01301609432800045,0.015744803628967463,18469.726665956445,1396.8913222666195,18207.709486951506,1252.2386772931175,18543.018283885773,4.26818042653706,5713.0,20087.0,3.756940236046724,4.302936699704866,11.180339887498949,16.61324772583615,0.13833706719069033,131.88541077109042,102.98234505401534,90.07546360486425,17.549425096579096,1.0206825649127271,0.008890696306292713,0.5138154560569861,5713.0,20087.0,1.0,,,,,0.011885798700002578,0.019165178206972132,0.0048305838878465734,8052.142692957302,1600.0227697024545,7858.499653993491,1462.3707509417331,8117.554830763917,3.909425230789605,0.0,0.0,0.0,0.0,0.0,0.0,0.6898388481520699,131.43151550716465,103.00753173183098,90.3906997451255,21.43568183663876,1.0537432229053705,0.022734794499450595,0.5822454412833679,0.0,0.0,1.0,,,,,0.010859041381536599,0.026287288213235026,0.0033499190280056775,3999.871223849555,1169.1365642019368,3873.6132900818466,1071.4371533139367,4044.6683047213282,3.606882911773802,0.0,0.0,0.0,0.0,0.0,0.0,1.059105288099742,131.11059580348487,103.02944771837095,90.57427956465894,22.943616568342552,1.0797742525619134,0.03333296741786743,0.5730581731062192,0.0,0.0,1.0,,,,,0.011249867840179294,0.02678160326471315,0.00542193265136412,6747.292159973062,2060.0668596615255,6527.657554119306,1894.5071705946814,6824.483929203952,3.8340698153943955,0.0,0.0,0.0,0.0,0.0,0.0,1.1314591772097502,131.04222977519174,103.01819419879047,90.6021171292143,23.382872474668808,1.0872273147066003,0.03632035475951522,0.5695686070403855,0.0,0.0,1.0,,,,,0.010367442332825145,0.02693426390980983,0.004941924933810807,6422.428476436945,2139.646577340879,6214.6547817315695,1982.0928835692596,6498.596032968199,3.8128195411053145,0.0,0.0,0.0,0.0,0.0,0.0,1.2490710976681603,130.93059658085778,103.0022734009753,90.64540666699754,24.0589601508275,1.0999200308155561,0.041361111123664605,0.5638966553003761,0.0,0.0,1.0,,,,,0.009755832380070889,0.02760154592934044,0.006079041048249717,8322.066518110703,3151.6347769878935,8050.107522139313,2943.8197375574096,8426.379708986182,3.925641025382081,0.0,0.0,0.0,0.0,0.0,0.0,1.4407672891036043,130.74738010894356,102.98066710014092,90.71160384264262,25.05807620918931,1.1215691241365067,0.04982604502191497,0.555103041515307,0.0,0.0,1.0
p00,young_weak,60.0,1.3243732911897088,0.854125871548223,A,0.6931435427778421,8.45576684377029,0.6931435427778421,8.45576684377029,True,0.5830201433767652,8.755236214487384,57,0.05063142876530306,0.02213618754100239,720,0.08333333333333333,78.24461521208286,0.7236753856472167,0.917145555105895,1.797076905513375,0.9784632334363786,0.00669435816154589,0.13438451670859108,0.146417280087773,16266.306140808945,1254.9123197450074,18207.709486951506,1252.2386772931175,16313.685424509573,4.212552083586147,3237.0,16997.0,3.510276844417355,4.230397824904081,9.695359714832659,15.84297951775486,0.28321656451601535,131.77914011539514,102.96290856973046,90.17336885414959,17.661725104077156,1.0335057529295348,0.014312898436551362,0.5198389266193223,3237.0,16997.0,1.0,,,,,0.005810504998306382,0.0918037142190822,0.025762100121502263,7294.032040704479,1443.1004046149626,7858.499653993491,1462.3707509417331,7335.710055309797,3.8654421574673754,0.0,0.0,0.0,0.0,0.0,0.0,0.9612074646205878,131.21896708741772,102.97937410284538,90.55989458996507,21.38421078347017,1.0703111595207286,0.029510053589715424,0.590184339081961,0.0,0.0,1.0,,,,,0.005233000803744446,0.08367735844269915,0.009792657501377408,3630.544436933492,1054.0283826896627,3873.6132900818466,1071.4371533139367,3658.7466583923674,3.5633323387920584,0.0,0.0,0.0,0.0,0.0,0.0,1.4106295144313468,130.82512276904217,102.99948820676596,90.78072969536797,22.85401630672923,1.1010489967335533,0.04180664552719949,0.5830915527735423,0.0,0.0,1.0,,,,,0.005303437160308182,0.07784858503544483,0.01427957124642476,6138.643022181129,1858.2796641584673,6527.657554119306,1894.5071705946814,6187.321733025807,3.7915026993794445,0.0,0.0,0.0,0.0,0.0,0.0,1.4830831930729125,130.7576860856282,102.98915249592261,90.80998409082453,23.283964943942664,1.1081322645981735,0.04459160006472988,0.5793540928189391,0.0,0.0,1.0,,,,,0.004816253728002318,0.0708546105374804,0.010663653214371682,5865.563014296831,1933.6681319887448,6214.6547817315695,1982.0928835692596,5913.751809425052,3.771863093937314,0.0,0.0,0.0,0.0,0.0,0.0,1.6006596509574225,130.64733707706347,102.97443507273,90.85543016641314,23.947404636306988,1.120421523102152,0.04938144295295582,0.573376811917479,0.0,0.0,1.0,,,,,0.004447547355533267,0.06136785315696612,0.009560733186730674,7644.036184455908,2859.2276704828037,8050.107522139313,2943.8197375574096,7710.425845005742,3.8870783646954306,0.0,0.0,0.0,0.0,0.0,0.0,1.7908013947235175,130.46705606695474,102.95433503610961,90.92464438816029,24.931885350477263,1.1415914897018717,0.05751072255465226,0.564220376822164,0.0,0.0,1.0
p00,young_weak,60.0,1.3243732911897088,0.854125871548223,B,0.6931435427778421,8.45576684377029,0.6931435427778421,8.45576684377029,True,0.8705935305239227,8.18105032779137,57,0.03913488009016031,0.0015471606132528848,720,0.08333333333333333,79.23447516560555,0.9806632251290577,0.989851639446453,0.1683087027914614,0.13385552654482158,0.023590234713523697,0.025629187405139336,0.02921617003732324,17789.489272312785,1036.0583613260023,18207.709486951506,1252.2386772931175,17822.684696503395,4.250973124002597,5720.0,20037.0,3.757471947765668,4.301854372269586,11.40175425099138,16.673332000533065,0.3179501389425852,131.75993877715683,102.9571419220668,90.20402471736661,17.047918418822256,1.0367769125606139,0.015685317558958297,0.5198372808262776,5720.0,20037.0,1.0,,,,,0.021560596624306688,0.03595155205001113,0.010245855460506444,7541.371828817017,1252.666777117869,7858.499653993491,1462.3707509417331,7569.872516565625,3.8790885656535363,0.0,0.0,0.0,0.0,0.0,0.0,1.0344262407828735,131.16889603055938,102.96346836218959,90.61479206162663,20.763379289348386,1.0728320719661173,0.03053174812999832,0.598899144358446,0.0,0.0,1.0,,,,,0.01950394223242539,0.04618035459055728,0.007085503431405982,3676.889153563455,924.2944513052241,3873.6132900818466,1071.4371533139367,3695.8144298378115,3.5677101567794782,0.0,0.0,0.0,0.0,0.0,0.0,1.493531888694577,130.76711123119426,102.98130116598813,90.84277704044834,22.147309787363064,1.103993866774592,0.04296666068181255,0.5936762278461034,0.0,0.0,1.0,,,,,0.01982751605547045,0.04600538857320386,0.011427972294206393,6196.996402816121,1648.8063298571728,6527.657554119306,1894.5071705946814,6229.689848861317,3.794466425426258,0.0,0.0,0.0,0.0,0.0,0.0,1.5723124469000083,130.6947408908241,102.96990165000452,90.87610454736726,22.60908455341966,1.1108876923432371,0.04567015519558183,0.589783966811797,0.0,0.0,1.0,,,,,0.018104607575190203,0.04680781264546348,0.010268768345492361,5891.632598611249,1744.7143131970379,6214.6547817315695,1982.0928835692596,5924.049259270637,3.772618661081527,0.0,0.0,0.0,0.0,0.0,0.0,1.6993254995530278,130.57731214729537,102.95396251427852,90.92819554895846,23.31796627360115,1.123049366942187,0.050398847373967846,0.5836231617232568,0.0,0.0,1.0,,,,,0.016682423960667343,0.047815702103888226,0.012850533563158961,7626.084772490396,2629.472468138767,8050.107522139313,2943.8197375574096,7670.879488244869,3.8848451599065537,0.0,0.0,0.0,0.0,0.0,0.0,1.9014972321459518,130.38883486904106,102.93322570459615,91.0076605768383,24.362502630784082,1.144231979722274,0.05851408153734951,0.5741890934267806,0.0,0.0,1.0
p00,young_weak,100.0,2.207288818649515,0.854125871548223,A,0.40758614085816736,7.519791688406924,0.40758614085816736,7.519791688406924,True,0.20869977404138673,8.531985667529717,59,0.14745073285442373,0.056849221332297556,1200,0.08333333333333333,126.3469855710864,0.21202630754776072,0.7116076014381099,5.312889167956572,2.8725263780127612,0.017924365649085408,0.31510726869006606,0.3078756296768278,13206.860908739092,1199.9673918794758,18207.709486951506,1252.2386772931175,13237.85189304532,4.1218175178314285,677.0,11084.0,2.8312296938670634,4.044735697450507,6.4031242374328485,14.142135623730951,0.4614946719800727,131.65380438944814,102.94838706311673,90.30076907461856,18.016523841012553,1.049267731101978,0.020886316892041325,0.522242367108718,677.0,11084.0,1.0,,,,,0.01583903273769339,0.24869543124426322,0.06444792021769405,6200.270885687405,1347.2363359186668,7858.499653993491,1462.3707509417331,6227.375414659375,3.794305047767406,0.0,0.0,0.0,0.0,0.0,0.0,1.2826305299288092,130.97689347515444,102.95843796822334,90.77244204484123,21.698505212742386,1.0900977482602856,0.03746544255227695,0.5937704810124486,0.0,0.0,1.0,,,,,0.014291949542909466,0.23218122041350164,0.025061050039363084,3132.7846455063714,979.0920835336191,3873.6132900818466,1071.4371533139367,3151.0110165624665,3.4984499215567113,0.0,0.0,0.0,0.0,0.0,0.0,1.820353973710659,130.5006632523767,102.9731366825845,91.03196718407517,23.190437293248173,1.1256109841385367,0.051388322457499,0.5877633774735257,0.0,0.0,1.0,,,,,0.01449486316134866,0.2210492245227804,0.037123625355415524,5321.011555571119,1717.3521572736388,6527.657554119306,1894.5071705946814,5352.521193674294,3.728558395588629,0.0,0.0,0.0,0.0,0.0,0.0,1.8889958962942897,130.43698231004493,102.963996199978,91.06018155213536,23.59453158196006,1.1321675465883618,0.05391070174129935,0.5839835569477371,0.0,0.0,1.0,,,,,0.013167397364867195,0.20549323996036417,0.02833379102448401,5122.650089981008,1775.6612742594796,6214.6547817315695,1982.0928835692596,5153.938392516729,3.7121392229168766,0.0,0.0,0.0,0.0,0.0,0.0,2.000316517280161,130.33235751205112,102.95072736794441,91.10354288970652,24.220008608976734,1.1437063637481968,0.05831453759263678,0.5779211029001458,0.0,0.0,1.0,,,,,0.01209690311137774,0.18387071740771424,0.026459411024638668,6751.453647173267,2611.9837278340656,8050.107522139313,2943.8197375574096,6794.807581138755,3.832177162667795,0.0,0.0,0.0,0.0,0.0,0.0,2.1798311249188376,130.16128176236376,102.9320637073971,91.1688300286595,25.1536750974898,1.1637607468734867,0.06586370454690929,0.5686475696076356,0.0,0.0,1.0
p00,young_weak,100.0,2.207288818649515,0.854125871548223,B,0.40758614085816736,7.519791688406924,0.40758614085816736,7.519791688406924,True,0.6792754910730432,7.13752737072514,57,0.13204126378081993,0.007972367559365146,1200,0.08333333333333333,122.17818113416433,0.9548668703622872,0.9716280229369234,0.39060280011752735,0.37568002320402594,0.04672735870336291,0.060166688437031254,0.05992703238716579,17571.114238955393,946.2825242767585,18207.709486951506,1252.2386772931175,17582.10491134472,4.245070867134744,5746.0,20042.0,3.7594411971336976,4.301962726473363,11.704699910719626,16.881943016134134,0.6598571709313669,131.53039523820473,102.92644974635172,90.45768243785078,16.88279958421775,1.0695333051041755,0.029194312982117592,0.5291602512828418,5746.0,20042.0,1.0,,,,,0.04198791181607165,0.07829296032277251,0.024999110380557014,7382.095001903216,1167.0647530020053,7858.499653993491,1462.3707509417331,7390.999860876187,3.868703194103634,0.0,0.0,0.0,0.0,0.0,0.0,1.6126455464552973,130.7409783103697,102.90515481101913,91.00324196167713,20.52687770963419,1.1057568240052584,0.04365962823036708,0.6155018824732146,0.0,0.0,1.0,,,,,0.037747945756466214,0.09287066147156779,0.01580952168342859,3581.350224825385,863.0861589484336,3873.6132900818466,1071.4371533139367,3586.9679037074225,3.554727490613764,0.0,0.0,0.0,0.0,0.0,0.0,2.19097248228522,130.2298663020948,102.9134812671082,91.28821644863365,21.862671837271353,1.14116280929726,0.057347609479808416,0.6128348657996068,0.0,0.0,1.0,,,,,0.03780129790319022,0.09194352349440713,0.02556509388606036,6032.651689245324,1544.9602311284782,6527.657554119306,1894.5071705946814,6042.379264759816,3.7812079813515225,0.0,0.0,0.0,0.0,0.0,0.0,2.273267408847479,130.1546210278376,102.9016564270754,91.32387677028242,22.33489076578895,1.1467921396537442,0.059484707542057765,0.6084782515355482,0.0,0.0,1.0,,,,,0.03390993540841663,0.09204150632474645,0.02297631744705024,5730.820135663793,1643.4229107442063,6214.6547817315695,1982.0928835692596,5740.51007644027,3.7589504836072543,0.0,0.0,0.0,0.0,0.0,0.0,2.405030529886755,130.03323205781138,102.88521845859275,91.37942774693663,23.060250224133053,1.1575197591248367,0.06352841325857927,0.6016544924889753,0.0,0.0,1.0,,,,,0.03043274361564627,0.0927250609754428,0.028434391381495863,7411.542546580746,2492.3845069995677,8050.107522139313,2943.8197375574096,7425.0506448226115,3.8706994202373286,0.0,0.0,0.0,0.0,0.0,0.0,2.610726968922531,129.84231185117704,102.8645097291722,91.46352982381617,24.129850215295676,1.177188954995955,0.07084617866813382,0.5912724668832268,0.0,0.0,1.0
p00,young_weak,150.0,3.3109332279742723,0.854125871548223,A,0.24678677766205934,6.152752204344817,0.24678677766205936,6.152752204344817,True,0.05582225267307013,8.290559525417391,75,0.2546813843746118,0.09059002684402732,1800,0.08333333333333333,231.98950528353453,0.0,0.46481028151774784,,5.282164395158782,0.02998394233656504,0.4684343340275133,0.43282396679805213,10404.82060498561,1104.672732144673,18207.709486951506,1252.2386772931175,10422.960242853143,4.01799108120475,0.0,6076.0,0.0,3.7836892363473162,0.0,12.165525060596439,0.6511367168653074,131.5359027552626,102.94303928936688,90.45315367031667,18.33251396880669,1.0655478620932792,0.02757296205224809,0.5213171558722859,0.0,6076.0,1.0,,,,,0.02687060266727467,0.4027370110066394,0.1000383371421996,5064.178576612436,1212.213245082409,7858.499653993491,1462.3707509417331,5079.914891852698,3.7058564362389657,0.0,0.0,0.0,0.0,0.0,0.0,1.6307316616792196,130.73803559434663,102.94768524676236,91.03150121563704,22.05602782545606,1.1098964047404176,0.045282444598193014,0.5959401158788288,0.0,0.0,1.0,,,,,0.0243075345439763,0.38180811220944866,0.039466011365309105,2600.2434744439734,877.5100906796305,3873.6132900818466,1071.4371533139367,2610.740062966679,3.4167636336617395,0.0,0.0,0.0,0.0,0.0,0.0,2.2582192554011526,130.17807005500637,102.95486814009031,91.33344988515547,23.580884920364163,1.1496806049386779,0.0605772048938236,0.5907654533091766,0.0,0.0,1.0,,,,,0.024759687614486058,0.36816791823997375,0.058976966910508896,4436.214144789795,1532.3080083798595,6527.657554119306,1894.5071705946814,4454.3859463065,3.6487878433872014,0.0,0.0,0.0,0.0,0.0,0.0,2.3222013403427986,130.11858531661576,102.94680828115713,91.36017223000715,23.95948822939103,1.1556444310652778,0.0628242308145361,0.5870617591370694,0.0,0.0,1.0,,,,,0.022542497346745474,0.34782762504416,0.045812660661750965,4303.486468378327,1575.070048014883,6214.6547817315695,1982.0928835692596,4321.5799495273095,3.635642551888301,0.0,0.0,0.0,0.0,0.0,0.0,2.4257804512860646,130.02053366780615,102.93485673676771,91.4006713364698,24.546058113852084,1.166265835317173,0.06679755355556705,0.5810657617213486,0.0,0.0,1.0,,,,,0.020733300128006966,0.31841632662282265,0.04448918466519593,5739.540135996515,2305.85255970153,8050.107522139313,2943.8197375574096,5764.741570164335,3.7607798429113326,0.0,0.0,0.0,0.0,0.0,0.0,2.592212713632619,129.86008810150722,102.9174973959022,91.4606632533629,25.424823402470462,1.1848856755081736,0.07367644917215614,0.5718575663831162,0.0,0.0,1.0
p00,young_weak,150.0,3.3109332279742723,0.854125871548223,B,0.24678677766205934,6.152752204344817,0.24678677766205936,6.152752204344817,True,0.4141643556329357,6.246348171394874,55,0.20346090249335225,0.01683236392761933,1800,0.08333333333333333,170.49392066895962,0.9431449846692948,0.9483100406383189,0.4827639494822429,0.6496505577728465,0.05263320994189012,0.0948087854692667,0.08622376208977806,17950.45571781339,1149.1896266795688,18207.709486951506,1252.2386772931175,17953.057445300747,4.254138420521585,5706.0,20288.0,3.7564078725489582,4.307260642145005,11.74734012447073,17.233687939614086,1.1606712654458375,131.2415504313061,102.92062000798578,90.87499191713268,17.125440791338633,1.112629484170062,0.04635056436150436,0.5411870380686432,5706.0,20288.0,1.0,,,,,0.04636024437573577,0.11961852543442832,0.04283732370344011,7664.070877951651,1365.6297518908777,7858.499653993491,1462.3707509417331,7666.039189175943,3.884571035059132,0.0,0.0,0.0,0.0,0.0,0.0,2.377755022774154,130.24160609249125,102.88894797956739,91.59669573279372,20.79020093998344,1.1440193118318474,0.05843335570806921,0.6285890561052992,0.0,0.0,1.0,,,,,0.04136888646459499,0.13282850530582158,0.019795317740859953,3758.7851475510925,1000.820393816598,3873.6132900818466,1071.4371533139367,3759.9447803829185,3.575181466802371,0.0,0.0,0.0,0.0,0.0,0.0,3.087704690765675,129.61575265326107,102.89528905527776,91.95916320529967,22.166090561940095,1.1807688462886403,0.07216488609192304,0.6263420940022972,0.0,0.0,1.0,,,,,0.04092851103962052,0.1292191269811527,0.03193728721946723,6330.6544953658,1774.3099324261657,6527.657554119306,1894.5071705946814,6332.6654457338445,3.8015865448866926,0.0,0.0,0.0,0.0,0.0,0.0,3.1658877440528093,129.5415042539432,102.88328015480825,91.99123588565062,22.632105570846438,1.184934495855806,0.07369434285695174,0.621476869859794,0.0,0.0,1.0,,,,,0.03627637870049692,0.12534229865339908,0.028573841671692503,6011.786537197064,1861.5151559286903,6214.6547817315695,1982.0928835692596,6013.795481029217,3.779148654397892,0.0,0.0,0.0,0.0,0.0,0.0,3.290685780089788,129.42171015860603,102.86632835932869,92.04038385837814,23.351229352068806,1.1938999578624165,0.07696793686990087,0.6138340789216351,0.0,0.0,1.0,,,,,0.03200541569196016,0.12135009956660471,0.03534093146800362,7769.0222294082005,2776.684286776977,8050.107522139313,2943.8197375574096,7771.838448622156,3.8905237644443242,0.0,0.0,0.0,0.0,0.0,0.0,3.4840811375392806,129.23458811791886,102.84451974348183,92.11356201357673,24.41673905241397,1.2116381453577822,0.08337293753769005,0.6022442467691015,0.0,0.0,1.0
p01,young_weak,46.4243545755744,0.19578162514054984,0.19578162514054984,truth,,,,,,0.6522168397903442,14.833202233030349,,,,,,,1.0,1.0,0.0,0.0,0.0,0.0,0.0,36823.02537395206,18155.416339262192,36823.02537395206,18155.416339262192,38090.15668393838,4.580812759135871,2183.0,33432.0,3.3392526340327,4.524175348324216,8.12403840463596,19.6468827043885,0.7981099479214768,131.20203371271887,102.9945316886818,90.014120584454,25.720527791893666,1.1214343316882491,0.049773847495068614,0.49850511912005985,2183.0,33432.0,1.0,,,,,0.0,0.0,0.0,23469.53650077099,15280.897052519975,23469.53650077099,15280.897052519975,24545.336363797756,4.389968987951079,0.0,0.0,0.0,0.0,0.0,0.0,1.1023034690930262,130.90494397347697,102.97752904636828,90.12417847234124,28.255014463676478,1.142803574423154,0.05797159008472014,0.4938070725901652,0.0,0.0,1.0,,,,,0.0,0.0,0.0,15989.314643276915,12085.213635105438,15989.314643276915,12085.213635105438,16854.37248186086,4.226712587605231,0.0,0.0,0.0,0.0,0.0,0.0,1.3139601653217945,130.7007749397461,102.96817092321383,90.1936297206828,29.780948690300374,1.1569684630225348,0.06332152098981637,0.4790184973528607,0.0,0.0,1.0,,,,,0.0,0.0,0.0,17631.05328900024,13206.07231715563,17631.05328900024,13206.07231715563,18588.211734489854,4.269237610793965,0.0,0.0,0.0,0.0,0.0,0.0,1.3390745126579882,130.675760643476,102.96695861470845,90.19600750991005,29.878345550051648,1.1588583560177168,0.06403035662005693,0.47830761294448293,0.0,0.0,1.0,,,,,0.0,0.0,0.0,14686.267625601851,10931.213399026392,14686.267625601851,10931.213399026392,15487.407950453467,4.189978738158685,0.0,0.0,0.0,0.0,0.0,0.0,1.377726904668842,130.63730118910536,102.96516481323255,90.19992469681756,30.025520016419126,1.1618171586859494,0.06513778621113103,0.4771910108739751,0.0,0.0,1.0,,,,,0.0,0.0,0.0,12701.836350759746,9416.75515185649,12701.836350759746,9416.75515185649,13399.001373257044,4.127072431630085,0.0,0.0,0.0,0.0,0.0,0.0,1.4352719060566363,130.58014469676746,102.96250942276424,90.20642388141012,30.240862473895554,1.1664039717334154,0.06684898979674675,0.47541804648055896,0.0,0.0,1.0
p01,young_weak,30.0,0.1265165408956862,0.19578162514054984,A,0.6876994942777357,14.913966620838165,0.6876994942777357,14.913966620838165,True,0.6820673076014733,14.902584937802937,52,0.004960337864117404,0.0034923565288552246,360,0.08333333333333333,41.623057156801224,0.8948555031768806,0.9941353338691912,0.6866348621511342,0.09283688817655036,0.0021495146785826856,0.014935847251438155,0.018898656103624067,37001.20670512195,18104.78825563891,36823.02537395206,18155.416339262192,38279.68807973752,4.582968390290786,2696.0,33750.0,3.4308809464528913,4.528286644961059,8.602325267042627,19.72308292331602,0.7924575861264074,131.20759855440505,102.99641732896282,90.00872578343584,25.6697900753568,1.121418295376562,0.04976763711673887,0.4985019157837753,2696.0,33750.0,1.0,,,,,0.001995688474831209,0.010753631108222198,0.00656904802732694,23514.942804062342,15240.435988875537,23469.53650077099,15280.897052519975,24600.3148558966,4.390940665611648,0.0,0.0,0.0,0.0,0.0,0.0,1.0936588106901102,130.9127229499968,102.9801041957181,90.11628571584005,28.226973186758922,1.143115948596725,0.05809028401016178,0.4937489669550826,0.0,0.0,1.0,,,,,0.0018991706837412916,0.008464432982209547,0.002836864327713906,15998.334200226012,12055.20213463654,15989.314643276915,12085.213635105438,16871.22692922913,4.2271466670122555,0.0,0.0,0.0,0.0,0.0,0.0,1.3034657814184247,130.70992062740922,102.97122181308954,90.18409256286625,29.766480965546183,1.1574007141459022,0.06348374599843612,0.4787544315183663,0.0,0.0,1.0,,,,,0.00189118889791081,0.00796729653856198,0.002926455601190786,17637.78910427027,13172.37478736165,17631.05328900024,13206.07231715563,18603.470734923816,4.26959397542281,0.0,0.0,0.0,0.0,0.0,0.0,1.3286601304433787,130.68483123184976,102.96992374413229,90.18645179630394,29.864719533101194,1.159235413568897,0.06417163996021351,0.4780482070078657,0.0,0.0,1.0,,,,,0.0018134880163365697,0.007408145742074341,0.0022665592195920403,14695.17022743455,10907.299139800392,14686.267625601851,10931.213399026392,15503.675847529932,4.190434679527335,0.0,0.0,0.0,0.0,0.0,0.0,1.3675264630866084,130.6461663769648,102.96802159501821,90.19036945657425,30.013500373940573,1.1621074544474577,0.06524628701815913,0.4769366032377228,0.0,0.0,1.0,,,,,0.0017222360865800062,0.006652626667251282,0.0017555180597658843,12705.653195943598,9395.32493958105,12701.836350759746,9416.75515185649,13409.058199529542,4.127398275755328,0.0,0.0,0.0,0.0,0.0,0.0,1.425172851784202,130.58891873828904,102.9652538588127,90.19687568662359,30.230296566013596,1.1665268788252083,0.06689475015161458,0.47517639636313264,0.0,0.0,1.0
p01,young_weak,30.0,0.1265165408956862,0.19578162514054984,B,0.6876994942777357,14.913966620838165,0.6876994942777357,14.913966620838165,True,0.6647016814144457,15.070917851436729,42,0.013424370960879006,0.000399678915534718,360,0.08333333333333333,33.854305408895016,0.9807780320366133,0.9960060432903023,0.12286411716842961,0.06267771047101002,0.011278838499203242,0.008774680309744863,0.007759170404086524,37228.968713210415,18545.61735750547,36823.02537395206,18155.416339262192,38566.99193443096,4.586215767016862,2187.0,33419.0,3.340047317661393,4.524006445557372,8.06225774829855,19.6468827043885,0.8382991730790262,131.16174983033568,102.99648610432347,90.0083551888005,25.93302733451335,1.1264841814550195,0.05172509756448208,0.49703190743067344,2187.0,33419.0,1.0,,,,,0.010969843448694784,0.011331827863333511,0.004219668566554813,23804.686421623854,15608.590205150695,23469.53650077099,15280.897052519975,24940.651670829386,4.396907796911077,0.0,0.0,0.0,0.0,0.0,0.0,1.1464275619255382,130.85940621187902,102.98051307586191,90.1138517677948,28.474657619778785,1.1481323450194836,0.059991951998258235,0.49162800818021074,0.0,0.0,1.0,,,,,0.010603683065911279,0.013712113543934444,0.0030694812884156653,16257.732067971976,12349.212161550095,15989.314643276915,12085.213635105438,17171.333124006385,4.234804013618954,0.0,0.0,0.0,0.0,0.0,0.0,1.3595355553263593,130.6527212535667,102.97187395052381,90.17996063721425,30.000230576197843,1.1623574686003477,0.06533971046915636,0.47660614744538676,0.0,0.0,1.0,,,,,0.010747137522982293,0.013522214458692963,0.0031478147764929104,17924.22432346655,13495.09667855528,17631.05328900024,13206.07231715563,18934.94443713755,4.277264035061283,0.0,0.0,0.0,0.0,0.0,0.0,1.3848651842660644,130.62749120806984,102.97060031488812,90.18222747647383,30.097441136775753,1.1641763683304227,0.06601877927469886,0.47590006925326195,0.0,0.0,1.0,,,,,0.010449591054183357,0.013550044703276188,0.0024952836917104676,14934.330841039253,11174.462788984907,14686.267625601851,10931.213399026392,15780.547964862943,4.198122079607522,0.0,0.0,0.0,0.0,0.0,0.0,1.423910627837953,130.5886363617963,102.96873434362804,90.18600165471815,30.244618583609963,1.1670230962898303,0.06707945115416922,0.47478986993148675,0.0,0.0,1.0,,,,,0.010160182274378269,0.013263427858979547,0.0019483984398563983,12912.969062153892,9624.240563508889,12701.836350759746,9416.75515185649,13649.187560547516,4.135106801671877,0.0,0.0,0.0,0.0,0.0,0.0,1.4817454812551172,130.53117734945363,102.96602042938184,90.19228905648137,30.458953758950432,1.1714081640040972,0.06870824647149933,0.4730355076939756,0.0,0.0,1.0
p01,young_weak,60.0,0.2530330817913724,0.19578162514054984,A,0.6243588196711725,14.766112500317464,0.6243588196711725,14.766112500317464,True,0.627750678849439,14.778579745564466,53,0.0039821453401969855,0.002695645808261331,720,0.08333333333333333,72.97021672874689,0.9027393817542096,0.9953299797282078,0.6044905008635578,0.07385377942998761,0.0016670014108595694,0.011573408762326348,0.014297133947547724,36676.20848573839,18191.685112895793,36823.02537395206,18155.416339262192,37933.91176822995,4.579027629725201,1796.0,33163.0,3.2545480771089736,4.520666906472944,7.713421729878119,19.621416870348583,0.8031661184442452,131.19708215759883,102.99300539510867,90.01870368073553,25.76119942698958,1.1214993370661153,0.04979902120154285,0.49850407216227444,1796.0,33163.0,1.0,,,,,0.0015639542495769045,0.008421834163487754,0.00501547248568468,23425.304748739916,15306.552064845428,23469.53650077099,15280.897052519975,24492.952331374298,4.38904113726623,0.0,0.0,0.0,0.0,0.0,0.0,1.1098762226745018,130.8981287458065,102.97543386455143,90.13077260351233,28.277805839375596,1.1426466401652409,0.05791194697203686,0.49384943451408486,0.0,0.0,1.0,,,,,0.0014812672062156473,0.0065466998200829395,0.002170353134698627,15980.002890161348,12106.490106085055,15989.314643276915,12085.213635105438,16838.608596174196,4.226306202129826,0.0,0.0,0.0,0.0,0.0,0.0,1.323216140434477,130.69267786688053,102.96567494129692,90.20157277819017,29.79355446678266,1.1567161958340968,0.0632268164258918,0.4792185662613157,0.0,0.0,1.0,,,,,0.0014880778470622172,0.006240303438195482,0.0022669898409958394,17618.137522338202,13226.816466435932,17631.05328900024,13206.07231715563,18567.980320293864,4.26876466715099,0.0,0.0,0.0,0.0,0.0,0.0,1.3481997562715813,130.66778909199982,102.96452911996938,90.20395709373774,29.890011613973204,1.1586475660188915,0.06395135364300977,0.47850715524161114,0.0,0.0,1.0,,,,,0.0014085020535313639,0.00575389326718757,0.0017364001257973438,14679.470703896555,10950.03643222533,14686.267625601851,10931.213399026392,15474.674706049485,4.189621528460973,0.0,0.0,0.0,0.0,0.0,0.0,1.3868093854211272,130.62936464262825,102.96281025563319,90.20788437057283,30.03637490733405,1.1616895649227785,0.06509008824945696,0.47738460145881384,0.0,0.0,1.0,,,,,0.0013584628535847046,0.005287393287955501,0.0013806383140034656,12692.838925925174,9429.201457516385,12701.836350759746,9416.75515185649,13384.62406345448,4.126606177580471,0.0,0.0,0.0,0.0,0.0,0.0,1.44417047715042,130.57238103996673,102.96024375067299,90.21436397240637,30.250149842775176,1.1664055791390489,0.06684958829172165,0.4756066308629038,0.0,0.0,1.0
p01,young_weak,60.0,0.2530330817913724,0.19578162514054984,B,0.6243588196711725,14.766112500317464,0.6243588196711725,14.766112500317464,True,0.641677248342992,14.645639957074767,45,0.009220615364424978,0.00022809826944736322,720,0.08333333333333333,62.12779074907303,0.9832607200183444,0.9968293850203398,0.10948905109489052,0.04964188688565078,0.008860106096808656,0.00668314080956447,0.005728427211981468,36514.099634492864,17857.598860780658,36823.02537395206,18155.416339262192,37727.15021854498,4.576654001302159,2178.0,33432.0,3.3382572302462554,4.524175348324216,8.246211251235321,19.6468827043885,0.768511790630696,131.2317607291737,102.99289494355324,90.01919148956024,25.556687711006656,1.117599099465003,0.048286043162015284,0.4996657739247222,2178.0,33432.0,1.0,,,,,0.008631006721802488,0.008829512031596346,0.0032149173252632862,23210.24803501406,15027.448689865441,23469.53650077099,15280.897052519975,24239.953402486517,4.384531780631937,0.0,0.0,0.0,0.0,0.0,0.0,1.0702606559079113,130.93833623242497,102.97500682907466,90.13305358924106,28.08480445716667,1.1387785455040034,0.056439276478962165,0.4955320189561956,0.0,0.0,1.0,,,,,0.008322017602926822,0.010583859935614498,0.0023974480823174826,15785.396116208276,11883.478075474875,15989.314643276915,12085.213635105438,16613.47257301593,4.220460418825456,0.0,0.0,0.0,0.0,0.0,0.0,1.2813418218515011,130.73570153090208,102.96501737783895,90.20533499850028,29.611158978613194,1.1528972672833182,0.06179060977540501,0.48093460889030226,0.0,0.0,1.0,,,,,0.00845846323102086,0.010609863351737027,0.002535404675993759,17403.178936135882,12981.936725444242,17631.05328900024,13206.07231715563,18319.24505486978,4.262907572210658,0.0,0.0,0.0,0.0,0.0,0.0,1.3062157671189027,130.7109244912395,102.96385774321404,90.20779244514247,29.70842936260101,1.1548415439141433,0.06252239866568085,0.4802218334784864,0.0,0.0,1.0,,,,,0.008185773396626569,0.010382005279001282,0.001988962943686258,14499.91013809326,10747.253671223494,14686.267625601851,10931.213399026392,15266.832333875254,4.18374893603295,0.0,0.0,0.0,0.0,0.0,0.0,1.3446807606324702,130.67265007983883,102.96211756413062,90.21183356324214,29.85606602623384,1.1579033607255833,0.06367231443892896,0.47909646233175324,0.0,0.0,1.0,,,,,0.007994335262729258,0.010447031096040076,0.001553952034180947,12537.09904870407,9255.411286804048,12701.836350759746,9416.75515185649,13204.275681514127,4.120714583040166,0.0,0.0,0.0,0.0,0.0,0.0,1.4018898849920896,130.6158324915623,102.95951745464616,90.21848734917643,30.07180199596454,1.1626450125640038,0.06544713294149244,0.4773117258514612,0.0,0.0,1.0
p01,young_weak,100.0,0.4217218029856207,0.19578162514054984,A,0.549406867971161,14.566639364592893,0.549406867971161,14.566639364592893,True,0.5571015391660236,14.6318393703925,53,0.015354821508104062,0.009908273092463534,1200,0.08333333333333333,113.28267290443182,0.6006410256410256,0.9788902107928373,1.8673181189718298,0.33349987509367973,0.006068476103330335,0.042693037006590516,0.051123722851723175,36234.491377418715,18267.563363168207,36823.02537395206,18155.416339262192,37464.101508694905,4.573615321493176,937.0,32130.0,2.9722028383790646,4.506924242131775,6.48074069840786,19.4164878389476,0.8201465240578731,131.18058698133575,102.9886529483286,90.03276995859198,25.876566793645033,1.1219828843500457,0.04998623188536062,0.49846457785673404,937.0,32130.0,1.0,,,,,0.0057060131968230884,0.0313144377813478,0.018137195543141194,23282.242250689484,15363.23225720817,23469.53650077099,15280.897052519975,24325.966900358108,4.386070111474595,0.0,0.0,0.0,0.0,0.0,0.0,1.1351215737253286,130.87534301304458,102.96939575170768,90.15070178769841,28.347151682726654,1.1427249648718905,0.057941715424425916,0.493922653955755,0.0,0.0,1.0,,,,,0.005423069927304327,0.024305564743749997,0.007929040771288462,15934.274210877675,12150.732089704388,15989.314643276915,12085.213635105438,16773.61187588688,4.224626589670425,0.0,0.0,0.0,0.0,0.0,0.0,1.353723912910726,130.66581881516058,102.95846345981147,90.22539679286974,29.83532573626031,1.1565231973417716,0.06315434819742029,0.47971882473391214,0.0,0.0,1.0,,,,,0.005429148740105651,0.023220045148032123,0.008275174944529312,17568.664570156237,13273.795310501013,17631.05328900024,13206.07231715563,18497.164266428223,4.267105153384674,0.0,0.0,0.0,0.0,0.0,0.0,1.3785038279586845,130.6411147152902,102.95747425456709,90.22780506506943,29.929730403708227,1.1585928757990198,0.06393085368946147,0.47900641023650453,0.0,0.0,1.0,,,,,0.005166808240815949,0.021662455223235226,0.00644224523575862,14639.386734557718,10986.629984722367,14686.267625601851,10931.213399026392,15416.688274350756,4.187991091053209,0.0,0.0,0.0,0.0,0.0,0.0,1.4168612955861524,130.6029128095862,102.95594641866079,90.23173820419373,30.07325417453136,1.1618696735142575,0.06515741613702308,0.4778780753862353,0.0,0.0,1.0,,,,,0.004948194387121676,0.019901251904891788,0.005071456571351093,12659.464079596182,9457.665974969916,12701.836350759746,9416.75515185649,13335.635143619582,4.12501370490031,0.0,0.0,0.0,0.0,0.0,0.0,1.4739325465112196,130.54617936037673,102.95359328490818,90.23817874855833,30.28340490065038,1.1669614806091615,0.06705652096826804,0.47608755530611246,0.0,0.0,1.0
p01,young_weak,100.0,0.4217218029856207,0.19578162514054984,B,0.549406867971161,14.566639364592893,0.549406867971161,14.566639364592893,True,0.6087412875417818,14.149095247694246,42,0.11949284046352726,0.002877674032341071,1200,0.08333333333333333,90.08597981929779,0.9423340961098399,0.9897910447761195,0.3629032258064516,0.16054887367604587,0.031836543700945096,0.023281318303933866,0.021033768825956367,35779.64214162015,17147.505715173815,36823.02537395206,18155.416339262192,36858.83379254932,4.566541590094316,2187.0,33568.0,3.340047317661393,4.525938404073436,8.48528137423857,19.72308292331602,0.7016133739228828,131.2993975476701,102.9879687735532,90.03567604023686,25.151264320881577,1.1083364703513552,0.04467162414143553,0.5026949333208403,2187.0,33568.0,1.0,,,,,0.030979463828420803,0.030593675047172333,0.01153347294020736,22598.128906098267,14426.766253323573,23469.53650077099,15280.897052519975,23514.021982515882,4.3713269198701195,0.0,0.0,0.0,0.0,0.0,0.0,1.0012936086912654,131.01226274056916,102.96733533217423,90.16092550019762,27.660394076402238,1.1291946577134828,0.05276881480693675,0.50006104322282,0.0,0.0,1.0,,,,,0.0298880177595708,0.03676595655005183,0.008825597748889545,15297.96932938968,11401.572314574907,15989.314643276915,12085.213635105438,16034.443787055905,4.2050538994436275,0.0,0.0,0.0,0.0,0.0,0.0,1.2135357198513395,130.81161295444247,102.95538030351851,90.24169041352947,29.18517512763152,1.1431901352712521,0.05811846821840624,0.48603173610983386,0.0,0.0,1.0,,,,,0.030338571546188,0.03660850087496578,0.009412001723494066,16865.25044106136,12450.481830703451,17631.05328900024,13206.07231715563,17679.93846111003,4.247480749022821,0.0,0.0,0.0,0.0,0.0,0.0,1.2379114025997007,130.7873049006584,102.95436550065958,90.24436188162062,29.28256300580299,1.1453077702838192,0.05892220717827359,0.4853091411187655,0.0,0.0,1.0,,,,,0.02939833402932654,0.03614137781180898,0.007337108871887814,14051.14327626588,10304.359903392582,14686.267625601851,10931.213399026392,14733.140123957086,4.168295319359102,0.0,0.0,0.0,0.0,0.0,0.0,1.2757397148480258,130.74962874956265,102.95279277928597,90.24870672373844,29.430771629086355,1.1486562541938297,0.06019008156704937,0.48416315356521156,0.0,0.0,1.0,,,,,0.028635931066522964,0.03591525434208868,0.0056631813587682545,12148.528164062916,8872.604412395647,12701.836350759746,9416.75515185649,12741.76370192417,4.105229546759051,0.0,0.0,0.0,0.0,0.0,0.0,1.3322589848709443,130.69346804708098,102.95035738695236,90.25578090182964,29.648150243765794,1.1538445764864904,0.06214731304832057,0.4823383299296768,0.0,0.0,1.0
p01,young_weak,150.0,0.632582704478431,0.19578162514054984,A,0.46899586655727243,14.31338926969087,0.46899586655727243,14.31338926969087,True,0.4747060550918213,14.47120815605163,54,0.029279025387436385,0.017830261753450115,1800,0.08333333333333333,166.73057806491852,0.20107128141738773,0.9551045894473931,3.977409357877101,0.6759566782425446,0.01078193899403131,0.07571238522434451,0.08775285539447131,35710.17842276263,18322.584007336103,36823.02537395206,18155.416339262192,36904.809255373366,4.567082964993059,244.0,30628.0,2.3891660843645326,4.486132817845704,4.58257569495584,19.209372712298546,0.844326767216025,131.1573987514565,102.98347306451937,90.051358409185,26.00844785522885,1.1230596093389134,0.05040280819370251,0.4983669550047526,244.0,30628.0,1.0,,,,,0.010168914457280706,0.056099975623819597,0.03172986517778323,23094.32120798741,15403.099267351257,23469.53650077099,15280.897052519975,24108.30029889345,4.382166592508006,0.0,0.0,0.0,0.0,0.0,0.0,1.170597505830137,130.84339900526567,102.96218181032155,90.17647221924352,28.43209048997585,1.1436533009760155,0.05829438783699287,0.493967003952283,0.0,0.0,1.0,,,,,0.00967839492478929,0.043531855613390215,0.013887743852922671,15862.5742441187,12182.33906582519,15989.314643276915,12085.213635105438,16677.9694748446,4.222143174626056,0.0,0.0,0.0,0.0,0.0,0.0,1.396375018256724,130.6281955609153,102.94982849929384,90.25592692909468,29.891380580373703,1.157230190528585,0.0634197552636546,0.480225193337686,0.0,0.0,1.0,,,,,0.00968530275148415,0.041762086219655194,0.014552823128164805,17490.90987974591,13307.494591493483,17631.05328900024,13206.07231715563,18392.906590800125,4.264650365268521,0.0,0.0,0.0,0.0,0.0,0.0,1.420998877999512,130.60361637075727,102.9489793852869,90.25835531373103,29.98363557385688,1.159471650496113,0.06426013444565903,0.4795172098646613,0.0,0.0,1.0,,,,,0.009227735905450101,0.03922582344412951,0.01139631386586934,14576.158996170323,11012.61554428573,14686.267625601851,10931.213399026392,15331.2519119234,4.18557761971028,0.0,0.0,0.0,0.0,0.0,0.0,1.4591607588660025,130.5655620469017,102.94762329834674,90.26228717095867,30.124136781563347,1.1630214972058384,0.06558774227065592,0.47839051241142794,0.0,0.0,1.0,,,,,0.00882484234675506,0.03623146038213836,0.008963176496337238,12606.551678064123,9477.274874810693,12701.836350759746,9416.75515185649,13263.37820413209,4.122654153673321,0.0,0.0,0.0,0.0,0.0,0.0,1.5159966009293104,130.50899820276152,102.94546443252845,90.26867304766462,30.33035549481785,1.1685065657164733,0.06763115699048194,0.476596148981594,0.0,0.0,1.0
p01,young_weak,150.0,0.632582704478431,0.19578162514054984,B,0.46899586655727243,14.31338926969087,0.46899586655727243,14.31338926969087,True,0.5656244834692026,13.599439484159177,50,0.2942961392526996,0.008517635092931908,1800,0.08333333333333333,154.799427382648,0.9080907632363053,0.9816614980916031,0.5601240293907195,0.2833215946591441,0.05663121274160522,0.04053250816255145,0.036917010673057415,35031.085398019386,16427.76925911593,36823.02537395206,18155.416339262192,35972.43141269847,4.555969793209977,2180.0,33640.0,3.3386556655787003,4.526868896995881,8.660254037844387,19.748417658131498,0.6464708952916363,131.3565500711198,102.98158187376072,90.0596454533815,24.735719235081874,1.0996482048206055,0.04125376957514317,0.5060445934628384,2180.0,33640.0,1.0,,,,,0.05507405301400953,0.05351555899305588,0.02080673865125246,21975.812659927295,13817.636200052722,23469.53650077099,15280.897052519975,22774.536203165462,4.357449541453733,0.0,0.0,0.0,0.0,0.0,0.0,0.9515673796221076,131.07064107104387,102.95732349683891,90.19987790075027,27.222588220665518,1.1205079907064108,0.04941495797712796,0.5051265381485724,0.0,0.0,1.0,,,,,0.053119540840785816,0.06438207341486962,0.016208299367892885,14802.889544278944,10912.779287089745,15989.314643276915,12085.213635105438,15445.071967364594,4.188789936266897,0.0,0.0,0.0,0.0,0.0,0.0,1.1702756972700843,130.8681697206204,102.94271715074545,90.29193167262517,28.744242268334347,1.1345009306434677,0.05480485647759371,0.4918121547986163,0.0,0.0,1.0,,,,,0.05390172223793581,0.06405972618490888,0.01715808748875925,16318.8167323783,11911.32013103193,17631.05328900024,13206.07231715563,17029.16387821096,4.231193324886054,0.0,0.0,0.0,0.0,0.0,0.0,1.1941123190994491,130.8443202197258,102.94187296925101,90.29483847168704,28.84185809929246,1.1368287182831918,0.055695036096739065,0.49107675338892215,0.0,0.0,1.0,,,,,0.05221625269982635,0.0633442375279683,0.01328256577859737,13595.219085397002,9854.925311474233,14686.267625601851,10931.213399026392,14189.826295634173,4.151977079086135,0.0,0.0,0.0,0.0,0.0,0.0,1.2312407951087478,130.80722947542426,102.94050459830238,90.29952073120268,28.99080903222763,1.1405105935234618,0.05709932353411998,0.4899049340538512,0.0,0.0,1.0,,,,,0.050806420970527726,0.06279684792379571,0.010177733372988901,11753.70185541873,8484.02799636942,12701.836350759746,9416.75515185649,12270.871250204907,4.088875399379269,0.0,0.0,0.0,0.0,0.0,0.0,1.2869786328722577,130.75171470118207,102.93828291614709,90.30706483970891,29.21010924983153,1.14619292582339,0.059257723712250195,0.48803060378872415,0.0,0.0,1.0
p02,young_weak,175.75834152288735,1.4704771734154956,1.4704771734154956,truth,,,,,,0.6445187263190746,10.127114787400846,,,,,,,1.0,1.0,0.0,0.0,0.0,0.0,0.0,29480.311900491375,4166.927859170758,29480.311900491375,4166.927859170758,29726.835078368218,4.473148673713263,7628.0,34567.0,3.882467614895371,4.538674253303173,12.68857754044952,19.949937343260004,0.3679978384586257,131.67063494055364,102.95672473830592,90.15832977752598,20.575022754202507,1.0468695858343373,0.019892582652842116,0.5302266614690482,7628.0,34567.0,1.0,,,,,0.0,0.0,0.0,8329.869066197873,3342.7961167080343,8329.869066197873,3342.7961167080343,8495.724933827833,3.929200442808182,0.0,0.0,0.0,0.0,0.0,0.0,1.7722116335291773,130.41288457271247,102.93963754678856,90.78622838203945,25.47067305240533,1.1269372306291339,0.05189972691516154,0.5641620057926405,0.0,0.0,1.0,,,,,0.0,0.0,0.0,3549.553139782646,2302.952036811568,3549.553139782646,2302.952036811568,3662.0376121981135,3.563722800557214,0.0,0.0,0.0,0.0,0.0,0.0,3.0074713983152432,129.29119963484823,102.9276408049163,91.30462597717687,28.498889851342867,1.1881288925487097,0.07486355704773481,0.5375605444236802,0.0,0.0,1.0,,,,,0.0,0.0,0.0,4353.977517325465,2736.384194202949,4353.977517325465,2736.384194202949,4492.065566415245,3.6524460866198134,0.0,0.0,0.0,0.0,0.0,0.0,3.0164447882917127,129.2806069218094,102.922692498957,91.30302110396717,28.594186858385186,1.190255302766261,0.07564012499804662,0.5368527052921476,0.0,0.0,1.0,,,,,0.0,0.0,0.0,3467.593799737126,2127.116766546302,3467.593799737126,2127.116766546302,3577.6603299053213,3.553599105417957,0.0,0.0,0.0,0.0,0.0,0.0,3.032741059549638,129.26200870770813,102.91608679139034,91.30149167920237,28.74253713636485,1.193814444256822,0.07693682922401132,0.5352127377974271,0.0,0.0,1.0,,,,,0.0,0.0,0.0,3036.2493168816027,1829.1629681812972,3036.2493168816027,1829.1629681812972,3132.6861895408792,3.4959168924952944,0.0,0.0,0.0,0.0,0.0,0.0,3.0614630600771062,129.23043000720588,102.908173620804,91.30138619914106,28.96588408797538,1.1995233481963634,0.07900870573791123,0.5322517533268567,0.0,0.0,1.0
p02,young_weak,30.0,0.250994148102611,1.4704771734154956,A,1.6011196580059999,11.227797354486352,0.9999050000000002,11.227797354486352,True,1.0,11.106523135434657,150,0.07034435434037067,0.06688886894953779,360,0.08333333333333333,121.72450902312994,0.9339301222526555,0.8658004396758211,0.589689223084632,1.6458356405845285,0.02387447092732477,0.15301660474236395,0.14030385943299795,24986.919348317744,3030.5948040563057,29480.311900491375,4166.927859170758,25244.670408622682,4.402169704972054,7341.0,26387.0,3.865814380167968,4.421406475408415,11.874342087037917,18.138357147217054,0.14578632802299937,131.85581927230808,102.99400876832547,90.02072863583743,19.786637010738207,1.031689571755124,0.013549040746101075,0.5159531530203788,7341.0,26387.0,1.0,,,,,0.02231421590412386,0.212259201311358,0.042780000653866904,6563.023903159808,2453.3294114477567,8329.869066197873,3342.7961167080343,6743.939280115256,3.828913651410636,0.0,0.0,0.0,0.0,0.0,0.0,1.1586570514728554,130.93251939561884,102.97362477811727,90.44975067522844,25.184907405410804,1.0907496760960251,0.037725092692797835,0.5511380419096786,0.0,0.0,1.0,,,,,0.020860818573520845,0.2737640224091857,0.027059924075899924,2716.6998955706576,1698.9871124842762,3549.553139782646,2302.952036811568,2841.452468710155,3.453540395643973,0.0,0.0,0.0,0.0,0.0,0.0,2.017743686411874,130.14053343783047,102.95012312294122,90.78178384823637,28.472955557741948,1.132467811947667,0.05402586693902141,0.5125184805007655,0.0,0.0,1.0,,,,,0.02121033236315245,0.2674050105129163,0.029039610277635575,3336.6234907542653,2026.9546883043004,4353.977517325465,2736.384194202949,3489.8787775545684,3.5428103418149197,0.0,0.0,0.0,0.0,0.0,0.0,2.0347544786872507,130.12260564239003,102.94469538560192,90.78266059960774,28.573522226443384,1.1346477801864443,0.05486106781885081,0.512341414263264,0.0,0.0,1.0,,,,,0.02000158220451077,0.260595216630691,0.02014517215336182,2660.2673514989233,1581.739655912477,3467.593799737126,2127.116766546302,2782.4675368930966,3.444430106113507,0.0,0.0,0.0,0.0,0.0,0.0,2.061740976404207,130.0943594835199,102.93746162586395,90.78447372645235,28.727472869986244,1.138144001236056,0.056197213716114344,0.511524826819043,0.0,0.0,1.0,,,,,0.019018134268486628,0.25252075367722016,0.014919499235711335,2334.5977072476257,1367.1157004735549,3036.2493168816027,1829.1629681812972,2441.8176280660537,3.387713224685762,0.0,0.0,0.0,0.0,0.0,0.0,2.1034781912647307,130.0511388549143,102.92863486732242,90.78833226252613,28.956097565999897,1.1435813938113735,0.05826708072688756,0.5096916039415081,0.0,0.0,1.0
p02,young_weak,30.0,0.250994148102611,1.4704771734154956,B,1.6011196580059999,11.227797354486352,0.9999050000000002,11.227797354486352,True,0.8677490160575299,12.835276228752491,127,0.03832899514072574,0.010696368095910347,360,0.08333333333333333,102.48337316513062,0.9339449541284404,0.9760628692775523,0.600650176508144,0.37202758349815696,0.11389243679365318,0.09174574824172517,0.06478667405350802,33292.725005163804,7244.427454939483,29480.311900491375,4166.927859170758,33963.12911427134,4.531007696131903,7632.0,34656.0,3.882695262381597,4.539790966345741,12.083045973594572,19.87460691435179,0.3610841900592979,131.63924975018145,102.99490207333025,90.01466494835661,22.613223418072455,1.0666907200016347,0.028038516831057746,0.5129564241567418,7632.0,34656.0,1.0,,,,,0.10897194133672787,0.25553565799295686,0.03927265904748406,10967.826199421464,5768.425579556149,8329.869066197873,3342.7961167080343,11462.863376502779,4.0592931161728325,0.0,0.0,0.0,0.0,0.0,0.0,1.4892709982851542,130.56312372307838,102.97164947548303,90.39052646378028,28.207689732845928,1.1326043216332837,0.054078214413861195,0.5139583674863392,0.0,0.0,1.0,,,,,0.10300087645711697,0.45679346403141596,0.026624213283842336,5340.906190379842,4022.3629836299224,3549.553139782646,2302.952036811568,5688.845285064164,3.7550241227717134,0.0,0.0,0.0,0.0,0.0,0.0,2.2700843760209586,129.81790965357402,102.94714107296515,90.62367517837552,31.15115817150278,1.1705563587117926,0.06839232848826064,0.47592214050088927,0.0,0.0,1.0,,,,,0.10544109727336529,0.45979894051905046,0.03066925296486612,6545.071445043628,4809.349828458113,4353.977517325465,2736.384194202949,6971.534798750483,3.843328399511359,0.0,0.0,0.0,0.0,0.0,0.0,2.2866446050038594,129.8000798368161,102.94264096806471,90.62113184322305,31.23324335193194,1.1726655813968756,0.06917417847434988,0.4759259155283854,0.0,0.0,1.0,,,,,0.1004621537180102,0.4577770589489765,0.023621556770678197,5201.875151432988,3744.5241320959917,3467.593799737126,2127.116766546302,5540.77353382314,3.7435703997500687,0.0,0.0,0.0,0.0,0.0,0.0,2.3135802723105345,129.77142123695478,102.93663485611565,90.6181223437709,31.358715527786686,1.1760619882786265,0.07043021328591274,0.4754511001444388,0.0,0.0,1.0,,,,,0.09638708998135773,0.4528142588378581,0.01985985230741502,4546.85770568122,3214.9970816172404,3036.2493168816027,1829.1629681812972,4842.88880644659,3.6851044976855962,0.0,0.0,0.0,0.0,0.0,0.0,2.3559888409664675,129.72695361682614,102.92921881552759,90.61557581387139,31.54474630688264,1.1813096469546502,0.07236375056643846,0.474184975209352,0.0,0.0,1.0
p02,young_weak,60.0,0.501988296205222,1.4704771734154956,A,1.3210230886136443,11.01025138781474,0.9999050000000002,11.01025138781474,True,1.0,10.825863734658238,150,0.060754202615670744,0.05017535679418977,720,0.08333333333333333,206.64801978319883,0.933873986275733,0.9254895865713397,0.6115728196952721,1.0407607416900853,0.01759407683730783,0.1024050144485892,0.1309076498319649,27112.89908501614,3350.908978515911,29480.311900491375,4166.927859170758,27378.571632193973,4.43741078680609,8402.0,29773.0,3.924434363543231,4.473837184033068,12.449899597988733,18.894443627691185,0.17611690847822128,131.8301939217495,102.98698300853451,90.04487336820763,19.938801826975695,1.0332065561443178,0.014187153297123651,0.5199945240790592,8402.0,29773.0,1.0,,,,,0.016452523147135533,0.13956836285739477,0.03211554580465878,7211.747837414565,2707.7390570067823,8329.869066197873,3342.7961167080343,7396.163791621652,3.8690065202548225,0.0,0.0,0.0,0.0,0.0,0.0,1.2634386649655707,130.84745850837197,102.96954149418777,90.51671815299011,25.16863119699489,1.0958850133000058,0.03976498780792414,0.5548452403137188,0.0,0.0,1.0,,,,,0.015392343297793556,0.1932933792794782,0.020078947370342493,2988.6578254365263,1871.7506455781306,3549.553139782646,2302.952036811568,3115.287825328133,3.4934981778578162,0.0,0.0,0.0,0.0,0.0,0.0,2.202257675147944,129.98661522463982,102.95043037680519,90.89093404163955,28.392057076495096,1.1411985861752418,0.057361224940286566,0.5191370665188073,0.0,0.0,1.0,,,,,0.01563036832546516,0.18794256003255516,0.0213899973658324,3669.211404569121,2230.2873643274943,4353.977517325465,2736.384194202949,3824.7244445927536,3.5826001515148227,0.0,0.0,0.0,0.0,0.0,0.0,2.2173831157345107,129.97035975068732,102.94515552322667,90.89125777622522,28.491933538192352,1.143381325399608,0.05819109469814761,0.5187781160509218,0.0,0.0,1.0,,,,,0.014742811423641897,0.18204548123465497,0.014761799606981499,2923.8301507643528,1738.3504197217205,3467.593799737126,2127.116766546302,3047.7726081250967,3.4839825615125677,0.0,0.0,0.0,0.0,0.0,0.0,2.241907682665062,129.94426617211568,102.93812220893483,90.89234501481074,28.64549365859848,1.1469275341751581,0.0595359789282426,0.5176998446716204,0.0,0.0,1.0,,,,,0.014008300979640351,0.17480103883369058,0.010694704166365046,2564.1082353281377,1500.7435582214584,3036.2493168816027,1829.1629681812972,2672.78927325492,3.4269647196730464,0.0,0.0,0.0,0.0,0.0,0.0,2.2807309381010836,129.90355486626976,102.92955865612277,90.89537111319441,28.8745134383471,1.152499184624353,0.06164062680505287,0.5155297162052367,0.0,0.0,1.0
p02,young_weak,60.0,0.501988296205222,1.4704771734154956,B,1.3210230886136443,11.01025138781474,0.9999050000000002,11.01025138781474,True,0.8348020813604798,12.105861608396925,97,0.019670681339460483,0.0058515665920231275,720,0.08333333333333333,133.97369239479303,0.9524683668786468,0.9828754750791197,0.4521530921511519,0.26726533623552495,0.08256241844073844,0.06591675462490572,0.04953094449330847,32107.703311663463,6242.697374207511,29480.311900491375,4166.927859170758,32642.648225927842,4.513785384862862,7625.0,34632.0,3.882296800937652,4.539490112889759,12.12435565298214,19.87460691435179,0.30511226986218876,131.69704190302014,102.98886504070455,90.03443691879778,21.97788096152378,1.055793224102273,0.023578870447250915,0.5172430068202807,7625.0,34632.0,1.0,,,,,0.07875936628779993,0.18006185562220064,0.02869685862103437,10123.521866913437,4978.376070266013,8329.869066197873,3342.7961167080343,10511.854297341793,4.021679332590611,0.0,0.0,0.0,0.0,0.0,0.0,1.450721809565746,130.62409832760088,102.96740292119583,90.4587219060525,27.406537886187703,1.1220410379466528,0.05000874125869127,0.5260298368684689,0.0,0.0,1.0,,,,,0.07427581495508893,0.320481911851386,0.02023596343842593,4761.022546404539,3461.4919417606197,3549.553139782646,2302.952036811568,5032.290721050759,3.701765722838842,0.0,0.0,0.0,0.0,0.0,0.0,2.293782123070823,129.8303358017068,102.94359515967265,90.74216722425051,30.404197121184602,1.162659060025298,0.06545238019925698,0.4892852197834435,0.0,0.0,1.0,,,,,0.07593965579287015,0.32237097686674354,0.02424159302842266,5836.369952965653,4132.620448504558,4353.977517325465,2736.384194202949,6168.955421448083,3.7902116319251173,0.0,0.0,0.0,0.0,0.0,0.0,2.3085111202583826,129.81407086538042,102.93884647812165,90.7397280970328,30.488739824837747,1.164825199497508,0.06626075747405633,0.4891562590384718,0.0,0.0,1.0,,,,,0.07210578421777242,0.3205943948099032,0.018622956493954637,4640.84679503987,3215.8201395148853,3467.593799737126,2127.116766546302,4905.256089845723,3.690661685620884,0.0,0.0,0.0,0.0,0.0,0.0,2.3328956177896454,129.78757004522643,102.93249669261445,90.73688463290719,30.618673217116893,1.1683447963575775,0.06757102861333147,0.4884618545541605,0.0,0.0,1.0,,,,,0.06887265651503137,0.3168512726476403,0.01562874022773482,4058.981847763593,2761.8952842549097,3036.2493168816027,1829.1629681812972,4290.074594040488,3.6324648435829814,0.0,0.0,0.0,0.0,0.0,0.0,2.372115413584218,129.74577022185628,102.92468119129462,90.73464734379777,30.812526002392115,1.1738385181529538,0.069608356282359,0.4868746324997324,0.0,0.0,1.0
p02,young_weak,100.0,0.8366471603420366,1.4704771734154956,A,1.0260991054903272,10.713320612310826,0.9999050000000002,10.713320612310826,True,0.9999999999999988,10.467384663990233,150,0.05569418929466491,0.028730533520591517,1200,0.08333333333333333,321.39612920582294,0.8591057551526072,0.9890744295466682,1.2234354537857863,0.1729746727532137,0.009972790287368699,0.08433873144774205,0.1229070488809837,30119.103625647644,3848.9616707924806,29480.311900491375,4166.927859170758,30394.203154071398,4.482790761955496,10130.0,34720.0,4.005652315355074,4.540592224805946,13.45362404707371,19.949937343260004,0.233583056183709,131.7826606198662,102.9759481733575,90.08213493540713,20.154806654938948,1.0364850937877437,0.015563060667912026,0.52522136683929,10130.0,34720.0,1.0,,,,,0.00930179176532118,0.0625988664625107,0.015124111083864425,8153.332805514911,3100.9989700664933,8329.869066197873,3342.7961167080343,8341.320814969082,3.9212348248865228,0.0,0.0,0.0,0.0,0.0,0.0,1.4288239509757588,130.70917146693458,102.96046444293059,90.6113399388502,25.19246249758568,1.1049158567122033,0.04332920620485561,0.5593839180132884,0.0,0.0,1.0,,,,,0.008702650740844992,0.08121026474355793,0.009523543404881027,3394.3560937451352,2138.6813854416846,3549.553139782646,2302.952036811568,3522.661593587757,3.546870924448193,0.0,0.0,0.0,0.0,0.0,0.0,2.4818743090701254,129.7495793045957,102.94612405140789,91.04518140142352,28.330019762753096,1.1558348039126158,0.06289576758288683,0.5275322155899759,0.0,0.0,1.0,,,,,0.008797067617341389,0.0780005788602913,0.009871595825569394,4164.8580022358265,2544.160094223063,4353.977517325465,2736.384194202949,4322.361544920966,3.635721090727947,0.0,0.0,0.0,0.0,0.0,0.0,2.4943278354618337,129.73570001257414,102.94092764999581,91.0445704261408,28.42906581411244,1.1580213930803303,0.06371658254419686,0.5269891447337419,0.0,0.0,1.0,,,,,0.008275872264197199,0.07385611440477555,0.006769290413297449,3316.0733885896343,1979.64207565598,3467.593799737126,2127.116766546302,3441.5223753720593,3.536750597504172,0.0,0.0,0.0,0.0,0.0,0.0,2.5153571118849274,129.71268063818374,102.93400350215688,91.04443094536833,28.5820770769095,1.1616230176286388,0.06506520901206514,0.5256294977176298,0.0,0.0,1.0,,,,,0.007807273588268183,0.06823217308616723,0.004893146822028682,2905.10409057788,1706.0477989291667,3036.2493168816027,1829.1629681812972,3015.0133880981844,3.4792892449551935,0.0,0.0,0.0,0.0,0.0,0.0,2.5500537002751744,129.67555769430408,102.92561331687894,91.04604419751384,28.811387146478605,1.1673425007826244,0.06719829767054626,0.5230758119724758,0.0,0.0,1.0
p02,young_weak,100.0,0.8366471603420366,1.4704771734154956,B,1.0260991054903272,10.713320612310826,0.9999050000000002,10.713320612310826,True,0.7791650164080609,11.293266761050068,107,0.050042011868032366,0.002101412905593625,1200,0.08333333333333333,229.393790461123,0.9717284355526402,0.9897047340871628,0.2690628149143433,0.1628458479246317,0.04748622616828777,0.03778599298712656,0.030499145231041025,30895.821553144637,5257.012789257108,29480.311900491375,4166.927859170758,31298.852757182805,4.495528419004717,7617.0,34591.0,3.8818409683249273,4.538975672273216,12.328828005937952,19.8997487421324,0.28556556356150914,131.72362199253672,102.9792994089361,90.06880678463956,21.332113210318813,1.0477757464745754,0.020268341340247076,0.5222286178147393,7617.0,34591.0,1.0,,,,,0.04511311999599059,0.0999858289702725,0.01839134364570455,9281.758825467992,4201.628256760824,8329.869066197873,3342.7961167080343,9567.205008765583,3.980785080246901,0.0,0.0,0.0,0.0,0.0,0.0,1.4937757056025156,130.6161900648891,102.96022905314814,90.56111869860413,26.54932736183904,1.1167922081852593,0.047972375234359245,0.5407121624330448,0.0,0.0,1.0,,,,,0.042414405101196255,0.17684422317233156,0.013072632346898774,4188.324177659917,2910.9867503189575,3549.553139782646,2302.952036811568,4385.89839612758,3.6420585665771994,0.0,0.0,0.0,0.0,0.0,0.0,2.4497871566069125,129.73052553413322,102.93941219840714,90.92047372572661,29.5853720163681,1.1626808033377387,0.06546050202330547,0.5067543259202187,0.0,0.0,1.0,,,,,0.043287141976238945,0.1777681576650318,0.015680387155483214,5136.082586208729,3469.1094564604014,4353.977517325465,2736.384194202949,5378.425373904047,3.73065514713119,0.0,0.0,0.0,0.0,0.0,0.0,2.462285276005427,129.7162897794724,102.93447210666686,90.91827147635445,29.673658638734995,1.1648920227008328,0.06628567118306657,0.5064245484227692,0.0,0.0,1.0,,,,,0.04090314466364644,0.17647762180844404,0.012035927802587526,4086.049112107306,2697.839290871222,3467.593799737126,2127.116766546302,4278.842881632322,3.631326339558746,0.0,0.0,0.0,0.0,0.0,0.0,2.483527257335725,129.69261905115098,102.92786900512564,90.91580451756724,29.810046785473144,1.1685178396801938,0.06763534712236226,0.5054029164661688,0.0,0.0,1.0,,,,,0.03883320168909294,0.1742820215778334,0.010070799080475375,3576.037728511785,2318.2388854192604,3036.2493168816027,1829.1629681812972,3744.686028145977,3.5734154102971982,0.0,0.0,0.0,0.0,0.0,0.0,2.5187304868105795,129.6544064161456,102.91980212960834,90.91420036433749,30.014675036007493,1.1742358930012744,0.06975535137306013,0.5033406251799399,0.0,0.0,1.0
p02,young_weak,150.0,1.254970740513055,1.4704771734154956,A,0.7532942020265122,10.330161769850147,0.7532942020265122,10.330161769850147,True,0.7984844500441276,10.195864477394444,55,0.020736497105911935,0.008806068540846637,1800,0.08333333333333333,170.2985054180026,0.9078790764103785,0.9796514099475698,0.8461472724639839,0.32547725665802496,0.003121157668941747,0.04798288856823634,0.04964454295826615,30528.966989188986,4168.794015014391,29480.311900491375,4166.927859170758,30791.03788103345,4.488424328020084,9176.0,36003.0,3.962700731704341,4.556350753029089,13.19090595827292,20.223748416156685,0.32245095347529507,131.7084006688444,102.96245284272342,90.1324184973755,20.44811665586893,1.0430783798445393,0.018316943762116313,0.5293129150741519,9176.0,36003.0,1.0,,,,,0.0028974224913078358,0.03512340181721996,0.007138069618773557,8505.778049485521,3347.419338685585,8329.869066197873,3342.7961167080343,8682.659052455114,3.938652747637382,0.0,0.0,0.0,0.0,0.0,0.0,1.6578445124925256,130.51192611107817,102.94667928344177,90.72886310778935,25.360655920786762,1.1193138928784092,0.04895189423935003,0.5629847755927462,0.0,0.0,1.0,,,,,0.0027099446274923785,0.024680785681210612,0.002395925403460987,3593.1258090318724,2305.969562117711,3549.553139782646,2302.952036811568,3713.254776930289,3.56975474842328,0.0,0.0,0.0,0.0,0.0,0.0,2.838663353065084,129.4394651116553,102.93487655490507,91.22369508232372,28.41622559240944,1.1772408773828875,0.0708653337143582,0.5349525631297567,0.0,0.0,1.0,,,,,0.0027221596867046992,0.024567810342020244,0.002869041002145259,4407.517689643078,2740.499614790526,4353.977517325465,2736.384194202949,4554.977077120994,3.658486195731649,0.0,0.0,0.0,0.0,0.0,0.0,2.8484829345212814,129.42802832039195,102.929808231785,91.22224785670826,28.51296232254764,1.1793952623172723,0.07165937886522489,0.5342769231720459,0.0,0.0,1.0,,,,,0.002555585224548402,0.023702985032202032,0.0021751169779738663,3507.9580079303914,2129.712447083628,3467.593799737126,2127.116766546302,3625.3987717920572,3.559355783283251,0.0,0.0,0.0,0.0,0.0,0.0,2.8659560080025885,129.40827795685897,102.92305743590668,91.22096704817687,28.663028366823017,1.1829823061661908,0.07297824894588983,0.5327001214968016,0.0,0.0,1.0,,,,,0.002380712358027704,0.022900322822900845,0.001810720729184194,3071.807525535582,1832.4775536279608,3036.2493168816027,1829.1629681812972,3174.691070374506,3.501701470428211,0.0,0.0,0.0,0.0,0.0,0.0,2.8962824272121543,129.37514076928028,102.91492902765076,91.2211997571024,28.889025084311683,1.1887305844300278,0.07508343665944534,0.5298325026376408,0.0,0.0,1.0
p02,young_weak,150.0,1.254970740513055,1.4704771734154956,B,0.7532942020265122,10.330161769850147,0.7532942020265122,10.330161769850147,True,0.6935110723292074,10.479463078270046,55,0.006099607673279106,0.00019656229036768558,1800,0.08333333333333333,170.4005095511675,0.9906921866806503,0.9969190713820786,0.08786049631120053,0.04842759775200287,0.013655457867090813,0.011020518082159125,0.009648932644550079,29859.940719678354,4449.8587071154625,29480.311900491375,4166.927859170758,30149.883174024242,4.479285633657765,7628.0,34568.0,3.882467614895371,4.538686816604501,12.529964086141668,19.949937343260004,0.32670500350018694,131.69994934509705,102.96498801860292,90.12441834656923,20.778015597950418,1.0456017731577512,0.019366311060603717,0.5276658973282563,7628.0,34568.0,1.0,,,,,0.012910462973107044,0.02784332712797318,0.006094588792623035,8581.2120072106,3565.5047311047724,8329.869066197873,3342.7961167080343,8779.848566240753,3.943487025312346,0.0,0.0,0.0,0.0,0.0,0.0,1.656037240293083,130.50267004509516,102.9478436858104,90.70550837434601,25.76873788920867,1.1212648235029792,0.0497081976111152,0.5568038441618476,0.0,0.0,1.0,,,,,0.012095490868545888,0.04879226964596589,0.004339975455620516,3716.687368259287,2460.6825371927525,3549.553139782646,2302.952036811568,3852.4036189425788,3.5857317821639803,0.0,0.0,0.0,0.0,0.0,0.0,2.789809743750403,129.46769681354237,102.93281129809634,91.16874490652056,28.808337204343868,1.1765385182142387,0.07060614993453393,0.5275324987313572,0.0,0.0,1.0,,,,,0.012318677153545614,0.04905849613637552,0.005216141917230889,4558.987675911645,2926.8076776575504,4353.977517325465,2736.384194202949,4725.557139330478,3.674453018828927,0.0,0.0,0.0,0.0,0.0,0.0,2.799896710674837,129.4558933493339,102.92782409518216,91.16693340823204,28.901384946640928,1.1787211937007738,0.07141109232467191,0.5269460355662196,0.0,0.0,1.0,,,,,0.011557964159722,0.04842113715062704,0.003997931924589762,3628.4102407438722,2274.694288204641,3467.593799737126,2127.116766546302,3761.042933299809,3.5753082910370693,0.0,0.0,0.0,0.0,0.0,0.0,2.817729785047721,129.43563456054176,102.92117175997244,91.16508246190189,29.04571617325573,1.1823405949274077,0.07274260107160806,0.5255085872559758,0.0,0.0,1.0,,,,,0.010900309539891465,0.04785695144080325,0.003354380252946279,3177.1829892306314,1955.9276475115657,3036.2493168816027,1829.1629681812972,3293.3430482811023,3.5176369709839532,0.0,0.0,0.0,0.0,0.0,0.0,2.8485075298063713,129.40183289287322,102.91313583634272,91.16446444680813,29.26316965898379,1.1881173002711867,0.07485931972402973,0.5228408345816624,0.0,0.0,1.0
p03,young_weak,108.17064324393868,1.4074106759545297,1.4074106759545297,truth,,,,,,0.750150453671813,4.78854352940253,,,,,,,1.0,1.0,0.0,0.0,0.0,0.0,0.0,3363.4960234705513,9.495056400964994,3363.4960234705513,9.495056400964994,3363.4986540742807,3.5267912582331125,1089.0,3719.0,3.037426497940624,3.5705429398818973,6.48074069840786,9.486832980505138,0.2569254963206096,131.95828720410668,103.0225799074566,90.2525092099263,9.98715272568217,1.0791508576749689,0.03308216023082101,0.35658970421204395,1089.0,3719.0,1.0,,1.0,,0.0,0.0,0.0,0.0,1922.4601842086447,17.39702198850157,1922.4601842086447,17.39702198850157,1922.4634882933663,3.2838581003677247,0.0,964.0,0.0,2.9845273133437926,0.0,8.12403840463596,0.5824807616199756,131.92014352264098,103.0070404854985,90.57693778888641,11.58171954146839,1.1151702086921398,0.04734115891262309,0.45101332964101276,0.0,964.0,1.0,,,,,0.0,0.0,0.0,1288.9771747022191,19.909737896708013,1288.9771747022191,19.909737896708013,1288.980634406524,3.110246392579498,0.0,0.0,0.0,0.0,0.0,0.0,0.6495905232741124,131.87888813514064,103.00336305987402,90.63819154957278,11.878696842190777,1.1259732011600185,0.0515280541682342,0.4594210067658815,0.0,0.0,1.0,,,,,0.0,0.0,0.0,1718.06085934905,31.178367033050762,1718.06085934905,31.178367033050762,1718.0656521635885,3.2350397554367807,0.0,0.0,0.0,0.0,0.0,0.0,0.7039651174994084,131.85266315690268,103.00730944713261,90.68833517511797,12.12894134804497,1.1338366021524242,0.05455047263752685,0.46706439755633256,0.0,0.0,1.0,,1.0,,0.0,0.0,0.0,0.0,2069.5741541320886,49.989353006415314,2069.5741541320886,49.989353006415314,2069.5803372741475,3.315882289571116,0.0,202.0,0.0,2.307496037913213,0.0,7.615773105863909,0.7956832270922731,131.80396449008867,103.01339930384296,90.77103977548911,12.534651542029849,1.144771095540703,0.05871865533797922,0.479523577750634,0.0,202.0,1.0,,1.0,,0.0,0.0,0.0,0.0,2995.09886280152,111.69531741384627,2995.09886280152,111.69531741384627,2995.1089824255355,3.476412629598426,0.0,1409.0,0.0,3.1492191126553797,0.0,9.219544457292887,0.9526979138833234,131.70819246348034,103.02083044634192,90.90666850019903,13.197423498152652,1.1584964262610016,0.06389469841298559,0.49967569602587414,0.0,1409.0,1.0
p03,young_weak,30.0,0.3903306757954572,1.4074106759545297,A,1.412298156495658,5.443123374950021,0.9999050000000002,5.443123374950021,True,1.0,5.334895212638952,150,0.03586785190500131,0.031017887996472603,360,0.08333333333333333,120.74507085233927,0.9133627019089574,0.9243673174258857,0.42386831275720166,0.5571003081826198,0.00963733618276329,0.09387238723591927,0.09580952326790138,3063.179826153556,7.056813297210666,3363.4960234705513,9.495056400964994,3063.1963709093807,3.4861748388139837,954.0,3196.0,2.9800033715837464,3.504742636271688,6.082762530298219,9.0,0.05145774024699232,131.98951129357138,103.0041721772853,90.05020437237414,9.766756468116965,1.0184620204888557,0.007944838343884241,0.33864719742379046,954.0,3196.0,1.0,,0.7881835323695788,,0.23537105289069385,0.009384857989168358,0.10656791723322544,0.03977583548250563,1712.4812283705805,12.768100472881363,1922.4601842086447,17.39702198850157,1712.5020153626078,3.2336310912653943,0.0,627.0,0.0,2.797959643737196,0.0,7.615773105863909,0.2818814131100618,131.98090035427234,102.97932178986558,90.28047236265921,11.455328258381455,1.0524110723754665,0.022185408632850682,0.4350530824262422,0.0,627.0,1.0,,,,,0.009177203944283594,0.10302730612372152,0.023308195713438062,1150.4923469809896,14.666183353692634,1288.9771747022191,19.909737896708013,1150.5141170721602,3.060891951930282,0.0,0.0,0.0,0.0,0.0,0.0,0.330321480865495,131.95730760695034,102.97743932141826,90.32677309570832,11.739053088276062,1.0634660457801868,0.026723628356560596,0.4432957199855786,0.0,0.0,1.0,,,,,0.009301543951137522,0.1001652951886383,0.02750971883429551,1536.6333658412373,23.073480529434292,1718.06085934905,31.178367033050762,1536.663498466949,3.1865787752688535,0.0,0.0,0.0,0.0,0.0,0.0,0.37473742233632307,131.93726201986246,102.98022439951518,90.36891869995027,11.98675260908166,1.0728750789924324,0.030549157508725396,0.4512497227950844,0.0,0.0,1.0,,0.04830917874396135,,4.746597170460036,0.009211724899606002,0.09460533893196124,0.02728567664043874,1860.601113488969,37.509897823664424,2069.5741541320886,49.989353006415314,1860.6400000281772,3.26966235318164,0.0,5.0,0.0,0.7781512503836436,0.0,6.782329983125268,0.4499009010918394,131.8998746740891,102.98470557532504,90.43835125240878,12.387214052135873,1.0861911881253625,0.035906275197491115,0.4639434432715578,0.0,5.0,1.0,,0.8209205020920503,,0.3651956149176067,0.009267910956710762,0.08699441690622535,0.028001123326279603,2712.919527444559,85.8841746908381,2995.09886280152,111.69531741384627,2712.9831325349633,3.4334470936253036,0.0,981.0,0.0,2.99211148778695,0.0,8.660254037844387,0.5801970562465291,131.82533935400338,102.99039475771873,90.55319980308917,13.03703383959483,1.1036302825727569,0.04282360860110524,0.48414708691519887,0.0,981.0,1.0
p03,young_weak,30.0,0.3903306757954572,1.4074106759545297,B,1.412298156495658,5.443123374950021,0.9999050000000002,5.443123374950021,True,0.9872406865659571,5.63106134209269,105,0.015197346577664472,0.008344899230466218,360,0.08333333333333333,83.84977724403143,0.9491059147180193,0.9828647925033467,0.2601307189542484,0.1309192200557103,0.01797880687417683,0.06363353400151127,0.09292007845396344,3561.189501738253,15.903944321107426,3363.4960234705513,9.495056400964994,3561.2396790580838,3.551601203606714,1092.0,3751.0,3.038620161949703,3.5742628297070267,6.4031242374328485,9.433981132056603,0.04850875397092942,131.98757289224503,103.00304516509951,90.04679095184088,10.291201555803124,1.0162115640324807,0.006984132679098399,0.35753715985129725,1092.0,3751.0,1.0,,0.9250780437044746,,0.0970873786407767,0.017777410574602824,0.07021980770929188,0.022505319570038596,2066.5808452782935,26.59187130230308,1922.4601842086447,17.39702198850157,2066.6438860163403,3.3152656475695954,0.0,958.0,0.0,2.9818186071706636,0.0,8.06225774829855,0.2535201304731787,131.9715362854898,102.97877074111655,90.25102109887155,11.931805533906592,1.0453384337879295,0.01925691832387579,0.4474644821637609,0.0,958.0,1.0,,,,,0.01743178818755838,0.06938222714461031,0.01339558997059797,1390.4514614482134,29.706143100724184,1288.9771747022191,19.909737896708013,1390.5174818923342,3.143176453280472,0.0,0.0,0.0,0.0,0.0,0.0,0.30626993860853274,131.94357104232193,102.97394870762224,90.29989727940762,12.260227904477384,1.0561522088854502,0.02372651167839966,0.45590226803650197,0.0,0.0,1.0,,,,,0.01772117186207579,0.06853910955263617,0.016712836535234026,1854.427309757018,45.17417709555513,1718.06085934905,31.178367033050762,1854.5186871262201,3.2682312138711054,0.0,0.0,0.0,0.0,0.0,0.0,0.3481538283275332,131.92191111966358,102.97547935547318,90.33839614793746,12.511242628552184,1.0642588013633414,0.027047250456152576,0.46351742394577466,0.0,0.0,1.0,,0.7192429022082019,,0.3160608514061935,0.017551513130301385,0.06897774376323361,0.019413913213520692,2239.5543403796614,69.53505912739115,2069.5741541320886,49.989353006415314,2239.6722547661234,3.3501844699588794,0.0,115.0,0.0,2.0644579892269186,0.0,7.280109889280518,0.4195097764869365,131.88171200318678,102.9775602454254,90.4018617421361,12.919406240690543,1.0757652465786391,0.03171750995612518,0.47574915675853857,0.0,115.0,1.0,,0.9693593314763231,,0.059574932245215095,0.0175152036849255,0.07112699570356967,0.02758440419224263,3250.797318239272,147.89589608297865,2995.09886280152,111.69531741384627,3250.9901510368018,3.5120156537911593,0.0,1463.0,0.0,3.165541076722373,0.0,9.1104335791443,0.5439120730199325,131.80229940342784,102.97823448507529,90.5062421156442,13.58515583226197,1.0908656411427284,0.037771263050629826,0.4952312060970197,0.0,1463.0,1.0
p03,young_weak,60.0,0.7806613515909144,1.4074106759545297,A,1.0952830558723317,5.201660854980758,0.9999050000000002,5.201660854980758,True,0.9999999999999993,5.0965333023861925,150,0.025534348649001688,0.018616324116216432,720,0.08333333333333333,206.03635250777006,0.962439239946973,0.9905964535196131,0.18932655654383734,0.0703125,0.005784221343758484,0.04774336894535099,0.08426327286005852,3396.802169619462,7.913696847561381,3363.4960234705513,9.495056400964994,3396.8108948769864,3.531071369773339,1174.0,3725.0,3.070037866607755,3.571242850560224,6.557438524302,9.433981132056603,0.12116213050154805,131.97737895508345,103.01000391906916,90.11861058889414,9.87461263006816,1.0401808809660182,0.017108866966917137,0.3467247265776873,1174.0,3725.0,1.0,,0.9550277918140475,,0.05931758530183727,0.005594949487083843,0.030598996890699375,0.019612863602351982,1914.6997911605533,14.668960742453256,1922.4601842086447,17.39702198850157,1914.710753771201,3.2821031764618946,0.0,1015.0,0.0,3.0068937079479006,0.0,8.12403840463596,0.38479835790510974,131.956247628225,102.98897947715245,90.38214402296346,11.509981803818656,1.0750682314577384,0.031436028535551885,0.4414241210810908,0.0,1015.0,1.0,,,,,0.0054473392993741885,0.028296925262435685,0.010318989038621357,1282.6198191910094,16.919428308596522,1288.9771747022191,19.909737896708013,1282.6313003440175,3.1081018338977833,0.0,0.0,0.0,0.0,0.0,0.0,0.440188805109264,131.92555935390288,102.98620675468113,90.4336294740164,11.798452201410452,1.08599169541259,0.03582650421205783,0.4498252108086265,0.0,0.0,1.0,,,,,0.00549927229906131,0.02627689309247766,0.010540601841063979,1707.7241751055124,26.72413409478551,1718.06085934905,31.178367033050762,1707.7400666623016,3.232421767872282,0.0,0.0,0.0,0.0,0.0,0.0,0.4891724683729018,131.9024520054618,102.98945444326625,90.47923155552279,12.050320938326818,1.0949539612330692,0.0393958590822826,0.45779265904165944,0.0,0.0,1.0,,0.9373433583959899,,0.06577102929102577,0.005406944671473999,0.024364801901133673,0.008341735963817987,2056.8323861525646,43.58809431465996,2069.5741541320886,49.989353006415314,2056.8528948213334,3.313203232262598,0.0,197.0,0.0,2.296665190261531,0.0,7.483314773547883,0.5723106778905065,131.85923850872481,102.9944978894606,90.55470302088693,12.459005474229297,1.1076108009285501,0.044387182141067995,0.4706770261946739,0.0,197.0,1.0,,0.9827525519183387,,0.03235510992558521,0.005388329005098847,0.023287454510497036,0.008251970547855092,2973.7389732286297,99.69275223234501,2995.09886280152,111.69531741384627,2973.772519948421,3.473307743906962,0.0,1432.0,0.0,3.1562461903973444,0.0,9.16515138991168,0.7157666481312523,131.77350974855727,103.00039228751795,90.6789874127618,13.123874604450368,1.1239876682675003,0.05076154643521658,0.4913139052829452,0.0,1432.0,1.0
p03,young_weak,60.0,0.7806613515909144,1.4074106759545297,B,1.0952830558723317,5.201660854980758,0.9999050000000002,5.201660854980758,True,0.910479142176889,5.253766147598614,103,0.013342801718384534,0.0026488963161174217,720,0.08333333333333333,140.7266261279583,0.9663439372982942,0.9918329093586825,0.1690694626474443,0.06131549609810479,0.008923569319178223,0.03449293697751798,0.044962098029090125,3456.2306421004128,11.288726322427573,3363.4960234705513,9.495056400964994,3456.2465325293538,3.5386047129441445,1080.0,3750.0,3.03382569395331,3.574147064150723,6.4031242374328485,9.486832980505138,0.1157499557093272,131.97535704597172,103.00879515569677,90.1127538127947,10.11870594435823,1.0373655837828657,0.015931835501476067,0.3550858012402067,1080.0,3750.0,1.0,,0.9631551634665283,,0.04654895666131621,0.008772819579107069,0.03904905757139675,0.01252756777579321,1989.8143246348425,19.983237075981304,1922.4601842086447,17.39702198850157,1989.834289515833,3.298816910507474,0.0,963.0,0.0,2.984077033902831,0.0,8.12403840463596,0.3637316992983369,131.9504770785089,102.98709430281254,90.36011341588664,11.730176851048933,1.0696468425100472,0.029240413511762976,0.44666800708914967,0.0,963.0,1.0,,,,,0.008577126350921584,0.038506557763644915,0.007883489940910697,1335.9198380839405,22.69038410513796,1288.9771747022191,19.909737896708013,1335.940747177436,3.125787196354693,0.0,0.0,0.0,0.0,0.0,0.0,0.4210886016687204,131.9170540673059,102.98245306160261,90.41246537752605,12.035665798208068,1.0804472068575777,0.033603551107664484,0.45509034295650386,0.0,0.0,1.0,,,,,0.008674394872889842,0.03785650412426437,0.009928253680790873,1780.3906834153192,35.17669863642402,1718.06085934905,31.178367033050762,1780.4196242972432,3.2505223725555723,0.0,0.0,0.0,0.0,0.0,0.0,0.46824751855330937,131.8935236024709,102.98493765475622,90.45573198390755,12.285945725867448,1.0887973665827053,0.036947061791179535,0.46279049293877794,0.0,0.0,1.0,,0.8715083798882681,,0.12849162011173185,0.008543326413744895,0.03792241489266796,0.011782800128739931,2147.4983285335475,55.73392121328006,2069.5741541320886,49.989353006415314,2147.535677081453,3.3319403875118483,0.0,156.0,0.0,2.1958996524092336,0.0,7.3484692283495345,0.5483540907293308,131.84972661269984,102.98857870208538,90.52723777543237,12.692880119054992,1.1006059460904165,0.04163185478377037,0.4752634550496551,0.0,156.0,1.0,,0.9880281690140845,,0.021780303030303032,0.008442937276595387,0.038674327636095684,0.016574488443116056,3111.184594003578,122.78455083879936,2995.09886280152,111.69531741384627,3111.2456833504416,3.492934307061926,0.0,1431.0,0.0,3.1559430179718366,0.0,9.16515138991168,0.6868853228526599,131.76331859761626,102.99180339619942,90.64476831203325,13.356510643222212,1.115937892212983,0.04764002451216295,0.4952678677428049,0.0,1431.0,1.0
p03,young_weak,100.0,1.301102252651524,1.4074106759545297,A,0.7974934353211494,4.861089084144443,0.7974934353211494,4.861089084144443,True,0.8228469527886605,4.8287481718328005,55,0.004851477938001992,0.003015483403762838,1200,0.08333333333333333,117.37487132847309,0.9684304135171187,0.9867338816662244,0.15964240102171137,0.09862258953168045,0.000936967582432933,0.024260890224457758,0.022003945887011045,3443.4797448201434,9.267120848044273,3363.4960234705513,9.495056400964994,3443.4829646308713,3.5369979388139745,1160.0,3819.0,3.064832219738574,3.582063362911709,6.6332495807108,9.486832980505138,0.23418120315970442,131.96093667301795,103.02030762004416,90.23000541942868,9.978156687446912,1.072611685308342,0.030442523968918344,0.355579242926976,1160.0,3819.0,1.0,,0.9549281822684498,,0.06327800829875518,0.0008931881127631808,0.021997808263370732,0.008517350530760637,1964.206078981554,17.09844234304105,1922.4601842086447,17.39702198850157,1964.2101244622152,3.2931879452702573,0.0,1055.0,0.0,3.0236639181977933,0.0,8.246211251235321,0.5485470009457429,131.92479064171832,103.00404850702938,90.54335161200116,11.573677109202261,1.10845038111376,0.04471625704382997,0.44968880576263426,0.0,1055.0,1.0,,,,,0.000863485673613905,0.021219165082703512,0.004922615211150977,1316.0713470790793,19.622097418213784,1288.9771747022191,19.909737896708013,1316.0755839408998,3.1192808320939127,0.0,0.0,0.0,0.0,0.0,0.0,0.6137715365049933,131.8851285063042,103.00051541276639,90.60292600981337,11.869324945331787,1.1192699350130666,0.04893483822552634,0.4581281893181017,0.0,0.0,1.0,,0.0,,,0.0008688523575920001,0.019575081502879243,0.005428439571629362,1751.5669374850577,30.793301820210132,1718.06085934905,31.178367033050762,1751.5728019591713,3.243428192942355,0.0,7.0,0.0,0.9030899869919435,0.0,6.782329983125268,0.6674784660318698,131.85913550710234,103.00436392015207,90.65243057366884,12.12047250480466,1.1273344708297623,0.05205278675155761,0.4658573963720888,0.0,7.0,1.0,,0.8801742919389978,,0.1243378383700773,0.0008434642241565805,0.018313555117087762,0.005026279415669688,2108.0614405517485,49.63923782127423,2069.5741541320886,49.989353006415314,2108.069009020679,3.3238848236877243,0.0,257.0,0.0,2.41161970596323,0.0,7.681145747868608,0.7584636084934047,131.81066372424857,103.0102925727306,90.7343792501426,12.528968378025201,1.1386172678860071,0.05637776588931804,0.4784822613859237,0.0,257.0,1.0,,0.9585034013605442,,0.09106256290262399,0.0008299159072935456,0.015732248574067603,0.0045801444925548385,3043.798904781927,111.51119734900406,2995.09886280152,111.69531741384627,3043.8112853008442,3.4834177229036882,0.0,1531.0,0.0,3.1852587652965854,0.0,9.273618495495704,0.9142049031102137,131.71535413492902,103.0173394202164,90.86858890211383,13.195103570892694,1.1528437031079486,0.061770431770942553,0.4988366350015065,0.0,1531.0,1.0
p03,young_weak,100.0,1.301102252651524,1.4074106759545297,B,0.7974934353211494,4.861089084144443,0.7974934353211494,4.861089084144443,True,0.7795886368192099,4.857541547830625,52,0.0010324929380419734,5.934283433539633e-05,1200,0.08333333333333333,111.3376490175724,0.9917279411764706,0.9982543306029273,0.04177545691906005,0.013927576601671309,0.0011824410118177848,0.00507764309509813,0.005694585647094019,3374.1861283656417,9.514040805521581,3363.4960234705513,9.495056400964994,3374.18967836172,3.528169492583402,1087.0,3728.0,3.036628895362161,3.571592383361307,6.48074069840786,9.486832980505138,0.23052118250907325,131.96088071133767,103.0199209547009,90.2263025682659,9.999628295508852,1.0715535249273527,0.030013869264937078,0.35595248513338795,1087.0,3728.0,1.0,,0.9937823834196892,,0.008025682182985553,0.0011568148375301903,0.005981180243714427,0.0019959488661848435,1930.6901544263283,17.418225528652442,1922.4601842086447,17.39702198850157,1930.6946147605124,3.2857135852175734,0.0,966.0,0.0,2.9854264740830017,0.0,8.12403840463596,0.5424152393483126,131.9249203661148,103.00321285721051,90.53718434266227,11.595409360097594,1.1070957215806767,0.04418517242078818,0.44988613344009803,0.0,966.0,1.0,,,,,0.0011294022977221259,0.005945914089636751,0.0013098487996853411,1294.8505517813896,19.9385154068821,1288.9771747022191,19.909737896708013,1294.855223120533,3.112221212961843,0.0,0.0,0.0,0.0,0.0,0.0,0.6076377151779255,131.88502712852755,102.99933689108654,90.59666103611565,11.89223997054214,1.117903247912018,0.04840421793663635,0.4582928678854022,0.0,0.0,1.0,,,,,0.0011298112569398365,0.005690665403218532,0.0016610482234888924,1724.7012283964607,31.198385981810482,1718.06085934905,31.178367033050762,1724.7076942509227,3.2367155008407136,0.0,0.0,0.0,0.0,0.0,0.0,0.6607857964467401,131.85928744660566,103.00304426942635,90.64562262857389,12.14193647748386,1.125900976476898,0.05150019578994757,0.46594535386062835,0.0,0.0,1.0,,0.99,,0.01,0.0011097089133320188,0.005735155488195966,0.0019627725472241425,2078.432360649654,50.07314750839849,2069.5741541320886,49.989353006415314,2078.440705227546,3.3177376392536826,0.0,198.0,0.0,2.298853076409707,0.0,7.559725235859722,0.7507852732646573,131.81133220173678,103.00874702856662,90.72664054245607,12.548058768243266,1.1370945990219854,0.055796596723124224,0.4784434221000896,0.0,198.0,1.0,,0.998226321390564,,0.003341288782816229,0.0010840700730993086,0.005695332812879481,0.0026525372088602034,3007.0195086893355,111.89862073327338,2995.09886280152,111.69531741384627,3007.033158732181,3.4781382171178152,0.0,1410.0,0.0,3.149527013754348,0.0,9.16515138991168,0.9049249284808517,131.7170719287237,103.01549225823838,90.85941888657663,13.210520396759721,1.1512359576495634,0.06116434587374258,0.4986110311401093,0.0,1410.0,1.0
p03,young_weak,150.0,1.951653378977286,1.4074106759545297,A,0.5616934082859147,4.3984459046548094,0.5616934082859149,4.3984459046548094,True,0.4372584840721193,4.601547831815033,61,0.024864064660633012,0.014689529904174266,1800,0.08333333333333333,188.46698943525553,0.7913429522752498,0.9092242264261622,0.9432985377135233,0.6708532077038872,0.004564262259397066,0.12298220211245427,0.09449851674334997,2930.0428229022064,10.513621812391934,3363.4960234705513,9.495056400964994,2930.043727023703,3.4668741016726763,713.0,3100.0,2.8536982117761744,3.4915017662373264,5.830951894845301,9.0,0.3716087821653916,131.94900883735664,103.03516348838221,90.36641031290006,9.98804781669417,1.1125027509751382,0.04630109356923456,0.35928406032551263,713.0,3100.0,1.0,,0.5771217712177121,,0.5535555847852499,0.004369035206659956,0.12065875918988027,0.041885595523722285,1684.8782002853357,18.496668508030655,1922.4601842086447,17.39702198850157,1684.8793362603164,3.226568804036601,0.0,391.0,0.0,2.593286067020457,0.0,7.681145747868608,0.7597462711127578,131.90393493663987,103.02337033736109,90.75328595327603,11.60293281587988,1.149543705101414,0.06052548758750615,0.45682416057206865,0.0,391.0,1.0,,,,,0.004231522457602717,0.11613790782331189,0.02434841032834073,1135.533654370037,20.870432527907116,1288.9771747022191,19.909737896708013,1135.5348440889609,3.0552004651637565,0.0,0.0,0.0,0.0,0.0,0.0,0.8365638289970072,131.85536934259306,103.01943119502735,90.82373748341567,11.908071960423278,1.160307033993427,0.06457292502457523,0.4650714968043593,0.0,0.0,1.0,,,,,0.004224215974004733,0.11234991678162563,0.028126916380163985,1518.5154006744308,32.11992353882953,1718.06085934905,31.178367033050762,1518.5170474378488,3.1814196718332304,0.0,0.0,0.0,0.0,0.0,0.0,0.8928103616697248,131.82918293429452,103.02376631189684,90.87599488262627,12.14956714249934,1.1669757937761844,0.06706184770050283,0.4721711881312114,0.0,0.0,1.0,,0.038834951456310676,,4.562698047685358,0.0041163307260502656,0.10506240765559613,0.02649885963151688,1842.0595527731155,50.262979268677995,2069.5741541320886,49.989353006415314,1842.0616780447613,3.2653041676556414,0.0,4.0,0.0,0.6989700043360189,0.0,6.96734949746879,0.9875306497594764,131.7805608217263,103.03068310284347,90.96235221122666,12.542145150175024,1.1761227452340564,0.07045264894762789,0.48383327586246755,0.0,4.0,1.0,,0.7640350877192983,,0.4718643220573368,0.004032019304960642,0.09464968024818103,0.027075262615995993,2692.9884223475824,108.85027745891756,2995.09886280152,111.69531741384627,2692.9918989505404,3.4302350469702296,0.0,871.0,0.0,2.940516484932567,0.0,8.660254037844387,1.148628118812337,131.68540368645884,103.04020002346654,91.10397448926412,13.183154263022509,1.1871715774614884,0.07451349044556557,0.502825349799355,0.0,871.0,1.0
p03,young_weak,150.0,1.951653378977286,1.4074106759545297,B,0.5616934082859147,4.3984459046548094,0.5616934082859149,4.3984459046548094,True,0.5942813659707548,4.485892889787452,52,0.016268670390517048,0.0011098196220447054,1800,0.08333333333333333,160.72167886793613,0.984360625574977,0.9939377610130675,0.08616187989556136,0.044109436069235064,0.004977750734900927,0.02264639296878013,0.021742856744244476,3333.3764510366723,10.582370097686505,3363.4960234705513,9.495056400964994,3333.3770461337394,3.5228844405113957,1085.0,3704.0,3.035829825252828,3.568788212315347,6.557438524302,9.486832980505138,0.4038562650140499,131.9471855453554,103.03774244458349,90.39860509787076,9.971904304298098,1.1197712308140115,0.04912930539934348,0.3616934819065644,1085.0,3704.0,1.0,,0.9792315680166147,,0.02522812667740204,0.004832003937120055,0.027244137126273143,0.00970115131958564,1902.9538020666475,19.06230351599788,1922.4601842086447,17.39702198850157,1902.954549771306,3.279428415707282,0.0,962.0,0.0,2.9836262871245345,0.0,8.246211251235321,0.8009455831804625,131.89827070343486,103.02867605011988,90.7939412204856,11.567791043272868,1.157132761303678,0.06338318971567546,0.45858431683318274,0.0,962.0,1.0,,,,,0.004706762919310436,0.026827479643460474,0.0064063893877296454,1276.6710690981927,21.669725555884956,1288.9771747022191,19.909737896708013,1276.671852177756,3.1060792832444784,0.0,0.0,0.0,0.0,0.0,0.0,0.8792447292390673,131.84963411742618,103.02615820374628,90.86589672803935,11.872108960498732,1.1678675360855246,0.06739358626137638,0.4670061932459771,0.0,0.0,1.0,,0.0,,,0.004732285682270667,0.026536417665167844,0.00846665859360314,1700.1666506507045,33.634844361866854,1718.06085934905,31.178367033050762,1700.1677345601986,3.2304917699667346,0.0,3.0,0.0,0.6020599913279624,0.0,6.782329983125268,0.938411143882665,131.82147019712392,103.03112016958478,90.9207465012115,12.121414199333563,1.1745820507424132,0.06988335993015882,0.4744215556461713,0.0,3.0,1.0,,0.9414519906323185,,0.0585480093676815,0.00463988879780691,0.02628214200330266,0.00985348497525336,2048.267540902063,53.29212043438038,2069.5741541320886,49.989353006415314,2048.268939770451,3.3113869793497006,0.0,225.0,0.0,2.3541084391474008,0.0,7.681145747868608,1.0382393620330037,131.76904436604667,103.03898987153873,91.01147429919762,12.527205805468581,1.18374117663907,0.07325675488250623,0.4866198852661931,0.0,225.0,1.0,,0.9942979330007128,,0.012464046021093002,0.0045715073165135895,0.02653368915492033,0.013215688687138086,2962.290650770112,117.05866451390969,2995.09886280152,111.69531741384627,2962.292939101294,3.4716280033899767,0.0,1397.0,0.0,3.1455071714096627,0.0,9.16515138991168,1.2074200045169308,131.6665543319433,103.04954696417494,91.15940594793322,13.189549420422496,1.194585401507401,0.07721720312533481,0.5063933310033092,0.0,1397.0,1.0
p04,young_weak,41.289207208901644,1.2460171572981207,1.2460171572981207,truth,,,,,,0.627655704319477,5.377106719607301,,,,,,,1.0,1.0,0.0,0.0,0.0,0.0,0.0,3750.2221526524295,27.06373133274058,3750.2221526524295,27.06373133274058,3750.251030173373,3.57406033902645,929.0,4020.0,2.9684829485539352,3.604334073102911,6.164414002968976,9.695359714832659,0.17019526553267306,131.95650816479068,103.0111372305242,90.16416714280304,10.698945990362805,1.0490149590415552,0.02078168131355835,0.37816280808469255,929.0,4020.0,1.0,,,,,0.0,0.0,0.0,1890.8498676392298,101.09846209364109,1890.8498676392298,101.09846209364109,1890.9250623727357,3.2766743180344204,0.0,0.0,0.0,0.0,0.0,0.0,0.5797787712350672,131.76069154888913,102.96007657950398,90.52657478984248,13.086003445284527,1.0985468472642355,0.040818582034434364,0.4789380634316787,0.0,0.0,1.0,,,,,0.0,0.0,0.0,1002.5885832558372,161.45136852887205,1002.5885832558372,161.45136852887205,1002.717357872444,3.0011785330055987,0.0,0.0,0.0,0.0,0.0,0.0,1.1146594866919362,131.36083404326786,102.81367330689861,90.89398826304651,14.966350927670314,1.1420752899589668,0.05769473520221929,0.5129550380814666,0.0,0.0,1.0,,,,,0.0,0.0,0.0,2036.7765048718027,337.2290454369693,2036.7765048718027,337.2290454369693,2037.0497385684932,3.309001633282007,0.0,0.0,0.0,0.0,0.0,0.0,1.207372966203611,131.30175046460118,102.80865774691632,90.96622213182037,15.38499732931824,1.1453429155148247,0.058935533854389426,0.5219183173786833,0.0,0.0,1.0,,1.0,,0.0,0.0,0.0,0.0,5192.939496596205,1012.6529325410513,5192.939496596205,1012.6529325410513,5193.734224589707,3.715479722007311,0.0,2478.0,0.0,3.3942765267678214,0.0,10.04987562112089,1.4233999795500976,131.1456792672627,102.78638360942293,91.11828959803587,16.26812807179861,1.1503717555055417,0.06083821015748625,0.5428128044700158,0.0,2478.0,1.0,1.0,1.0,0.0,0.0,0.0,0.0,0.0,18119.28141695128,5409.5857586907605,18119.28141695128,5409.5857586907605,18123.51498745876,4.25824243128861,3849.0,19056.0,3.5854607295085006,4.280054533973247,11.224972160321824,17.52141546793523,1.9221057451094319,130.6975969007808,102.68901835648681,91.3789586940604,18.381437624858112,1.1552590553542188,0.06267938136728958,0.584775426510611,3849.0,19056.0,1.0
p04,young_weak,30.0,0.9053337965492507,1.2460171572981207,A,0.7982470417422894,5.559840652813302,0.7982470417422893,5.559840652813302,True,0.8477296919579836,5.478939099025429,64,0.010622834657522714,0.006571109927053248,360,0.08333333333333333,51.27421402186155,0.8666044776119403,0.9616074632221027,0.6639689318785134,0.29831718510963795,0.0026284988155254366,0.07923245933970534,0.08231433781154185,3997.2075467853997,25.908487587252413,3750.2221526524295,27.06373133274058,3997.2487758290304,3.6017611781844527,1215.0,4341.0,3.084933574936716,3.637689819118401,6.6332495807108,10.0,0.11733543841133805,131.96920064149748,103.00722361322673,90.11299037142591,10.615771178038191,1.034929206861923,0.014910643396086309,0.37351148679532514,1215.0,4341.0,1.0,,,,,0.002588371888190305,0.051091846561999305,0.014420977913902983,1973.6533472102608,98.21841766649763,1890.8498676392298,101.09846209364109,1973.7608195341334,3.2952945236882147,0.0,0.0,0.0,0.0,0.0,0.0,0.48299249382212994,131.80647329718883,102.96161360909049,90.44085785620821,13.011070317775529,1.0835751938325717,0.03485905421924713,0.4747213313512926,0.0,0.0,1.0,,,,,0.0026137980455356816,0.04628564128420756,0.005254714576490918,1034.3400530922584,157.06742430302413,1002.5885832558372,161.45136852887205,1034.5237561489246,3.014740467979936,0.0,0.0,0.0,0.0,0.0,0.0,0.944890657172752,131.4757933785264,102.83296107320918,90.76819513728749,14.827818370856278,1.1246195525236953,0.05100562983969304,0.5066532484331198,0.0,0.0,1.0,,,,,0.0026787391471432467,0.04324642140400531,0.00847293911483435,2098.012676710688,329.43290301767837,2036.7765048718027,337.2290454369693,2098.40271482633,3.321888839454834,0.0,0.0,0.0,0.0,0.0,0.0,1.0356759094795056,131.4187639577701,102.82805352743951,90.83977596016028,15.256805028683724,1.1289560768705138,0.052677045606247065,0.5161188087681696,0.0,0.0,1.0,,0.9397042093287827,,0.22146118721461186,0.002788784817910902,0.03433650232633953,0.01192632802398036,5311.766638799007,993.8519969753249,5192.939496596205,1012.6529325410513,5312.899046075395,3.725331563670149,0.0,2796.0,0.0,3.4466924663715273,0.0,10.246950765959598,1.2442718957580694,131.2700075948436,102.80660309807318,90.98889902280894,16.15977037185928,1.1353725774694974,0.05513840054863324,0.5377680482970266,0.0,2796.0,1.0,0.9586550435865504,0.9860985270133837,0.19921875,0.15171385991058123,0.0029147953449840617,0.023003234464081992,0.018437119778262845,18338.500338213533,5361.950434474862,18119.28141695128,5409.5857586907605,18344.52277113165,4.263506418160106,4181.0,19573.0,3.621384028481653,4.291679583982836,11.357816691600547,17.549928774784245,1.720842846182284,130.84410661458568,102.71210591137265,91.24190481782848,18.31141427748964,1.1415805031164579,0.057506542919096765,0.580535030867704,4181.0,19573.0,1.0
p04,young_weak,30.0,0.9053337965492507,1.2460171572981207,B,0.7982470417422894,5.559840652813302,0.7982470417422893,5.559840652813302,True,0.7215420511530513,5.625512139886384,53,0.01687206102921468,0.0007631131676557601,360,0.08333333333333333,42.46788911521435,0.9783315276273022,0.9955223880597015,0.1044776119402985,0.03625853914871256,0.005849012175940129,0.017315708381695712,0.01759348508588121,3813.9095182138294,31.304930196709602,3750.2221526524295,27.06373133274058,3813.969558685455,3.5813772223891456,917.0,4020.0,2.9628426812012423,3.604334073102911,6.082762530298219,9.695359714832659,0.11094184400385051,131.96855345971554,103.00607540945833,90.10621815878194,10.80151806537442,1.0325771035319518,0.013922490728659705,0.37900122821521326,917.0,4020.0,1.0,,,,,0.0061987161245762815,0.02070114974078843,0.004443760409545111,1942.3367148600332,113.4002258021902,1890.8498676392298,101.09846209364109,1942.4932128783128,3.2883595100394145,0.0,0.0,0.0,0.0,0.0,0.0,0.4760999262028868,131.79992412725272,102.95432422887016,90.42959807821556,13.240230888797035,1.0799058507410202,0.03338589411103641,0.4782790435738862,0.0,0.0,1.0,,,,,0.006301107532123276,0.025404878574880174,0.0020805562110867686,1039.8683874198857,180.6577052413454,1002.5885832558372,161.45136852887205,1040.1358690414152,3.017090073261124,0.0,0.0,0.0,0.0,0.0,0.0,0.9618692208545278,131.45660652930204,102.81749392837207,90.77240369487015,15.213790410622591,1.1208812920709592,0.04955962068739883,0.511343621301565,0.0,0.0,1.0,,,,,0.006586353299276697,0.026074076728512873,0.003842172832731627,2115.804045364134,376.57280301547377,2036.7765048718027,337.2290454369693,2116.3718581815515,3.3255919779981213,0.0,0.0,0.0,0.0,0.0,0.0,1.0474213071935494,131.40224780471195,102.81277589497576,90.83948248480193,15.629790480309168,1.1245897199431099,0.0509941092352846,0.5201033084119944,0.0,0.0,1.0,,0.9951807228915662,,0.017462165308498253,0.006844787018892847,0.02837862497851902,0.009080732860377107,5400.078530870753,1121.6140077194323,5192.939496596205,1012.6529325410513,5401.7258895993655,3.7325325421515365,0.0,2502.0,0.0,3.3984608496082234,0.0,10.04987562112089,1.242672918657768,131.26185640698043,102.79238076234654,90.97789277070943,16.508594113453924,1.1299996810734119,0.05307832090990034,0.5402010691051944,0.0,2502.0,1.0,0.9907335907335907,0.9808271353938801,0.04456916474083856,0.2101040118870728,0.007231805466844405,0.038594471872171486,0.03431059910593093,18950.56594485378,5926.45413079513,18119.28141695128,5409.5857586907605,18959.287553928985,4.277822013528909,3921.0,19801.0,3.5935075893317654,4.296709056175604,11.224972160321824,17.60681686165901,1.6835781961015999,130.8639022483103,102.70769296041934,91.20759017700787,18.61892480668846,1.1356447363810092,0.05524249232575474,0.5798539748912163,3921.0,19801.0,1.0
p04,young_weak,60.0,1.8106675930985014,1.2460171572981207,A,0.42831262363655825,5.059729914635687,0.42831262363655825,5.059729914635687,True,0.35678673098130176,5.226170970455461,57,0.017183528034968205,0.010247330175705723,720,0.08333333333333333,78.74910389631987,0.7454422687373397,0.9206604913411196,1.050806886759061,0.5993566651957306,0.004098878838171826,0.11335839808403425,0.09230326866089678,3337.9657980806383,28.493951035528355,3750.2221526524295,27.06373133274058,3337.981252919661,3.5234838932250714,552.0,3429.0,2.7427251313046983,3.5352941200427703,5.385164807134504,9.273618495495704,0.2594573741463515,131.93846430366744,103.01885476396936,90.25134833389431,10.759980201120255,1.0725632352528294,0.030422906368918493,0.38208774151785463,552.0,3429.0,1.0,,,,,0.004057392798351847,0.08761055856519888,0.02066698146631263,1731.8971778523376,103.00493331046971,1890.8498676392298,101.09846209364109,1731.937468801683,3.238532207863419,0.0,0.0,0.0,0.0,0.0,0.0,0.7426314269136022,131.69483415215302,102.96276257091198,90.67600933086939,13.171436064876596,1.1236146514485565,0.050617393578467285,0.48396964207044385,0.0,0.0,1.0,,,,,0.004044615050482216,0.08406576196341276,0.008084982437471133,931.7129749499927,163.48200026017867,1002.5885832558372,161.45136852887205,931.7818540273211,2.9693142485327444,0.0,0.0,0.0,0.0,0.0,0.0,1.3911113707894984,131.19187215122224,102.7985281523222,91.11423934617432,15.153582055265122,1.1704012265510537,0.06833476824718887,0.5209926725858887,0.0,0.0,1.0,,,,,0.004132820650201126,0.07871051645166179,0.013212413233083309,1901.3545925668925,340.0933296335093,2036.7765048718027,337.2290454369693,1901.5008829774968,3.279096531415845,0.0,0.0,0.0,0.0,0.0,0.0,1.4861900843653888,131.13106801331753,102.79413583997693,91.18799752398903,15.557080156755545,1.1719182385666598,0.06889731323670605,0.5293123660805273,0.0,0.0,1.0,,0.8572746137883329,,0.43758288269842427,0.004216565784381987,0.06814904818916227,0.020719637091993565,4890.884472817841,1011.0994338351312,5192.939496596205,1012.6529325410513,4891.309733988795,3.6894251646620324,0.0,1859.0,0.0,3.269512944217916,0.0,9.539392014169456,1.7101329547958393,130.96835997092867,102.77312138322254,91.34491623038225,16.404969991407775,1.1744635209463294,0.06983953205636667,0.549071385247737,0.0,1859.0,1.0,0.912404634077423,0.9638691786966805,0.39095104492619914,0.38517679314712044,0.004395451244420094,0.04572923372769781,0.037397918907332295,17474.530406757614,5360.756766406289,18119.28141695128,5409.5857586907605,17476.810212515775,4.242462170088138,3229.0,17727.0,3.509202522331103,4.248659743048336,10.816653826391969,17.349351572897472,2.2367546521163386,130.4926171723023,102.67734787254089,91.62072946205474,18.45886776295434,1.1763895255214118,0.0705511489287893,0.5901082264633197,3229.0,17727.0,1.0
p04,young_weak,60.0,1.8106675930985014,1.2460171572981207,B,0.42831262363655825,5.059729914635687,0.42831262363655825,5.059729914635687,True,0.4690886991786669,5.066670113574776,49,0.016995016716736977,0.0013712019842764267,720,0.08333333333333333,67.25924523174763,0.9694369973190349,0.9924044328228117,0.14035087719298245,0.05937992643194955,0.005744025533805816,0.021953910369202804,0.020698467591178993,3698.9711511108526,25.991440467630877,3750.2221526524295,27.06373133274058,3698.9811032546995,3.5680821126689564,936.0,4011.0,2.971739590887778,3.6033609243483804,6.344197549610781,9.695359714832659,0.2822744373522492,131.9375666040261,103.02171008268259,90.27442594877236,10.637594829165405,1.0786542188872525,0.03288224644698979,0.3802721405077133,936.0,4011.0,1.0,,,,,0.005896347708761677,0.024129089408490356,0.005807843041013942,1859.954895104624,97.97450478755198,1890.8498676392298,101.09846209364109,1859.9808411298254,3.269508470758535,0.0,0.0,0.0,0.0,0.0,0.0,0.7728455722355517,131.69640976688424,102.973763606787,90.71023580630097,13.012781915436124,1.1308785751994774,0.05341597632084139,0.48339788124276134,0.0,0.0,1.0,,,,,0.00597596579188447,0.026760482984650134,0.0026774173094749887,982.4909726569715,155.9434629571579,1002.5885832558372,161.45136852887205,982.5353298635442,2.992348175626517,0.0,0.0,0.0,0.0,0.0,0.0,1.400767010449927,131.2078166189524,102.82040544162538,91.14120090385481,14.871755032311318,1.1779014911604995,0.07110897157646161,0.5191951459221527,0.0,0.0,1.0,,,,,0.006108171358009604,0.026306907412700576,0.005227032395573698,1996.644208092582,325.9351052491119,2036.7765048718027,337.2290454369693,1996.7384239059481,3.3003211752888877,0.0,0.0,0.0,0.0,0.0,0.0,1.5025475803922141,131.14244979683565,102.81567948523943,91.21995197783916,15.291078343496745,1.1796316409284955,0.07174641299501502,0.528122017978305,0.0,0.0,1.0,,0.9939148073022313,,0.019470404984423675,0.0062340600909714826,0.02790236058227589,0.012378676656646756,5079.7759695127315,977.6757210001033,5192.939496596205,1012.6529325410513,5080.049929176561,3.7058679807601607,0.0,2452.0,0.0,3.3896975482063856,0.0,10.04987562112089,1.743236234742168,130.96662806880767,102.79322830976982,91.38861819448732,16.172577765748265,1.1825314829444993,0.07281271193590391,0.5492883177639084,0.0,2452.0,1.0,0.9912338087138558,0.9831648049129122,0.041168658698539175,0.18335343787696018,0.0062539714841881614,0.0333888449927917,0.034135277091542765,17713.604079623154,5231.247495368247,18119.28141695128,5409.5857586907605,17715.07545553501,4.248343006505645,3794.0,18722.0,3.5792117802314993,4.272375437300545,11.180339887498949,17.72004514666935,2.304699003621097,130.45647870556385,102.68836711023944,91.68287386720863,18.28494578432537,1.1842249732804353,0.07343421537081507,0.5923868189469327,3794.0,18722.0,1.0
p04,young_weak,100.0,3.0177793218308357,1.2460171572981207,A,0.20818720632572318,4.303438753861575,0.20818720632572318,4.303438753861575,True,0.09376206143994978,4.940591662921986,66,0.05218982595860544,0.02937070012087779,1200,0.08333333333333333,140.66669415682554,0.1603960396039604,0.7002909796314258,3.277262607923252,1.7469148850943441,0.011747802532753477,0.3099406488276061,0.2222057079142954,2549.676144140249,29.391805798969543,3750.2221526524295,27.06373133274058,2549.679759293285,3.4064856363141067,81.0,2166.0,1.9138138523837167,3.335858911319818,3.1622776601683795,8.12403840463596,0.4395013813201103,131.91653027491316,103.03888044100931,90.42974711224525,10.74048734869161,1.121377870943351,0.04975198156270942,0.3823369812106927,81.0,2166.0,1.0,,,,,0.011698951209844455,0.27377552200948696,0.059712662146779116,1371.629063797649,98.82766428574975,1890.8498676392298,101.09846209364109,1371.63848916278,3.1372396632294914,0.0,0.0,0.0,0.0,0.0,0.0,1.0848474582258258,131.5961204205661,102.98613359298254,91.00676860086703,13.281013459933854,1.1754069744220028,0.0701882633258055,0.4901975051028934,0.0,0.0,1.0,,,,,0.011681223755246915,0.2631430052249825,0.023777701677652835,762.4331888986724,155.9957480420246,1002.5885832558372,161.45136852887205,762.4493032376052,2.8822109718796365,0.0,0.0,0.0,0.0,0.0,0.0,1.9579311409225673,130.91659406831792,102.82168444467247,91.62108898661322,15.476073844461274,1.2250614008139211,0.08815785634659233,0.5324970446702059,0.0,0.0,1.0,,,,,0.011891004637316488,0.25170079490790315,0.04003258323445652,1567.6223851458647,322.00879204771616,2036.7765048718027,337.2290454369693,1567.6566161980836,3.195250939711913,0.0,0.0,0.0,0.0,0.0,0.0,2.0538364962681355,130.8575446628446,102.82003906262223,91.69724901444255,15.847897437056158,1.2230187906115517,0.0874331296415328,0.5397078151026967,0.0,0.0,1.0,,0.4922421661089139,,1.3300030230551358,0.012088881452761534,0.22395858904463445,0.06993774939473366,4117.1584739420605,943.7237162747346,5192.939496596205,1012.6529325410513,4117.258054314546,3.6146080878021136,0.0,809.0,0.0,2.9084850188786495,0.0,8.637082529523678,2.28294267644453,130.69547788387982,102.80667411889735,91.8635113136713,16.622225338027242,1.2200042156001274,0.0863613313376254,0.5573083757167443,0.0,809.0,1.0,0.6466244725738397,0.8523938572719061,1.1350953573860858,1.262723720511137,0.012392545689983214,0.16194911363509115,0.12935127829123466,15481.842912887661,4950.362020161279,18119.28141695128,5409.5857586907605,15482.379266551134,4.189837702014399,1839.0,14154.0,3.2648178230095364,4.150909873701122,9.9498743710662,16.61324772583615,2.8385347442684803,130.19679684465143,102.73173988452974,92.17572387618654,18.533320503075807,1.2137313570308963,0.08412257218420603,0.5964730102742128,1839.0,14154.0,1.0
p04,young_weak,100.0,3.0177793218308357,1.2460171572981207,B,0.20818720632572318,4.303438753861575,0.20818720632572318,4.303438753861575,True,0.20743182540092758,4.6498352692066875,52,0.05372368867942623,0.007779497684055503,1200,0.08333333333333333,111.00225161015987,0.9392324093816631,0.9848882228050456,0.2944606413994169,0.11637704054765666,0.01277350937334306,0.05518710910633847,0.04786882211863608,3706.5105883744027,35.67558636730307,3750.2221526524295,27.06373133274058,3706.512243077635,3.5689654389896037,947.0,3987.0,2.976808337338066,3.600755149639618,6.4031242374328485,9.695359714832659,0.5485426669663326,131.90357608155415,103.04918753214834,90.5377565175014,10.740559929585238,1.1423372300809216,0.0577943311806642,0.39165969652586435,947.0,3987.0,1.0,,,,,0.012989511489023364,0.06375960552740591,0.01529127988011618,1889.1072726138214,125.62531594699271,1890.8498676392298,101.09846209364109,1889.1115867769345,3.2762576117546423,0.0,0.0,0.0,0.0,0.0,0.0,1.2387153567456404,131.5565148504714,103.01114379082935,91.15655197596607,13.244300469673881,1.1963687301398822,0.07786505321821224,0.4997571344876897,0.0,0.0,1.0,,,,,0.013130366018378829,0.08208168937259794,0.0076540498783605904,1028.4368258197344,198.47327233466137,1002.5885832558372,161.45136852887205,1028.4442017510837,3.012180734019105,0.0,0.0,0.0,0.0,0.0,0.0,2.137844214036021,130.8688686665086,102.86401243791713,91.80898512233794,15.328900471363875,1.2461044450293357,0.09555444521149664,0.5408438691212432,0.0,0.0,1.0,,,,,0.013555901055638135,0.08032389549170858,0.013680554829838362,2092.6486187597266,410.5730384217924,2036.7765048718027,337.2290454369693,2092.6642876555584,3.3206995629240756,0.0,0.0,0.0,0.0,0.0,0.0,2.2493756107191842,130.79529524319148,102.86118164139013,91.89449374512931,15.737440984484078,1.2429164464543878,0.09444193470484272,0.5487664753843862,0.0,0.0,1.0,,0.983319772172498,,0.05648617062719127,0.014066942136593728,0.08319345307864753,0.0319003187331562,5342.262850119435,1204.8558992439484,5192.939496596205,1012.6529325410513,5342.308437693624,3.7277289583617677,0.0,2438.0,0.0,3.3872118003137306,0.0,10.04987562112089,2.5163985393402792,130.59384022531313,102.8435149640586,92.08098263576919,16.601845443234613,1.23791095145342,0.0926894050368128,0.5682666580049222,0.0,2438.0,1.0,0.9704343275771847,0.9431724422442245,0.13953488372093023,0.5645433035329397,0.014926372956837585,0.0945660591491649,0.08339558670696667,18745.148549314606,6171.110542418219,18119.28141695128,5409.5857586907605,18745.394292159293,4.272894579839357,3795.0,19728.0,3.579326203755255,4.295105072809808,11.045361017187261,18.788294228055936,3.110568164834686,130.02095530145604,102.75108025373792,92.38685050834125,18.68108504088272,1.227662346951007,0.08907893600711457,0.6072947259978898,3795.0,19728.0,1.0
p04,young_weak,150.0,4.526668982746254,1.2460171572981207,A,0.12206598148582357,3.1093380295829314,0.12206598148582355,3.1093380295829314,True,0.050000000000001106,4.182004577102076,150,0.10462011916215327,0.051085128553699115,1800,0.08333333333333333,469.4264952838421,0.7864141084258655,0.8487972508591065,0.8800820264169235,1.0189522242622464,0.020431921370009758,0.1848365880218326,0.13095704058812885,3011.766771890977,37.095510797076415,3750.2221526524295,27.06373133274058,3011.7668461452336,3.4788213482219414,602.0,2964.0,2.780317312140151,3.4720246977002813,5.744562646538029,8.94427190999916,0.8577741586381491,131.91050135434645,103.09325384025603,90.84798008286225,10.567976460873489,1.2202226542159782,0.08643908368674129,0.39065826698300765,602.0,2964.0,1.0,,,,,0.020795586246648245,0.19669791815071686,0.04571092984531472,1554.9598548878994,121.79128420019501,1890.8498676392298,101.09846209364109,1554.9600484872249,3.191719235199232,0.0,0.0,0.0,0.0,0.0,0.0,1.8077769214487776,131.51748309012518,103.09200080872368,91.73976167350642,13.244880473251284,1.2742974839931227,0.10527082562505323,0.5086151439788226,0.0,0.0,1.0,,,,,0.020980445677068967,0.20221874885375832,0.02058121308689726,871.6429781677315,191.85515438897386,1002.5885832558372,161.45136852887205,871.6433091703747,2.9403388008151814,0.0,0.0,0.0,0.0,0.0,0.0,2.9845997094509538,130.71450595067407,103.01209093090281,92.69354678522431,15.505613748579462,1.3176982093453764,0.1198159557634658,0.5529023558637757,0.0,0.0,1.0,,,,,0.021553198694604068,0.19611500373375534,0.039791379100581066,1783.6497813429946,394.4026799364649,2036.7765048718027,337.2290454369693,1783.6504845283282,3.2513097561432494,0.0,0.0,0.0,0.0,0.0,0.0,3.0999046152283047,130.64378142631048,103.01437682433733,92.78744921223962,15.890950349485266,1.308775022295666,0.11686499798473932,0.5598065259385447,0.0,0.0,1.0,,0.7324808184143222,,0.7688313586164899,0.022196832956951074,0.18710266021606295,0.0875381058438515,4625.504940062476,1142.5794801149011,5192.939496596205,1012.6529325410513,4625.506986245949,3.6651593412397885,0.0,1432.0,0.0,3.1562461903973444,0.0,9.273618495495704,3.3770009084349293,130.4465254481253,103.01263032089145,92.99844833659715,16.699435718231907,1.2935815065136753,0.11179379811937666,0.5772819832039524,0.0,1432.0,1.0,0.8090965346534653,0.8821962367852837,0.7241643276150358,1.0365725168586308,0.02327132033507087,0.17337756742870458,0.1936132866897271,16866.204151499136,5780.509254295972,18119.28141695128,5409.5857586907605,16866.215192690273,4.227017637103484,2615.0,16605.0,3.4176377396522297,4.220265033587232,10.246950765959598,18.708286933869708,3.9866107022135813,129.8544115939363,102.96616679843264,93.35981704817995,18.673015625202936,1.2661187694780858,0.10247444700011704,0.6138713348505954,2615.0,16605.0,1.0
p04,young_weak,150.0,4.526668982746254,1.2460171572981207,B,0.12206598148582357,3.1093380295829314,0.12206598148582355,3.1093380295829314,True,0.06251594552708414,4.307951490797279,69,0.12516838217262527,0.015390353101931487,1800,0.08333333333333333,213.89952035993338,0.9114194236926361,0.9760381382511605,0.426917510853835,0.1816261879619852,0.022956839361526538,0.08785997875780874,0.06596169474744762,3783.451338644468,58.72136683374603,3750.2221526524295,27.06373133274058,3783.451579442894,3.5778881802448246,945.0,3951.0,2.975891136401793,3.5968169359155904,6.48074069840786,9.695359714832659,0.8881510037336132,131.8755696178678,103.0891318830845,90.87486272800552,10.99462445740752,1.2114905178932454,0.0833200193461987,0.40767812490594624,945.0,3951.0,1.0,,,,,0.023899231185301226,0.1133538492154367,0.025831822167719426,1988.0351723420983,188.3853482312258,1890.8498676392298,101.09846209364109,1988.0358001623567,3.298424200822346,0.0,0.0,0.0,0.0,0.0,0.0,1.8564505560143751,131.39776878757303,103.07082400722975,91.7546253713271,13.750038240805708,1.2621933158628451,0.10112587597219926,0.5213877531499977,0.0,0.0,1.0,,,,,0.02454948659727522,0.18219378847623463,0.020703939995913745,1148.2981831263319,295.6670437477619,1002.5885832558372,161.45136852887205,1148.2992565272712,3.0600550836385625,0.0,0.0,0.0,0.0,0.0,0.0,3.149677534803881,130.48989277719792,102.96081764726384,92.76378535565324,16.18402770432683,1.3037479475771547,0.11519363774782383,0.5684485282684434,0.0,0.0,1.0,,,,,0.02587845222209281,0.17906671345827765,0.03338237535782461,2341.6672721622303,603.906744537306,2036.7765048718027,337.2290454369693,2341.6695524941642,3.369525609073762,0.0,0.0,0.0,0.0,0.0,0.0,3.259817561958316,130.41355287033213,102.96078250334625,92.84746519381302,16.57115984930894,1.2948884079325023,0.11223234300618343,0.5747014459745274,0.0,0.0,1.0,,0.9646915584415584,,0.1226158038147139,0.027725158812989852,0.18763328464238313,0.06640959385619091,6011.53528104248,1719.351030778094,5192.939496596205,1012.6529325410513,6011.541916394042,3.7789858796391007,0.0,2450.0,0.0,3.389343311252078,0.0,10.04987562112089,3.5213858231121806,130.20329797833753,102.95152161310736,93.02814626571666,17.397759927435064,1.2800811259803928,0.1072374942175219,0.5907733205059122,0.0,2450.0,1.0,0.9459109730848861,0.8608307132219096,0.2534980369992937,1.3036320275400672,0.030855077719255587,0.21188076450818957,0.15683977832908638,21238.437678341492,8233.405228705205,18119.28141695128,5409.5857586907605,21238.473477837033,4.327123298474566,3879.0,23245.0,3.5888317255942073,4.366348233467718,11.0,21.118712081942874,4.037538980688689,129.62500311198247,102.88540571427917,93.26312410921923,19.40898547454999,1.2559626421389927,0.09897672176249893,0.6212483199715547,3879.0,23245.0,1.0
p05,young_weak,112.37648967653513,1.6739523901141544,1.6739523901141544,truth,,,,,,0.7261752884835004,9.222544028370965,,,,,,,1.0,1.0,0.0,0.0,0.0,0.0,0.0,28964.85814531925,5205.640516592669,28964.85814531925,5205.640516592669,29105.21653050843,4.46397083460029,6367.0,32937.0,3.8040030547296126,4.51769722521219,12.727922061357855,19.8997487421324,0.7290654944830237,131.3966586328762,102.91856853230446,90.40110423337572,20.818349439241686,1.0740236080442251,0.031013827667681248,0.5345878621864316,6367.0,32937.0,1.0,,,,,0.0,0.0,0.0,16794.264716336053,7507.800942869665,16794.264716336053,7507.800942869665,16960.914236650988,4.229449258134818,0.0,0.0,0.0,0.0,0.0,0.0,2.925893858503543,129.54367674138695,102.89240083218525,91.58611265032181,25.775331638568776,1.1954325509213903,0.07752507724057074,0.578579672007815,0.0,0.0,1.0,,,,,0.0,0.0,0.0,12503.778950120843,8081.535739414174,12503.778950120843,8081.535739414174,12682.29323543181,4.103197790568152,0.0,0.0,0.0,0.0,0.0,0.0,4.664514732643755,128.05408878119954,102.87782667917685,92.48446292467293,28.497738679083337,1.2904741467155956,0.11074930833651293,0.5634249827094534,0.0,0.0,1.0,,,,,0.0,0.0,0.0,17635.779283762924,11100.497120862945,17635.779283762924,11100.497120862945,17890.30586602393,4.252617765653502,0.0,0.0,0.0,0.0,0.0,0.0,4.667360450647131,128.03061392910018,102.860023483819,92.45125159282546,28.86572204184274,1.298945887497564,0.11359105927109585,0.5584404559452181,0.0,0.0,1.0,,1.0,,0.0,0.0,0.0,0.0,24987.316735254244,15655.695309811175,24987.316735254244,15655.695309811175,25354.964752651813,4.404063011147372,0.0,5.0,0.0,0.7781512503836436,0.0,27.14734077494494,4.689266724149348,127.96959012326381,102.82843362205135,92.39072867839062,29.474064485145043,1.3160500882349186,0.11927241863209548,0.5493075090791136,0.0,5.0,1.0,,1.0,,0.0,0.0,0.0,0.0,43955.04392839424,28169.752619624418,43955.04392839424,28169.752619624418,44626.7488191463,4.649595248450744,0.0,378.0,0.0,2.578639209968072,0.0,30.247293244743584,4.787953417001432,127.79478809849466,102.76106687814001,92.27675245692012,30.51776947534021,1.3532953652024735,0.13139259443805026,0.5341586962431939,0.0,378.0,1.0
p05,young_weak,30.0,0.4468779176852199,1.6739523901141544,A,1.2896686858680326,11.464164213422071,0.9999050000000002,11.464164213422071,True,0.9999999999999775,10.653732395845713,150,0.16650906979026794,0.09840738347466733,360,0.08333333333333333,121.16100304573774,0.9009676443906864,0.8976354234650333,0.7960253367797314,1.3002424502918517,0.034524187484911685,0.13654180599484228,0.13335819837230625,25099.700684544398,3548.866739532583,28964.85814531925,5205.640516592669,25319.89507158557,4.4034619015852146,6861.0,26820.0,3.8364507137201547,4.428474966147409,12.0,18.33030277982336,0.21806850987046586,131.79799927667165,102.98003034513096,90.07969187948818,19.839873271767654,1.0367793313569615,0.015686330765047805,0.5188481935655459,6861.0,26820.0,1.0,,,,,0.033679970317678345,0.19938123300533556,0.09102029847134915,13464.030612804136,5330.922975470986,16794.264716336053,7507.800942869665,13741.197602375589,4.138024584938787,0.0,0.0,0.0,0.0,0.0,0.0,1.819768327118177,130.46130225316557,102.97393940120699,90.97122955755047,25.141693588478695,1.1286351247213178,0.0525535620028457,0.5639490078067763,0.0,0.0,1.0,,,,,0.033281776630360915,0.25864843821584566,0.08052421145460967,9614.147370250384,5796.916130302979,12503.778950120843,8081.535739414174,9918.977529699021,3.9964669064187115,0.0,0.0,0.0,0.0,0.0,0.0,3.123885578572012,129.35253348644548,102.97068720861064,91.65792729873135,28.098749279276525,1.1951118404018852,0.07740854913069706,0.5396036939633205,0.0,0.0,1.0,,,,,0.033913921106042653,0.2442346150820628,0.08757498752414042,13643.043250146042,8056.664499534813,17635.779283762924,11100.497120862945,14077.270453941277,4.148518454400585,0.0,0.0,0.0,0.0,0.0,0.0,3.153161796405589,129.30832999602495,102.95627219386269,91.64177641077679,28.472268759363484,1.2025425604006412,0.08010045587335687,0.5355624118746761,0.0,0.0,1.0,,0.0,,,0.034238753137296185,0.22600262467172924,0.08461720481985552,19527.475185142775,11572.690143185448,24987.316735254244,15655.695309811175,20152.733636863708,4.304333964764083,0.0,0.0,0.0,0.0,0.0,0.0,3.2090127496769276,129.2246760433445,102.93422903611214,91.60966268003962,29.075682714418384,1.2168283383426604,0.08522931531395368,0.5280799085668169,0.0,0.0,1.0,,0.07604562737642585,,6.2270860115107425,0.03489974781620276,0.19937793440605187,0.08465202036143393,35126.28881728211,21501.765094536677,43955.04392839424,28169.752619624418,36263.66161136749,4.559471653519154,0.0,249.0,0.0,2.3979400086720375,0.0,26.851443164195103,3.3427518428354746,129.03647231591276,102.89059784234682,91.54257081404042,30.086915732230825,1.2467172509216577,0.09576796888493593,0.5155674863705357,0.0,249.0,1.0
p05,young_weak,30.0,0.4468779176852199,1.6739523901141544,B,1.2896686858680326,11.464164213422071,0.9999050000000002,11.464164213422071,True,0.8293944500348883,12.20075734704153,104,0.04542832268225139,0.01680573672002439,360,0.08333333333333333,84.70359086990356,0.9132620993086109,0.9687953555878084,0.6932493056710587,0.47011594884299673,0.09677987563696128,0.08359035238585476,0.07614281710469517,31560.016324257947,7248.074717896907,28964.85814531925,5205.640516592669,32094.325038166546,4.506428246657402,6361.0,33207.0,3.8035936647713444,4.521242720370463,11.704699910719626,19.6468827043885,0.3600146086587149,131.64515360812106,102.98304884106238,90.05837135280991,22.278393876252256,1.0622886968008036,0.026242560426135337,0.5157596549012567,6361.0,33207.0,1.0,,,,,0.09603021427962806,0.1665433287288185,0.07828906491548279,19899.895258817134,10259.074516804672,16794.264716336053,7507.800942869665,20593.815155134787,4.313736810306067,0.0,0.0,0.0,0.0,0.0,0.0,1.889564477521091,130.2989491662795,102.96825936239554,90.82211465607469,27.60629691258322,1.150319921522635,0.06081864107486639,0.5302727882270261,0.0,0.0,1.0,,,,,0.09500396094636009,0.25802990662087216,0.08428609016018278,15761.481189124534,11126.555310329237,12503.778950120843,8081.535739414174,16533.32659495915,4.2183602447681565,0.0,0.0,0.0,0.0,0.0,0.0,2.977382641272961,129.3339441200468,102.94792954016796,91.32447804992509,30.393449176413895,1.2065642319176177,0.08155044669640393,0.5021259724613497,0.0,0.0,1.0,,,,,0.09707329025615535,0.25463990603561526,0.10928877623080459,22193.74096050529,15285.279935832308,17635.779283762924,11100.497120862945,23282.710619090318,4.367033540341444,0.0,0.0,0.0,0.0,0.0,0.0,3.00976380780942,129.28220007797688,102.93329567423062,91.29143032935356,30.71598862849467,1.2148919352810958,0.08453764912910883,0.49911415997304587,0.0,0.0,1.0,,0.5714285714285714,,0.651496847473581,0.09814637182794192,0.2452533746685966,0.13312608063445186,31290.72792670174,21361.742474878538,24987.316735254244,15655.695309811175,32829.43409738108,4.516263396573296,0.0,172.0,0.0,2.2380461031287955,0.0,26.476404589747453,3.083285962771291,129.17534073632106,102.90994309040276,91.23281877231369,31.253875578505838,1.2311582703935715,0.09031388683890702,0.4932234936016544,0.0,172.0,1.0,,0.24716888232397832,,5.8732242910500325,0.10216823236017411,0.23003529276403384,0.1794868619215716,54533.209729618,37676.05999055759,43955.04392839424,28169.752619624418,57229.98766667841,4.757623652315971,0.0,3193.0,0.0,3.5043349118024643,0.0,31.272991542223778,3.285183377179456,128.91751753765848,102.86424029737643,91.12796320604741,32.20457300147955,1.265842706178607,0.1023797435306943,0.48292554646256086,0.0,3193.0,1.0
p05,young_weak,60.0,0.8937558353704398,1.6739523901141544,A,1.0139039092788114,10.70230473593006,0.9999050000000002,10.70230473593006,True,0.9999999999999998,10.056533267517942,150,0.12734081181476725,0.05917525751471493,720,0.08333333333333333,207.97805261611938,0.898636716818535,0.9778155677514107,0.8308462344837704,0.33763533770528537,0.02125057976507001,0.07176414702835963,0.09942275113437471,28159.628388801957,4355.649794389169,28964.85814531925,5205.640516592669,28364.121628032924,4.452769339002256,7790.0,31748.0,3.891593204348965,4.50173005084622,12.806248474865697,19.4164878389476,0.3788612571234496,131.67048733639243,102.95710859417804,90.18198237271235,20.233430920652772,1.048297535368594,0.020484564736666065,0.5261039948800811,7790.0,31748.0,1.0,,,,,0.020673931310921437,0.08945964591437675,0.04459272396851585,15524.720534712882,6433.289495891063,16794.264716336053,7507.800942869665,15776.555041034791,4.198012176946675,0.0,0.0,0.0,0.0,0.0,0.0,2.209710848817977,130.13604629386865,102.94640121081622,91.18559090186332,25.346651919093325,1.1511859814820196,0.06114549235829826,0.570101324146395,0.0,0.0,1.0,,,,,0.020331750969419478,0.12416828285019306,0.040133458346769846,11241.10459080956,6954.0782616764145,12503.778950120843,8081.535739414174,11515.375193479436,4.061278092695666,0.0,0.0,0.0,0.0,0.0,0.0,3.6962506271087183,128.8680852245706,102.9416489919623,91.96213498457918,28.196296698320648,1.2282714302426903,0.08929435021777214,0.5500424660826175,0.0,0.0,1.0,,,,,0.020567911614254974,0.115471883664409,0.04188441089646941,15894.82938956578,9606.185133883115,17635.779283762924,11100.497120862945,16284.963274112984,4.211786783480072,0.0,0.0,0.0,0.0,0.0,0.0,3.713119816972022,128.83347616423256,102.92558622174991,91.9377430588996,28.569574257776203,1.2362850391442974,0.09211861367813395,0.5454899807850813,0.0,0.0,1.0,,0.0,,,0.02052757694077012,0.10496560326077994,0.03974409525291345,22596.407199056004,13663.907605525823,24987.316735254244,15655.695309811175,23156.558275297743,4.364674011311009,0.0,0.0,0.0,0.0,0.0,0.0,3.753949790657152,128.75947224628086,102.89909100545799,91.89233619713079,29.18015946446641,1.2520231663088077,0.09761236474262242,0.5371825162064502,0.0,0.0,1.0,,0.5073746312684366,,3.220721119102638,0.020522494025430448,0.09085213238094202,0.0512633643528396,40089.26292814105,24966.317821666664,43955.04392839424,28169.752619624418,41102.222598451,4.613865306940402,0.0,365.0,0.0,2.5634810853944106,0.0,28.26294244595793,3.8755902232178556,128.5734550199883,102.84434748817918,91.80409572191232,30.21863092372309,1.2855923745998965,0.10910328777597209,0.5234122175133874,0.0,365.0,1.0
p05,young_weak,60.0,0.8937558353704398,1.6739523901141544,B,1.0139039092788114,10.70230473593006,0.9999050000000002,10.70230473593006,True,0.8014995754982387,10.91851259949534,109,0.07328433573557569,0.004895825993440184,720,0.08333333333333333,151.3881571367383,0.9545811724029546,0.9829784656389133,0.4008219624946765,0.2630247541114622,0.04951028034968888,0.044238100553887875,0.04345822814063022,30072.499683409253,6009.413972674346,28964.85814531925,5205.640516592669,30405.65141946164,4.482954312298831,6359.0,33097.0,3.803457115648414,4.519801751624473,12.206555615733702,19.72308292331602,0.40115660608914644,131.63057135571867,102.96264678160621,90.15183489871913,21.44022731759331,1.0568660647526136,0.024019953225636496,0.5230837270617891,6359.0,33097.0,1.0,,,,,0.048050869663278525,0.08210609484778666,0.050002435188928565,18073.1611120471,8601.797077633324,16794.264716336053,7507.800942869665,18494.411225688862,4.267040509995585,0.0,0.0,0.0,0.0,0.0,0.0,2.1512785100266805,130.1346336498367,102.94704268902775,91.07032851526793,26.587554259184323,1.1554998540495887,0.06276989495968695,0.5509890861497369,0.0,0.0,1.0,,,,,0.04694988879249026,0.12407272879431974,0.05424762553013131,13824.44326922038,9296.952565804899,12503.778950120843,8081.535739414174,14288.150759522934,4.154976023969127,0.0,0.0,0.0,0.0,0.0,0.0,3.4697262552350656,128.9895662395472,102.92935128441053,91.72374523035718,29.374375638942368,1.223860117062271,0.0877317823033214,0.5276492975068688,0.0,0.0,1.0,,,,,0.04743852716270637,0.12202889429495153,0.0710980687984316,19492.033659956585,12778.501055944178,17635.779283762924,11100.497120862945,20148.352554549285,4.304239541508472,0.0,0.0,0.0,0.0,0.0,0.0,3.488548782522702,128.94982097723226,102.91285336855105,91.69079448832062,29.715257214060074,1.232640774436467,0.0908365296285316,0.5238344494745523,0.0,0.0,1.0,,0.5714285714285714,,0.651496847473581,0.047164648385943066,0.11708277682442889,0.08677499742864891,27557.381705648775,17948.90197854839,24987.316735254244,15655.695309811175,28490.45630811447,4.454699405031304,0.0,17.0,0.0,1.255272505103306,0.0,26.64048911471331,3.5375663622834947,128.86324695465242,102.88532716902759,91.6315655800179,30.28058974855587,1.2497415712234736,0.09682021637203428,0.516663783440535,0.0,17.0,1.0,,0.6264744429882044,,1.4611296665744553,0.04824107463053477,0.10997297141884203,0.1186062179622627,48320.687176841355,32032.438791450895,43955.04392839424,28169.752619624418,49974.91800099825,4.698752090198995,0.0,1178.0,0.0,3.071513805095089,0.0,30.822070014844883,3.689762334863128,128.6433536081427,102.82938267114388,91.5225507593837,31.26571490327626,1.2859994306098423,0.10924077629966651,0.5045347048820943,0.0,1178.0,1.0
p05,young_weak,100.0,1.489593058950733,1.6739523901141544,A,0.7759253782738809,9.592827914224038,0.7759253782738809,9.592827914224038,True,0.8929440310309311,9.334219349225426,96,0.031637372725159596,0.011510505381540366,1200,0.08333333333333333,206.3300103917718,0.8838758936628028,0.960262390670554,0.9680839625697019,0.6201044488374072,0.004683214882763342,0.06265603457392967,0.0496521559608708,30563.844035007296,5322.412506691154,28964.85814531925,5205.640516592669,30725.43855508139,4.487498090441895,8040.0,35663.0,3.9053100621160857,4.552230051136163,13.379088160259652,20.346989949375804,0.6554641324455946,131.45162842233327,102.92427538236896,90.35098094537253,20.709260691346323,1.0682906459875228,0.028689425703859236,0.5341681425659653,8040.0,35663.0,1.0,,,,,0.004396161130351253,0.048790571626946805,0.013242453898437978,17476.798703970533,7694.008595823601,16794.264716336053,7507.800942869665,17669.56715761671,4.247225910946435,0.0,0.0,0.0,0.0,0.0,0.0,2.779918108416343,129.66071200966468,102.90243586219508,91.49871866165348,25.67218020801871,1.1864277952296136,0.07424131264392808,0.5773933647999917,0.0,0.0,1.0,,,,,0.00421566777971106,0.039064885518431874,0.010494623821886775,12920.064756350564,8274.598873721177,12503.778950120843,8081.535739414174,13127.003589759524,4.1181656040069345,0.0,0.0,0.0,0.0,0.0,0.0,4.474989247623073,128.21040430996553,102.89077314452888,92.37751188566075,28.410286934640197,1.2782023692031081,0.10659961819679827,0.5615829099311539,0.0,0.0,1.0,,,,,0.004128698417549165,0.03807048873734488,0.01366034404826931,18205.33951518824,11361.333402125547,17635.779283762924,11100.497120862945,18499.89646374674,4.2671692978435924,0.0,0.0,0.0,0.0,0.0,0.0,4.478107986663331,128.186300870546,102.87262257259538,92.34369901676976,28.782616059226907,1.286700094381679,0.10947733281498877,0.5565813974953016,0.0,0.0,1.0,,0.8333333333333334,,0.16666666666666666,0.003948758232053453,0.03473020235844366,0.01634156071915241,25716.18322614545,15995.041134162411,24987.316735254244,15655.695309811175,26139.69095136721,4.417300448626726,0.0,7.0,0.0,0.9030899869919435,0.0,27.336684065970534,4.5012672248893315,128.12381495328762,102.84079802612071,92.28281642823491,29.39765149981532,1.3038236637864062,0.1152188590163286,0.5474652363196175,0.0,7.0,1.0,,0.856175972927242,,0.28019973759688094,0.0036282980663215354,0.02974941293997788,0.022099278033515857,45059.50508893464,28728.434087785357,43955.04392839424,28169.752619624418,45827.64149690469,4.661127507010516,0.0,539.0,0.0,2.7323937598229686,0.0,30.331501776206203,4.60520637290194,127.94412800592572,102.77348873459484,92.1694517167582,30.45656009816032,1.341211599119562,0.1274973006558565,0.532339484121407,0.0,539.0,1.0
p05,young_weak,100.0,1.489593058950733,1.6739523901141544,B,0.7759253782738809,9.592827914224038,0.7759253782738809,9.592827914224038,True,0.7461526436871857,9.579967993069463,52,0.0034433055681958313,0.00018021484343200278,1200,0.08333333333333333,111.88774126023054,0.9916032331476105,0.9964345860326804,0.07434944237918216,0.05554196231954979,0.008499969418384235,0.008885461149359376,0.009513627365184865,29102.65703958389,5286.663530476514,28964.85814531925,5205.640516592669,29276.83125740001,4.466524069589326,6376.0,32974.0,3.804616416987255,4.518184804218403,12.68857754044952,19.87460691435179,0.6314635636067781,131.4676437542201,102.92963916785612,90.3322535372906,20.895721962017465,1.0682178474458974,0.0286598297485631,0.5319666087151397,6376.0,32974.0,1.0,,,,,0.008020720007353817,0.01501863064874829,0.011715574318843097,16944.060564674917,7621.255450964854,16794.264716336053,7507.800942869665,17154.46563542875,4.234377194254675,0.0,0.0,0.0,0.0,0.0,0.0,2.721610689892461,129.70214044933246,102.90704651620821,91.45546071145664,25.88154668759602,1.1842431436301513,0.07344087898816311,0.5730197747417518,0.0,0.0,1.0,,,,,0.007711588478658912,0.021603476655828516,0.012682802386738606,12652.002935097093,8209.917662094384,12503.778950120843,8081.535739414174,12879.182244646874,4.109888288651738,0.0,0.0,0.0,0.0,0.0,0.0,4.367545976808862,128.28928391216598,102.89250256826652,92.30097550556276,28.62211294633459,1.2728392237037867,0.10477355002605078,0.5561953944213722,0.0,0.0,1.0,,,,,0.007653183068094775,0.02104278370493088,0.0167479669471938,17847.970439456432,11282.574880450866,17635.779283762924,11100.497120862945,18171.30340119209,4.259386079737513,0.0,0.0,0.0,0.0,0.0,0.0,4.3738234214069545,128.26235198396475,102.87488653246776,92.26818545320215,28.984887336879254,1.2814883334671412,0.10771465676770188,0.5514367562766922,0.0,0.0,1.0,,0.75,,0.39328304624274657,0.007362996767427126,0.01979494226834664,0.020948561703789226,25264.92350587921,15896.440190151425,24987.316735254244,15655.695309811175,25729.69897402148,4.410434705188732,0.0,3.0,0.0,0.6020599913279624,0.0,27.184327976288667,4.401267059973562,128.19621005363368,102.84407660610692,92.2086243846267,29.583822733575666,1.2986903707328978,0.1135056204257344,0.5427105874335423,0.0,3.0,1.0,,0.9601593625498008,,0.07198533086941682,0.007287681334965079,0.018489809181760384,0.02912944437000997,44448.15353113743,28591.614943712826,43955.04392839424,28169.752619624418,45290.688295880806,4.656008920833797,0.0,471.0,0.0,2.673941998634088,0.0,30.008331019803634,4.510269504878247,128.0127690909479,102.77894307669744,92.09658162760104,30.61570457458465,1.3358323204837466,0.1257519470175718,0.5281870987859097,0.0,471.0,1.0
p05,young_weak,150.0,2.2343895884260996,1.6739523901141544,A,0.6370757424743295,7.992253956545804,0.6370757424743295,7.992253956545804,True,0.379025182840216,8.894720777890237,80,0.09388942317755176,0.031052389555276658,1800,0.08333333333333333,248.77666015923023,0.6388027792624265,0.8476515350301758,2.343347454774811,1.8354035694585558,0.013280144352859003,0.1588613961231198,0.11703856400198198,24715.751656040655,4797.980827385206,28964.85814531925,5205.640516592669,24804.825675521864,4.394536179228486,2988.0,24228.0,3.4755259150392805,4.384335489934284,10.800440352148936,18.24828759089466,0.9390534223427466,131.24918419474633,102.90713526627582,90.55630306292996,21.084842271104822,1.089874349894841,0.03737643161695307,0.5348255466814222,2988.0,24228.0,1.0,,,,,0.012508716892516855,0.1339278968779979,0.03395614514394368,14831.948198362983,6885.202245678941,16794.264716336053,7507.800942869665,14936.051527828386,4.1742358032145175,0.0,0.0,0.0,0.0,0.0,0.0,3.332209941603843,129.23140568968495,102.86783893100048,91.84960592874685,26.055627687794143,1.219463270526974,0.08616872416784759,0.5814008449447643,0.0,0.0,1.0,,,,,0.012000701628244329,0.11330019282876438,0.027001247883951543,11252.969835615973,7436.019746900436,12503.778950120843,8081.535739414174,11363.64114071869,4.055517510419916,0.0,0.0,0.0,0.0,0.0,0.0,5.181952622457895,127.64260862424996,102.84443039689405,92.80028060710474,28.74183305951318,1.3230490746341095,0.12157595336930106,0.5676562004145526,0.0,0.0,1.0,,,,,0.011758689045037228,0.11003732721289629,0.03560043025147479,15924.496427573278,10241.597027471802,17635.779283762924,11100.497120862945,16083.08893720854,4.206369463538708,0.0,0.0,0.0,0.0,0.0,0.0,5.185369118261311,127.619304291378,102.8277148432897,92.7690929608549,29.099141396529376,1.331414944476267,0.12431342738443095,0.5627542912536369,0.0,0.0,1.0,,0.0,,,0.011013745418024008,0.10443926508815604,0.04430264355848719,22682.26031706849,14481.585148490823,24987.316735254244,15655.695309811175,22913.448900521886,4.36009046351211,0.0,0.0,0.0,0.0,0.0,0.0,5.205354495675279,127.56077390751979,102.79741587717665,92.71070964853664,29.685518735247918,1.3482369202010787,0.12976621571187796,0.5537416304767905,0.0,0.0,1.0,,0.6022099447513812,,3.1166776804005814,0.01012888107783617,0.09081646323967515,0.06285925451698005,40420.1918391766,26258.167333731617,43955.04392839424,28169.752619624418,40852.07171337185,4.611214085614363,0.0,111.0,0.0,2.0492180226701815,0.0,29.68160113734756,5.29159163124297,127.39688030375468,102.73077089915938,92.59610222162758,30.687614349034252,1.3848538075371593,0.141403929406973,0.5386955917656413,0.0,111.0,1.0
p05,young_weak,150.0,2.2343895884260996,1.6739523901141544,B,0.6370757424743295,7.992253956545804,0.6370757424743295,7.992253956545804,True,0.6604928781327294,8.249895920606816,51,0.022740609020665326,0.0010872576974142456,1800,0.08333333333333333,158.2557434514165,0.984059678052611,0.9881566960218645,0.13934426229508196,0.181363580924503,0.017236463625788612,0.02479723002817809,0.030482688177254927,28893.56182168529,5249.768191662818,28964.85814531925,5205.640516592669,28961.289781617746,4.46181789911925,6368.0,32923.0,3.8040712488856614,4.517512593016441,12.884098726725126,20.049937655763422,1.0751792397322946,131.14962592862653,102.88656258187284,90.64807892147151,20.77090288918208,1.0944801659575392,0.03920789574109679,0.5420900762275944,6368.0,32923.0,1.0,,,,,0.015929081745471932,0.0396481031021047,0.032032331322364015,16774.63156062296,7539.100017569401,16794.264716336053,7507.800942869665,16850.187793961486,4.226604745410724,0.0,0.0,0.0,0.0,0.0,0.0,3.5723422107226526,129.0514009586819,102.848058763515,92.01104610208326,25.682167658442378,1.2296160437252843,0.08976952109538386,0.5918246550977828,0.0,0.0,1.0,,,,,0.015136336680813952,0.054229892808285114,0.034935233785863065,12509.796295135167,8104.023695991958,12503.778950120843,8081.535739414174,12588.22935559264,4.099964647091584,0.0,0.0,0.0,0.0,0.0,0.0,5.538393193496155,127.3751019226722,102.83062106882286,93.04227344559418,28.34802884790803,1.3415109229059037,0.12759421315290587,0.5801462576822152,0.0,0.0,1.0,,,,,0.014730975586883101,0.051792295108686486,0.04606450659737017,17635.335200291735,11121.432829643796,17635.779283762924,11100.497120862945,17747.84351420278,4.2491455908120495,0.0,0.0,0.0,0.0,0.0,0.0,5.530920503961591,127.36066159027236,102.81216774982234,93.00538513122058,28.728347547869753,1.3493453434870268,0.13012311466563484,0.5746385570607981,0.0,0.0,1.0,,0.625,,0.4923946985944281,0.013900123923549088,0.048204961092498395,0.05949226656513103,24939.927702350957,15648.804702486632,24987.316735254244,15655.695309811175,25104.286120245197,4.399747876041122,0.0,11.0,0.0,1.0791812460476249,0.0,27.56750086314076,5.536078267047449,127.31336366248784,102.77853501076254,92.9384614473101,29.354884585444946,1.3659105516587282,0.13542225996559332,0.5646323299616685,0.0,11.0,1.0,,0.8413793103448276,,0.6787810981253075,0.013131384769224154,0.04366124958621876,0.08676093466388196,43828.65497927263,28119.142971857756,43955.04392839424,28169.752619624418,44137.17184861417,4.644804501687191,0.0,327.0,0.0,2.515873843711679,0.0,30.621886682567357,5.605754005263113,127.15955541441895,102.7049732347915,92.81203367498561,30.42857236584906,1.4034686287929565,0.14720270945754138,0.5479968633518005,0.0,327.0,1.0
p06,young_weak,143.16578850150108,1.0001391086506923,1.0001391086506923,truth,,,,,,0.8270304553210736,10.939355744819308,,,,,,,1.0,1.0,0.0,0.0,0.0,0.0,0.0,33360.92767734068,6837.982679259526,33360.92767734068,6837.982679259526,33746.88720484039,4.5282337199194265,7251.0,37556.0,3.860457795423471,4.574690894151034,12.84523257866513,20.615528128088304,0.4929208525556911,131.54854438977594,102.95457896066942,90.19260251313932,21.9939989663579,1.066196954372411,0.02783743761387013,0.5234664773411395,7251.0,37556.0,1.0,,1.0,,0.0,0.0,0.0,0.0,22655.15445500457,7890.861228194632,22655.15445500457,7890.861228194632,23060.143620807215,4.3628620077951865,0.0,9804.0,0.0,3.991447598003803,0.0,16.911534525287763,1.4070980359718772,130.74453784679585,102.92259810364521,90.63067314129317,25.227845838401528,1.1147183223187545,0.04716513956603625,0.5609703954072557,0.0,9804.0,1.0,,,,,0.0,0.0,0.0,17839.527488682736,7924.573418936608,17839.527488682736,7924.573418936608,18235.160456434744,4.260909589148983,0.0,0.0,0.0,0.0,0.0,0.0,1.9955310468211778,130.21211076569398,102.9073193807808,90.88147974877532,26.66004103778278,1.1511720003749168,0.06114021783738228,0.5503554360037074,0.0,0.0,1.0,,,,,0.0,0.0,0.0,20809.762473213166,9307.440242511451,20809.762473213166,9307.440242511451,21276.667411545604,4.327903604914442,0.0,0.0,0.0,0.0,0.0,0.0,2.0399913884637777,130.16705377257244,102.90065167228347,90.88994544897167,26.932067004135654,1.1568627160597988,0.06328182464304624,0.5473457463241882,0.0,0.0,1.0,,,,,0.0,0.0,0.0,23116.526169224177,10609.963461253421,23116.526169224177,10609.963461253421,23645.080833400698,4.373740803039111,0.0,0.0,0.0,0.0,0.0,0.0,2.114237027860611,130.09135793473934,102.89065071660187,90.9028435140791,27.357669520927832,1.1665584146587076,0.06690649068978526,0.5423888046085874,0.0,0.0,1.0,,1.0,,0.0,0.0,0.0,0.0,28469.20102287391,13711.552778937295,28469.20102287391,13711.552778937295,29140.220087979185,4.464492827551814,0.0,456.0,0.0,2.6599162000698504,0.0,15.84297951775486,2.2419694504408056,129.96033257941968,102.87489091667855,90.92224267272967,28.01431039628684,1.1833184054690404,0.07310161963403862,0.5346618548876214,0.0,456.0,1.0
p06,young_weak,30.0,0.20957641887472425,1.0001391086506923,A,1.2508602036989265,12.40342598204708,0.9999050000000002,12.40342598204708,True,0.9999999999999998,12.001511812252689,150,0.09236864877445798,0.06646286823913725,360,0.08333333333333333,119.95263978093863,0.8957692307692308,0.9221519078163789,0.8916200572818126,1.0824896332288423,0.027546148486459365,0.11066402753052543,0.13961991128884432,30518.722684797624,5495.1936202912175,33360.92767734068,6837.982679259526,30972.910801597325,4.4909820218136245,8349.0,32131.0,3.921686475483602,4.506937758291367,12.409673645990857,19.390719429665317,0.2633517182108851,131.73878811318653,102.99049427366863,90.03212660640163,21.36521111121822,1.0508702534426682,0.021549098813883304,0.5153024055686123,8349.0,32131.0,1.0,,0.9100834938985228,,0.35866550474082726,0.026831405461903098,0.12206738072113198,0.06905605152205183,19930.577831002178,6417.672385863175,22655.15445500457,7890.861228194632,20414.638508096246,4.309941694064109,0.0,8880.0,0.0,3.9484618700612835,0.0,15.937377450509228,0.997761939841464,131.07561778406318,102.96469772139685,90.37389859130701,24.899337080857332,1.0909059058842003,0.03778729291870866,0.5556306686099807,0.0,8880.0,1.0,,,,,0.02638792753384669,0.13610592225691184,0.06111507970531391,15539.468203147146,6480.963192327876,17839.527488682736,7924.573418936608,16017.375435809287,4.204591355248508,0.0,0.0,0.0,0.0,0.0,0.0,1.4464712891109637,130.6658477146538,102.95085338220994,90.5566879554002,26.39662262316678,1.119272458383155,0.04893581733202747,0.541744784698904,0.0,0.0,1.0,,,,,0.02653827198795087,0.1312626999337888,0.06285263940287475,18154.00179206668,7656.962117123297,20809.762473213166,9307.440242511451,18718.47866400075,4.272270548746198,0.0,0.0,0.0,0.0,0.0,0.0,1.4928055970659588,130.61975811091133,102.94352951622167,90.56587274426168,26.68410639148507,1.1240834467755563,0.05079855245097868,0.5388714652965757,0.0,0.0,1.0,,,,,0.02634329792108805,0.12538882897324188,0.05632883476358161,20220.28070078615,8804.189874899861,23116.526169224177,10609.963461253421,20860.23044900738,4.319319101893937,0.0,0.0,0.0,0.0,0.0,0.0,1.5672638874450961,130.54540224065025,102.93341589801135,90.57967922918331,27.12765342358779,1.1321635578045266,0.053909171658701634,0.5341047232514131,0.0,0.0,1.0,,0.13496932515337423,,2.924199705870122,0.02643905677271159,0.11820883224322289,0.05477353996583639,25020.99891439378,11519.079770332968,28469.20102287391,13711.552778937295,25835.5556430495,4.412217806315795,0.0,33.0,0.0,1.5314789170422551,0.0,14.55331123553094,1.6901733641476027,130.4220676499266,102.91935531866035,90.60025988941246,27.8012788751343,1.146037009344314,0.05919864267019059,0.526600410796898,0.0,33.0,1.0
p06,young_weak,30.0,0.20957641887472425,1.0001391086506923,B,1.2508602036989265,12.40342598204708,0.9999050000000002,12.40342598204708,True,0.8470154259523749,13.526222140422247,106,0.03534606585609468,0.014776583194976434,360,0.08333333333333333,85.916543379426,0.9175286167425183,0.972840883434931,0.700961870883688,0.43397895112487755,0.10441678920277725,0.08235056988232015,0.07520732877864866,36776.92748178278,9820.625769129618,33360.92767734068,6837.982679259526,37682.99158169059,4.576145373309997,7251.0,37741.0,3.860457795423471,4.5768249102949845,11.916375287812984,20.46948949045872,0.5095484803796678,131.49109295150424,102.99180628210496,90.02421018041284,23.790876331215156,1.0863285402129523,0.035961189546962403,0.5082628951240654,7251.0,37741.0,1.0,,0.9219522032872844,,0.34576164950069227,0.10443772180049404,0.1223336742881904,0.05202605764890387,26329.2993456907,11165.457187749535,22655.15445500457,7890.861228194632,27307.726376164497,4.4362855425640975,0.0,10030.0,0.0,4.001344230411601,0.0,16.30950643030009,1.2494436238370097,130.79082863215933,102.96774211443923,90.31300703052877,27.19648623837537,1.1270938935997405,0.05196009685684625,0.5282532529516799,0.0,10030.0,1.0,,,,,0.10385804409261497,0.16191249000304528,0.04815219623820691,21422.62703125137,11210.748957972884,17839.527488682736,7924.573418936608,22397.86355719268,4.350206594692536,0.0,0.0,0.0,0.0,0.0,0.0,1.7189611072092306,130.34833055550024,102.95249675259504,90.47387632953105,28.757288094512845,1.1555259701361844,0.06277971057678583,0.5120603854394017,0.0,0.0,1.0,,,,,0.10542156252249649,0.16121607554898196,0.054508294010290434,25003.57405570955,13125.226159471267,20809.762473213166,9307.440242511451,26152.515795749772,4.417513473075482,0.0,0.0,0.0,0.0,0.0,0.0,1.7648358864527378,130.30172471070244,102.94631415919926,90.4771001764517,29.008439183592024,1.1600607815403874,0.06448074474074629,0.509463239973055,0.0,0.0,1.0,,,,,0.1058303548921705,0.16078087452415699,0.057136926359774104,27796.343892433924,14842.201525466662,23116.526169224177,10609.963461253421,29093.186191436398,4.463791286375443,0.0,0.0,0.0,0.0,0.0,0.0,1.8411046999333385,130.2241685667735,102.9375939905095,90.48186588057344,29.402082662396403,1.167839685252912,0.0673832292587434,0.5051229737415419,0.0,0.0,1.0,,0.34782608695652173,,1.381286853354401,0.10742243511964228,0.1609959561749528,0.06596614495207682,34259.45237994177,18924.303825078732,28469.20102287391,13711.552778937295,35897.67243233154,4.555066290289595,0.0,96.0,0.0,1.9867717342662448,0.0,15.016629793329841,1.9724428018263103,130.0906080617223,102.9249417318464,90.48899825040414,30.012878205404252,1.1815257037953457,0.0724431740386861,0.4982387584565351,0.0,96.0,1.0
p06,young_weak,60.0,0.4191528377494485,1.0001391086506923,A,1.1110405559034968,12.032669451513332,0.9999050000000002,12.032669451513332,True,0.9999999999999996,11.661191427070548,150,0.07751120663087607,0.047020047544446976,720,0.08333333333333333,207.62715876847506,0.9014630486432412,0.9640448508419877,0.8398997555070989,0.5571263414851094,0.01913817048624394,0.07603991273607316,0.11194619514644466,32090.313722760442,5935.113648448241,33360.92767734068,6837.982679259526,32535.240821609106,4.512354025672883,8743.0,34951.0,3.941710148941646,4.543472031701512,12.884098726725126,20.024984394500787,0.30643632082648387,131.70217210748405,102.98088298014807,90.0695435454457,21.504617215651862,1.052981498826791,0.022420740579578425,0.5179258343975538,8743.0,34951.0,1.0,,0.9401257359544956,,0.26814779612688605,0.018666372168502067,0.07417729520003859,0.04605158921523525,21151.288467466642,6912.031685675939,22655.15445500457,7890.861228194632,21623.205582818893,4.334920077393975,0.0,10238.0,0.0,4.010257542998302,0.0,16.522711641858304,1.0888133455310955,131.00493606135967,102.95472673972097,90.43967327793251,24.936451187981145,1.0950587513383276,0.03943742026980018,0.5576523937173222,0.0,10238.0,1.0,,,,,0.018363276563198076,0.08437821812810718,0.040944767782666674,16511.08370257867,6968.020246915905,17839.527488682736,7924.573418936608,16975.52690398999,4.229823263243788,0.0,0.0,0.0,0.0,0.0,0.0,1.5745462342339045,130.5631102916222,102.94130046801243,90.64116938061838,26.40952751850433,1.125459950328047,0.05133004517305573,0.5447823204616054,0.0,0.0,1.0,,,,,0.01846437663410866,0.08042994221783999,0.041335920900392065,19271.323763261124,8218.286707758065,20809.762473213166,9307.440242511451,19819.621857184247,4.297095364230746,0.0,0.0,0.0,0.0,0.0,0.0,1.6202563777224146,130.51735498834526,102.93421516442237,90.65012833684858,26.694435976978326,1.1305356773322026,0.05328427231960551,0.5418079472769989,0.0,0.0,1.0,,,,,0.018322399956433692,0.07576570970319306,0.03674048966511473,21431.11205579182,9426.186275726057,23116.526169224177,10609.963461253421,22052.17676088022,4.343451464941244,0.0,0.0,0.0,0.0,0.0,0.0,1.6946925719224424,130.44250835668956,102.92417277717941,90.6636662765476,27.136081859686694,1.1391285806029106,0.05657274839393369,0.5369111905792605,0.0,0.0,1.0,,0.7926023778071334,,0.27959912311641116,0.01836375836273946,0.0705231334182818,0.03565327160290313,26448.961066939624,12287.214921586774,28469.20102287391,13711.552778937295,27238.261655175065,4.435179387467798,0.0,301.0,0.0,2.4800069429571505,0.0,15.394804318340652,1.8194235891643393,130.31644777814117,102.90961159257961,90.683947402134,27.810158410948763,1.153947082787477,0.062185893585457994,0.5292606798744313,0.0,301.0,1.0
p06,young_weak,60.0,0.4191528377494485,1.0001391086506923,B,1.1110405559034968,12.032669451513332,0.9999050000000002,12.032669451513332,True,0.8448133535450073,12.722306741618475,114,0.03441566162154541,0.006603611645613294,720,0.08333333333333333,157.9372800141573,0.9448927512242223,0.9823792058682825,0.5072849572479694,0.28579789462705396,0.07076072374929766,0.05407053406371897,0.05195598110899252,35520.41720912599,8692.527341775101,33360.92767734068,6837.982679259526,36238.80709720063,4.559173893209246,7248.0,37696.0,3.860278099752235,4.576306789588092,12.206555615733702,20.46948949045872,0.4449951387517257,131.55898042410257,102.98306326754643,90.05688193282332,23.132220265166534,1.0744891243695471,0.031202024061807113,0.5127873840498651,7248.0,37696.0,1.0,,0.9470540595262199,,0.23456495828367105,0.07053383257364992,0.08015986157376855,0.034878898432426184,24964.018861798988,9927.220764848993,22655.15445500457,7890.861228194632,25734.634181428562,4.410517999121407,0.0,9952.0,0.0,3.997954004069403,0.0,16.492422502470642,1.2136947976932226,130.84933512307973,102.95798798397406,90.38374521948694,26.487276426785822,1.1163848995286707,0.04781395349222486,0.5382410278797016,0.0,9952.0,1.0,,,,,0.06999948195655831,0.1056255066688408,0.03455446610844992,20084.70279633422,9968.148616877059,17839.527488682736,7924.573418936608,20849.335680145155,4.319092221657809,0.0,0.0,0.0,0.0,0.0,0.0,1.7045515552335853,130.39345091794513,102.94268473851207,90.56675480783004,28.011836595618448,1.1462679323543215,0.059286142886680715,0.5235203502926474,0.0,0.0,1.0,,,,,0.07093946801887759,0.10513699793242515,0.03930260322901605,23438.636532252174,11682.340998073694,20809.762473213166,9307.440242511451,24339.75244067226,4.386316156712586,0.0,0.0,0.0,0.0,0.0,0.0,1.7493597976270707,130.34779480000233,102.93622857951432,90.57132380012015,28.269254946517748,1.1511584287674583,0.061135097743276544,0.520798362616149,0.0,0.0,1.0,,,,,0.0710164247053361,0.1047943559427617,0.04213153343318744,26051.77992126435,13244.132897939582,23116.526169224177,10609.963461253421,27069.4405329503,4.432479279931447,0.0,0.0,0.0,0.0,0.0,0.0,1.8240189916396126,130.2715769702057,102.92690917057296,90.57814949847972,28.672470877775574,1.1595298312483195,0.0642819262209904,0.516279023974663,0.0,0.0,1.0,,0.6097560975609756,,0.5355770573306683,0.07184168209312115,0.10486076712350463,0.048908485121768625,32104.033176315246,16959.08077376516,28469.20102287391,13711.552778937295,33390.712394822156,4.523625684877664,0.0,200.0,0.0,2.303196057420489,0.0,15.297058540778355,1.952758117241699,130.14001625568218,102.91296922390497,90.58834545918118,29.29676858092513,1.174159948932912,0.06972726233521938,0.5091653044558929,0.0,200.0,1.0
p06,young_weak,100.0,0.6985880629157475,1.0001391086506923,A,0.9574719783833472,11.519780590173188,0.9574719783833472,11.519780590173188,True,0.9999999999999745,11.224363106784878,150,0.04976602155201814,0.021776478569863027,1200,0.08333333333333333,321.1521895453334,0.8707295106574602,0.9831019124967252,1.112400194645423,0.27770360480640854,0.00877834461289314,0.06474046487425995,0.08761117631562276,34292.22032471474,6599.806946380273,33360.92767734068,6837.982679259526,34721.64874955007,4.540600339368245,9404.0,38784.0,3.9733587998863977,4.588663795780204,13.45362404707371,20.71231517720798,0.386368073147389,131.63665588765573,102.96744010887865,90.12728392460382,21.698479829067917,1.0577443010330383,0.024380694096386813,0.5214483180811028,9404.0,38784.0,1.0,,0.8867984261227443,,0.5010758460928434,0.008535353956367817,0.043463964494701204,0.029026274302943522,22866.233238356508,7652.151052172841,22655.15445500457,7890.861228194632,23318.599110931216,4.367702456178441,0.0,12307.0,0.0,4.090187487575421,0.0,17.233687939614086,1.2338209101957442,130.8885903812239,102.93884886440838,90.53229994959993,25.01640907465382,1.1030005234267455,0.0425757185338382,0.5601162811803523,0.0,12307.0,1.0,,,,,0.008385165172079555,0.03954582912354479,0.016840029952071567,17889.143705114675,7695.841906617657,17839.527488682736,7924.573418936608,18332.32126873945,4.263217459527264,0.0,0.0,0.0,0.0,0.0,0.0,1.7712294465438836,130.4016999088319,102.92502764433783,90.75965104933951,26.463835911689703,1.1364196476320112,0.055538733660896435,0.5485153312780778,0.0,0.0,1.0,,,,,0.008405092394570973,0.03604069359909959,0.016819445222838125,20853.54073786346,9054.590660280523,20809.762473213166,9307.440242511451,21376.404330160338,4.329934655461282,0.0,0.0,0.0,0.0,0.0,0.0,1.8164874257812502,130.3560371412464,102.9180986235462,90.76831299064575,26.746014512277142,1.141879638385662,0.057620328831221944,0.5454600521612726,0.0,0.0,1.0,,,,,0.008303512953048401,0.031358869544769324,0.0149306785711536,23141.580973342338,10348.06869242856,23116.526169224177,10609.963461253421,23733.18950926163,4.375356107083347,0.0,0.0,0.0,0.0,0.0,0.0,1.8913684014110699,130.28010109977598,102.90796169083606,90.78150569576344,27.185671234094304,1.1511760502408095,0.061141745698827174,0.5404454071121108,0.0,0.0,1.0,,0.6775631500742942,,0.5452890219100723,0.00824797871804765,0.025675439513902464,0.013192954349309338,28458.74112464112,13417.169683748632,28469.20102287391,13711.552778937295,29209.16564910342,4.465519151661479,0.0,890.0,0.0,2.949877704036875,0.0,16.2649858920272,2.0190658145675906,130.14991442352624,102.89253749828315,90.8014124618472,27.86051490288627,1.1672585529568273,0.06716706485886845,0.5326428571457659,0.0,890.0,1.0
p06,young_weak,100.0,0.6985880629157475,1.0001391086506923,B,0.9574719783833472,11.519780590173188,0.9574719783833472,11.519780590173188,True,0.8383125528957284,11.796917630139228,72,0.025980843918835816,0.001410072826628861,1200,0.08333333333333333,154.3914596810937,0.9749775970221273,0.9918342376848601,0.23145912383580544,0.13213483146067415,0.03274821308501228,0.024469253950213345,0.024381302059826082,34278.583107264276,7608.131930015703,33360.92767734068,6837.982679259526,34811.026656366084,4.5417168318053935,7256.0,37636.0,3.8607571230815423,4.575614999044009,12.569805089976535,20.54263858417414,0.4322204784692593,131.58406798791418,102.97021598029019,90.11370143139101,22.478595820058178,1.0666087130822355,0.028005127094916475,0.5181587506597012,7256.0,37636.0,1.0,,0.9763875488752348,,0.10395803528850739,0.03248326801905213,0.03591046918054882,0.01835579978911378,23629.115020351877,8736.799031174769,22655.15445500457,7890.861228194632,24194.649399851107,4.383719333209957,0.0,9889.0,0.0,3.9951962915971793,0.0,16.76305461424021,1.262214559630409,130.83947301861917,102.94243967339467,90.49300053633965,25.769941497049686,1.1111868350918748,0.045787087408444636,0.5499525275433689,0.0,9889.0,1.0,,,,,0.03214059023596466,0.04695127077989045,0.018170999583762393,18782.826863286857,8773.621647532216,17839.527488682736,7924.573418936608,19340.129474435005,4.286459377184649,0.0,0.0,0.0,0.0,0.0,0.0,1.7943248426958056,130.3527359131129,102.92715978653878,90.7076842321758,27.24704739285709,1.1438177321294563,0.05835682494914145,0.5372453678243109,0.0,0.0,1.0,,,,,0.03249476019855051,0.04670099200848724,0.020721137209491397,21914.837755151868,10294.970570540769,20809.762473213166,9307.440242511451,22572.001268357966,4.353570066001727,0.0,0.0,0.0,0.0,0.0,0.0,1.8385823572240938,130.30764523887922,102.92051864997121,90.71414505655723,27.512137232619402,1.1491464936561064,0.06037539625231354,0.5343744843275071,0.0,0.0,1.0,,,,,0.032396017975472695,0.046501862655517257,0.022154889991032087,24351.33762068268,11706.399386255378,23116.526169224177,10609.963461253421,25094.233396456264,4.399573932961923,0.0,0.0,0.0,0.0,0.0,0.0,1.9124428491490089,130.23211236711623,102.91072117294767,90.72390625069684,27.92707851024782,1.1582384357292446,0.06379797274391853,0.5296333970024052,0.0,0.0,1.0,,0.8542713567839196,,0.19428733397376957,0.03260924095832714,0.04647505238600504,0.025823253226645887,29999.980613142645,15065.266246222664,28469.20102287391,13711.552778937295,30940.841597949635,4.490532122432986,0.0,340.0,0.0,2.5327543789924976,0.0,15.654071407441508,2.0397718589436415,130.10148707738534,102.89563276270471,90.73852921335781,28.568182183286677,1.1740142973166083,0.06967338584507124,0.5222181805346927,0.0,340.0,1.0
p06,young_weak,150.0,1.0478820943736213,1.0001391086506923,A,0.8093198194937997,10.844611945162763,0.8093198194937997,10.844611945162763,True,0.7894953286543679,10.909551776531421,68,0.008436092145852113,0.003133659903708092,1800,0.08333333333333333,210.59014688432217,0.9658418312771875,0.9910674708181659,0.31710758377425047,0.1434051675504908,0.0013070243725458361,0.015621141635603299,0.016347897874511297,32978.265199114234,6829.686359025213,33360.92767734068,6837.982679259526,33355.83320514543,4.523171793493398,6772.0,36891.0,3.830781075606361,4.566932199965738,12.68857754044952,20.518284528683193,0.5100038323715381,131.53444230029518,102.95283268436981,90.20281809982212,22.042418913019386,1.0676773157721737,0.02844001565633029,0.523604181851572,6772.0,36891.0,1.0,,0.9599533230785552,,0.17239715285317891,0.0012661708369817292,0.012265752095586523,0.006314421288422745,22463.072205589768,7874.957414308261,22655.15445500457,7890.861228194632,22859.133727443244,4.359059768293745,0.0,9049.0,0.0,3.9566485792052033,0.0,16.76305461424021,1.434003239167168,130.72208478841495,102.92028027687957,90.64571105588108,25.266767658335098,1.1166573975384444,0.04791994734887253,0.5609812489425392,0.0,9049.0,1.0,,,,,0.001240926717791981,0.010916537521893607,0.0037416533699290155,17710.09318686818,7907.341018172981,17839.527488682736,7924.573418936608,18096.90144814599,4.2576042213239065,0.0,0.0,0.0,0.0,0.0,0.0,2.029539239491843,130.18323775702035,102.90470540968671,90.89962404268545,26.69723462207167,1.15353699018045,0.06203152549229306,0.5504891126969575,0.0,0.0,1.0,,,,,0.0012383621374503515,0.010368110834516334,0.003879910931354147,20663.90873313144,9286.437783766602,20809.762473213166,9307.440242511451,21120.45408539014,4.324703251203597,0.0,0.0,0.0,0.0,0.0,0.0,2.0738672767841204,130.1382981729474,102.89808790772128,90.90807803316255,26.96732263762135,1.1592480884611258,0.06417638843976832,0.547493484767807,0.0,0.0,1.0,,,,,0.0012133664453208277,0.009563856092264263,0.003589924207043682,22963.539784705423,10583.857539905779,23116.526169224177,10609.963461253421,23480.47414644285,4.3707068624693015,0.0,0.0,0.0,0.0,0.0,0.0,2.147943549674942,130.0627336754359,102.88813077051631,90.92094840018041,27.390095685173506,1.1689758295639654,0.06780553152495707,0.5425566877025757,0.0,0.0,1.0,,0.8614232209737828,,0.18146766959317812,0.001185644140833564,0.008440882930218855,0.003439561046875428,28297.965433751117,13674.675807687003,28469.20102287391,13711.552778937295,28954.469169621672,4.461715607300221,0.0,345.0,0.0,2.5390760987927767,0.0,15.678004881586205,2.2754502187647074,129.93184527068382,102.87237408987565,90.94027726801642,28.042793705635557,1.185784406453462,0.07400573489767565,0.5348571065492035,0.0,345.0,1.0
p06,young_weak,150.0,1.0478820943736213,1.0001391086506923,B,0.8093198194937997,10.844611945162763,0.8093198194937997,10.844611945162763,True,0.824917602446833,10.814302596631096,44,0.0004975025212430317,2.671536815890274e-05,1800,0.08333333333333333,136.46297394484282,0.9967583971308366,0.9990280791915749,0.0304077401520387,0.01580186036086518,0.004427039273749135,0.0033158310297761577,0.0035004353445386993,33249.583828716015,6746.7226641344505,33360.92767734068,6837.982679259526,33616.155067774875,4.5265480384211,7248.0,37553.0,3.860278099752235,4.57465620193694,12.884098726725126,20.615528128088304,0.5082870018156257,131.5381768922243,102.9519233628404,90.2067939319674,21.934469451155433,1.0667396974898107,0.028058457160661812,0.5242772070757534,7248.0,37553.0,1.0,,0.9967862061929297,,0.014340344168260038,0.004360990495070277,0.004781951109488177,0.0029806431345479056,22538.29626930057,7789.140542436353,22655.15445500457,7890.861228194632,22922.141174984572,4.360255182974579,0.0,9799.0,0.0,3.9912260756924947,0.0,16.973506473629435,1.4367458370344708,130.72342475626135,102.9191791352817,90.65426465221321,25.16005058731211,1.115935924719982,0.047639258813540544,0.5625840107117617,0.0,9799.0,1.0,,,,,0.00429676634525788,0.0061942438021686565,0.002951212392889216,17726.64635864879,7821.9889625366695,17839.527488682736,7924.573418936608,18101.05310353912,4.2577038424797555,0.0,0.0,0.0,0.0,0.0,0.0,2.034683718997507,130.18310669512388,102.90388832625698,90.91082330955031,26.58569372705461,1.1530451217963338,0.061846302753268856,0.5522847884987976,0.0,0.0,1.0,,,,,0.0043287316475016544,0.006142448351771759,0.003353107916016798,20677.382658459548,9188.73156876469,20809.762473213166,9307.440242511451,21119.301655785785,4.324679553442599,0.0,0.0,0.0,0.0,0.0,0.0,2.079237586593034,130.13800857695662,102.89722897083122,90.9195950182432,26.858722337420197,1.158781818017931,0.06400167224415824,0.5492537209511902,0.0,0.0,1.0,,,,,0.004289755274585256,0.006098316058767782,0.003565954322565859,22968.362603504484,10478.321337619784,23116.526169224177,10609.963461253421,23468.757335277765,4.370490094425201,0.0,0.0,0.0,0.0,0.0,0.0,2.1536383256204576,130.0622176431574,102.88721792226794,90.93297254945323,27.285866750173387,1.1685557464475234,0.0676494354249105,0.544263954629044,0.0,0.0,1.0,,0.9827586206896551,,0.022326674500587545,0.0042863055179534785,0.006074071164755673,0.00413953072138476,28285.093776748006,13549.017504678477,28469.20102287391,13711.552778937295,28920.639181679566,4.461207887170515,0.0,472.0,0.0,2.6748611407378116,0.0,15.84297951775486,2.281581227932582,129.93102295743194,102.87139215104901,90.95310383388635,27.94477226794991,1.1854470077895436,0.07388214478491821,0.5364886400544489,0.0,472.0,1.0
p07,young_weak,97.70841590128839,1.891897378728962,1.891897378728962,truth,,,,,,0.9125106710940599,6.863391185456458,,,,,,,1.0,1.0,0.0,0.0,0.0,0.0,0.0,14670.527025493886,165.3502736981479,14670.527025493886,165.3502736981479,14676.68652181503,4.166628018269425,6638.0,17510.0,3.82210266864692,4.243310948029823,11.575836902790225,15.937377450509228,0.28844787325884874,131.80360578651286,102.96650782791457,90.20858993960717,14.953651213095167,1.0417749357776227,0.017773904465064248,0.5043069254658294,6638.0,17510.0,1.0,,,,,0.0,0.0,0.0,5086.769992303352,331.53346026024167,5086.769992303352,331.53346026024167,5093.488868834435,3.7070153614006096,0.0,0.0,0.0,0.0,0.0,0.0,0.9976595602868128,131.19621070746422,102.98272283638951,90.59071894421466,18.586942255154398,1.0779352897492132,0.03259269021216097,0.6225178290924827,0.0,0.0,1.0,,,,,0.0,0.0,0.0,2519.1545318152685,413.76412927259463,2519.1545318152685,413.76412927259463,2526.2970049143805,3.402484407190366,0.0,0.0,0.0,0.0,0.0,0.0,1.638283997761695,130.61338517924244,103.0361513469168,90.87176079075262,20.226278561311226,1.117419209884901,0.04821613317350911,0.6213388864077996,0.0,0.0,1.0,,,,,0.0,0.0,0.0,3978.1685612496144,650.7411162600364,3978.1685612496144,650.7411162600364,3989.7241630185376,3.600942870969965,0.0,0.0,0.0,0.0,0.0,0.0,1.6900437399309953,130.56452628168395,103.0244804796073,90.89166347520914,20.49486376010646,1.1198113991616303,0.049144884098237085,0.620082073790999,0.0,0.0,1.0,,,,,0.0,0.0,0.0,6978.584031866501,1216.25264976046,6978.584031866501,1216.25264976046,7000.0450491464735,3.84510083494751,0.0,0.0,0.0,0.0,0.0,0.0,1.7918783521362136,130.46724915585605,103.00234441285603,90.9281688328956,20.977616320265263,1.1249936738831852,0.05115008030929312,0.6181640889172555,0.0,0.0,1.0,,1.0,,0.0,0.0,0.0,0.0,16145.343087980915,3381.021145309742,16145.343087980915,3381.021145309742,16203.045403217273,4.20959664895692,0.0,11881.0,0.0,4.074889548040669,0.0,16.76305461424021,2.0114813982490944,130.25663159036307,102.9600217201359,91.00255959469811,21.93986117933641,1.138209334108916,0.05622214280399993,0.6146367353648131,0.0,11881.0,1.0
p07,young_weak,30.0,0.5808805806370714,1.891897378728962,A,2.569736865887197,7.523922358146638,0.9999050000000002,7.523922358146638,True,1.0,7.6281764474927165,150,0.05187940234835602,0.048032044332467445,360,0.08333333333333333,130.01986350119114,0.6783474365355898,0.7631123512167556,2.2001204907205834,2.281483227063872,0.015735922674990004,0.2753563671092752,0.21554470617172755,10048.326503462053,106.56115152983179,14670.527025493886,165.3502736981479,10056.133888821727,4.002431046975969,3407.0,10803.0,3.5324995860946626,4.033584575515413,9.273618495495704,13.490737563232042,0.05883262182020348,131.9632842357657,102.99481969466734,90.04567706737075,14.184547159817049,1.0112022457290641,0.004838025442520039,0.46979787380714766,3407.0,10803.0,1.0,,,,,0.016015630717453162,0.33604315125688383,0.07180862122803647,3254.5868906589085,207.50626232091275,5086.769992303352,331.53346026024167,3264.1515971978583,3.5137703205161444,0.0,0.0,0.0,0.0,0.0,0.0,0.5502887856233372,131.55325616672914,103.04866895598279,90.31759884719692,18.3339136249435,1.0445449181862354,0.018927120525969714,0.6045687262916983,0.0,0.0,1.0,,,,,0.016233999084058755,0.3354831615945586,0.02912042250509364,1621.4394396355199,260.7332548071475,2519.1545318152685,413.76412927259463,1632.3583120909511,3.2128154950328405,0.0,0.0,0.0,0.0,0.0,0.0,0.9196303936863721,131.22209728933646,103.09234030829045,90.48172679103294,20.058961422503724,1.0669592263037855,0.02814782323926012,0.5963750645771071,0.0,0.0,1.0,,,,,0.01672628316101079,0.3306071896445665,0.04229508345543251,2580.9864348614747,411.13777130059145,3978.1685612496144,650.7411162600364,2598.6503962229517,3.414747856567618,0.0,0.0,0.0,0.0,0.0,0.0,0.9609537371951916,131.18348811346598,103.08216612434059,90.49998915207124,20.3149780413185,1.0694760712809457,0.029171072005348346,0.5960608360301775,0.0,0.0,1.0,,,,,0.017295355739204123,0.3196055413595287,0.06113339112646127,4604.702949841111,768.3585734226031,6978.584031866501,1216.25264976046,4637.441890531633,3.6662784807299333,0.0,0.0,0.0,0.0,0.0,0.0,1.035692219805019,131.1129298662524,103.06342028338209,90.53079451733545,20.75877663368058,1.0735450835290554,0.03082028735332624,0.5952607938906507,0.0,0.0,1.0,,0.2783654542819881,,2.800585123676486,0.01809037514125779,0.2886880439735535,0.0891499407380687,11148.091862158502,2162.7156956123654,16145.343087980915,3381.021145309742,11235.938893973505,4.050609368649665,0.0,1921.0,0.0,3.2837533833325265,0.0,14.560219778561036,1.1912265173891885,130.96492768970657,103.02530648888096,90.58907173571265,21.619769601508864,1.0816799374667097,0.03409877467546894,0.5932158871091672,0.0,1921.0,1.0
p07,young_weak,30.0,0.5808805806370714,1.891897378728962,B,2.569736865887197,7.523922358146638,0.9999050000000002,7.523922358146638,True,0.999999999999999,9.17613227003502,150,0.24358656061606831,0.014832664019828634,360,0.08333333333333333,121.86305929720402,0.9457807414463761,0.9543496045814017,0.4830786175051796,0.5833664203311963,0.09406326944504734,0.1275910289561429,0.07797787780470028,17411.35540869592,882.5889917042374,14670.527025493886,165.3502736981479,17474.678128048352,4.242409185075809,5959.0,19160.0,3.7752462597402365,4.282418170877648,11.090536506409418,16.30950643030009,0.0616995665002729,131.9462776714004,102.99278744289477,90.02947417405393,16.94642004899853,1.0116229743294618,0.005018683771627804,0.5082760760386557,5959.0,19160.0,1.0,,,,,0.09820168091432659,0.26996049748433576,0.048856752924561694,7498.52111424733,1565.1659123723011,5086.769992303352,331.53346026024167,7588.046675315997,3.880129993641221,0.0,0.0,0.0,0.0,0.0,0.0,0.5761373743467723,131.48863458407735,103.0504025695792,90.26057487694952,21.63561063351219,1.0412710689567457,0.017563801967383882,0.5775861982808292,0.0,0.0,1.0,,,,,0.10017366279443547,0.5477252263967923,0.05923931259575249,4639.412576932288,1961.7271896169932,2519.1545318152685,413.76412927259463,4749.10620370965,3.6766118817675997,0.0,0.0,0.0,0.0,0.0,0.0,1.0992461096779,131.01123314622532,103.11595582591974,90.46608622051482,24.61623551365442,1.0675313980536805,0.028380657281065293,0.5490504997895828,0.0,0.0,1.0,,,,,0.10429318862211236,0.5468219429282649,0.08542401738493183,7347.3701773325,3040.2068368563914,3978.1685612496144,650.7411162600364,7522.718768388489,3.876374826325369,0.0,0.0,0.0,0.0,0.0,0.0,1.1245815564586814,130.98470085423412,103.10686907730039,90.4716251923414,24.8118701192427,1.0708514048220408,0.02972921075425793,0.5481905953588335,0.0,0.0,1.0,,,,,0.10885491311354262,0.5598553134639165,0.1386949675210539,12938.890691501974,5391.525147700609,6978.584031866501,1216.25264976046,13254.148648085677,4.1223518369870344,0.0,0.0,0.0,0.0,0.0,0.0,1.1715315373334372,130.9347482106498,103.08973297181531,90.47924186171724,25.18188309218519,1.0775552440897271,0.0324395448079894,0.5461552085106606,0.0,0.0,1.0,,0.8614726461951202,,0.7385774696915001,0.11613291689468715,0.5970639313674754,0.2640318745979182,30095.240710927035,13350.520036285785,16145.343087980915,3381.021145309742,30868.169648783347,4.489510878429283,0.0,15889.0,0.0,4.201123897207379,0.0,17.72004514666935,1.2729546782872478,130.82376053016085,103.05060535294074,90.48405931539395,25.97226609074214,1.0942530248507778,0.03911775580988155,0.5410298149453535,0.0,15889.0,1.0
p07,young_weak,60.0,1.1617611612741428,1.891897378728962,A,1.614236467265352,7.238696951802182,0.9999050000000002,7.238696951802182,True,1.0,7.270896870620879,150,0.026976392928780197,0.026245449866711085,720,0.08333333333333333,210.32833628356457,0.8533425462083262,0.8870173208326713,1.1101701238134212,1.173674915562465,0.008598274432685588,0.13942108107372703,0.1046656426700785,12271.539811986413,129.27318437703116,14670.527025493886,165.3502736981479,12278.930285037,4.089160533617747,4940.0,13955.0,3.6938148538894167,4.144760960776074,10.488088481701515,14.730919862656235,0.14383967566840877,131.90673295019835,102.9853637126705,90.10852137490328,14.53936025624162,1.023768111052189,0.010201597757929193,0.48603628161354184,4940.0,13955.0,1.0,,,,,0.008761217003152875,0.1741149325126131,0.03445795881716529,4108.787512126731,255.9113808700988,5086.769992303352,331.53346026024167,4117.400141421438,3.6146230751021355,0.0,0.0,0.0,0.0,0.0,0.0,0.7275556488019345,131.41616371498577,103.02521444458684,90.4334012530999,18.40672262319872,1.0582337519986764,0.024581609088889147,0.6127951878994555,0.0,0.0,1.0,,,,,0.008879627616901009,0.1754447512523271,0.013877869885714544,2033.4262481030544,320.62369975130406,2519.1545318152685,413.76412927259463,2042.9771098576637,3.310263500691088,0.0,0.0,0.0,0.0,0.0,0.0,1.205672566866716,130.98361350451225,103.07532788296321,90.6441510229235,20.059233368856567,1.0868044548036369,0.036151409919456666,0.6080438381801989,0.0,0.0,1.0,,,,,0.009147314791573215,0.1725444699793343,0.020027600764129766,3223.849915842987,505.4002671660559,3978.1685612496144,650.7411162600364,3239.300459090645,3.5104512325650603,0.0,0.0,0.0,0.0,0.0,0.0,1.251714188361862,130.94031137298555,103.06435625154931,90.66310383501315,20.323741608688337,1.089311239914856,0.03715198486620451,0.6072431194600372,0.0,0.0,1.0,,,,,0.009468287632042396,0.16693473203803788,0.02871605363597532,5698.360816685009,945.730862951615,6978.584031866501,1216.25264976046,5726.995727922705,3.757926859149598,0.0,0.0,0.0,0.0,0.0,0.0,1.338838896512422,130.85733612082979,103.04373728557981,90.69634467033531,20.790306375786944,1.0939657881448435,0.03900374041401439,0.6058978458392438,0.0,0.0,1.0,,0.7464654990504326,,0.9101030097792062,0.00990861859675224,0.1500702560546856,0.043319286363960874,13478.518561141316,2656.853607337678,16145.343087980915,3381.021145309742,13555.338633734335,4.132110371413016,0.0,7075.0,0.0,3.8497878242376853,0.0,15.620499351813308,1.525239693001593,130.67858093719062,103.00274469622578,90.76170876862105,21.70976110320626,1.1046428481673325,0.043221885132198566,0.6031927084597128,0.0,7075.0,1.0
p07,young_weak,60.0,1.1617611612741428,1.891897378728962,B,1.614236467265352,7.238696951802182,0.9999050000000002,7.238696951802182,True,0.9999999999996435,7.8988464583246385,150,0.07732148397827099,0.0032284402928653977,720,0.08333333333333333,207.46270541101694,0.9768875192604006,0.9803800661472055,0.2063253012048193,0.25241066364152015,0.040585417452234596,0.05427474817749676,0.040000845867313534,15685.45308821185,357.17059746608135,14670.527025493886,165.3502736981479,15706.868773398099,4.196089615340803,6342.0,18168.0,3.802294711397464,4.259331024917654,11.40175425099138,16.06237840420901,0.1325113209276848,131.90296438685994,102.98118324729329,90.08825683981486,15.702110631538233,1.0188633770024997,0.00811595182592407,0.5047681091721316,6342.0,18168.0,1.0,,,,,0.042067381652968784,0.10105394654628636,0.01935299798486849,5903.094845226593,667.6437421476386,5086.769992303352,331.53346026024167,5930.18392554105,3.7730681632814353,0.0,0.0,0.0,0.0,0.0,0.0,0.7104383320568609,131.4002045644882,103.02431978555404,90.37996921878694,19.720496580743287,1.0521600564545444,0.022081810490359875,0.6028212644876284,0.0,0.0,1.0,,,,,0.04272273021529615,0.1742347591253283,0.02215318565680589,3168.621217538293,834.1747912850775,2519.1545318152685,413.76412927259463,3200.109474503176,3.505164835619717,0.0,0.0,0.0,0.0,0.0,0.0,1.3079771689861168,130.86279436051908,103.09509641749769,90.63915904085042,22.004260138607194,1.0859826875100722,0.03582290188379114,0.5903346991966079,0.0,0.0,1.0,,,,,0.044229942217390454,0.1747978835121664,0.03206381709253944,5014.711365748574,1301.6084846369017,3978.1685612496144,650.7411162600364,5065.4414166252245,3.7046172969720086,0.0,0.0,0.0,0.0,0.0,0.0,1.3464172942409882,130.82585559024656,103.08570870140619,90.65335936036705,22.24639879273198,1.088688518587877,0.03690364283367308,0.5890669398197407,0.0,0.0,1.0,,,,,0.045722947426287124,0.18075818519619183,0.051385935456619194,8823.31604498939,2368.7639998143995,6978.584031866501,1216.25264976046,8916.328086489426,3.9501860404643736,0.0,0.0,0.0,0.0,0.0,0.0,1.4191588673022797,130.7552932973168,103.0684027846893,90.67826113996377,22.692698317102625,1.0940469496451395,0.03903595959732072,0.5866668729128718,0.0,0.0,1.0,,0.9428616776446314,,0.3164284719050361,0.04810833285561738,0.1999226930564571,0.11179930034592658,20585.790688987116,6254.978505881269,16145.343087980915,3381.021145309742,20826.866218318064,4.318623927341925,0.0,13321.0,0.0,4.12456942932084,0.0,17.11724276862369,1.5672612542319633,130.60974608822053,103.03403752829189,90.72273324710187,23.611434241676985,1.106964692757981,0.044133769040496554,0.5812382555725016,0.0,13321.0,1.0
p07,young_weak,100.0,1.936268602123571,1.891897378728962,A,0.8819237204256599,6.8399196953018855,0.8819237204256599,6.8399196953018855,True,0.8716126081336313,6.853664026695954,65,0.002192806327092759,0.0011501703630913368,1200,0.08333333333333333,139.3359106257558,0.991032071743426,0.9961876916903144,0.08138238573021182,0.04774688398849473,0.0003769768501055736,0.007552254710568663,0.0071612336348776395,14571.24737609494,165.85489730447978,14670.527025493886,165.3502736981479,14577.270159927326,4.163676202618399,6520.0,17377.0,3.8143142002074595,4.239999792886872,11.575836902790225,15.905973720586866,0.2960633073500856,131.79875555727804,102.96595910317306,90.21446532021709,14.96231323703166,1.0427425215008848,0.01817708378994242,0.5045882304099135,6520.0,17377.0,1.0,,,,,0.0003729902347080997,0.005397876498565184,0.0014504792284667778,5064.528763883277,332.1516685864188,5086.769992303352,331.53346026024167,5071.089509995676,3.705101276364106,0.0,0.0,0.0,0.0,0.0,0.0,1.0134570798107294,131.184603539088,102.98182230440645,90.60157579367322,18.595750061434426,1.079013573114536,0.03302690778918467,0.6229151163706679,0.0,0.0,1.0,,,,,0.00037244506519105774,0.00483809931685173,0.0005373828061854685,2510.9755407657644,414.48524570290647,2519.1545318152685,413.76412927259463,2517.943043438735,3.4010459020228248,0.0,0.0,0.0,0.0,0.0,0.0,1.662146549326705,130.59405318588796,103.03503969158955,90.88589893743033,20.239183699628235,1.118961483509957,0.04881513765705549,0.6218555842613573,0.0,0.0,1.0,,,,,0.00038019193493586966,0.004446391879370153,0.0007394440577878914,3966.5770930184613,652.0551682684559,3978.1685612496144,650.7411162600364,3977.8524625360988,3.5996486712231355,0.0,0.0,0.0,0.0,0.0,0.0,1.7139575723762546,130.5451209854769,103.02335255906368,90.90577716409246,20.507228456630955,1.1213365460224913,0.049735976684905335,0.6205875327967805,0.0,0.0,1.0,,,,,0.0003683935117152987,0.0049335956297480695,0.0012279833391866946,6952.320882110118,1216.8614779104569,6978.584031866501,1216.25264976046,6973.237409588897,3.8434344513685823,0.0,0.0,0.0,0.0,0.0,0.0,1.8156846254592074,130.44786956901316,103.00121032569747,90.94212542659949,20.98787112574486,1.126499647305499,0.051731060087102536,0.6186569043196051,0.0,0.0,1.0,,0.9941584828987471,,0.030274361400189215,0.00038039301598183687,0.0035975951625569604,0.0015686559597351546,16103.597496721866,3382.951148381108,16145.343087980915,3381.021145309742,16159.888382441686,4.208438356744442,0.0,11743.0,0.0,4.069816042571995,0.0,16.76305461424021,2.035596878213302,130.23674647492484,102.95868732196759,91.01630946051661,21.94795465975844,1.139747321921903,0.05680858040819069,0.6151137860015289,0.0,11743.0,1.0
p07,young_weak,100.0,1.936268602123571,1.891897378728962,B,0.8819237204256599,6.8399196953018855,0.8819237204256599,6.8399196953018855,True,0.8960343290475514,6.829735292370871,57,0.00011049179008471022,3.592088483772571e-06,1200,0.08333333333333333,125.428356513381,0.999322340185227,0.9991720199857245,0.005904059040590406,0.010510223581119816,0.0009888071525249434,0.001566297066679108,0.0023388374293070724,14656.81531681428,163.29810324607757,14670.527025493886,165.3502736981479,14662.69397337172,4.166213770460858,6643.0,17515.0,3.8224296237793567,4.243434936520088,11.575836902790225,15.937377450509228,0.29851397358074955,131.79713838872442,102.9657034200356,90.21629032270629,14.946658817152931,1.0431526916839169,0.018347883021180993,0.5046746458184019,6643.0,17515.0,1.0,,,,,0.0010032104150435703,0.002098845789495027,0.0005979954046836794,5081.224621981515,327.86769931302905,5086.769992303352,331.53346026024167,5087.601598619417,3.7065130951137104,0.0,0.0,0.0,0.0,0.0,0.0,1.0161534125945002,131.18279746030186,102.98068439111205,90.60363455359318,18.57039353460252,1.0794221685116785,0.033191333094981346,0.6232515942115905,0.0,0.0,1.0,,,,,0.0010044126678984034,0.0028148678317448206,0.0004203510439330857,2514.1890530064547,409.1688176188635,2519.1545318152685,413.76412927259463,2520.9419818477195,3.4015628507326414,0.0,0.0,0.0,0.0,0.0,0.0,1.6618185549806908,130.59495017970312,103.03329677796718,90.88677349799079,20.197398901865654,1.1191898350025034,0.04890375703919561,0.6223422583002196,0.0,0.0,1.0,,,,,0.001021770363820333,0.0027774385250795546,0.0006134762018958698,3970.789796611656,643.8984617687331,3978.1685612496144,650.7411162600364,3981.7184489091483,3.600070547402049,0.0,0.0,0.0,0.0,0.0,0.0,1.7139939630403414,130.54567685784667,103.02151827483105,90.90678358354367,20.466520918176993,1.121563586463521,0.049823900716489865,0.6210778601194541,0.0,0.0,1.0,,,,,0.0010804806033618995,0.0028843621157112237,0.0011139165209498453,6956.3814571032335,1202.6136880238364,6978.584031866501,1216.25264976046,6976.657397650648,3.8436473966264035,0.0,0.0,0.0,0.0,0.0,0.0,1.8165108554972793,130.44768669599983,102.99919511146805,90.94341636964704,20.948915536283582,1.1267306551583416,0.051820110403892346,0.6191640828414732,0.0,0.0,1.0,,0.9986111695635705,,0.0073147711184521,0.0010869122444631335,0.003055550424358839,0.0025869271832782287,16095.784226441374,3347.882789437247,16145.343087980915,3381.021145309742,16150.374841022754,4.208182606512237,0.0,11880.0,0.0,4.074852995881248,0.0,16.76305461424021,2.0383028706562976,130.23484900543423,102.95639315470659,91.01834129934552,21.911834651662005,1.1400081281451013,0.05690794782417547,0.6156682055266544,0.0,11880.0,1.0
p07,young_weak,150.0,2.904402903185357,1.891897378728962,A,0.4274143836151087,6.306085258372597,0.42741438361510864,6.306085258372597,True,0.29593223987996553,6.66950722188551,70,0.04940461065861903,0.024775943322539337,1800,0.08333333333333333,219.1326061487198,0.7802278574053657,0.9025039957378796,1.5313892468266814,1.0738682173898195,0.008124999798336302,0.15209096128995275,0.1259239927576944,12493.453849800278,172.278479428228,14670.527025493886,165.3502736981479,12497.025662749285,4.0968066616510725,4246.0,14399.0,3.6280822609906793,4.158362492095249,10.344080432788601,15.066519173319364,0.4557117752636074,131.7082002935383,102.96195821805946,90.34796404447812,15.042071075883863,1.0632144786429245,0.026620882110666027,0.5067530982222014,4246.0,14399.0,1.0,,,,,0.008018823898991768,0.13972298667636177,0.03471148453161063,4456.632957010205,338.42538366959883,5086.769992303352,331.53346026024167,4460.398801340149,3.6493736904337664,0.0,0.0,0.0,0.0,0.0,0.0,1.3614650288874282,130.94265584962847,102.9735553688045,90.85726953406702,18.772019647029843,1.101402343144249,0.04194599607257008,0.6307835001666512,0.0,0.0,1.0,,,,,0.007973074289196566,0.13318810215899865,0.013846907732659147,2256.458254718175,421.2530881808529,2519.1545318152685,413.76412927259463,2260.3647720358726,3.3541785301646816,0.0,0.0,0.0,0.0,0.0,0.0,2.1860929616232805,130.18086031001968,103.01723828796793,91.21220298078543,20.53369337621904,1.1504806220002777,0.060879308072698445,0.6318313960078407,0.0,0.0,1.0,,,,,0.008070340600730972,0.12810345001268467,0.01990084672362845,3577.5764170332486,660.5952718943694,3978.1685612496144,650.7411162600364,3583.903977040493,3.5543563651641654,0.0,0.0,0.0,0.0,0.0,0.0,2.2366156088513613,130.1325060030672,103.00552608396366,91.23080665239245,20.785868722892356,1.1523821315589957,0.06159651563970884,0.6303819934991333,0.0,0.0,1.0,,,,,0.008095215726192553,0.11844813244969428,0.028396179181712333,6321.75636636834,1224.7675676741394,6978.584031866501,1216.25264976046,6333.522924430132,3.8016453468333924,0.0,0.0,0.0,0.0,0.0,0.0,2.3360875581768497,130.03537611173977,102.98270231272066,91.26382706378709,21.23605477001488,1.15711063325427,0.06337488454796834,0.628139381461864,0.0,0.0,1.0,,0.8101151727591387,,0.7465991360973024,0.008226636166341679,0.09544118471100713,0.04114392470342629,14918.534021184794,3371.807685678588,16145.343087980915,3381.021145309742,14950.465241183962,4.174654707612629,0.0,8089.0,0.0,3.9079485216122722,0.0,16.0312195418814,2.55299569151969,129.8213259296118,102.9360144589464,91.32931265941171,22.135232193546535,1.170416095048228,0.06834028538534187,0.6242668875749289,0.0,8089.0,1.0
p07,young_weak,150.0,2.904402903185357,1.891897378728962,B,0.4274143836151087,6.306085258372597,0.42741438361510864,6.306085258372597,True,0.538076393136125,6.260991019556481,52,0.030807008633224497,0.0015799436496757302,1800,0.08333333333333333,161.57222240418196,0.989279782575872,0.9836821870995301,0.09682187730968218,0.20687022900763358,0.014859688452608887,0.03049475343210722,0.034787614838791336,14579.270938866057,155.36678088751614,14670.527025493886,165.3502736981479,14581.616304037994,4.163805666164349,6608.0,17605.0,3.82013575187043,4.245660697520259,11.704699910719626,16.1245154965971,0.5371505712308483,131.6518234233666,102.95418405132254,90.40645381841516,14.93355234699117,1.0744195698287942,0.031173910114171807,0.5133718504931493,6608.0,17605.0,1.0,,,,,0.015004650057795024,0.04058814350800024,0.012916093810328412,5054.656949254756,316.2185343222516,5086.769992303352,331.53346026024167,5056.938759800318,3.7038876943005623,0.0,0.0,0.0,0.0,0.0,0.0,1.453161578352837,130.87340688797673,102.94656445087043,90.91630299291874,18.481253215182036,1.1119646614809529,0.046090985476534035,0.6371610477388151,0.0,0.0,1.0,,,,,0.014985191452089479,0.046486720220419546,0.0055719350501243665,2491.4749977484125,393.6606509234287,2519.1545318152685,413.76412927259463,2493.698604667306,3.396843962278182,0.0,0.0,0.0,0.0,0.0,0.0,2.246039018056348,130.1418245398357,102.98207337667861,91.26156801879686,20.036225374872217,1.1577752642743995,0.06362426668190715,0.6398219646606099,0.0,0.0,1.0,,,,,0.015199269042967525,0.04559774021096046,0.008590838999459505,3933.1810139171293,619.4655792641156,3978.1685612496144,650.7411162600364,3936.7842816175175,3.5951416180236864,0.0,0.0,0.0,0.0,0.0,0.0,2.302936210743079,130.0871000927588,102.96868528665085,91.2819315599345,20.30597847271471,1.1595742260126576,0.06429855367771825,0.6383165278884148,0.0,0.0,1.0,,,,,0.015248048246673529,0.04503072366658211,0.014926229606902873,6883.308929111276,1158.7856242140376,6978.584031866501,1216.25264976046,6890.017465766458,3.8382203228185663,0.0,0.0,0.0,0.0,0.0,0.0,2.4163910667321753,129.97620786849808,102.9425927532729,91.31905860517158,20.788070980784802,1.164346799740428,0.0660823538373705,0.6361260361250053,0.0,0.0,1.0,,0.9758612019109881,,0.1281025761675097,0.015225206561544658,0.04601319462228235,0.035363291969473604,15882.770489803,3230.2889820056644,16145.343087980915,3381.021145309742,15901.051615628201,4.201425847324338,0.0,11981.0,0.0,4.078529315254346,0.0,16.881943016134134,2.6646698692402784,129.73254541247664,102.89105589525158,91.3954377046636,21.746480859505684,1.1783712941269302,0.07128215427405107,0.6324937390639169,0.0,11981.0,1.0
p08,young_strong,133.28046979382634,1.0776964022928202,1.0776964022928202,truth,,,,,,0.7050242338329553,8.238710600429489,,,,,,,1.0,1.0,0.0,0.0,0.0,0.0,0.0,13247.305676952425,1004.0411041093957,13247.305676952425,1004.0411041093957,13270.26112762901,4.122879468845789,3210.0,13947.0,3.5066403055665023,4.144511938703939,9.433981132056603,14.798648586948742,0.1919879082650396,131.86060626275457,102.97628979627619,90.12987135625731,16.224576699074216,1.0260933372255328,0.011186867596756979,0.5055669905836427,3210.0,13947.0,1.0,,,,,0.0,0.0,0.0,1161.478066316319,1034.3779678291935,1161.478066316319,1034.3779678291935,1183.179631084601,3.0730506844982135,0.0,0.0,0.0,0.0,0.0,0.0,2.8537507441456977,130.19175501903945,103.09063902814891,92.20588484856289,26.628185425794214,1.1345324966283805,0.054816939977906744,0.5612403937425986,0.0,0.0,1.0,,,,,0.0,0.0,0.0,965.3731249404883,943.9069698445851,965.3731249404883,943.9069698445851,986.8668773872811,2.9942585728161824,0.0,0.0,0.0,0.0,0.0,0.0,3.0609866132421266,130.11441635146437,103.12112026997767,92.40822408239414,27.723531587193484,1.1376800546454762,0.05602014427486548,0.5422764811112248,0.0,0.0,1.0,,,,,0.0,0.0,0.0,1178.0843202545996,1097.8089224110906,1178.0843202545996,1097.8089224110906,1204.3347078871045,3.0807472025257283,0.0,0.0,0.0,0.0,0.0,0.0,3.0615038587663905,130.1080379761717,103.1205421509668,92.40390415105787,27.776834636903725,1.1390349408681681,0.056537046637035966,0.5422653602842846,0.0,0.0,1.0,,,,,0.0,0.0,0.0,1322.4235979358123,1180.8682612272264,1322.4235979358123,1180.8682612272264,1351.9107624132969,3.1309480254291766,0.0,0.0,0.0,0.0,0.0,0.0,3.0633581733459496,130.09632243262175,103.11997175875688,92.39703604369376,27.86194990371097,1.1414082464376496,0.05744100591175586,0.5417798930111585,0.0,0.0,1.0,,,,,0.0,0.0,0.0,1704.63029589972,1461.5320865391743,1704.63029589972,1461.5320865391743,1742.6459571933242,3.2412091630965887,0.0,0.0,0.0,0.0,0.0,0.0,3.0676192674353175,130.07511822236495,103.11924904335667,92.38556026495401,27.995476417508222,1.145470357111971,0.05898385484425278,0.540534249574388,0.0,0.0,1.0
p08,young_strong,30.0,0.24257786695078257,1.0776964022928202,A,1.2945549784185335,8.887566984692612,0.9999050000000002,8.887566984692612,True,1.0,8.752777408670932,150,0.05171387311401775,0.042695273483860145,360,0.08333333333333333,123.91959891468287,0.9282996780801873,0.9496294624384005,0.49406370963738394,0.5692425059813739,0.011687803023902198,0.09880274316328021,0.1456142725663928,12300.271181855382,807.746052785816,13247.305676952425,1004.0411041093957,12328.124035574521,4.090896995250806,3624.0,12636.0,3.5593080109070123,4.1016439854903135,9.433981132056603,14.212670403551895,0.04038243697830122,131.96791189659848,102.99588282606452,90.02416906525261,15.664161600103624,1.0082319407530491,0.0035604517542517544,0.4882076679714594,3624.0,12636.0,1.0,,,,,0.011294552725843413,0.23754069809916212,0.01579307508847718,949.1614755595795,838.1889908651913,1161.478066316319,1034.3779678291935,976.2893494314136,2.9895785515168884,0.0,0.0,0.0,0.0,0.0,0.0,1.8488657450706467,131.23653218341545,103.19181564535363,91.67291009756437,26.734463983488794,1.0936308860684572,0.038870766976448624,0.5191206579727147,0.0,0.0,1.0,,,,,0.01101063931804228,0.23270785060701113,0.012455740014302642,785.7643359948961,768.9783732242472,965.3731249404883,943.9069698445851,812.6425272026378,2.9098995460806703,0.0,0.0,0.0,0.0,0.0,0.0,1.9618813250907794,131.27689274427718,103.21846696755057,91.81062597312372,27.917403110054252,1.096391855602869,0.03996580078220927,0.4964162932871962,0.0,0.0,1.0,,,,,0.011164357228679775,0.22776692941379753,0.0128983577659057,959.5532244567169,897.2540557955916,1178.0843202545996,1097.8089224110906,992.3824429161508,2.996679072194203,0.0,0.0,0.0,0.0,0.0,0.0,1.96257195146059,131.26550642965924,103.21717549598442,91.80694290549863,27.969708290203105,1.0972549098565256,0.04030753284699519,0.4973260450166737,0.0,0.0,1.0,,,,,0.011132753558636558,0.22244856244705308,0.011755392302748018,1077.494255993481,967.5731911553416,1322.4235979358123,1180.8682612272264,1114.351876177753,3.0470223486045915,0.0,0.0,0.0,0.0,0.0,0.0,1.9644182726677364,131.24654543419064,103.21567862285697,91.8013128820098,28.052217076494827,1.0994031505954873,0.04115697720336492,0.49824069263897675,0.0,0.0,1.0,,,,,0.011192541597079556,0.2159906953857191,0.012352493183436192,1391.0774426809025,1201.5155523810965,1704.63029589972,1461.5320865391743,1438.6053380695903,3.1579416674550123,0.0,0.0,0.0,0.0,0.0,0.0,1.9683022958265621,131.21496531210724,103.21387967064443,91.79225833881343,28.180465699191583,1.1035147720066936,0.04277815114339577,0.49897660489459406,0.0,0.0,1.0
p08,young_strong,30.0,0.24257786695078257,1.0776964022928202,B,1.2945549784185335,8.887566984692612,0.9999050000000002,8.887566984692612,True,0.8758688857067252,9.539344362072596,96,0.020300745050298108,0.009346634178740043,360,0.08333333333333333,77.3623183965683,0.9364881693648817,0.974322243311965,0.45879458794587946,0.3063747433354598,0.0458839963113044,0.05414896188605383,0.061270835087185116,14051.325373452008,1492.3517877744343,13247.305676952425,1004.0411041093957,14109.748745478713,4.149519280272868,3214.0,13976.0,3.5071809772602407,4.145413965167883,9.055385138137417,14.696938456699069,0.05156687368082979,131.95255539645188,102.99573373662821,90.01974717833563,16.98505028739407,1.0120309954865747,0.0051938138502659855,0.5020699190757852,3214.0,13976.0,1.0,,,,,0.04552806360980619,0.3968671484538094,0.01688741343396614,1686.5471520263243,1549.5995719729895,1161.478066316319,1034.3779678291935,1745.3878313026942,3.241891943776621,0.0,0.0,0.0,0.0,0.0,0.0,1.5811211410983022,131.27879598820778,103.1646471901358,91.39739047477188,27.643701253108667,1.0902963148714166,0.03754454420202093,0.5041925526830481,0.0,0.0,1.0,,,,,0.04471577155539792,0.4348945983292086,0.016431345769761234,1462.3383361729666,1435.8172155683874,965.3731249404883,943.9069698445851,1520.6063917943382,3.1820168116901115,0.0,0.0,0.0,0.0,0.0,0.0,1.6190756197243912,131.32541335532028,103.1806097593943,91.46072544854165,28.527963200443008,1.0923376041736121,0.03835688467803855,0.4844257526623615,0.0,0.0,1.0,,,,,0.04551288518378209,0.45226371827215534,0.01954642907369946,1783.2447013803037,1682.9487391469354,1178.0843202545996,1097.8089224110906,1854.3320639832673,3.2681875079326965,0.0,0.0,0.0,0.0,0.0,0.0,1.6201162468179038,131.31185132571792,103.17863061187926,91.45578815759258,28.581231542345297,1.0938361542313457,0.038952273878333075,0.4854252219373195,0.0,0.0,1.0,,,,,0.045329955336168445,0.4646986245025092,0.020942408584347465,1997.8096371843544,1819.026053312715,1322.4235979358123,1180.8682612272264,2077.456333798306,3.3175319040856346,0.0,0.0,0.0,0.0,0.0,0.0,1.6229621602531927,131.28899771720296,103.17600509296702,91.44827626325946,28.664794223361817,1.096416985865194,0.0399757550783163,0.4865088099506059,0.0,0.0,1.0,,,,,0.0455320126625447,0.4738761785745518,0.02564370296815144,2569.232779679348,2258.3734583754185,1704.63029589972,1461.5320865391743,2671.551000450197,3.4267634693677653,0.0,0.0,0.0,0.0,0.0,0.0,1.6294727963765905,131.25027954704942,103.17234919618487,91.4364527806835,28.79443094610449,1.100818313332292,0.0417156459214167,0.487535310055771,0.0,0.0,1.0
p08,young_strong,60.0,0.48515573390156513,1.0776964022928202,A,1.081310676115184,8.704078784998625,0.9999050000000002,8.704078784998625,True,0.9999999999999996,8.550355778172348,150,0.044302188608737206,0.02841638270896039,720,0.08333333333333333,208.52379135787487,0.8681541582150102,0.9826564841909928,0.9017802420162824,0.20642713679982147,0.0077744316222619755,0.08623771689357398,0.1353331671784992,13360.45364778552,898.8303533921684,13247.305676952425,1004.0411041093957,13387.920162175718,4.126713113811978,4185.0,14075.0,3.6217992240026677,4.148479258163154,9.9498743710662,14.7648230602334,0.07957981768093839,131.94088380628463,102.99071656086977,90.05245989687994,15.824696344821055,1.0131256056928675,0.005663291833790844,0.4944374843403996,4185.0,14075.0,1.0,,,,,0.007488751032338727,0.13759929504660284,0.009425469444573183,1052.9358728727632,930.0391133127845,1161.478066316319,1034.3779678291935,1079.3974672664415,3.0331813946875985,0.0,0.0,0.0,0.0,0.0,0.0,2.141056386137834,130.93052880253265,103.17303545677552,91.84673022856828,26.651036128426778,1.1046277638174724,0.0432159546229419,0.5334922501980829,0.0,0.0,1.0,,,,,0.00729082130226678,0.13593097738250254,0.00774445398138781,870.0977428317642,850.9767885693807,965.3731249404883,943.9069698445851,896.3102933158879,2.9524583839323735,0.0,0.0,0.0,0.0,0.0,0.0,2.283370023554895,130.93519990053463,103.20289612303573,92.00967971973265,27.82165928288781,1.106759479599805,0.04405325047944191,0.5117435406057679,0.0,0.0,1.0,,,,,0.007361355739256967,0.13321596860290752,0.007885067294361711,1062.2391641844742,991.4068889278856,1178.0843202545996,1097.8089224110906,1094.2511552056449,3.0391170137719437,0.0,0.0,0.0,0.0,0.0,0.0,2.28433766744014,130.9252431121917,103.20179837094966,92.00558560736673,27.87426895947686,1.1082877435385095,0.04465253043505946,0.512287187761506,0.0,0.0,1.0,,,,,0.007301594290169343,0.13007825872526624,0.007397816072359349,1192.2977440131237,1067.5685526727166,1322.4235979358123,1180.8682612272264,1228.229378115669,3.089279481094459,0.0,0.0,0.0,0.0,0.0,0.0,2.286734077077804,130.9082697456957,103.20054256273947,91.9992649828463,27.957606743675594,1.1108952604439803,0.04567311388638207,0.5126704388455544,0.0,0.0,1.0,,,,,0.0072856113004234205,0.12584845353227947,0.0077559087618044795,1538.2782603242779,1323.7088743706788,1704.63029589972,1461.5320865391743,1584.5918986697905,3.199917431237166,0.0,0.0,0.0,0.0,0.0,0.0,2.2916199950584173,130.87936294880308,103.19898474163226,91.98899468924222,28.087749833548383,1.115251148399915,0.04737267911696233,0.5126903009461445,0.0,0.0,1.0
p08,young_strong,60.0,0.48515573390156513,1.0776964022928202,B,1.081310676115184,8.704078784998625,0.9999050000000002,8.704078784998625,True,0.8341897253766738,9.094601125188275,133,0.04162687039779411,0.004141074386301291,720,0.08333333333333333,183.93823137134314,0.9581973581973582,0.9832378223495702,0.3050951503990178,0.1992842764482219,0.02920318762512448,0.034932016084487635,0.03835976909912664,13731.268081270959,1289.8466365809245,13247.305676952425,1004.0411041093957,13775.314550539966,4.139101524475119,3225.0,13973.0,3.508664363052943,4.145320738918325,9.16515138991168,14.730919862656235,0.07995838389864962,131.93464191325785,102.99070565608707,90.0451140645954,16.68091315269518,1.0139472503776377,0.0060153618357688685,0.5028255775907137,3225.0,13973.0,1.0,,,,,0.028916282503315807,0.2419981499229104,0.011218852516831992,1468.894834022634,1335.7002925731342,1161.478066316319,1034.3779678291935,1512.5094728998731,3.1796981033345952,0.0,0.0,0.0,0.0,0.0,0.0,1.8936450143060197,131.03517145169798,103.15865203150985,91.62167408732003,27.282737426322665,1.0986530646506611,0.04086057149983771,0.5201836096983463,0.0,0.0,1.0,,,,,0.02836702308720562,0.26498052208462103,0.010917963528751726,1256.1389131984267,1231.5657429615296,965.3731249404883,943.9069698445851,1299.3337136811754,3.113720707190938,0.0,0.0,0.0,0.0,0.0,0.0,1.9677439004884776,131.06114868959145,103.18013482366898,91.71992026563893,28.238133562703155,1.1006845182484946,0.041662857920568376,0.49997505501254813,0.0,0.0,1.0,,,,,0.02883066779280769,0.27540420961093615,0.012992797618239717,1532.3004073335787,1439.9785980385968,1178.0843202545996,1097.8089224110906,1585.0174087927824,3.2000340365860236,0.0,0.0,0.0,0.0,0.0,0.0,1.9689739409698306,131.04961101120028,103.17857750612072,91.7151469979259,28.290881868986904,1.1022738105793495,0.04228948893771973,0.5006734072442048,0.0,0.0,1.0,,,,,0.028640607663661676,0.28265715949330555,0.013908600545514758,1717.650670688762,1553.7883450448196,1322.4235979358123,1180.8682612272264,1776.7532730283892,3.249627124146467,0.0,0.0,0.0,0.0,0.0,0.0,1.9720002248505069,131.02992673292928,103.17656485369214,91.70779612242383,28.374091475035105,1.104968672466982,0.04334996529028245,0.5013004543501104,0.0,0.0,1.0,,,,,0.028670896190390004,0.28817836255797746,0.017087461210573945,2211.1597300450608,1927.3942917871655,1704.63029589972,1461.5320865391743,2287.1755989351145,3.3592995090409254,0.0,0.0,0.0,0.0,0.0,0.0,1.978432072283362,130.99624531989878,103.17377285869638,91.69601680427843,28.503777739315517,1.1094879203238446,0.0451225781631093,0.5016820032111137,0.0,0.0,1.0
p08,young_strong,100.0,0.8085928898359419,1.0776964022928202,A,0.8542464750904788,8.453234584832988,0.8542464750904788,8.453234584832988,True,0.9046260500726699,8.334944049081003,65,0.023578047830245023,0.011992219470065851,1200,0.08333333333333333,139.79816541820765,0.8611670020120724,0.9620611160929847,0.972029800843928,0.45537857298712636,0.0033293816383710285,0.07673643435384375,0.08393220325110862,13972.609122622069,994.0992377674211,13247.305676952425,1004.0411041093957,13998.343757187215,4.146076654273584,4245.0,15047.0,3.62797998982998,4.177478782542322,10.099504938362077,15.165750888103101,0.14068084307027848,131.89728143445578,102.982510237381,90.09452038987982,16.0536598424022,1.0203408691107176,0.008745282392650294,0.5018341918736342,4245.0,15047.0,1.0,,,,,0.0031802610104426205,0.03665280183746361,0.002476323078153944,1157.215950782367,1025.2711312868894,1161.478066316319,1034.3779678291935,1181.6945163190476,3.072505220179812,0.0,0.0,0.0,0.0,0.0,0.0,2.5486287185905496,130.5102066972819,103.13231474333666,92.0636174716009,26.60020345434208,1.121236519283126,0.04969723452604324,0.5505503858051174,0.0,0.0,1.0,,,,,0.003073598002080914,0.03740692063427136,0.0021112944919789156,957.4480467928068,935.9287798055484,965.3731249404883,943.9069698445851,981.6923513930922,2.991975407312487,0.0,0.0,0.0,0.0,0.0,0.0,2.730637697840144,130.46686895274664,103.16387494519216,92.25367176650722,27.736127236819023,1.1238821765584632,0.05072078387304206,0.5303128610798604,0.0,0.0,1.0,,,,,0.003064588270619986,0.037322353356751825,0.0023106446585452987,1168.5348328624498,1088.8856961433753,1178.0843202545996,1097.8089224110906,1198.141976096687,3.0785082836476025,0.0,0.0,0.0,0.0,0.0,0.0,2.7313520788521046,130.45895497316386,103.16305461764945,92.24919487718972,27.789280893703715,1.125350064851213,0.051287640300190944,0.5304920222039232,0.0,0.0,1.0,,,,,0.0029925683528753064,0.036773831155239405,0.0024955001966322637,1311.0354673743668,1170.9704025907836,1322.4235979358123,1180.8682612272264,1344.265510827507,3.128485056291379,0.0,0.0,0.0,0.0,0.0,0.0,2.7334879636460685,130.44493337121418,103.16215537268991,92.24219309216276,27.873793376850042,1.1278692302493847,0.05225874869577526,0.5303184483953967,0.0,0.0,1.0,,,,,0.0029210616203822547,0.03564650864168201,0.0030707409720283282,1690.333010733785,1449.840598458642,1704.63029589972,1461.5320865391743,1733.1590124632176,3.2388384098387197,0.0,0.0,0.0,0.0,0.0,0.0,2.7381539977205867,130.42021548819207,103.16099909173433,92.23066077742577,28.006348306867213,1.132119960852077,0.053892447678932275,0.5295451486709913,0.0,0.0,1.0
p08,young_strong,100.0,0.8085928898359419,1.0776964022928202,B,0.8542464750904788,8.453234584832988,0.8542464750904788,8.453234584832988,True,0.7678323857473109,8.592178529708024,55,0.01747242780650826,0.0007208088179111449,1200,0.08333333333333333,118.00765411555767,0.9843337986660462,0.9928310273137859,0.11425061425061425,0.08476850816372176,0.011427254928596376,0.01414218252882983,0.015195856813205788,13422.75702185674,1103.9624050436514,13247.305676952425,1004.0411041093957,13453.417391869849,4.128832616376766,3237.0,13951.0,3.510276844417355,4.144636467588492,9.273618495495704,14.7648230602334,0.13505885351777663,131.89850148549743,102.98307044781997,90.08747762988497,16.388752803253954,1.0195232659567834,0.008397141012986088,0.5041612286823794,3237.0,13951.0,1.0,,,,,0.01128906197399122,0.08972964671161562,0.0046283822731329645,1269.0522409582554,1139.5280915199512,1161.478066316319,1034.3779678291935,1298.6763932763688,3.1135009462054235,0.0,0.0,0.0,0.0,0.0,0.0,2.3890565689075527,130.60835356649253,103.13100184791733,91.93745967942264,26.889126042676796,1.1158738074397412,0.04761508364156448,0.5426122843599875,0.0,0.0,1.0,,,,,0.011062446277444758,0.0982029274370989,0.004504289593706301,1067.1501375747016,1044.4451510554122,965.3731249404883,943.9069698445851,1096.4917476436565,3.040005367462416,0.0,0.0,0.0,0.0,0.0,0.0,2.5286425843236846,130.58637681561294,103.15879177478725,92.09057120999942,27.92940329334198,1.1183235101815967,0.04856745503780993,0.5227067894685091,0.0,0.0,1.0,,,,,0.01122110674244734,0.10204491330945997,0.005361598368361906,1302.1754544344947,1217.5567438412188,1178.0843202545996,1097.8089224110906,1338.0013308099622,3.126456545392294,0.0,0.0,0.0,0.0,0.0,0.0,2.529747865592847,130.5776367042156,103.15778579798696,92.08605142799273,27.98217715201465,1.1198568299175133,0.04916250307084672,0.5230036853170704,0.0,0.0,1.0,,,,,0.011101076902952542,0.10442552629202867,0.005732859140417539,1460.4969842777662,1311.0752374339907,1322.4235979358123,1180.8682612272264,1500.6944697594226,3.1762922821140367,0.0,0.0,0.0,0.0,0.0,0.0,2.532517083912567,130.56229932394717,103.15658151481608,92.07897613637198,28.06593948681736,1.122469317578363,0.05017447850518057,0.5230074964320928,0.0,0.0,1.0,,,,,0.011068528853110389,0.10648325673005754,0.007075318858616217,1881.9635084513352,1624.4490713819696,1704.63029589972,1461.5320865391743,1933.7399018083163,3.286398058782213,0.0,0.0,0.0,0.0,0.0,0.0,2.5382936323412983,130.53543422123457,103.15494005111508,92.06735948112902,28.197173056127834,1.1268586760212247,0.05186945280502036,0.5224856616993725,0.0,0.0,1.0
p08,young_strong,150.0,1.212889334753913,1.0776964022928202,A,0.6411929424839728,8.128801219101023,0.6411929424839728,8.128801219101023,True,0.6161846947238149,8.195377101846635,66,0.012054118435009056,0.005769111895743964,1800,0.08333333333333333,205.21656983345747,0.9228187919463087,0.9774926686217009,0.5412573726130222,0.26385104450499547,0.001623459763309824,0.03461826296412263,0.034084880676948925,12887.100494516157,1005.2077197996476,13247.305676952425,1004.0411041093957,12908.700181659127,4.110882513966434,2750.0,13333.0,3.4394905903896835,4.124960450789545,9.055385138137417,14.594519519326424,0.21790586854038985,131.8423255644825,102.97342137729211,90.14803822730475,16.29539230617322,1.028899862283899,0.01237310909308288,0.5069527930970005,2750.0,13333.0,1.0,,,,,0.001557185614432069,0.016126639194790265,0.0010741123395152756,1159.4337428850815,1034.451166393472,1161.478066316319,1034.3779678291935,1179.7978120515593,3.071807586429827,0.0,0.0,0.0,0.0,0.0,0.0,3.002766406878955,130.03992915405334,103.0690438097693,92.273754895648,26.64349964028733,1.1412505742879953,0.05738100908346783,0.5659735392486744,0.0,0.0,1.0,,,,,0.0015073121412656815,0.016595013928025995,0.000998573738941952,965.8488841778047,944.1654463496594,965.3731249404883,943.9069698445851,986.0200220023678,2.993885733761556,0.0,0.0,0.0,0.0,0.0,0.0,3.222372527909604,129.94671366350929,103.09859432693555,92.48152757141709,27.7210446406412,1.1446737703849748,0.05868173129692652,0.547599503228252,0.0,0.0,1.0,,,,,0.0015031463464997726,0.016703880763266395,0.0011801530504166567,1178.7598658781674,1098.3580713426752,1178.0843202545996,1097.8089224110906,1203.399061085809,3.080409668311187,0.0,0.0,0.0,0.0,0.0,0.0,3.222735156701684,129.9410304776698,103.09813515318999,92.47730415735832,27.774476918686783,1.1459670077311164,0.05917211451917602,0.5475158848212728,0.0,0.0,1.0,,,,,0.0014538822650515383,0.016597021928070423,0.001300148069807383,1322.471472399205,1180.9426097353369,1322.4235979358123,1180.8682612272264,1350.138155181312,3.130378210689808,0.0,0.0,0.0,0.0,0.0,0.0,3.2243426618960505,129.93041162729992,103.09773154921528,92.47055421174997,27.859683533863514,1.1482520605237054,0.06003723342657956,0.546910075684816,0.0,0.0,1.0,,,,,0.0014214403582897084,0.01623323017533602,0.0015930549534173208,1705.031929463502,1461.8583106900962,1704.63029589972,1461.5320865391743,1740.717779112613,3.240728365080935,0.0,0.0,0.0,0.0,0.0,0.0,3.2282314173063544,129.91084604930398,103.09723508201338,92.45915822850033,27.993754402356227,1.1522091569747341,0.06153132238139085,0.5454737938931168,0.0,0.0,1.0
p08,young_strong,150.0,1.212889334753913,1.0776964022928202,B,0.6411929424839728,8.128801219101023,0.6411929424839728,8.128801219101023,True,0.6715099385847372,8.080168086670483,50,0.003191479237816708,0.00014709401306833847,1800,0.08333333333333333,155.1497025564313,0.9925233644859813,0.9968071748878924,0.05507955936352509,0.03758389261744966,0.004735074147706775,0.006250300822593287,0.0065605497112153355,13182.665745606042,968.731134608978,13247.305676952425,1004.0411041093957,13202.603680007955,4.120659586687216,3210.0,13928.0,3.5066403055665023,4.143919938385837,9.433981132056603,14.866068747318506,0.22366109405861892,131.83957503645257,102.9728733150756,90.15346745267749,16.16485753266462,1.0298046406748866,0.012754844584782075,0.5063738788698394,3210.0,13928.0,1.0,,,,,0.004656540130834601,0.03538035776084101,0.002057242534816022,1123.2054290519993,996.4138610890409,1161.478066316319,1034.3779678291935,1141.8468905091822,3.057607873555277,0.0,0.0,0.0,0.0,0.0,0.0,3.097042011196301,129.9718287557647,103.06553810030657,92.33963573672914,26.517735876305704,1.1450906199449309,0.05883985714291945,0.570221817500571,0.0,0.0,1.0,,,,,0.0045498120978013055,0.03852848859142196,0.001969257022194904,929.0971548523804,907.7306244373077,965.3731249404883,943.9069698445851,947.5613009811809,2.976607315544266,0.0,0.0,0.0,0.0,0.0,0.0,3.341154821979588,129.8630406652316,103.09618973609429,92.56660629638708,27.63453541344766,1.1487437719074618,0.06022316980565458,0.551903619470564,0.0,0.0,1.0,,,,,0.0046007859553268285,0.039797355867414536,0.0023403715070540905,1133.9676399335603,1054.985395272351,1178.0843202545996,1097.8089224110906,1156.5232127828087,3.063154353995797,0.0,0.0,0.0,0.0,0.0,0.0,3.3412363132369545,129.85781671756072,103.09580985416241,92.56236831021154,27.68828464327749,1.149976633090895,0.06068901581205956,0.5517523736040975,0.0,0.0,1.0,,,,,0.004570120530329223,0.04112244630911673,0.0025352242899444287,1272.3419027984987,1133.5766540578634,1322.4235979358123,1180.8682612272264,1297.6719280664295,3.1131649098453416,0.0,0.0,0.0,0.0,0.0,0.0,3.342411812614801,129.8479088893457,103.09553712073188,92.55560036686332,27.77405723634669,1.152176825576065,0.061519135752812565,0.5510444548107815,0.0,0.0,1.0,,,,,0.004522298366953944,0.04167683855548621,0.0031293637667657442,1640.6891910221957,1402.6810426584814,1704.63029589972,1461.5320865391743,1673.3682286670526,3.223591519014717,0.0,0.0,0.0,0.0,0.0,0.0,3.345604351754303,129.8294632329667,103.09524900532972,92.54416317252209,27.909083759503282,1.1560157391567896,0.0629637470450735,0.5494629761455279,0.0,0.0,1.0
p09,young_strong,65.39948900230229,0.8949696257398514,0.8949696257398514,truth,,,,,,0.6989410251379014,6.149136469562769,,,,,,,1.0,1.0,0.0,0.0,0.0,0.0,0.0,4851.632203017307,106.86938788254125,4851.632203017307,106.86938788254125,4851.933900813833,3.685914875725585,1026.0,4954.0,3.0115704435972783,3.695043658821294,6.4031242374328485,10.44030650891055,0.15518308534502692,131.93989887994323,103.00297448572162,90.14304124503029,11.958634681030771,1.038859999625184,0.01655702447058835,0.4154650677612702,1026.0,4954.0,1.0,,,,,0.0,0.0,0.0,219.8948597064637,38.61690992224733,219.8948597064637,38.61690992224733,219.9973334215442,2.3424174167888996,0.0,0.0,0.0,0.0,0.0,0.0,0.7945457866514094,131.5817337091459,102.85894318077288,90.66065065713295,15.321067672878165,1.1016596982055622,0.04204746201536134,0.51044637961886,0.0,0.0,1.0,,,,,0.0,0.0,0.0,17.42611732517155,9.702612359834108,17.42611732517155,9.702612359834108,17.454864340390216,1.2419164778165457,0.0,0.0,0.0,0.0,0.0,0.0,2.096124962380324,130.75377958174306,102.53561240414089,91.62019094178606,20.056086909978458,1.1643444967870848,0.06608149484852086,0.5769591245292877,0.0,0.0,1.0,,,,,0.0,0.0,0.0,24.524332759761755,12.858856602594448,24.524332759761755,12.858856602594448,24.564793290207337,1.3903131139501803,0.0,0.0,0.0,0.0,0.0,0.0,2.1130373034986585,130.74492397724373,102.54108759877866,91.63679877537969,20.180031139344816,1.163982650489956,0.06594650707277881,0.576812871272418,0.0,0.0,1.0,,,,,0.0,0.0,0.0,7.400156107971346,3.7283974920999206,7.400156107971346,3.7283974920999206,7.412366036169394,0.8699568574309167,0.0,0.0,0.0,0.0,0.0,0.0,2.1388583281713536,130.7299600733716,102.54792595651006,91.66052479414199,20.372220903907436,1.1635695542797562,0.06579234906411975,0.5762319014058823,0.0,0.0,1.0,,,,,0.0,0.0,0.0,2.3264255793204356,1.1447874644960605,2.3264255793204356,1.1447874644960605,2.3302642569571757,0.3674051737430758,0.0,0.0,0.0,0.0,0.0,0.0,2.1773692312678885,130.7049843067544,102.55545284126616,91.69299998440088,20.664927407515805,1.163349432803985,0.06571018243684,0.5749550905516058,0.0,0.0,1.0
p09,young_strong,30.0,0.4105397332882886,0.8949696257398514,A,0.9542536447938799,6.514305319628979,0.9542536447938799,6.514305319628979,True,0.999999999999999,6.362040106847359,150,0.03259716925157128,0.019423401310787385,360,0.08333333333333333,120.07923787087202,0.7808219178082192,0.9480432494498134,1.0826821149722952,0.44263736263736264,0.005620228008854702,0.13039105715239868,0.1618215688976401,5263.7615306121725,98.86459454521514,4851.632203017307,106.86938788254125,5264.234625062045,3.7213352373876214,1602.0,5497.0,3.204933522354145,3.7402047355074495,7.280109889280518,10.770329614269007,0.06383835061838376,131.97498698483702,103.00070818024673,90.05872974172317,11.713261740897826,1.0174778255310641,0.0075249531754532735,0.4048406828907535,1602.0,5497.0,1.0,,,,,0.004388453830332992,0.09409903906734349,0.003432121713092283,229.25943613301328,36.01455269503576,219.8948597064637,38.61690992224733,229.42013287308598,2.3606315269568166,0.0,0.0,0.0,0.0,0.0,0.0,0.5334660466009137,131.7917488636202,102.90931580331905,90.48269437902762,14.988538476920764,1.0752802987671117,0.03152168875412291,0.49656443191303035,0.0,0.0,1.0,,,,,0.0034479303361369907,0.11046394297462102,0.00012155528184517065,17.226518059463704,9.072904559983304,17.42611732517155,9.702612359834108,17.271601286844504,1.2373326037980388,0.0,0.0,0.0,0.0,0.0,0.0,1.4522930735312187,131.3814735256435,102.71294935275317,91.28225664274436,19.72636374115949,1.1300634580190367,0.05310283170792698,0.5507617851432819,0.0,0.0,1.0,,,,,0.003530674795092533,0.10595537670734895,0.00015091142200351882,24.245532435450883,12.044355779738142,24.524332759761755,12.858856602594448,24.308991021365745,1.3857669332182014,0.0,0.0,0.0,0.0,0.0,0.0,1.4721721132391352,131.37005101823226,102.71775166505621,91.30030415241598,19.853988559391297,1.1306348187632518,0.05332235576049118,0.5515037660726784,0.0,0.0,1.0,,,,,0.0028084675635751725,0.09996765191491598,3.97072848802549e-05,7.317011399607759,3.4987647670818487,7.400156107971346,3.7283974920999206,7.336164070811449,0.8654690356187873,0.0,0.0,0.0,0.0,0.0,0.0,1.501817345755934,131.35138471239534,102.72368975938892,91.32604909397517,20.050927025068386,1.131454824830446,0.05363721872511071,0.5521839813037139,0.0,0.0,1.0,,,,,0.0022292626778493713,0.0920234427462345,1.0853681392668837e-05,2.2981546388511838,1.075859365018644,2.3264255793204356,1.1447874644960605,2.3041704551330686,0.3625146036511178,0.0,0.0,0.0,0.0,0.0,0.0,1.5447440684637246,131.32128916646172,102.73005699708042,91.36114533267627,20.348866119937142,1.1327272860760178,0.05412536228291527,0.5525803488262678,0.0,0.0,1.0
p09,young_strong,30.0,0.4105397332882886,0.8949696257398514,B,0.9542536447938799,6.514305319628979,0.9542536447938799,6.514305319628979,True,0.8045405985755341,6.668767726507275,59,0.06362294018743886,0.004003324776281403,360,0.08333333333333333,47.55238480865955,0.958171206225681,0.9857991741363682,0.20383036935704515,0.1187983614019117,0.013979813400355917,0.03371829301417468,0.034716869229185376,5003.423720575473,135.8959073473443,4851.632203017307,106.86938788254125,5004.2296419404065,3.6993372310651798,1030.0,4975.0,3.0132586652835167,3.696880371682762,6.324555320336759,10.44030650891055,0.058916851978339506,131.97418223781557,102.99946680944137,90.052956154606,12.183603754479117,1.0152807670873403,0.006586159229588249,0.41780072921406214,1030.0,4975.0,1.0,,,,,0.01114133666123328,0.05071795199886689,0.0010269457555443563,235.29976988780794,48.21541535461917,219.8948597064637,38.61690992224733,235.57348511862946,2.3721264070204486,0.0,0.0,0.0,0.0,0.0,0.0,0.5593034869580994,131.78129791473066,102.89958463710141,90.50488270253226,15.847611349563211,1.0725355475272782,0.030411695112336257,0.5068832202274329,0.0,0.0,1.0,,,,,0.008532952355899152,0.17830783862927427,0.0002522421792614841,20.26206324361376,12.219489920025532,17.42611732517155,9.702612359834108,20.338852384504634,1.3083264443026617,0.0,0.0,0.0,0.0,0.0,0.0,1.4208458891749356,131.43660923619979,102.7281575170732,91.27573333911367,20.711072880495667,1.1185566631173929,0.04865798919787017,0.555472704728216,0.0,0.0,1.0,,,,,0.008867216390048989,0.17545923702176414,0.00032185260823698635,28.51791340435111,16.255727136832522,24.524332759761755,12.858856602594448,28.625999572102888,1.4567606604508017,0.0,0.0,0.0,0.0,0.0,0.0,1.4373820226223941,131.42609125110076,102.73339145572984,91.29058735117663,20.82809414634057,1.1193261211399934,0.04895663878648229,0.5558664636074371,0.0,0.0,1.0,,,,,0.0067643815998569366,0.17128945231262824,8.421895870794159e-05,8.60637486417369,4.71742827467541,7.400156107971346,3.7283974920999206,8.63899636946236,0.9364632914925586,0.0,0.0,0.0,0.0,0.0,0.0,1.4621747603292217,131.40873386124875,102.73992813030235,91.31176293799679,21.00917739050461,1.1205211467005207,0.04942005704125932,0.5560262936372855,0.0,0.0,1.0,,,,,0.005147876954294372,0.1655517665051737,2.3852679110839057e-05,2.7031257840647878,1.44440603647647,2.3264255793204356,1.1447874644960605,2.713372063333881,0.4335093492256116,0.0,0.0,0.0,0.0,0.0,0.0,1.4983701217779173,131.38043784954633,102.74706466971006,91.34062652601428,21.28410152132888,1.1224689126985,0.050174321853128374,0.5556790813368612,0.0,0.0,1.0
p09,young_strong,60.0,0.8210794665765772,0.8949696257398514,A,0.7319654018766825,6.206224585340286,0.7319654018766824,6.206224585340286,True,0.7492743493677516,6.176692009516284,55,0.004943529821008044,0.0028500289598460504,720,0.08333333333333333,75.57374958693981,0.9464944649446494,0.986656044612627,0.266754270696452,0.1109107303877367,0.000824684751960558,0.02346051648630311,0.022875094663949547,4946.300697144159,106.17849317996203,4851.632203017307,106.86938788254125,4946.625245535888,3.6943090096241855,1142.0,5088.0,3.0580462303952816,3.7066324508732946,6.557438524302,10.488088481701515,0.1408554510986923,131.94525932516336,103.00251204318432,90.12975903152261,11.928441634460844,1.035629767882417,0.015204525193956318,0.4142576466276805,1142.0,5088.0,1.0,,,,,0.0006436111467826,0.019869340708462083,0.0005721847626989768,222.89262437324408,38.40827096059042,219.8948597064637,38.61690992224733,223.00287177193022,2.348310455813506,0.0,0.0,0.0,0.0,0.0,0.0,0.7523040161141687,131.61409749191392,102.86605582591724,90.63174325888265,15.268359383440046,1.0974928598295655,0.04040170345018929,0.5085148384275094,0.0,0.0,1.0,,,,,0.000505787793657767,0.018077074247449327,2.0816358203344047e-05,17.502983873787677,9.652432318440113,17.42611732517155,9.702612359834108,17.53391389788266,1.2438788695750966,0.0,0.0,0.0,0.0,0.0,0.0,1.995238736376947,130.8462234645298,102.55924067542425,91.56700623455588,20.00129701595347,1.1589448867528978,0.06406278372182996,0.5733508753293398,0.0,0.0,1.0,,,,,0.0005116397485259548,0.017893727505818705,2.708944307610499e-05,24.634741707164963,12.797832546534902,24.524332759761755,12.858856602594448,24.678278707266657,1.3923148646802601,0.0,0.0,0.0,0.0,0.0,0.0,2.01264064111749,130.83696609906855,102.564615344459,91.58382912502626,20.125878521692446,1.1587254496499466,0.06398054569019583,0.573310212403862,0.0,0.0,1.0,,,,,0.0004029039847624968,0.017450870794535136,7.454065916085958e-06,7.434502304412017,3.712392719512136,7.400156107971346,3.7283974920999206,7.447642454212539,0.8720188189010788,0.0,0.0,0.0,0.0,0.0,0.0,2.0391244754796545,130.82142444693125,102.57131502377726,91.60786115176957,20.318921225058606,1.1585017195031033,0.0638966827269052,0.5728840996186229,0.0,0.0,1.0,,,,,0.00031720111576751724,0.016132837557882897,2.096122274717249e-06,2.3350625959034446,1.1393466376169468,2.3264255793204356,1.1447874644960605,2.3391899071643527,0.3690654814438555,0.0,0.0,0.0,0.0,0.0,0.0,2.0784202037901065,130.7956836010062,102.5786510038157,91.64070642652852,20.612290555325092,1.1585131905054356,0.0639009829090001,0.5718212358877017,0.0,0.0,1.0
p09,young_strong,60.0,0.8210794665765772,0.8949696257398514,B,0.7319654018766825,6.206224585340286,0.7319654018766824,6.206224585340286,True,0.7164555261117888,6.219171307747335,44,0.0011370475812553238,7.460474337706025e-05,720,0.08333333333333333,60.62731909006834,0.9951314508276533,0.9983864461476402,0.021798365122615803,0.012738853503184714,0.00170057566044458,0.004492896061792235,0.004464960850302346,4868.92546858547,109.46014021824253,4851.632203017307,106.86938788254125,4869.2744943322205,3.687464257604756,1028.0,4962.0,3.012415374762433,3.6957442751973235,6.4031242374328485,10.44030650891055,0.13880283217680858,131.9452924898713,103.00213809114868,90.12754898322629,11.98181790311724,1.0349454185845384,0.014917446379791338,0.41555099966677306,1028.0,4962.0,1.0,,,,,0.0013364525497039134,0.006004449517567853,0.00012249453129687532,221.46849881765758,39.44762549841477,219.8948597064637,38.61690992224733,221.58705976994096,2.3455443948894223,0.0,0.0,0.0,0.0,0.0,0.0,0.7549223857451138,131.61169693380126,102.86398758171501,90.63295273074063,15.371057091472306,1.0967104018237608,0.04009196258471428,0.509671707965122,0.0,0.0,1.0,,,,,0.0010186902692435195,0.018400351321148378,3.0089922181491884e-05,17.68562729989902,9.922083418337031,17.42611732517155,9.702612359834108,17.718889652254582,1.248436503498689,0.0,0.0,0.0,0.0,0.0,0.0,1.9859825818503911,130.85590276685411,102.56137830932256,91.56293932991282,20.124282326609517,1.1566964257286776,0.06321939358431967,0.5738094638888936,0.0,0.0,1.0,,,,,0.0010534687089763142,0.018100125291578846,3.834059158554291e-05,24.89183328680218,13.159153637824057,24.524332759761755,12.858856602594448,24.93865321606022,1.3968729961903774,0.0,0.0,0.0,0.0,0.0,0.0,2.003021400666654,130.84676460693512,102.5668151552658,91.57939664112715,20.24751117978553,1.1565375660736157,0.06315974387145586,0.5737353323167225,0.0,0.0,1.0,,,,,0.0008007872077745271,0.01765898568752125,1.0011106260719309e-05,7.512099036150572,3.816659554089729,7.400156107971346,3.7283974920999206,7.526230010860037,0.8765774867609992,0.0,0.0,0.0,0.0,0.0,0.0,2.028978397462565,130.8313923774316,102.5736008665328,91.60290153809372,20.438530860465864,1.156409385405333,0.06311160774196682,0.5732561034925584,0.0,0.0,1.0,,,,,0.0005932641171749211,0.016627382960836153,2.751986820877544e-06,2.359436266085187,1.1706628542208972,2.3264255793204356,1.1447874644960605,2.3638747919828726,0.37362446942114336,0.0,0.0,0.0,0.0,0.0,0.0,2.0675448221635424,130.8058788381578,102.58104663827999,91.63502119961774,20.728963157326426,1.156567765095895,0.06317108383817402,0.572113440218414,0.0,0.0,1.0
p09,young_strong,100.0,1.3684657776276286,0.8949696257398514,A,0.5269108968310277,5.769918255815815,0.5269108968310277,5.769918255815815,True,0.426984797514505,5.986607628111493,60,0.03094184338160463,0.01731347864666533,1200,0.08333333333333333,128.37970256060362,0.6144496961512491,0.8927134555207867,1.4058416615698273,0.832007738664946,0.00501003755226153,0.13710564347104195,0.1156844003975459,4240.5463070807755,108.80089578547383,4851.632203017307,106.86938788254125,4240.7304155230295,3.6274406651095443,455.0,3994.0,2.6589648426644352,3.60151678365001,5.0990195135927845,9.899494936611665,0.24768687490849822,131.90768966880995,103.00709218283313,90.22973308795248,12.095273794259375,1.0592580995718124,0.025001793499928614,0.4204349895023691,455.0,3994.0,1.0,,,,,0.0039318472883897344,0.1233397093909608,0.0031680935895753645,198.62654058054946,38.75043178825012,219.8948597064637,38.61690992224733,198.6890864381366,2.298174012908187,0.0,0.0,0.0,0.0,0.0,0.0,1.065534766391558,131.3857233151269,102.82385404389638,90.85264359198834,15.616892907859242,1.1279662794849183,0.05229611662203524,0.5206840571490712,0.0,0.0,1.0,,,,,0.003088762506832788,0.10424613468306776,0.000116321909340325,16.617988647492854,9.737217497259019,17.42611732517155,9.702612359834108,16.635536148553143,1.2210368023557794,0.0,0.0,0.0,0.0,0.0,0.0,2.713595924544329,130.21903298088142,102.42378382280592,91.96462063402971,20.359209221610026,1.197570016097246,0.07830091391605268,0.5960018678112036,0.0,0.0,1.0,,,,,0.0031133296939941896,0.10466900880346129,0.00015322258152390147,23.389380878629574,12.905380943904568,24.524332759761755,12.858856602594448,23.41408087986534,1.3694771142155886,0.0,0.0,0.0,0.0,0.0,0.0,2.7278259732489114,130.2124757687941,102.42975422879434,91.98005338907949,20.479937655315567,1.1963865179559638,0.07787151033527481,0.5953824004838778,0.0,0.0,1.0,,,,,0.002444316100099284,0.1032137017750723,4.2612183899053894e-05,7.0587376540919395,3.73819614978558,7.400156107971346,3.7283974920999206,7.06619256139923,0.8491854682550143,0.0,0.0,0.0,0.0,0.0,0.0,2.7499236694553444,130.2008130353833,102.43730055139247,92.00209285117371,20.66782413159188,1.194867486437217,0.0773197436940436,0.594096120846812,0.0,0.0,1.0,,,,,0.001927436903764427,0.10074594693927133,1.2708716528477083e-05,2.217053942478691,1.144210498808559,2.3264255793204356,1.1447874644960605,2.2193955343826555,0.34623470786154914,0.0,0.0,0.0,0.0,0.0,0.0,2.7835068736888946,130.18043068059976,102.44578558776868,92.03222154133002,20.954789447564107,1.1932661446721315,0.07673731900273681,0.5918268117350218,0.0,0.0,1.0
p09,young_strong,100.0,1.3684657776276286,0.8949696257398514,B,0.5269108968310277,5.769918255815815,0.5269108968310277,5.769918255815815,True,0.5789655941792613,5.768812705569097,49,0.022492173298124918,0.002222995856104415,1200,0.08333333333333333,105.20683900266886,0.9610516066212269,0.9912005664003236,0.1956521739130435,0.072992700729927,0.007863363850020276,0.024296925326535088,0.02399606785921915,4787.36053561176,101.3419610639133,4851.632203017307,106.86938788254125,4787.48584338613,3.680107502768141,1028.0,4933.0,3.012415374762433,3.6931991451537174,6.557438524302,10.488088481701515,0.27178074955829506,131.90487997562252,103.01054067613448,90.25437344778794,11.890560466525391,1.0656102852233023,0.02759840363757015,0.4170194492442203,1028.0,4933.0,1.0,,,,,0.006095394344516202,0.029594147770135634,0.0006036008895600707,215.47138530224694,36.69394182938829,219.8948597064637,38.61690992224733,215.51395658071735,2.3334754001103244,0.0,0.0,0.0,0.0,0.0,0.0,1.0678848448448044,131.39752456844008,102.83887096123512,90.86685571410852,15.190095071812703,1.1350077721854899,0.05499883545488042,0.5169029517970662,0.0,0.0,1.0,,,,,0.004636583370062927,0.07866989359802208,0.00014003994000802295,16.801251962219606,9.182772832953052,17.42611732517155,9.702612359834108,16.813195562812783,1.2256502645044198,0.0,0.0,0.0,0.0,0.0,0.0,2.7982371953719793,130.15713722048844,102.42135833097097,92.02463873229706,19.843467391869993,1.2125981359579248,0.08371689628901068,0.5952907288192466,0.0,0.0,1.0,,,,,0.004760985500046096,0.07585135533094577,0.0001778685157955221,23.647074264691913,12.153535165548197,24.524332759761755,12.858856602594448,23.663886222766457,1.3740860685466862,0.0,0.0,0.0,0.0,0.0,0.0,2.8138246953286203,130.15009929106463,102.42702752996486,92.04136702523174,19.96993843570701,1.210903820681748,0.08310964949647938,0.5947541498622805,0.0,0.0,1.0,,,,,0.003613852452547922,0.07242225513543858,4.6185723371076464e-05,7.1364349514913705,3.5222855426754505,7.400156107971346,3.7283974920999206,7.1415091201803165,0.8537899951533742,0.0,0.0,0.0,0.0,0.0,0.0,2.8378781726988604,130.1377607068131,102.43415798508511,92.06529420474384,20.16642248961701,1.2086280339787394,0.08229266343640947,0.5936204198206944,0.0,0.0,1.0,,,,,0.0027342648023384888,0.06869785325386511,1.2504444483486524e-05,2.2414445774982394,1.0807423300398045,2.3264255793204356,1.1447874644960605,2.24303838053901,0.35083670484186075,0.0,0.0,0.0,0.0,0.0,0.0,2.8741387056664047,130.11648939805198,102.44211617389334,92.09805308520251,20.465890462414816,1.2059435300779573,0.08132697185908627,0.5916039489969143,0.0,0.0,1.0
p09,young_strong,150.0,2.052698666441443,0.8949696257398514,A,0.3688496273666763,5.173042917151338,0.3688496273666763,5.173042917151338,True,0.194267785907542,5.772492378368836,69,0.07215776320592689,0.03945425175577736,1800,0.08333333333333333,214.50456601381302,0.06049149338374291,0.7028017805708301,4.221980492349426,1.8434033945315225,0.011418852868953715,0.2976769960133246,0.22978992274719234,3445.251710178215,105.68461425683763,4851.632203017307,106.86938788254125,3445.3360501744355,3.5372315883970877,32.0,2684.0,1.5185139398778875,3.428944290035574,2.449489742783178,8.774964387392123,0.37733785542219034,131.87121852145788,103.01626498957712,90.35430867620364,12.180844637410381,1.087576209909409,0.03645969908274003,0.42214430052565033,32.0,2684.0,1.0,,,,,0.009055616558710929,0.2828118628988434,0.006745141269139358,167.0846005045426,36.96912061130596,219.8948597064637,38.61690992224733,167.11325473916986,2.223010897719753,0.0,0.0,0.0,0.0,0.0,0.0,1.4507247221296904,131.13932743685478,102.80355915956012,91.15119761755078,15.967831581616409,1.1635457390099693,0.06578346008446012,0.5311888382318767,0.0,0.0,1.0,,,,,0.007180393116375152,0.23207277809315824,0.0002504294244997095,14.97713440032839,9.310934057317816,17.42611732517155,9.702612359834108,14.985173540682247,1.1756617767994664,0.0,0.0,0.0,0.0,0.0,0.0,3.5109880210645037,129.60478785586204,102.36643694737906,92.4876883902503,20.7034757899065,1.2381784744082869,0.09278324958242556,0.6148002934206585,0.0,0.0,1.0,,,,,0.007217122002835884,0.2348985401416301,0.00033440478201555827,21.08017588141232,12.349001569406774,24.524332759761755,12.858856602594448,21.091491915035572,1.3241073008182473,0.0,0.0,0.0,0.0,0.0,0.0,3.5224342507488613,129.60081840393798,102.37275440675278,92.5016062211543,20.820776700394816,1.2360854405467439,0.09204849104043582,0.6138668499599274,0.0,0.0,1.0,,,,,0.005741510424446246,0.23432031755724064,9.445360068425764e-05,6.361912454499103,3.573780261257524,7.400156107971346,3.7283974920999206,6.365327861188926,0.8038207779249602,0.0,0.0,0.0,0.0,0.0,0.0,3.54052413272701,129.59286681381087,102.38085543260627,92.52144422167855,21.00397092219183,1.2333096402696613,0.091072126213022,0.6120937730669046,0.0,0.0,1.0,,,,,0.004614892935016303,0.2313334888987762,2.8246795464828312e-05,1.9982043008185506,1.0911799734089818,2.3264255793204356,1.1447874644960605,1.999277086876906,0.3008729886965446,0.0,0.0,0.0,0.0,0.0,0.0,3.5685889839749874,129.57758942395907,102.39018413004419,92.54850523687567,21.284950818150826,1.2300729834395505,0.08993088002861442,0.6090917050067496,0.0,0.0,1.0
p09,young_strong,150.0,2.052698666441443,0.8949696257398514,B,0.3688496273666763,5.173042917151338,0.3688496273666763,5.173042917151338,True,0.4054770775573105,5.3671602906032625,50,0.056010925656103216,0.00895497410757562,1800,0.08333333333333333,155.06434148550034,0.9389946315275745,0.9820286323484618,0.3016304347826087,0.15107256960292104,0.014026671257397925,0.051019191076465666,0.04927727786371172,4778.026018467285,113.91042833375548,4851.632203017307,106.86938788254125,4778.066256787981,3.6792521677574963,1023.0,4895.0,3.010299956639812,3.6898414091375047,6.708203932499369,10.488088481701515,0.4650754329443494,131.85607341533102,103.02662475448864,90.44144242999775,11.946900141075627,1.106116805500737,0.04380099071723656,0.42319951147111984,1023.0,4895.0,1.0,,,,,0.010974518334423639,0.0655660667492101,0.0012549788621839704,218.8869847042403,40.72109669286102,219.8948597064637,38.61690992224733,218.90065593909796,2.3402470629398087,0.0,0.0,0.0,0.0,0.0,0.0,1.5220545080848038,131.1412064079069,102.84079655180022,91.24650621893451,15.38576285963267,1.1833056342319843,0.0730969323852931,0.5298309806550554,0.0,0.0,1.0,,,,,0.008504162006542961,0.17966900138452252,0.00024439801016503575,17.842356233862514,10.189969574588293,17.42611732517155,9.702612359834108,17.84619180674542,1.251545556371791,0.0,0.0,0.0,0.0,0.0,0.0,3.7739352581713286,129.46177803344216,102.39795392339975,92.72718849788609,19.9980972948348,1.2688517838533853,0.10341089458170621,0.6176798038740742,0.0,0.0,1.0,,,,,0.0087062504096346,0.17010494995155878,0.0003099066744804426,25.11217996325851,13.483561900539046,24.524332759761755,12.858856602594448,25.117578997412718,1.3999777768352786,0.0,0.0,0.0,0.0,0.0,0.0,3.786930320022406,129.45723511332974,102.40373772560369,92.74219971554837,20.123469164386055,1.2655549304311502,0.10228100011885176,0.6167172901925255,0.0,0.0,1.0,,,,,0.006761122692438969,0.159660287919662,8.02517420717869e-05,7.578539987842082,3.903611801824067,7.400156107971346,3.7283974920999206,7.580169529578763,0.8796789186844618,0.0,0.0,0.0,0.0,0.0,0.0,3.807234539898732,129.44847474709454,102.41110186928769,92.76368462694772,20.318752158554783,1.2610395309436881,0.10072870100735115,0.6149735495268223,0.0,0.0,1.0,,,,,0.005202234627419947,0.14795735060680035,2.1283566370681622e-05,2.380295852225995,1.195368582902121,2.3264255793204356,1.1447874644960605,2.3808076953907604,0.3767243176209687,0.0,0.0,0.0,0.0,0.0,0.0,3.838275231125159,129.43214772077508,102.41950025685409,92.79311859221119,20.61733062734048,1.2553904441902939,0.09877881855459944,0.6120991724724358,0.0,0.0,1.0
p10,young_strong,88.60910180024803,1.0586287250970206,1.0586287250970206,truth,,,,,,0.797082045301795,11.691967647434009,,,,,,,1.0,1.0,0.0,0.0,0.0,0.0,0.0,40040.539381519106,6640.02252900079,40040.539381519106,6640.02252900079,40703.06214104166,4.609627082958194,11287.0,47183.0,4.052617000746292,4.673794755207723,14.142135623730951,22.090722034374522,0.4195011236236064,131.59234408039572,102.97155562579094,90.09480907925358,22.661095469392055,1.0640524916779057,0.026963053037737796,0.5212063485964353,11287.0,47183.0,1.0,,,,,0.0,0.0,0.0,5130.93201258152,3887.3684135094754,5130.93201258152,3887.3684135094754,5431.904873226668,3.7349521557138137,0.0,0.0,0.0,0.0,0.0,0.0,3.273033521339661,128.81785740681678,102.40245427012222,90.4792244246354,31.97987582421379,1.2336591239766135,0.0911951750725451,0.489269813447567,0.0,0.0,1.0,,,,,0.0,0.0,0.0,2020.1983021889293,1914.6871948275902,2020.1983021889293,1914.6871948275902,2175.0150950574,3.3374622753952004,0.0,0.0,0.0,0.0,0.0,0.0,4.122420774594459,127.99327630084186,102.18798229936425,90.53023154872818,34.344989536653436,1.2717031772576401,0.1043857563423279,0.45382299755605127,0.0,0.0,1.0,,,,,0.0,0.0,0.0,2714.1799350847114,2469.7267326117,2714.1799350847114,2469.7267326117,2922.0389156368733,3.4656859955591988,0.0,0.0,0.0,0.0,0.0,0.0,4.142964965160384,127.97235117707206,102.18565273345527,90.52824444264436,34.43465027393493,1.2752360629517463,0.10559058582704267,0.45348091689244663,0.0,0.0,1.0,,,,,0.0,0.0,0.0,1611.6384532665043,1414.312589591189,1611.6384532665043,1414.312589591189,1734.875440571039,3.239268299060855,0.0,0.0,0.0,0.0,0.0,0.0,4.176001364235907,127.93863318813783,102.18301670117921,90.52614190391239,34.56986745253878,1.280814250822064,0.10748615106220673,0.4521511387819521,0.0,0.0,1.0,,,,,0.0,0.0,0.0,1068.8938535886073,906.0737311011451,1068.8938535886073,906.0737311011451,1150.451617012398,3.060868358853099,0.0,0.0,0.0,0.0,0.0,0.0,4.226007081098196,127.88752935925014,102.18012890871114,90.52395846412796,34.768957843266435,1.2892314279640622,0.11033088389040985,0.4495472973161958,0.0,0.0,1.0
p10,young_strong,30.0,0.3584153445602551,1.0586287250970206,A,1.3634406430916324,12.346469966514224,0.9999050000000002,12.346469966514224,True,0.9999999999999998,12.363807703806126,150,0.03969842865726716,0.039586002223582786,360,0.08333333333333333,121.21896708756685,0.9592986850344396,0.9159189862947603,0.44055307322675563,1.2140557030749686,0.017434526938217402,0.09570778262629444,0.0983605060726368,36435.2905602253,5603.327683419938,40040.539381519106,6640.02252900079,37086.56148315776,4.56921656915724,11071.0,39864.0,4.044226077112683,4.600591768429376,13.638181696985855,20.83266665599966,0.3225050482996502,131.67875240661488,102.99106709520319,90.02701283278216,22.20629545402756,1.059435167676284,0.025074385131818824,0.5157064731323181,11071.0,39864.0,1.0,,,,,0.015488594727244625,0.16931466414772417,0.022331922874397864,4407.653143782255,3306.269912761468,5130.93201258152,3887.3684135094754,4715.683424864346,3.6735446421717093,0.0,0.0,0.0,0.0,0.0,0.0,2.8135055606453343,129.24821379336626,102.45434512906954,90.21388542398297,32.12108581705442,1.2026927104699467,0.08015467871586315,0.47423169680531085,0.0,0.0,1.0,,,,,0.013613794946883967,0.17087078553851884,0.01000247523994443,1724.8610129375127,1634.7623161254126,2020.1983021889293,1914.6871948275902,1884.0289711539751,3.275087576755992,0.0,0.0,0.0,0.0,0.0,0.0,3.5479438563958823,128.53682909385446,102.25590735858536,90.20169041612576,34.61187184797103,1.2315360449469983,0.09044712741547523,0.433653193036828,0.0,0.0,1.0,,,,,0.014129965930285218,0.16730018455813428,0.010633149503103997,2317.1534022331352,2112.2936491226174,2714.1799350847114,2469.7267326117,2530.8150815595704,3.4032604138298583,0.0,0.0,0.0,0.0,0.0,0.0,3.572777373816349,128.51204612848824,102.25246567757803,90.20027079133332,34.70072381470984,1.2348263741915684,0.09160589684143071,0.43379680825755923,0.0,0.0,1.0,,,,,0.012637550155746996,0.1629534379904701,0.005163706180518965,1377.3920252519865,1212.6771381603241,1611.6384532665043,1414.312589591189,1504.208727676318,3.177308104200036,0.0,0.0,0.0,0.0,0.0,0.0,3.6112746667523536,128.4734140940231,102.2483766264816,90.19889411975527,34.83409009722648,1.2400154661522198,0.09342710195471648,0.4331926545791177,0.0,0.0,1.0,,,,,0.011433780047651726,0.158544195771163,0.002626436129916152,914.6186395503952,778.7783891829463,1068.8938535886073,906.0737311011451,998.6550835659527,2.9994155170855734,0.0,0.0,0.0,0.0,0.0,0.0,3.6675619276682774,128.41669505635764,102.2437331005713,90.19747544398881,35.02877522420115,1.2478360524476597,0.09615752910079521,0.43155139579795854,0.0,0.0,1.0
p10,young_strong,30.0,0.3584153445602551,1.0586287250970206,B,1.3634406430916324,12.346469966514224,0.9999050000000002,12.346469966514224,True,0.9012658288209663,13.574754063160174,110,0.02018820165859847,0.0037965157009731687,360,0.08333333333333333,88.96168755739927,0.9613836422347061,0.9872616186109552,0.4221186912360524,0.22530733519516075,0.08711995020619799,0.059924189324430395,0.05422385808889485,43321.98538361295,9450.448413100952,40040.539381519106,6640.02252900079,44454.91299310979,4.647919764583833,11320.0,47256.0,4.053884790394692,4.674466148003077,13.74772708486752,22.045407685048602,0.5415022643103411,131.45898479472459,102.99217042949937,90.02158582265756,24.14310478290674,1.0895437298151343,0.03724466573076415,0.5082926925360608,11320.0,47256.0,1.0,,,,,0.0798452814570462,0.2980763840479268,0.02327847115991271,6828.71435252108,5542.230235951875,5130.93201258152,3887.3684135094754,7401.226313767943,3.8693036842145165,0.0,0.0,0.0,0.0,0.0,0.0,3.066935551749954,128.9738713068904,102.52790623252346,90.16051880275033,33.711873939833,1.2323826112005263,0.09074556183499057,0.45121763234284346,0.0,0.0,1.0,,,,,0.07137692635667886,0.3454156749508441,0.011401660187606254,2881.396365635621,2764.478009725771,2020.1983021889293,1914.6871948275902,3178.876802349587,3.5022736971200192,0.0,0.0,0.0,0.0,0.0,0.0,3.6531044841651212,128.4006226437648,102.39056991900038,90.13509254613544,35.70204192401964,1.2563560852874023,0.09911274764793175,0.4180844026722038,0.0,0.0,1.0,,,,,0.0742481904573775,0.3563577888385061,0.013923311913457866,3864.788528185102,3586.0607237506706,2714.1799350847114,2469.7267326117,4263.576658725755,3.6297740759653343,0.0,0.0,0.0,0.0,0.0,0.0,3.680469695256705,128.37313821627393,102.38873100091656,90.13446557258222,35.78738742424265,1.259591317789477,0.10022965843551608,0.4182303471668039,0.0,0.0,1.0,,,,,0.06720002168857737,0.3657993151663601,0.0073573635058365155,2292.845837528489,2063.3542015319413,1611.6384532665043,1414.312589591189,2529.116677622462,3.402968865437218,0.0,0.0,0.0,0.0,0.0,0.0,3.7223362836425977,128.33099883407962,102.38664505916901,90.13421463986954,35.91381965235969,1.2646538420165936,0.10197166774521149,0.41776954425270707,0.0,0.0,1.0,,,,,0.061132859762704835,0.3740651409483863,0.004494152167573394,1519.559572917129,1326.8364858157354,1068.8938535886073,906.0737311011451,1675.8328961738218,3.2242307112586217,0.0,0.0,0.0,0.0,0.0,0.0,3.7820142648958384,128.27087929744138,102.38411858358174,90.13409238059997,36.09534337058214,1.2721316408814576,0.10453205466952506,0.4164451457068325,0.0,0.0,1.0
p10,young_strong,60.0,0.7168306891205102,1.0586287250970206,A,1.0335634601950883,12.015907185450486,0.9999050000000002,12.015907185450486,True,1.0,11.900934650896255,150,0.025250393134722396,0.014992299440455145,720,0.08333333333333333,211.11359584331512,0.9074610065926998,0.9942711648631445,0.9555474481357035,0.10040784618372499,0.0060692436179745676,0.05507516435856096,0.08700683380563001,40620.92183122448,6384.069598802129,40040.539381519106,6640.02252900079,41306.56112522253,4.616019040377064,13589.0,47077.0,4.133219456732494,4.672818004566182,14.7648230602334,22.045407685048602,0.3580259808080728,131.64766893572818,102.98076404098738,90.0606250935136,22.38514372490448,1.0595939863502513,0.025139484824973326,0.5195944294082772,13589.0,47077.0,1.0,,,,,0.005362370590723578,0.044677841692430525,0.006876292359813796,4994.178886890957,3746.610406363557,5130.93201258152,3887.3684135094754,5309.439499611994,3.7250486764348,0.0,0.0,0.0,0.0,0.0,0.0,3.0307839665658274,129.04590980375914,102.42160313878465,90.35278837197728,31.93762665349805,1.2157804296885033,0.08485514830430496,0.48380860446376817,0.0,0.0,1.0,,,,,0.004743517257701223,0.04579367400679102,0.003017838707508283,1950.4884615089825,1846.6533693490085,2020.1983021889293,1914.6871948275902,2112.880336608624,3.3248749013958183,0.0,0.0,0.0,0.0,0.0,0.0,3.8344706592385034,128.26670426175377,102.2090986997226,90.37435718314605,34.38480125895316,1.2494875165783512,0.09673192152031614,0.4456936428429816,0.0,0.0,1.0,,,,,0.004875280107540351,0.04492756290100528,0.003207678908726419,2618.8642805098707,2381.5131868827957,2714.1799350847114,2469.7267326117,2836.727148852997,3.452817565106319,0.0,0.0,0.0,0.0,0.0,0.0,3.857009886189721,128.24396836317155,102.20636075954631,90.37267728844284,34.474614848166716,1.2529618168061016,0.09793783635481784,0.44554880313266004,0.0,0.0,1.0,,,,,0.004364662753274651,0.043160995780419834,0.001487768608969077,1555.7764464255317,1364.8182180305002,1611.6384532665043,1414.312589591189,1684.9863869005658,3.2265963965320767,0.0,0.0,0.0,0.0,0.0,0.0,3.892756510249803,128.2077734544111,102.2031664573425,90.37098164418066,34.61003495279982,1.2584554386169267,0.09983784196987432,0.4445160822906261,0.0,0.0,1.0,,,,,0.003925381117105227,0.04110555738005436,0.0007387551703916875,1032.4853638372547,875.1593989211007,1068.8938535886073,906.0737311011451,1118.0379892938859,3.0484565604917324,0.0,0.0,0.0,0.0,0.0,0.0,3.945995947824107,128.1537249143604,102.19955122424395,90.36923399521572,34.80863235005273,1.2667272963162677,0.1026831291277571,0.44230786207340794,0.0,0.0,1.0
p10,young_strong,60.0,0.7168306891205102,1.0586287250970206,B,1.0335634601950883,12.015907185450486,0.9999050000000002,12.015907185450486,True,0.8560848368229984,12.51051734804249,110,0.01891844304877821,0.0007198200644948916,720,0.08333333333333333,152.02853230386972,0.9828844367785591,0.9943225150410983,0.1852994088923156,0.10018426922703909,0.03760178692184379,0.02551728636083963,0.024340285268462325,41372.50474550796,7755.5136121263,40040.539381519106,6640.02252900079,42223.649385370714,4.6255557666181355,11324.0,47225.0,4.05403821068487,4.67418116277987,13.96424004376894,22.045407685048602,0.4412947000122001,131.56236499823322,102.98244112995495,90.05392868967618,23.260056963958835,1.07230083871998,0.030316645680198498,0.5154381914694647,11324.0,47225.0,1.0,,,,,0.034291713252998665,0.12420145923940037,0.010398831501424427,5806.447066713194,4543.136399518518,5130.93201258152,3887.3684135094754,6214.641028876508,3.793416047912411,0.0,0.0,0.0,0.0,0.0,0.0,3.08762304187187,128.97505236480464,102.46007507524713,90.30263662807847,32.71640828050185,1.2252518955667449,0.08822538307492682,0.4708871151197801,0.0,0.0,1.0,,,,,0.03051895682114548,0.14359390817990159,0.005044823075672649,2361.7731256935713,2251.123505153431,2020.1983021889293,1914.6871948275902,2572.868459116431,3.4104175829689134,0.0,0.0,0.0,0.0,0.0,0.0,3.7880071671342646,128.29307890162124,102.28308653347116,90.30621781490402,34.910072652053394,1.2547021471986417,0.09854064121094058,0.43590583140521355,0.0,0.0,1.0,,,,,0.03167825165822571,0.14754096995544086,0.006131255230922509,3169.4129934532666,2910.375736457522,2714.1799350847114,2469.7267326117,3452.49437490591,3.538132979662164,0.0,0.0,0.0,0.0,0.0,0.0,3.8121304601781145,128.2687447572822,102.28088789925194,90.30487824728323,34.997201864618624,1.2581248680233976,0.09972374667548131,0.43582568226456403,0.0,0.0,1.0,,,,,0.028499985433288196,0.15128029162887896,0.003441541176778081,1881.5655924984048,1670.5435195959956,1611.6384532665043,1414.312589591189,2049.359459027517,3.3116181406268304,0.0,0.0,0.0,0.0,0.0,0.0,3.849927967779982,128.23052121232556,102.27835117886062,90.30364124442349,35.127880312141436,1.2635211373300574,0.10158251158954769,0.43495595633463363,0.0,0.0,1.0,,,,,0.025733916243061688,0.15454331274109842,0.002126866674593752,1247.8527870089956,1072.2849149496315,1068.8938535886073,906.0737311011451,1358.8864604482196,3.133183171478079,0.0,0.0,0.0,0.0,0.0,0.0,3.9053388083823135,128.17440498511087,102.27539577501116,90.30239495273688,35.318315096673714,1.2715894608320597,0.10434691974489933,0.4330238951968713,0.0,0.0,1.0
p10,young_strong,100.0,1.1947178152008502,1.0586287250970206,A,0.7196767065639837,11.560462734241698,0.7196767065639837,11.560462734241698,True,0.7026156697657693,11.642980193709484,61,0.012308427404626923,0.005271978186460515,1200,0.08333333333333333,131.14366947114468,0.9384434516811663,0.9897556119335881,0.6567477339298423,0.18032148075986362,0.0020511869503443457,0.028802949967626154,0.03491038391885193,39281.777146689805,6654.960875426345,40040.539381519106,6640.02252900079,39927.42433434931,4.601271295331874,9978.0,46234.0,3.9990870226258886,4.664970861964803,13.638181696985855,21.95449840010015,0.4458363606377852,131.56876624997466,102.96822977935852,90.10861936469257,22.762690335612046,1.066245170585486,0.027857077101418472,0.5214879345491268,9978.0,46234.0,1.0,,,,,0.0018073805083871602,0.011458642203900077,0.0018651959369050918,5119.564337636825,3893.6031349426557,5130.93201258152,3887.3684135094754,5412.189703183959,3.7333730106902006,0.0,0.0,0.0,0.0,0.0,0.0,3.3679450639814146,128.72868109741125,102.39668877676615,90.52682270213272,32.01714395090142,1.2410677710273499,0.09379549767889368,0.4909031338155883,0.0,0.0,1.0,,,,,0.001607509731228851,0.009853706043163116,0.0008564385306073802,2023.6027156626633,1918.4176631418627,2020.1983021889293,1914.6871948275902,2174.114046639473,3.337282321961452,0.0,0.0,0.0,0.0,0.0,0.0,4.232851662154312,127.88869454325938,102.18263136686213,90.58831042208992,34.35204581441868,1.2807603010127138,0.10746785754466129,0.45638866941542194,0.0,0.0,1.0,,,,,0.001619650809008154,0.00951550891801469,0.0010338717889422366,2716.6234860368904,2473.214073784947,2714.1799350847114,2469.7267326117,2918.5582998676805,3.4651683730129577,0.0,0.0,0.0,0.0,0.0,0.0,4.252620739029273,127.86848294680502,102.1804290680522,90.5862196488409,34.44114966174019,1.284287914445553,0.10866239572511338,0.45598703255308687,0.0,0.0,1.0,,,,,0.0014435917977618322,0.009045797161994136,0.0005660306693520099,1613.5727259078058,1416.7305506053622,1611.6384532665043,1414.312589591189,1733.344499018785,3.2388848865189597,0.0,0.0,0.0,0.0,0.0,0.0,4.28469068392325,127.83564936303705,102.17795874478875,90.58395736492973,34.57615025356604,1.289878798774041,0.11054890448798554,0.4545666191909433,0.0,0.0,1.0,,,,,0.0012843438551908702,0.008460366034983534,0.00035290759159561577,1070.675118596857,908.0190703454624,1068.8938535886073,906.0737311011451,1149.9843257752082,3.060691920983415,0.0,0.0,0.0,0.0,0.0,0.0,4.333510853564826,127.78562725249232,102.17530342684054,90.58159627341288,34.77519434963271,1.2983231470382655,0.1133827999443048,0.4518396676591247,0.0,0.0,1.0
p10,young_strong,100.0,1.1947178152008502,1.0586287250970206,B,0.7196767065639837,11.560462734241698,0.7196767065639837,11.560462734241698,True,0.7699949231079078,11.407387099706176,49,0.0038924977962107032,8.701142332834255e-05,1200,0.08333333333333333,105.38711868971586,0.9932279909706546,0.9980075458900335,0.07218083740046237,0.03515738498789346,0.012628998955794257,0.008565823260975077,0.008730986399954177,39621.2092477513,6297.732195177532,40040.539381519106,6640.02252900079,40223.303109881,4.604477731688168,11306.0,47173.0,4.053347392169267,4.673702702709042,14.212670403551895,22.11334438749598,0.4263082381204485,131.59050793208257,102.9668091537409,90.11381268789847,22.472758457679912,1.0625333702548296,0.026342578524656504,0.5233036888933519,11306.0,47173.0,1.0,,,,,0.011416938072948633,0.04036104616005624,0.00355079148486407,4924.5336239061635,3685.4436727046855,5130.93201258152,3887.3684135094754,5192.034055273675,3.7153375323995803,0.0,0.0,0.0,0.0,0.0,0.0,3.382171732248186,128.72224967307588,102.38163543533207,90.5595209432457,31.732630005062482,1.2405909938427846,0.09362862404918054,0.496456022916741,0.0,0.0,1.0,,,,,0.010087966738301283,0.04634793837372629,0.0017702532049226165,1916.1693673269012,1811.7262429354012,2020.1983021889293,1914.6871948275902,2053.4785235287577,3.3124901651094545,0.0,0.0,0.0,0.0,0.0,0.0,4.301537767851475,127.83077905249301,102.15290000056854,90.63501610222482,34.158876287007054,1.2831460208880168,0.1082760815171149,0.46117335717591024,0.0,0.0,1.0,,,,,0.010507287603904574,0.04824767250821948,0.0023191755326542607,2572.7097240005733,2333.0931825960206,2714.1799350847114,2469.7267326117,2756.951052016703,3.4404290555407555,0.0,0.0,0.0,0.0,0.0,0.0,4.320474217171718,127.81137898915738,102.15058507856153,90.63280785394223,34.24935222594388,1.2866808518718473,0.10947083792285069,0.4607182477920343,0.0,0.0,1.0,,,,,0.009357302405349556,0.049019874127903845,0.0013061657640241267,1528.3411677987513,1335.4760693452074,1611.6384532665043,1414.312589591189,1637.633855362738,3.2142168080650726,0.0,0.0,0.0,0.0,0.0,0.0,4.351469325021694,127.77957822675488,102.14798974548052,90.63039976896958,34.38664988126578,1.2922912441610956,0.1113604017998634,0.4591925259338192,0.0,0.0,1.0,,,,,0.00833216061790231,0.04939657075431501,0.0008325607734189118,1014.2890908751631,855.5256960116263,1068.8938535886073,906.0737311011451,1086.6699641146151,3.036097663196076,0.0,0.0,0.0,0.0,0.0,0.0,4.399088750172038,127.73067831257904,102.14523853542721,90.62789887712007,34.589447318052095,1.3007863863525242,0.11420598307554984,0.456302546305601,0.0,0.0,1.0
p10,young_strong,150.0,1.7920767228012753,1.0586287250970206,A,0.46414827578641993,10.964585722011075,0.46414827578641993,10.964585722011075,True,0.3858084067814553,11.472980763296608,58,0.070255188686882,0.026248280408367585,1800,0.08333333333333333,180.05692248791456,0.6472914669223394,0.9361740502761808,2.844477760088399,0.9828279671869949,0.010584432516697207,0.12983143147138085,0.14360539445272746,36288.66563660504,6628.63894867066,40040.539381519106,6640.02252900079,36858.80050377759,4.5665411978644235,5401.0,41527.0,3.732554579851432,4.618341015870793,11.874342087037917,21.2602916254693,0.5604416592256026,131.46833265147083,102.95508250314695,90.17148499170472,23.10746506839327,1.0760643178637588,0.03183823049255218,0.522154470462387,5401.0,41527.0,1.0,,,,,0.009383162835427157,0.05725972069029993,0.008683642184363884,5016.0644892648315,3873.9736710070993,5130.93201258152,3887.3684135094754,5271.767128410848,3.7219562177695917,0.0,0.0,0.0,0.0,0.0,0.0,3.7731855079266206,128.35186823684762,102.37300391551133,90.73139553317071,32.17749161170564,1.2735885784186907,0.1050291556448663,0.497127695831002,0.0,0.0,1.0,,,,,0.008334042040170157,0.04875062054701646,0.004346627060646823,2011.5766367585302,1910.7708226101788,2020.1983021889293,1914.6871948275902,2142.976507476108,3.3310174100854986,0.0,0.0,0.0,0.0,0.0,0.0,4.703739405096776,127.44773050703932,102.1611925835752,90.83570866494878,34.403757676889214,1.3205982588525664,0.12077072034027718,0.4660135499563463,0.0,0.0,1.0,,,,,0.008453501801124868,0.04775748051427527,0.005721282630051061,2700.6460347774487,2464.538364217281,2714.1799350847114,2469.7267326117,2877.008292736794,3.4589411137098045,0.0,0.0,0.0,0.0,0.0,0.0,4.7207630331782315,127.43000987277127,102.15938560047037,90.83316341959875,34.49173723660838,1.3241335474974443,0.12193178874139118,0.46543582062959604,0.0,0.0,1.0,,,,,0.007510315201673376,0.04581377675761968,0.0032750856202423823,1604.2000803393971,1412.13424890093,1611.6384532665043,1414.312589591189,1708.8585198877142,3.232706108024694,0.0,0.0,0.0,0.0,0.0,0.0,4.748972233718712,127.40069352924081,102.1574808705073,90.83022815003035,34.62557819737423,1.3297355531785098,0.12376528065538392,0.4637350300698099,0.0,0.0,1.0,,,,,0.006628162087021035,0.04321292897305215,0.0020814818451705113,1064.5299683779529,905.1708490000896,1068.8938535886073,906.0737311011451,1133.8692729281981,3.0545629863746875,0.0,0.0,0.0,0.0,0.0,0.0,4.792926664605061,127.35509243675124,102.15566611556535,90.82709130859423,34.823847469599514,1.3382212950509407,0.12652793650554847,0.4606128104899519,0.0,0.0,1.0
p10,young_strong,150.0,1.7920767228012753,1.0586287250970206,B,0.46414827578641993,10.964585722011075,0.46414827578641993,10.964585722011075,True,0.6353145983130498,10.367320319075734,47,0.05911685395621924,0.0018535340118090993,1800,0.08333333333333333,146.04877784848213,0.9731807537666239,0.9903626975965055,0.29152802661888916,0.17022716288061865,0.054561851514411154,0.03781777988498231,0.04101589403304651,38354.64605783201,5293.726187333019,40040.539381519106,6640.02252900079,38757.09772468002,4.588351248013698,11346.0,47138.0,4.054881054862772,4.673380365225038,14.45683229480096,22.135943621178654,0.5314066790051136,131.51725252246086,102.94346630669526,90.2148298697625,21.896983254535407,1.0643902317295066,0.027100880229746292,0.5315566675683601,11346.0,47138.0,1.0,,,,,0.04895338026218046,0.16912764040667544,0.017697987352696024,4313.186705589755,3094.0575768556837,5130.93201258152,3887.3684135094754,4474.101790695964,3.65070586054619,0.0,0.0,0.0,0.0,0.0,0.0,4.035642010464646,128.14482808609137,102.30238699179388,90.96819008547845,30.906472103471785,1.2899080513302588,0.1105587535371401,0.5262858039026187,0.0,0.0,1.0,,,,,0.04300532173013657,0.1940668335152296,0.009167267363462048,1608.9519109967018,1509.219479752559,2020.1983021889293,1914.6871948275902,1690.6060292779957,3.2280424134847134,0.0,0.0,0.0,0.0,0.0,0.0,5.312872811498216,126.91435905477871,102.02077038526797,91.18489790660523,33.52671979255965,1.3600687509096296,0.13356086233051676,0.49392938144130005,0.0,0.0,1.0,,,,,0.0444966094074199,0.19991067903399926,0.01209499009477838,2161.008961988088,1936.1329126857786,2714.1799350847114,2469.7267326117,2270.6644185078662,3.3561529545811277,0.0,0.0,0.0,0.0,0.0,0.0,5.324697266863608,126.90168975932818,102.0187900781941,91.18188864236664,33.62269124746435,1.3634192798564457,0.13462943098271357,0.4929775137816741,0.0,0.0,1.0,,,,,0.03932303666446969,0.20347034385511945,0.006979360013188218,1284.3975760613268,1105.3203976545337,1611.6384532665043,1414.312589591189,1349.5187494939157,3.130178922790409,0.0,0.0,0.0,0.0,0.0,0.0,5.34607676404491,126.87894877699837,102.01678540071786,91.1784142693522,33.76956823601575,1.368804481090993,0.13634141829656346,0.4905900286829744,0.0,0.0,1.0,,,,,0.034714814306594635,0.20575260914804644,0.004476517087333225,852.8315184788883,706.8395310869678,1068.8938535886073,906.0737311011451,896.0100006996641,2.9523128570108317,0.0,0.0,0.0,0.0,0.0,0.0,5.382039210327533,126.84091682439688,102.01516828308199,91.1748673704143,33.988574209633995,1.3771154221530169,0.13897034192968638,0.4864343864088517,0.0,0.0,1.0
p11,young_strong,124.39199767075479,1.676451700137298,1.676451700137298,truth,,,,,,0.8994981832802296,14.973389943733839,,,,,,,1.0,1.0,0.0,0.0,0.0,0.0,0.0,121732.87278342353,16534.168096455076,121732.87278342353,16534.168096455076,128270.2976516719,5.1081261025216245,63274.0,162314.0,4.801232153830292,5.210358656093707,24.596747752497688,33.49626844888845,1.798126902464883,130.20691883116496,102.95229359370605,90.12587445386424,30.41396737613008,1.2041837141906386,0.08069274935762101,0.47231352846947533,63274.0,162314.0,1.0,,,,,0.0,0.0,0.0,6004.7015587269025,5798.75673554085,6004.7015587269025,5798.75673554085,6971.697370331772,3.8433385268534006,0.0,0.0,0.0,0.0,0.0,0.0,9.462813305727812,122.60248049678734,103.0860200108425,91.10637398899812,45.28889095497931,1.790903867092928,0.2530722742289379,0.33339429134708126,0.0,0.0,1.0,,,,,0.0,0.0,0.0,1799.3184546016337,1768.2698891336331,1799.3184546016337,1768.2698891336331,2117.846978776838,3.325894577738598,0.0,0.0,0.0,0.0,0.0,0.0,9.425323841191737,122.64685757330696,103.20191902403435,91.14659712413079,45.99149309357712,1.7795332024681705,0.25030609546669275,0.313827865609418,0.0,0.0,1.0,,,,,0.0,0.0,0.0,2513.027961932133,2363.721194197478,2513.027961932133,2363.721194197478,2957.8946986234077,3.470982709004751,0.0,0.0,0.0,0.0,0.0,0.0,9.429912417788444,122.64214083827129,103.21016999888452,91.14435514067075,46.0215098394449,1.781816959208865,0.2508630882033897,0.3169250874251165,0.0,0.0,1.0,,,,,0.0,0.0,0.0,908.3937958798525,819.4659562223004,908.3937958798525,819.4659562223004,1069.1464935709448,3.029037215957725,0.0,0.0,0.0,0.0,0.0,0.0,9.440061919791757,122.63180575246078,103.22187555218753,91.14126106970183,46.07122439151122,1.7850445356596563,0.25164905593838277,0.3193301136301135,0.0,0.0,1.0,,,,,0.0,0.0,0.0,349.9647264405368,302.6029067773181,349.9647264405368,302.6029067773181,411.8688011937616,2.6147588956646954,0.0,0.0,0.0,0.0,0.0,0.0,9.459295765169367,122.61232228147577,103.23817024116897,91.13712724103169,46.15379084506144,1.7889509674810804,0.25259843735651544,0.3211151897687933,0.0,0.0,1.0
p11,young_strong,30.0,0.4043150037451583,1.676451700137298,A,2.490420293193925,16.295086316903916,0.9999050000000002,16.295086316903916,True,1.0,17.10290661071248,150,0.14284890859265525,0.09399392943675225,360,0.08333333333333333,123.4113086014986,0.6799250552142102,0.8146212918037978,4.64323044193672,3.4593409010438587,0.06410776043933579,0.23656477186609903,0.2219190810412734,91897.48035886328,12164.165244859641,121732.87278342353,16534.168096455076,97401.22873461367,4.988564435618826,32479.0,109741.0,4.511616020569138,5.0403728707593585,19.44222209522358,29.223278392404914,1.7136150306767999,130.28646337731902,102.99204153065392,90.0143310452581,30.12499737892097,1.2063685569233795,0.08148000911867828,0.47019553587794444,32479.0,109741.0,1.0,,,,,0.050099918853943645,0.3169115985155968,0.024026080412462028,4515.636017007577,4376.886171876467,6004.7015587269025,5798.75673554085,5553.605894957793,3.7445750573159353,0.0,0.0,0.0,0.0,0.0,0.0,8.666152975763213,123.35610539200148,103.31265919107682,90.53622535876153,46.71838361979652,1.6848838098577956,0.22656995714951444,0.2931671667482998,0.0,0.0,1.0,,,,,0.0383605999631889,0.30538892057902,0.0071367568009957656,1371.4695824210792,1350.6030622950648,1799.3184546016337,1768.2698891336331,1714.1104952678913,3.2340388140506566,0.0,0.0,0.0,0.0,0.0,0.0,8.607940866469585,123.41936113532017,103.40909337162941,90.54947724964016,47.38180796640037,1.6748758032063515,0.22398260839857784,0.2757097572173667,0.0,0.0,1.0,,,,,0.0413978980628495,0.2976784250419907,0.008939326217159881,1917.2202813289166,1817.3168215992487,2513.027961932133,2363.721194197478,2396.1194336344897,3.3795084614951065,0.0,0.0,0.0,0.0,0.0,0.0,8.621616296397308,123.40583724446239,103.41584632182087,90.54745404397252,47.41350022561452,1.6753982155757938,0.22411804855057355,0.2790930957625692,0.0,0.0,1.0,,,,,0.033759768585041906,0.29008225318145675,0.0028276707454585525,693.6376288625049,633.8136947629364,908.3937958798525,819.4659562223004,866.8324799215048,2.93793517582084,0.0,0.0,0.0,0.0,0.0,0.0,8.643269943848924,123.38441602266131,103.42586144251749,90.54449066423953,47.4641064670871,1.6760952563016989,0.22429869693782378,0.28226485680037117,0.0,0.0,1.0,,,,,0.027273569815267084,0.28275929258875904,0.0009010378853937958,267.3940933167888,235.28717258241898,349.9647264405368,302.6029067773181,334.13383552108513,2.5239204559915076,0.0,0.0,0.0,0.0,0.0,0.0,8.676214409265881,123.3518388084319,103.44046521286195,90.5403655026618,47.544863597725886,1.6767323458262344,0.2244637423867091,0.2853076437327377,0.0,0.0,1.0
p11,young_strong,30.0,0.4043150037451583,1.676451700137298,B,2.490420293193925,16.295086316903916,0.9999050000000002,16.295086316903916,True,0.9999999999999993,20.299758493237928,150,0.26362817141829464,0.01741710580882383,360,0.08333333333333333,123.41139213740826,0.9377032058085275,0.9510716683907733,1.0223548800357913,0.9842203723360609,0.2753216935324134,0.13303485463736012,0.11396153003631115,142994.8963253074,35299.29240134537,121732.87278342353,16534.168096455076,157190.08369749665,5.196425145193875,55722.0,180615.0,4.746034489811741,5.256756219974846,23.345235059857504,34.583232931581165,3.2214376148042785,128.77890270178818,102.99707462459334,89.95326731649963,35.161350503729224,1.317044139404985,0.11960033014689593,0.43081292574436514,55722.0,180615.0,1.0,,,,,0.22592502094765227,0.8157665308264995,0.030966772178233456,12938.537096786888,12671.91475701146,6004.7015587269025,5798.75673554085,16583.847008345954,4.219685282589325,0.0,0.0,0.0,0.0,0.0,0.0,9.853090150903498,122.15093519100054,103.24634825866838,90.1364567528964,49.52950267438563,1.7195511551428502,0.2354151002311921,0.2708923209732435,0.0,0.0,1.0,,,,,0.18376771811249107,0.8877915444793727,0.009841183298405432,4019.009503221038,3974.432809054847,1799.3184546016337,1768.2698891336331,5221.078233072372,3.717760200764265,0.0,0.0,0.0,0.0,0.0,0.0,9.875508228052174,122.1302543950782,103.31197923513609,90.1282708591101,50.09926236547396,1.7125867432731021,0.233652577928422,0.2585995150881771,0.0,0.0,1.0,,,,,0.19540139973043988,0.9264083559853062,0.01348172119551844,5606.2925902777515,5389.567979417852,2513.027961932133,2363.721194197478,7283.284279908178,3.8623272615931485,0.0,0.0,0.0,0.0,0.0,0.0,9.901199388935863,122.10464835395003,103.31699401198571,90.1236120416674,50.14181146319469,1.7124762282367938,0.23362455154125664,0.2614763719111322,0.0,0.0,1.0,,,,,0.165388039439908,0.9599353740603288,0.004789441269851245,2023.9068599331545,1892.0819575848736,908.3937958798525,819.4659562223004,2629.1895880080897,3.419821903739326,0.0,0.0,0.0,0.0,0.0,0.0,9.937033382944882,122.06896793288453,103.32477378735005,90.11728820373601,50.202363292804066,1.7119895183572493,0.23350110138462565,0.26439660427473416,0.0,0.0,1.0,,,,,0.138385498455948,0.9915609133960698,0.0018090396346200138,779.1063332750248,707.117322216552,349.9647264405368,302.6029067773181,1012.0299558552349,3.005193367711375,0.0,0.0,0.0,0.0,0.0,0.0,9.982904396326779,122.02338494842998,103.33699818538993,90.10938245760137,50.28762546852099,1.7104353971839148,0.23310667561176732,0.2674133386348985,0.0,0.0,1.0
p11,young_strong,60.0,0.8086300074903165,1.676451700137298,A,1.7936170709232622,15.886944543832117,0.9999050000000002,15.886944543832117,True,1.0,16.30677013086755,150,0.08613429524865351,0.06183909117001816,720,0.08333333333333333,209.04868610948324,0.8011445193303992,0.8887435942746068,2.9071080670354936,2.086650774137824,0.03933865127297858,0.15276807104199652,0.13935775571740167,102218.26725952799,13383.174670549211,121732.87278342353,16534.168096455076,108099.1259725562,5.033822182511771,42139.0,128603.0,4.624694531272081,5.109254476760142,21.37755832643195,30.822070014844883,1.6895299377590238,130.3111552022532,102.98217720489525,90.04468789189703,30.132993222286487,1.2006087017209157,0.07940148669242016,0.47128244076838427,42139.0,128603.0,1.0,,,,,0.030845774694847748,0.22423830130389752,0.017034046632838577,4932.91700805985,4772.639621804434,6004.7015587269025,5798.75673554085,5954.359851813521,3.774835077696393,0.0,0.0,0.0,0.0,0.0,0.0,8.803773090411234,123.22884850011896,103.26132695217065,90.71065478092581,46.15616402878272,1.7052608927431352,0.23179083236716594,0.3059479281566465,0.0,0.0,1.0,,,,,0.023789026652979016,0.2165636763374083,0.00505893643709175,1489.922773434225,1465.8812451838637,1799.3184546016337,1768.2698891336331,1826.8748676828066,3.2617088012463604,0.0,0.0,0.0,0.0,0.0,0.0,8.741855193328078,123.29664703781387,103.36722269723191,90.73268473940756,46.836865280005746,1.6944584531205438,0.2290309247215269,0.28744170369898503,0.0,0.0,1.0,,,,,0.025666587554211754,0.21121808198838846,0.0063923331772067805,2082.295410210858,1967.5212214291903,2513.027961932133,2363.721194197478,2553.1300336653853,3.4070729344537614,0.0,0.0,0.0,0.0,0.0,0.0,8.752732419414441,123.28586145882727,103.37437305962906,90.73072505317701,46.86728965585418,1.695750872522508,0.22936204919665762,0.2907391329143249,0.0,0.0,1.0,,,,,0.021139071883405178,0.205894800017324,0.002012537080709362,753.1891012035394,684.664826008471,908.3937958798525,819.4659562223004,923.4231205411436,2.965400744156786,0.0,0.0,0.0,0.0,0.0,0.0,8.77087090664819,123.26786121846881,103.38484329217415,90.72789037748493,46.916759066081866,1.6975277604017172,0.22981688521510227,0.2936654683523133,0.0,0.0,1.0,,,,,0.017292667616899536,0.2007524426041121,0.0006411346545112031,290.31186795236863,253.66455630525314,349.9647264405368,302.6029067773181,355.8988856916011,2.5513266282433897,0.0,0.0,0.0,0.0,0.0,0.0,8.799600193612196,123.23935608359376,103.39992260106791,90.72397765884678,46.997180042361876,1.6995360205665495,0.23033037360722738,0.29630936846539674,0.0,0.0,1.0
p11,young_strong,60.0,0.8086300074903165,1.676451700137298,B,1.7936170709232622,15.886944543832117,0.9999050000000002,15.886944543832117,True,0.9999999999999998,18.07017139256125,150,0.13141452894546557,0.006495878186585258,720,0.08333333333333333,209.25908071547747,0.9641736616456132,0.9720530497418617,0.643104201604724,0.6173961239271633,0.1662246219994388,0.07798796663483824,0.07747406983432548,133419.04529815892,26468.5242293698,121732.87278342353,16534.168096455076,143972.7711145798,5.158280363811552,58815.0,172669.0,4.7694954853699985,5.2372168890080015,23.790754506740637,34.11744421846396,2.497319521406252,129.50280247897922,102.98677379972965,90.02084227988561,33.00154653482256,1.264640096844937,0.10196694749335651,0.4477853419542149,58815.0,172669.0,1.0,,,,,0.13581288475810693,0.46096751553533527,0.01968384176984047,9667.51787117722,9423.72144377709,6004.7015587269025,5798.75673554085,11988.265548452548,4.078756354306167,0.0,0.0,0.0,0.0,0.0,0.0,9.247041472890063,122.76786562446033,103.24871522103479,90.4621813628362,47.71305386525183,1.7097681243411873,0.23293721615394652,0.28757374139821384,0.0,0.0,1.0,,,,,0.11006610909088668,0.4993784381388073,0.006320935833078715,2967.156002147816,2927.747320779219,1799.3184546016337,1768.2698891336331,3732.3219094004103,3.571979094197489,0.0,0.0,0.0,0.0,0.0,0.0,9.228151876843427,122.78983694315836,103.33279010005013,90.47003646431631,48.325362335784405,1.701317856986573,0.2307854603728114,0.27264799949538887,0.0,0.0,1.0,,,,,0.11705486542067177,0.5195764109598235,0.008706686723720384,4141.139700780732,3950.9119617656906,2513.027961932133,2363.721194197478,5208.965888883221,3.7167515134476146,0.0,0.0,0.0,0.0,0.0,0.0,9.247169823798316,122.7708223824396,103.33869139393386,90.46660303617051,48.361600588676765,1.7020229917813432,0.23096542245616225,0.27575574896849286,0.0,0.0,1.0,,,,,0.09871119547778043,0.5366998775125883,0.00308915708967325,1495.8130591753754,1380.9902875364544,908.3937958798525,819.4659562223004,1881.3636325452333,3.2744727446971127,0.0,0.0,0.0,0.0,0.0,0.0,9.275092658449157,122.7429359795739,103.34759854253848,90.46182767108,48.41596618042399,1.702811049030833,0.23116645952104495,0.27873902124608746,0.0,0.0,1.0,,,,,0.08222765088632177,0.5523550561990251,0.0011633500753155217,576.0368818790542,513.8852216869087,349.9647264405368,302.6029067773181,724.4395726309585,2.8600021656975874,0.0,0.0,0.0,0.0,0.0,0.0,9.313085681254526,122.70507970726408,103.3611285232251,90.45564004190508,48.497698558875626,1.703162790592088,0.2312561603977076,0.2816622101758895,0.0,0.0,1.0
p11,young_strong,100.0,1.3477166791505275,1.676451700137298,A,1.165344087535193,15.325857194843216,0.9999050000000002,15.325857194843216,True,1.0,15.360418634059778,150,0.019920915427108617,0.019171176189715294,1200,0.08333333333333333,324.7089559659362,0.9591297745204846,0.9728403611702753,0.7574643590210095,0.6332704832058444,0.010814127716145937,0.0384595437068368,0.03896013465713405,116962.9819380569,15467.752538734137,121732.87278342353,16534.168096455076,123379.86567786692,5.09124429309719,58226.0,153440.0,4.765124414751525,5.185941420203718,23.853720883753127,32.802438933713454,1.7295893384709056,130.27330320542353,102.96451710770201,90.093479536294,30.26116784093902,1.1998661224662295,0.0791327914495259,0.47231478074360206,58226.0,153440.0,1.0,,,,,0.008568839341563283,0.07446790590344189,0.005760703146856977,5643.524334452958,5450.155758861054,6004.7015587269025,5798.75673554085,6640.691047306728,3.8222132755150025,0.0,0.0,0.0,0.0,0.0,0.0,9.166533066313065,122.88561538338602,103.15938331172268,90.96328525172225,45.52458442902022,1.7529909658698226,0.24377967794034672,0.323996459620692,0.0,0.0,1.0,,,,,0.006744019082032355,0.0723804824028895,0.0017256345427551067,1694.0911350007723,1665.0137804933347,1799.3184546016337,1768.2698891336331,2022.7093821609967,3.305933488905049,0.0,0.0,0.0,0.0,0.0,0.0,9.114297499635612,122.94457979960319,103.27391962820464,90.99737251987088,46.22305990192356,1.7414676641661437,0.24091541482377588,0.3045554379960836,0.0,0.0,1.0,,,,,0.007268468597735309,0.0706478718714158,0.002192120315973732,2366.687644350839,2228.25806154276,2513.027961932133,2363.721194197478,2825.7243602148046,3.4511297956313975,0.0,0.0,0.0,0.0,0.0,0.0,9.121222111542178,122.93762385204609,103.28174347138315,90.9953150141613,46.252963902532834,1.7435155766102413,0.24142583172671045,0.30772737520134624,0.0,0.0,1.0,,,,,0.006124744265925873,0.06886391836474527,0.000687455778425031,855.7403017334533,773.3343552293244,908.3937958798525,819.4659562223004,1021.6491494199456,3.0093017777639957,0.0,0.0,0.0,0.0,0.0,0.0,9.134343794113406,122.9244564381211,103.2929708481078,90.99242817758036,46.302303777518986,1.7463851272681123,0.2421400241366682,0.3103126528913363,0.0,0.0,1.0,,,,,0.005138945614694825,0.06708070152438105,0.00021778865285651495,329.76768872533023,285.85443819596924,349.9647264405368,302.6029067773181,393.6724948664768,2.59513507253724,0.0,0.0,0.0,0.0,0.0,0.0,9.157055366329597,122.90169758364847,103.30880766776482,90.98853120687576,46.38385318219368,1.7498134074784761,0.24299173987316405,0.31239133998122487,0.0,0.0,1.0
p11,young_strong,100.0,1.3477166791505275,1.676451700137298,B,1.165344087535193,15.325857194843216,0.9999050000000002,15.325857194843216,True,0.9999999999999674,15.710042230427597,150,0.007242321683121,0.0002507154764543884,1200,0.08333333333333333,324.12139517068863,0.9934671727419573,0.9961125767338035,0.12538810604251255,0.09259718801138352,0.036858659425869134,0.017041469737064493,0.02418460824404861,123980.70066159096,18146.87566537667,121732.87278342353,16534.168096455076,131307.86613782536,5.118290743743121,62810.0,163564.0,4.798035707765237,5.213690377984154,24.43358344574123,33.54101966249684,1.8817580130204639,130.12059825429316,102.96602857354348,90.08779658299332,30.849036320443833,1.2129149447404175,0.08383034717734635,0.46724194485084186,62810.0,163564.0,1.0,,,,,0.03002460542972225,0.08216229353024992,0.00475763431221406,6604.237717673801,6390.7979248464735,6004.7015587269025,5798.75673554085,7825.014342272506,3.8934851422266776,0.0,0.0,0.0,0.0,0.0,0.0,9.163874386153209,122.88123129829927,103.17324072779567,90.8914251400487,45.83659093263078,1.7455842855849362,0.24194082357740845,0.3180718177056216,0.0,0.0,1.0,,,,,0.024262981487052637,0.0890693165538409,0.0015492468405729643,1990.884770623149,1958.156196656038,1799.3184546016337,1768.2698891336331,2393.183964927811,3.378976084272508,0.0,0.0,0.0,0.0,0.0,0.0,9.115783211258087,122.93533770914654,103.28281195012084,90.92163903362591,46.51589744142627,1.7346754044198682,0.23921822076506818,0.2995091324921496,0.0,0.0,1.0,,,,,0.02578856914643379,0.09265119967398086,0.0021305545308013766,2780.413596929076,2624.142026116699,2513.027961932133,2363.721194197478,3342.1885652785495,3.524030949013304,0.0,0.0,0.0,0.0,0.0,0.0,9.124822115062198,122.92624543981698,103.29029376041389,90.91928578023963,46.546624521606574,1.7365898423593433,0.2396972564239701,0.3026831032352365,0.0,0.0,1.0,,,,,0.02162141890667049,0.09557655671883908,0.0007533848495270279,1005.0093520811196,911.7214280935902,908.3937958798525,819.4659562223004,1207.978996523557,3.082059383148341,0.0,0.0,0.0,0.0,0.0,0.0,9.140552625352093,122.91044653508331,103.3010981833963,90.91600217751241,46.59636961410341,1.7392309989688952,0.24035726740525976,0.30535700302029817,0.0,0.0,1.0,,,,,0.017820891321410796,0.09811324360417917,0.0002818151882894946,387.2106432189799,337.3469117504234,349.9647264405368,302.6029067773181,465.3715107265318,2.6677997929752664,0.0,0.0,0.0,0.0,0.0,0.0,9.165873452246437,122.88506949994992,103.31653438644896,90.91163814315122,46.67729681129944,1.7422751113771116,0.2411167327149202,0.3076047388205769,0.0,0.0,1.0
p11,young_strong,150.0,2.021575018725791,1.676451700137298,A,0.6879155889908141,14.59419451457122,0.6879155889908142,14.59419451457122,True,0.6468292218751094,14.864224949831792,58,0.03358962042661967,0.011497031947653726,1800,0.08333333333333333,180.7384953573346,0.9446359832635983,0.9923732615522656,0.9461346187790246,0.18247479677944994,0.006695952074492417,0.0408513644264279,0.05148232983719214,118330.88415724131,16725.361176260067,121732.87278342353,16534.168096455076,124592.445148613,5.095491709018639,56568.0,159614.0,4.752578501556027,5.203073702247287,23.853720883753127,33.34666400106613,1.8830833617078289,130.12436033546805,102.94224632999028,90.15698187658376,30.591045766730474,1.2112313417884497,0.08322710009330675,0.47163896531951827,56568.0,159614.0,1.0,,,,,0.0050821140354937325,0.01949681801178647,0.0019943946227488907,6068.5647861831485,5861.47212106894,6004.7015587269025,5798.75673554085,6981.473129843897,3.843947070855229,0.0,0.0,0.0,0.0,0.0,0.0,9.760381664997217,122.31514004619893,103.01783648277019,91.21170119318117,45.24130234133527,1.827139283701423,0.2617716550905193,0.3391368419896521,0.0,0.0,1.0,,,,,0.0039385839699598,0.020277707233855025,0.0005988521786148386,1820.1044570874383,1788.4846265669921,1799.3184546016337,1768.2698891336331,2120.838643804026,3.326507628077521,0.0,0.0,0.0,0.0,0.0,0.0,9.741468384373418,122.3406093632611,103.13163099394578,91.25501079360318,45.94121102606542,1.8165050998995027,0.25923662149689103,0.31986932829860254,0.0,0.0,1.0,,,,,0.004085823130056663,0.020353001160249774,0.0007550872673210418,2542.167054442366,2391.5356349013978,2513.027961932133,2363.721194197478,2962.2480143093385,3.4716214170267796,0.0,0.0,0.0,0.0,0.0,0.0,9.744263835914326,122.33758784214184,103.1401961305721,91.25252306986948,45.971276143060905,1.81882021871245,0.2597897733461574,0.32289304969698623,0.0,0.0,1.0,,,,,0.0032907403520900072,0.020138816097257085,0.00023350620047131497,919.0005846577897,829.2765189382125,908.3937958798525,819.4659562223004,1070.8276086285616,3.029719559863108,0.0,0.0,0.0,0.0,0.0,0.0,9.75209212196603,122.3294322060346,103.1522682784571,91.24909313864367,46.02114844197343,1.8221035289587133,0.26057304924407426,0.32518181114633476,0.0,0.0,1.0,,,,,0.0026307832937813354,0.019744453550413096,8.397881645484315e-05,354.1026265476377,306.28245552741106,349.9647264405368,302.6029067773181,412.5828269179055,2.6155111472192805,0.0,0.0,0.0,0.0,0.0,0.0,9.768723610720658,122.31234264288938,103.16890130129173,91.24447911364298,46.104135143670064,1.826091306534119,0.26152248893351765,0.32679654187043433,0.0,0.0,1.0
p11,young_strong,150.0,2.021575018725791,1.676451700137298,B,0.6879155889908141,14.59419451457122,0.6879155889908142,14.59419451457122,True,0.7641040212778073,14.422618762166536,60,0.004891053705440518,0.00017602987378628754,1800,0.08333333333333333,186.87295139580965,0.9941981199372255,0.996676261509836,0.11230878972814456,0.07833534453516568,0.02491849376888055,0.013454114543680267,0.021950907396570463,120399.31890964146,15713.505639170826,121732.87278342353,16534.168096455076,126376.60663159002,5.101666689839799,63331.0,162044.0,4.801623203095199,5.209635635146629,24.71841418861655,33.54101966249684,1.7882497563717887,130.2207971876419,102.93727769064897,90.16834623717338,30.182433765263962,1.2021336542019332,0.07995275556647298,0.47587448286560236,63331.0,162044.0,1.0,,,,,0.02032029059114568,0.048431181978507314,0.003701369144987199,5694.660424330197,5489.1425380293695,6004.7015587269025,5798.75673554085,6491.40446115355,3.8123386696417887,0.0,0.0,0.0,0.0,0.0,0.0,9.869303319993522,122.21953655407138,102.98025930656316,91.32109542044165,44.897517746561334,1.8499748872894286,0.26716583305941866,0.34764768964314247,0.0,0.0,1.0,,,,,0.016406172029386462,0.0522704826917833,0.001203052940287207,1699.632676559087,1668.7472549676124,1799.3184546016337,1768.2698891336331,1961.9876138485731,3.292696261324156,0.0,0.0,0.0,0.0,0.0,0.0,9.85460652688616,122.24163520098064,103.09794548869452,91.37039882160323,45.61688022478866,1.8390116799074896,0.26458448753240243,0.32755077232869817,0.0,0.0,1.0,,,,,0.017424999830909803,0.05406608983432714,0.001649853247974297,2374.094577641599,2227.437308961208,2513.027961932133,2363.721194197478,2740.603062730766,3.437846138732116,0.0,0.0,0.0,0.0,0.0,0.0,9.855199294128314,122.24080018534579,103.10688726709793,91.36804503462889,45.64710207215958,1.8414795607108696,0.26516690281637517,0.33053082707482534,0.0,0.0,1.0,,,,,0.014543102646954091,0.055392922590767224,0.0005805791001038982,858.3199005302106,771.2335591505076,908.3937958798525,819.4659562223004,990.7992337994408,2.9959856620672074,0.0,0.0,0.0,0.0,0.0,0.0,9.860249711065173,122.23539761435735,103.11941157492774,91.36484632491575,45.69778741668408,1.8450238101528018,0.2660019751299039,0.3326568330291037,0.0,0.0,1.0,,,,,0.011865620367601139,0.05631770984292595,0.00021536610458578885,330.7424028031391,284.484551783638,349.9647264405368,302.6029067773181,381.7742158946742,2.581806593851271,0.0,0.0,0.0,0.0,0.0,0.0,9.873793643910403,122.22135044940423,103.13649658333331,91.36058170349924,45.78288496209999,1.8494205147779241,0.2670356707500138,0.3339900710906039,0.0,0.0,1.0
p12,young_strong,185.77352269552648,1.154806726088432,1.154806726088432,truth,,,,,,0.9219143483787775,8.520729362267838,,,,,,,1.0,1.0,0.0,0.0,0.0,0.0,0.0,19222.05241249827,1891.886720416742,19222.05241249827,1891.886720416742,19269.185950025887,4.28486336774941,5176.0,20685.0,3.714078164981856,4.315676520348013,11.40175425099138,17.029386365926403,0.42687289494705327,131.67331749546284,102.94800084476817,90.26980566622105,18.02831656115808,1.04606984005112,0.01956068083744734,0.5235297045121149,5176.0,20685.0,1.0,,,,,0.0,0.0,0.0,2527.9190234845396,1109.0817128476924,2527.9190234845396,1109.0817128476924,2549.991586892947,3.406538747582192,0.0,0.0,0.0,0.0,0.0,0.0,2.7448381327630114,129.8713081717786,103.14330676495103,91.72692520007458,23.860612513932185,1.1622635356615623,0.06530461265585183,0.5932751155463237,0.0,0.0,1.0,,,,,0.0,0.0,0.0,724.5798784355945,562.3641602425971,724.5798784355945,562.3641602425971,736.1209578025172,2.866949182530467,0.0,0.0,0.0,0.0,0.0,0.0,4.8799279593360305,128.1802053445886,103.33961222120743,93.0178683235036,27.632679979159086,1.238628428422049,0.09294104351235488,0.5764097504433614,0.0,0.0,1.0,,,,,0.0,0.0,0.0,845.4959936510132,625.9518383036171,845.4959936510132,625.9518383036171,858.9678063902572,2.933976887033722,0.0,0.0,0.0,0.0,0.0,0.0,4.885854557085391,128.17230412531092,103.3353043715491,93.01792810091631,27.735205749941052,1.2400722082401918,0.09344697445838372,0.5758065571438764,0.0,0.0,1.0,,,,,0.0,0.0,0.0,479.3051622357283,341.6469326910262,479.3051622357283,341.6469326910262,486.94453647491054,2.687479497406343,0.0,0.0,0.0,0.0,0.0,0.0,4.897910330346959,128.15737644593437,103.33049005107594,93.01903066430259,27.896855534294513,1.2428348594286016,0.09441342598393992,0.5738373714873789,0.0,0.0,1.0,,,,,0.0,0.0,0.0,275.9841879051465,190.63149319739202,275.9841879051465,190.63149319739202,280.3837282706515,2.447752806272804,0.0,0.0,0.0,0.0,0.0,0.0,4.920397318924082,128.13071001927287,103.32607041884926,93.02201636379941,28.14477751609837,1.2477189510878937,0.09611677145423159,0.5699763323600896,0.0,0.0,1.0
p12,young_strong,30.0,0.1864862187031522,1.154806726088432,A,1.4692465662278995,10.073664567754191,0.9999050000000002,10.073664567754191,True,0.9999999999999993,9.670179605150299,150,0.11576016442846968,0.08608234841285241,360,0.08333333333333333,119.89437228441238,0.8945613669514482,0.8782233791588709,0.7608549112801197,1.3103003503792003,0.02556768479488567,0.1522394900232436,0.12493099639456501,15974.096860240537,1288.7651522444362,19222.05241249827,1891.886720416742,16045.97854294447,4.205366207118187,4422.0,16194.0,3.6457169393696036,4.209380952346196,10.04987562112089,15.427248620541512,0.07430567450162236,131.93356639218766,102.99314039256288,90.03257076606384,17.281775596578765,1.015595761010938,0.006720879506331677,0.5037775979022221,4422.0,16194.0,1.0,,,,,0.022599965506128833,0.25998629906031284,0.026071083801538768,1912.1980705757835,764.0471391471787,2527.9190234845396,1109.0817128476924,1948.7369456312501,3.2897532189169483,0.0,0.0,0.0,0.0,0.0,0.0,1.5007739270058682,130.93950483502124,103.19416298649415,91.04401777748895,23.50320910157825,1.0990810943898124,0.04102973750691783,0.562716458878003,0.0,0.0,1.0,,,,,0.020333018515694027,0.36132991160549177,0.01179966868763078,517.1517824789873,389.749865375943,724.5798784355945,562.3641602425971,536.6129820911735,2.729661175198313,0.0,0.0,0.0,0.0,0.0,0.0,2.7901947670950467,130.0320171069816,103.38341807257011,91.94041767481596,27.786870899783953,1.1416700945461786,0.057540625085647695,0.5207785443246887,0.0,0.0,1.0,,,,,0.020386808357235706,0.354666240064931,0.011326555954377683,603.6889475208238,435.4322172310652,845.4959936510132,625.9518383036171,626.4056107133047,2.796855639041769,0.0,0.0,0.0,0.0,0.0,0.0,2.802580464683226,130.01415328078545,103.37769762092367,91.9411889593642,27.88946864586799,1.1428971159759571,0.058007136803854796,0.5212271678964244,0.0,0.0,1.0,,,,,0.018516184187740564,0.34628152554002994,0.0055050900081648904,342.3774961259268,238.48271411160692,479.3051622357283,341.6469326910262,355.2593016518569,2.5505454577555637,0.0,0.0,0.0,0.0,0.0,0.0,2.823050227691542,129.9857183904288,103.37069127992245,91.94290250923764,28.048716540618425,1.1453204055754886,0.05892699838577478,0.52094049916415,0.0,0.0,1.0,,,,,0.01701854889047807,0.33654441513950967,0.0027890421605081556,197.12207455548938,133.43785635501513,275.9841879051465,190.63149319739202,204.53725577355522,2.3107724248285457,0.0,0.0,0.0,0.0,0.0,0.0,2.855796157327541,129.9416909319775,103.36294830989485,91.94607399577907,28.288889153886444,1.1498026729728752,0.060623313925559315,0.519469024002051,0.0,0.0,1.0
p12,young_strong,30.0,0.1864862187031522,1.154806726088432,B,1.4692465662278995,10.073664567754191,0.9999050000000002,10.073664567754191,True,0.9392633674984064,10.755164244948965,107,0.02819050372740839,0.02034864759951316,360,0.08333333333333333,86.31127401441336,0.9105329335525679,0.9649320995072708,0.6899991454096256,0.46594237000294664,0.07158363040242656,0.07996191876985642,0.08094481772286244,20600.812327828895,2825.3410561104015,19222.05241249827,1891.886720416742,20775.312114724158,4.317547557061887,5163.0,20920.0,3.712986233594383,4.320582439473552,10.63014581273465,16.792855623746664,0.12124836567316744,131.88163832576592,102.99337492604063,90.02545169239859,19.099517252759913,1.0267882167056404,0.011480876118336062,0.5131709270274192,5163.0,20920.0,1.0,,,,,0.06383265774839153,0.22699681578112343,0.02040645465787266,3127.846551062849,1650.2321900682482,2527.9190234845396,1109.0817128476924,3220.958842419692,3.5079851754175753,0.0,0.0,0.0,0.0,0.0,0.0,1.5432423839194367,130.82218398720045,103.18585078857271,90.97969688164514,25.745887173317833,1.1057888635872495,0.0436722118398672,0.5372901242714895,0.0,0.0,1.0,,,,,0.05667888546956039,0.4086202035872627,0.011086661549401492,1023.6346124254364,851.1466714162617,724.5798784355945,562.3641602425971,1073.725575664015,3.030893297933608,0.0,0.0,0.0,0.0,0.0,0.0,2.509497567430985,130.10063400151003,103.3149988873044,91.60958458793542,29.37840248016026,1.13949519476426,0.056712498106331784,0.4949680908693887,0.0,0.0,1.0,,,,,0.05687600797922649,0.42051438680829173,0.01275889631921161,1194.3000167293503,955.9126366337658,845.4959936510132,625.9518383036171,1252.7394036978258,3.0978607379481202,0.0,0.0,0.0,0.0,0.0,0.0,2.521063725138347,130.08284260148733,103.30932040289619,91.60766622900672,29.466731571079002,1.1415918923644441,0.0575108757391355,0.49555347606901506,0.0,0.0,1.0,,,,,0.049925218229196724,0.4272152302285304,0.007073327226455697,676.9374485869101,524.6881328921057,479.3051622357283,341.6469326910262,710.0546469740352,2.8512917740232893,0.0,0.0,0.0,0.0,0.0,0.0,2.5406450989049176,130.0544978462337,103.30233576973107,91.60576834276347,29.603553076517276,1.1450738850396527,0.058833510108021465,0.49551906006317586,0.0,0.0,1.0,,,,,0.04306781023812451,0.4289030290273947,0.003930858565766438,389.54237832600177,293.41123203763203,275.9841879051465,190.63149319739202,408.5937517756708,2.611291721106767,0.0,0.0,0.0,0.0,0.0,0.0,2.572643049043443,130.0106519942121,103.29458217937436,91.60443389058395,29.80970801441329,1.1506234548119791,0.06093322262846445,0.49445368913047527,0.0,0.0,1.0
p12,young_strong,60.0,0.3729724374063044,1.154806726088432,A,1.3268438837400536,9.793752535777925,0.9999050000000002,9.793752535777925,True,0.9999999999999998,9.433588133397363,150,0.09912202521600709,0.06928572917470788,720,0.08333333333333333,206.8377302736044,0.9239849394525288,0.9092491035646488,0.5759770301351684,1.0422285019230269,0.02036562481609543,0.1151972728385747,0.0924521233847655,16733.707026776596,1389.9154759123362,19222.05241249827,1891.886720416742,16801.726055498188,4.225353899456377,4651.0,17243.0,3.667639706056411,4.2366380141818505,10.416305677161908,15.811388300841896,0.12654673353685164,131.89535354323408,102.9856811580976,90.06970054247823,17.42626996743483,1.0206983294395475,0.00889740396876471,0.5078829733413041,4651.0,17243.0,1.0,,,,,0.018103246153631663,0.20867383308161494,0.021245047306898843,2034.9209177693763,822.4613447048434,2527.9190234845396,1109.0817128476924,2069.0339568019294,3.3157676183267712,0.0,0.0,0.0,0.0,0.0,0.0,1.7186909210264292,130.7536501094022,103.19365498437371,91.1674794127747,23.529094502225522,1.109011759272442,0.04493615116273716,0.5696834795708224,0.0,0.0,1.0,,,,,0.016354750369735018,0.29775608787447694,0.00973472749601121,553.9698810208015,418.7096239254395,724.5798784355945,562.3641602425971,572.0863960840433,2.757461620592311,0.0,0.0,0.0,0.0,0.0,0.0,3.1856796412042843,129.68318756391088,103.39493052714813,92.15057313084041,27.71762832739819,1.155309422278863,0.06269831530294964,0.5335203036618487,0.0,0.0,1.0,,,,,0.016416359095483692,0.2924873140034678,0.00950969686682375,646.6311423776561,467.2740343559949,845.4959936510132,625.9518383036171,667.778021966727,2.824632121373572,0.0,0.0,0.0,0.0,0.0,0.0,3.1969355349157667,129.66747424612504,103.38957537291239,92.15126740567912,27.8197483971573,1.157009316393882,0.06333685596312762,0.533614569061907,0.0,0.0,1.0,,,,,0.014970160328586442,0.28560401095690807,0.004609459415650614,366.7094433952499,255.69899388471535,479.3051622357283,341.6469326910262,378.70096753921354,2.5782964146967564,0.0,0.0,0.0,0.0,0.0,0.0,3.2159946950382494,129.6419032819387,103.3831124541857,92.15295763874502,27.979102667836088,1.1600991624202888,0.06449511323667406,0.5328075888560581,0.0,0.0,1.0,,,,,0.013802347341765308,0.2775080451793782,0.002323293621229041,211.12027204359373,142.97391075671396,275.9841879051465,190.63149319739202,218.02291609731003,2.3385021441163105,0.0,0.0,0.0,0.0,0.0,0.0,3.2471047106920627,129.60148582123657,103.37614856075352,92.15623073828206,28.22064069548606,1.1653774993613237,0.06646662865240499,0.530656237543531,0.0,0.0,1.0
p12,young_strong,60.0,0.3729724374063044,1.154806726088432,B,1.3268438837400536,9.793752535777925,0.9999050000000002,9.793752535777925,True,0.939291723985106,10.239289243433115,122,0.01395102565625983,0.011369729241635262,720,0.08333333333333333,168.2418023943901,0.9343532145623548,0.9744441235922611,0.5331473520596479,0.34512076559304783,0.0528804574831195,0.0590438634905843,0.061049048614017165,20153.775028129756,2508.8321523940763,19222.05241249827,1891.886720416742,20290.59209652158,4.3072947202960465,5152.0,20871.0,3.7120601424610746,4.319564066092164,10.770329614269007,16.822603841260722,0.146224639560576,131.86637214697822,102.98607000086523,90.05771652480456,18.759716760930274,1.0266014908087409,0.011401890598365204,0.5148600544021585,5152.0,20871.0,1.0,,,,,0.046902663936801425,0.16158988647451433,0.016217947944373652,2926.839364829787,1466.7393768890815,2527.9190234845396,1109.0817128476924,2998.426823241794,3.476893454324344,0.0,0.0,0.0,0.0,0.0,0.0,1.7163135342824056,130.7012416992925,103.18818986907905,91.10613904979452,25.201156403060534,1.1108812636741012,0.04566764194097526,0.5496191330664513,0.0,0.0,1.0,,,,,0.04152947319737967,0.2886576811013531,0.00875685447239147,922.581212475196,753.3257734766426,724.5798784355945,562.3641602425971,960.9403509791244,2.98269643028601,0.0,0.0,0.0,0.0,0.0,0.0,2.873816884964492,129.83443270230183,103.33891095464503,91.85856964687063,28.923614597096257,1.1491775415230256,0.06038712994788675,0.5108801004085582,0.0,0.0,1.0,,,,,0.041565044190753464,0.2965521704459823,0.010076244481641256,1076.4766967694363,844.1749176075468,845.4959936510132,625.9518383036171,1121.2340613644396,3.0496962824863316,0.0,0.0,0.0,0.0,0.0,0.0,2.884286001371626,129.81844958726046,103.33352411804113,91.8570689801591,29.01429333813747,1.1512783472513062,0.061180336714789556,0.5111842401720941,0.0,0.0,1.0,,,,,0.03636095521126461,0.30070740260156176,0.005584005669060912,610.2079097169146,462.6975315981943,479.3051622357283,341.6469326910262,635.5751827087951,2.8031669309786276,0.0,0.0,0.0,0.0,0.0,0.0,2.9024275416514156,129.7924645316085,103.32698289153454,91.8557895837012,29.15562436379512,1.1548329680726594,0.06251917358732907,0.5107150946274693,0.0,0.0,1.0,,,,,0.03124087860672824,0.30113148439033566,0.0030998988893854522,351.1711118244881,258.5567806871851,275.9841879051465,190.63149319739202,365.76614812756225,2.563203508790192,0.0,0.0,0.0,0.0,0.0,0.0,2.9326530747145108,129.75146889783082,103.31987847656225,91.85532738335921,29.36978293039435,1.1605727720027628,0.06467237744024336,0.5090570989686387,0.0,0.0,1.0
p12,young_strong,100.0,0.6216207290105075,1.154806726088432,A,1.1674693206815117,9.407590017815236,0.9999050000000002,9.407590017815236,True,0.9999999999999996,9.124847740432077,150,0.07399184566312017,0.04670557531412165,1200,0.08333333333333333,322.1926351413131,0.9593160377358491,0.9499466978019189,0.33465584000419835,0.647293028634186,0.013621863971940184,0.06817375353420743,0.05449128115251445,17779.459565157933,1546.7322346076178,19222.05241249827,1891.886720416742,17841.823558291548,4.251439240221163,5000.0,18713.0,3.699056854547668,4.2721666251407875,10.862780491200215,16.30950643030009,0.20955009573257943,131.8344504978337,102.97456064672961,90.12592634457971,17.61951309946478,1.0282039037317592,0.012079248398884648,0.5132795689485088,5000.0,18713.0,1.0,,,,,0.012178835377272143,0.13605632635717466,0.014425993406201175,2212.0896872134754,912.7147243901424,2527.9190234845396,1109.0817128476924,2242.7501960179015,3.3507809033053757,0.0,0.0,0.0,0.0,0.0,0.0,2.0300782361467475,130.48513409846373,103.18444737790995,91.3387972624791,23.595983667201995,1.1245606155966827,0.05098286956237019,0.5781910951514898,0.0,0.0,1.0,,,,,0.011044999333418756,0.202543478647013,0.0065914882160069375,609.7509552167169,463.6843359748947,724.5798784355945,562.3641602425971,625.9628138235634,2.7965485341195047,0.0,0.0,0.0,0.0,0.0,0.0,3.7314348674907034,129.19845350885979,103.39284321746564,92.43323193197783,27.652635036475775,1.1789359516702944,0.07149021171787853,0.5491986917942944,0.0,0.0,1.0,,,,,0.011092823154706059,0.19912493162828007,0.006590481419842347,711.6793363631639,516.8502895392293,845.4959936510132,625.9518383036171,730.602958102214,2.8636814262729247,0.0,0.0,0.0,0.0,0.0,0.0,3.7410299292656437,129.18546580920014,103.38788490808903,92.43377228157374,27.754642086730975,1.180791394716546,0.07217317947156697,0.5489665602080471,0.0,0.0,1.0,,,,,0.01013771943813893,0.1943809826463455,0.0031967136229892595,403.5604450495562,282.5373393093937,479.3051622357283,341.6469326910262,414.2912457001806,2.61730575641132,0.0,0.0,0.0,0.0,0.0,0.0,3.7579617084151913,129.1635691132113,103.38203754443232,92.43536102888875,27.914614415399324,1.1840906637091533,0.07338495681352983,0.5476455377044566,0.0,0.0,1.0,,,,,0.009346187573060777,0.18872782898116042,0.0016002024321663056,232.31760746065075,157.8418142617474,275.9841879051465,190.63149319739202,238.49454208116006,2.3774784447129997,0.0,0.0,0.0,0.0,0.0,0.0,3.7865229737289616,129.12785296583345,103.37600070596515,92.43867814887886,28.158266693127185,1.189612818640982,0.07540563526763855,0.5447776392180537,0.0,0.0,1.0
p12,young_strong,100.0,0.6216207290105075,1.154806726088432,B,1.1674693206815117,9.407590017815236,0.9999050000000002,9.407590017815236,True,0.9369198209103038,9.626997724034277,111,0.0063670205352304166,0.004349864326955721,1200,0.08333333333333333,239.32319010049105,0.9613708974731339,0.9837519888144255,0.3213660245183888,0.21852731591448932,0.031919953051168744,0.036487761638126934,0.037565889837090194,19724.182366283825,2210.0875891433,19222.05241249827,1891.886720416742,19822.974910244382,4.297168831287082,5153.0,20797.0,3.712144414214886,4.318021573870186,11.0,16.881943016134134,0.20971426061024753,131.8241061893679,102.97510144762273,90.11145178587238,18.423386356916094,1.0298288797614912,0.012765066696099218,0.517342883935202,5153.0,20797.0,1.0,,,,,0.028153997851688626,0.09447817820377492,0.010797653003372033,2736.2851054695675,1293.7125041901834,2527.9190234845396,1109.0817128476924,2786.4586473456948,3.4450526022593144,0.0,0.0,0.0,0.0,0.0,0.0,1.9999953937445782,130.48093842487162,103.18308739531872,91.28798777620109,24.620411807146485,1.1231109368936487,0.050422656440606485,0.5650461263324768,0.0,0.0,1.0,,,,,0.024882120940400713,0.1665437275589152,0.0057762634790133015,827.1949659512167,661.1126537720401,724.5798784355945,562.3641602425971,853.9128710853015,2.931413559755419,0.0,0.0,0.0,0.0,0.0,0.0,3.4513093906196346,129.37665434643793,103.35820019502553,92.21388498165554,28.4111009623367,1.169972074606731,0.06817549594365153,0.5326215740522735,0.0,0.0,1.0,,,,,0.02481728792888786,0.1705841081486992,0.006644656434580582,965.2424243621934,738.9036456524396,845.4959936510132,625.9518383036171,996.4215908467581,2.998443129426508,0.0,0.0,0.0,0.0,0.0,0.0,3.4604379652560207,129.36320641076313,103.35318998818744,92.21296346815502,28.50538094337713,1.1720408881910873,0.06894276288174203,0.5325843339329354,0.0,0.0,1.0,,,,,0.021657553170318436,0.17242940878291485,0.0036799240591772406,547.1980888963298,404.3334945339769,479.3051622357283,341.6469326910262,564.8729633723145,2.751950788510075,0.0,0.0,0.0,0.0,0.0,0.0,3.4768195454436,129.3406199685231,103.34723949919866,92.21255434508552,28.65316727077225,1.1756045158621609,0.07026124566380282,0.5315674039068194,0.0,0.0,1.0,,,,,0.018540387078647812,0.17195916855708704,0.0020393200514095505,314.93275299611065,225.76972837804064,275.9841879051465,190.63149319739202,325.10382670402635,2.5120220814821663,0.0,0.0,0.0,0.0,0.0,0.0,3.5048634307370974,129.30390534965278,103.34102952851367,92.21333236662934,28.878295941649647,1.1814309142727364,0.07240833076960636,0.5291326928596811,0.0,0.0,1.0
p12,young_strong,150.0,0.9324310935157611,1.154806726088432,A,1.0100162715247722,8.901359528597155,0.9999050000000002,8.901359528597155,True,1.0,8.74465891428729,150,0.03747868378900921,0.01824554688142414,1800,0.08333333333333333,465.1760548874736,0.9732781332329695,0.9937515136837006,0.22564102564102564,0.08228493709622578,0.005399027278374677,0.023707963097452222,0.03599203313093369,19108.037700675835,1776.9286745620639,19222.05241249827,1891.886720416742,19162.405194867973,4.282450019215462,5452.0,20605.0,3.7366354976868212,4.313993695489759,11.445523142259598,16.911534525287763,0.33292378188808514,131.74273439701963,102.95872892523437,90.20724225548257,17.859643005419905,1.0385232029634952,0.016416204103124006,0.5198866537642047,5452.0,20605.0,1.0,,,,,0.004831323209798696,0.04241581383626797,0.004887215134231113,2451.582602413777,1044.3593326706668,2527.9190234845396,1109.0817128476924,2477.551267694648,3.394022650058026,0.0,0.0,0.0,0.0,0.0,0.0,2.447539585465176,130.12522571242252,103.16257525348983,91.56500500957988,23.719920202089376,1.1464762575160727,0.05936506531408356,0.587852051653986,0.0,0.0,1.0,,,,,0.004369742960484288,0.0683681166592978,0.0022531860988613574,689.4371560915273,529.6498216747209,724.5798784355945,562.3641602425971,703.078677981577,2.8470039274398973,0.0,0.0,0.0,0.0,0.0,0.0,4.425261410030621,128.58312582906984,103.36857837979333,92.78784135579582,27.607609788996264,1.2136345869788687,0.08408794477276438,0.5667147611608921,0.0,0.0,1.0,,,,,0.0043738813102557955,0.06722065290658644,0.002296631602871864,804.580994981767,589.7623041000697,845.4959936510132,625.9518383036171,820.5046481545006,2.9140810456720283,0.0,0.0,0.0,0.0,0.0,0.0,4.432610525392633,128.57332522588948,103.36401178507356,92.78808742377704,27.710057089549107,1.215297820161578,0.08468271892468807,0.5662152196717571,0.0,0.0,1.0,,,,,0.003953072652866665,0.06535283520905674,0.0011190520595865602,456.17700850055724,322.0608508103112,479.3051622357283,341.6469326910262,465.20686978446116,2.6676461194000356,0.0,0.0,0.0,0.0,0.0,0.0,4.44660084450899,128.5557650009763,103.35879534534327,92.78940320535563,27.87133141866516,1.2183513441029379,0.08577254675482258,0.5644415531554867,0.0,0.0,1.0,,,,,0.0035792063681976453,0.06312087610807487,0.0005527664875597874,262.5770505898617,179.74137223860595,275.9841879051465,190.63149319739202,267.7749998041901,2.4277700276651193,0.0,0.0,0.0,0.0,0.0,0.0,4.4715414144341405,128.52566229705826,103.35375728347421,92.79258230519821,28.117915087412076,1.2235841923968693,0.08763385765625223,0.5609003461254644,0.0,0.0,1.0
p12,young_strong,150.0,0.9324310935157611,1.154806726088432,B,1.0100162715247722,8.901359528597155,0.9999050000000002,8.901359528597155,True,0.9296311211196985,8.954168537764982,108,0.008224455549942,0.0005958575257309917,1800,0.08333333333333333,336.18063236027956,0.9850082212979979,0.9936721089749783,0.12282229965156795,0.08464800678541136,0.011382565113940236,0.013798810523191325,0.014488840866898611,19375.083851720752,1981.6220685350208,19222.05241249827,1891.886720416742,19439.914751749606,4.288694356118758,5163.0,20719.0,3.712986233594383,4.316389751073196,11.224972160321824,16.97056274847714,0.32493943593623587,131.74429607977316,102.95967005757109,90.19640427172256,18.148338734809123,1.0380927495076027,0.016236157751206733,0.5208182680648079,5163.0,20719.0,1.0,,,,,0.010008701429265845,0.03336177883050357,0.004320199527984868,2588.18162447505,1161.1015182907372,2527.9190234845396,1109.0817128476924,2619.6870295587564,3.4182494098485714,0.0,0.0,0.0,0.0,0.0,0.0,2.417117432152512,130.14066215115903,103.16394029585771,91.53572231346591,24.10400249320243,1.1445300195984243,0.058627188163874445,0.5823873406856157,0.0,0.0,1.0,,,,,0.008855746454745848,0.05754266550076571,0.0023052567055065476,753.8214960559153,590.328983002383,724.5798784355945,562.3641602425971,770.436909501259,2.8867370804622126,0.0,0.0,0.0,0.0,0.0,0.0,4.268639668660265,128.69672097520746,103.35729046951627,92.67992086182008,27.906839434413303,1.2068877206172102,0.08166686861885805,0.5590988546714541,0.0,0.0,1.0,,,,,0.008797046217796367,0.05862737599335731,0.002625887456121743,879.6588526778747,658.079336391101,845.4959936510132,625.9518383036171,899.0523352061438,2.95378497341252,0.0,0.0,0.0,0.0,0.0,0.0,4.275981931709463,128.68653037085494,103.35271419236902,92.679651692952,28.005983060839295,1.208692109398432,0.08231568694968376,0.5586992402597961,0.0,0.0,1.0,,,,,0.007676222024983866,0.05895328088729391,0.0014528680469808918,498.70634039246863,359.5278903960784,479.3051622357283,341.6469326910262,509.70273506584084,2.7073169640199723,0.0,0.0,0.0,0.0,0.0,0.0,4.289973395478442,128.66841246386252,103.34745955138867,92.68023657222922,28.16204931787689,1.2119308389006405,0.08347783671076554,0.5570809896578592,0.0,0.0,1.0,,,,,0.0065435211507177985,0.05834482713892808,0.0008025536088040399,287.0382660386387,200.61301613355226,275.9841879051465,190.63149319739202,293.3676174029875,2.467412173722161,0.0,0.0,0.0,0.0,0.0,0.0,4.314966831924596,128.63752820354335,103.34233586307758,92.68244819810074,28.40072320647599,1.21739430995493,0.08543126754927917,0.5537607249141537,0.0,0.0,1.0
p13,young_strong,75.38994632661343,1.4581796772361995,1.4581796772361995,truth,,,,,,0.8787301689386368,5.687415197749369,,,,,,,1.0,1.0,0.0,0.0,0.0,0.0,0.0,6348.654329858575,19.886493333118185,6348.654329858575,19.886493333118185,6348.8121892007175,3.8026924799487904,2651.0,7347.0,3.4235735197327357,3.8661691476337707,8.602325267042627,11.874342087037917,0.15588138199590573,131.94222739886416,103.00536419484601,90.14468088064636,11.632016352391576,1.0377773616194117,0.01610419263468026,0.41417222169319723,2651.0,7347.0,1.0,,,,,0.0,0.0,0.0,81.94972755791848,28.025830290235792,81.94972755791848,28.025830290235792,82.13235311658583,1.9145142656729106,0.0,0.0,0.0,0.0,0.0,0.0,1.718653227681817,130.82284364278334,102.79355311688627,91.23509170191454,18.651558268796094,1.1368010695384372,0.055684473517603826,0.5757964334776784,0.0,0.0,1.0,,,,,0.0,0.0,0.0,28.118177983888458,26.608635379303987,28.118177983888458,26.608635379303987,28.316663887549097,1.4520420858619005,0.0,0.0,0.0,0.0,0.0,0.0,3.959206860936178,129.14915923439878,102.47554796263225,92.69684555682582,25.251368760993774,1.2022917696999973,0.0800098741510038,0.6334199713836841,0.0,0.0,1.0,,,,,0.0,0.0,0.0,45.55897663569193,39.94256705238087,45.55897663569193,39.94256705238087,45.88062121770865,1.6616292895604516,0.0,0.0,0.0,0.0,0.0,0.0,3.960914163614264,129.1493096857605,102.47777375965822,92.69994175820881,25.299685198484326,1.2022713747121938,0.08000250696608929,0.6309986601304044,0.0,0.0,1.0,,,,,0.0,0.0,0.0,67.87614512042312,55.97784967494156,67.87614512042312,55.97784967494156,68.35541340592081,1.834772914210689,0.0,0.0,0.0,0.0,0.0,0.0,3.963610019776901,129.14867124789512,102.48156476371415,92.70395148663454,25.377377903111633,1.2025005255454932,0.08008527485165551,0.6275265251550728,0.0,0.0,1.0,,,,,0.0,0.0,0.0,143.83865967911993,112.5358155961274,143.83865967911993,112.5358155961274,144.85427086298057,2.1609313044060676,0.0,0.0,0.0,0.0,0.0,0.0,3.967381045374084,129.14623935250017,102.4877124987686,92.70808493996348,25.5000250340098,1.2032948046352177,0.08037204158859637,0.6227561886470423,0.0,0.0,1.0
p13,young_strong,30.0,0.5802549603572726,1.4581796772361995,A,1.7944014967540391,6.006933981634093,0.9999050000000002,6.006933981634093,True,1.0,6.0707106226211325,150,0.025139523113910264,0.022492485738060463,360,0.08333333333333333,130.15144868940115,0.7919799498746867,0.8547155105222136,1.1418247353275586,1.149488783805415,0.0072495311046365,0.17553722141962663,0.12930865979692185,5060.951170200495,16.15628835560094,6348.654329858575,19.886493333118185,5061.20273175405,3.704253733775631,1738.0,5483.0,3.2402995820027125,3.739097446117475,7.3484692283495345,10.770329614269007,0.04589896773917839,131.9838013303578,103.00120950961383,90.04292849202848,11.26037767012251,1.01300910037971,0.0056133468676236396,0.3925806254463339,1738.0,5483.0,1.0,,,,,0.007285811671024181,0.23217974741815917,0.0011848996254185395,63.630931826307986,22.589615805605064,81.94972755791848,28.025830290235792,63.93381454612624,1.8057306169461724,0.0,0.0,0.0,0.0,0.0,0.0,1.0643710002184603,131.45973990207628,102.91144624711683,90.91277756630397,18.826511287866204,1.0851360451108445,0.03548418973945446,0.5436257621184575,0.0,0.0,1.0,,,,,0.0069579961005218445,0.28448224043981973,0.000763835677122077,22.86395790972649,21.72485117056082,28.118177983888458,26.608635379303987,23.19332402877959,1.3653629954643787,0.0,0.0,0.0,0.0,0.0,0.0,2.2527529557652914,130.88113083704135,102.81200133855428,91.94619736388273,25.503492638104447,1.1061469410408757,0.04381282266884057,0.5628266760207394,0.0,0.0,1.0,,,,,0.007399334539228248,0.2786993541954104,0.000912718314643169,37.0554280093953,32.79812165958049,45.55897663569193,39.94256705238087,37.589211859513625,1.575063219870435,0.0,0.0,0.0,0.0,0.0,0.0,2.2564402484592754,130.87736499011444,102.81391756257312,91.94848314232571,25.54874461417966,1.1071175949876468,0.04419375289483445,0.5620380347209322,0.0,0.0,1.0,,,,,0.007661277418303097,0.2735004757525145,0.0009868711969143926,55.14182547798452,46.05869442547734,67.87614512042312,55.97784967494156,55.93597516704296,1.7476912138118936,0.0,0.0,0.0,0.0,0.0,0.0,2.2620605281234707,130.87077624124265,102.8171618147696,91.95149730555126,25.62081493439882,1.1087764584661686,0.04484399642828774,0.5608742031089301,0.0,0.0,1.0,,,,,0.008122690247877153,0.2668900290749254,0.001508653585951898,116.94057314373079,92.8187396843279,143.83865967911993,112.5358155961274,118.62322680591973,2.0741697335983833,0.0,0.0,0.0,0.0,0.0,0.0,2.27039183350456,130.8590072584137,102.82230647524499,91.95479913355611,25.73397133126247,1.1115606541849192,0.04593316569367777,0.5591976672924449,0.0,0.0,1.0
p13,young_strong,30.0,0.5802549603572726,1.4581796772361995,B,1.7944014967540391,6.006933981634093,0.9999050000000002,6.006933981634093,True,0.9999999999999969,6.807991257557986,150,0.12615823100762058,0.006023549596611888,360,0.08333333333333333,120.03419888019562,0.9590917987864552,0.9737574552683896,0.2740419378163413,0.2507655665192242,0.04248563954838237,0.0820176927409732,0.04728118430998329,7133.265728859656,83.81068918227427,6348.654329858575,19.886493333118185,7134.887744450408,3.853387144605639,2458.0,7743.0,3.390758528738717,3.8889653443003374,8.246211251235321,12.083045973594572,0.039807817819882324,131.98052574492928,102.99874898094625,90.03469655170689,12.59422691431693,1.0094395917994945,0.004080334440511404,0.4326377916600739,2458.0,7743.0,1.0,,,,,0.043533621258759016,0.9948326239264158,0.0063082185553749,180.11213078678995,113.73913161852194,81.94972755791848,28.025830290235792,182.17266122841954,2.2604832026671926,0.0,0.0,0.0,0.0,0.0,0.0,1.2019930270880121,131.42596181679298,102.90436341679961,91.05172289379966,22.532149770237666,1.072549824245005,0.030417476047500957,0.548952922154105,0.0,0.0,1.0,,,,,0.04340151512324233,2.7733548902841347,0.005761623804304408,115.38827444130858,111.63122540134405,28.118177983888458,26.608635379303987,117.6287168884685,2.0705133596969323,0.0,0.0,0.0,0.0,0.0,0.0,1.6018134893365357,131.34376569258274,102.88898966440877,91.45699680637296,26.046163794290365,1.077711735110604,0.0325026118782035,0.5341602836515155,0.0,0.0,1.0,,,,,0.04620886216157616,2.88385151736817,0.008047096400772483,186.81056832062038,170.09214670477937,45.55897663569193,39.94256705238087,190.43742857400994,2.2797523086790865,0.0,0.0,0.0,0.0,0.0,0.0,1.6047270203889725,131.33795758716417,102.89055982146357,91.45769389821557,26.08946820683257,1.0789305127451339,0.032993475356574015,0.5341291488690794,0.0,0.0,1.0,,,,,0.04814745357252466,2.9561969485931177,0.010790132018923211,277.3983107910315,239.92699131041238,67.87614512042312,55.97784967494156,282.77978971012163,2.451448367179252,0.0,0.0,0.0,0.0,0.0,0.0,1.6093588713495806,131.327401960311,102.89331958592012,91.45817253541885,26.158551330887576,1.0810229832706306,0.03383492744221271,0.5340111248910475,0.0,0.0,1.0,,,,,0.05181017206040208,3.0025781502452777,0.01936650677387153,585.2900267803079,482.96483979559315,143.83865967911993,112.5358155961274,596.6069091472895,2.775688278505038,0.0,0.0,0.0,0.0,0.0,0.0,1.6167799812624524,131.3066983253513,102.89794329660185,91.45701569141579,26.26819440252078,1.084660137128863,0.035293679482800495,0.5338018051290546,0.0,0.0,1.0
p13,young_strong,60.0,1.1605099207145453,1.4581796772361995,A,1.1171303888975663,5.797724869381078,0.9999050000000002,5.797724869381078,True,1.0,5.791112756969997,150,0.006635827632739023,0.006528446179250142,720,0.08333333333333333,208.83015073090792,0.982927297141761,0.9780930523680367,0.11459074733096085,0.20549876630243213,0.0021041915143086894,0.027428280181292772,0.03190178921588149,6172.610902284923,18.717448905311162,6348.654329858575,19.886493333118185,6172.799998354458,3.7904822058480163,2562.0,7032.0,3.408748606184244,3.847140617413406,8.366600265340756,11.704699910719626,0.11512329201853302,131.95782174403857,103.00361975536963,90.10705729522223,11.524464465966549,1.0290181434019134,0.012423032206425273,0.40802491227743126,2562.0,7032.0,1.0,,,,,0.0021057744407408873,0.04914756245513257,0.000336042790642266,78.05747030997908,26.336299206100502,81.94972755791848,28.025830290235792,78.27886071581501,1.8936444962343613,0.0,0.0,0.0,0.0,0.0,0.0,1.4746431621606393,131.04738536499738,102.83884178734765,91.1140582764742,18.593273694694453,1.1179587037491832,0.04842576145282459,0.5652175026105115,0.0,0.0,1.0,,,,,0.002049708629557544,0.09403764338004356,0.0002512987468264332,26.51054771882442,25.087767591637643,28.118177983888458,26.608635379303987,26.75122676168391,1.4273437027540208,0.0,0.0,0.0,0.0,0.0,0.0,3.3846954632047748,129.71566416001198,102.59882044562403,92.46516289805277,25.327321286603556,1.1650895797172276,0.06635931804980413,0.6122389544346057,0.0,0.0,1.0,,,,,0.0021846127993030346,0.09232629361833196,0.0003032630016139939,42.96288609884115,37.72073213630387,45.55897663569193,39.94256705238087,43.35295758555935,1.6370187308612132,0.0,0.0,0.0,0.0,0.0,0.0,3.387327927606091,129.71448974934862,102.6009611487023,92.46803593540747,25.37469118053005,1.1654435362706308,0.06649123754762538,0.6102375168187261,0.0,0.0,1.0,,,,,0.002284883766461571,0.09130723619099794,0.0003302815134693946,63.92603954970859,52.841395224355686,67.87614512042312,55.97784967494156,64.50643985658749,1.8096030736208444,0.0,0.0,0.0,0.0,0.0,0.0,3.3914177754623394,129.71183020467518,102.6045820042067,92.47176821811591,25.450534351527963,1.1662204690577054,0.06678065972333579,0.6073796904795041,0.0,0.0,1.0,,,,,0.002437168232894013,0.08896852150906652,0.0005107182220624304,135.53945825026724,106.32579638388611,143.83865967911993,112.5358155961274,136.7695906998434,2.1359895472428545,0.0,0.0,0.0,0.0,0.0,0.0,3.3974010825191705,129.70620006768655,102.61039542838074,92.47568662471538,25.570234234690684,1.1677914395685691,0.06736528735493327,0.6034508514939223,0.0,0.0,1.0
p13,young_strong,60.0,1.1605099207145453,1.4581796772361995,B,1.1171303888975663,5.797724869381078,0.9999050000000002,5.797724869381078,True,0.9814650567747042,5.897416539302289,111,0.0015472478038703885,0.00019616704092639825,720,0.08333333333333333,152.87688086926937,0.9941564561734213,0.996392840127952,0.04225352112676056,0.03469812630117974,0.0062274251305506545,0.014244034672322953,0.026337467556620142,6432.8553758818225,24.245582741866492,6348.654329858575,19.886493333118185,6433.116421721357,3.80842141100765,2654.0,7346.0,3.4240645254174877,3.8661100398443766,8.54400374531753,11.874342087037917,0.11218132136820881,131.95649784378026,103.00259672400688,90.10337053880377,11.71236788642479,1.0276258828861002,0.01183503433802842,0.41392751748133455,2654.0,7346.0,1.0,,,,,0.006327109155826457,0.07480299563399324,0.0006256126019562539,88.8678703568895,33.86767680316428,81.94972755791848,28.025830290235792,89.17693853177045,1.9502525588234028,0.0,0.0,0.0,0.0,0.0,0.0,1.5383996134968911,131.0016959105957,102.8309580083176,91.15822585057238,19.22187944526489,1.116468496377442,0.04784647300309774,0.5688028658003499,0.0,0.0,1.0,,,,,0.006249467753452735,0.20580711960335388,0.0005677661118504902,34.06525935071633,32.380635956081626,28.118177983888458,26.608635379303987,34.40127952222826,1.5365745960339985,0.0,0.0,0.0,0.0,0.0,0.0,3.207777141774825,129.86341579072814,102.63026223580262,92.36392387646251,25.427021006006147,1.1544090812901069,0.062359734525726386,0.6051553212253549,0.0,0.0,1.0,,,,,0.006645477383443689,0.21347585464575938,0.0007906942800827094,55.20073931227451,48.762864877704054,45.55897663569193,39.94256705238087,55.74528303928399,1.7462081248739516,0.0,0.0,0.0,0.0,0.0,0.0,3.2104057996665416,129.86196525539057,102.63239685591776,92.36651236164874,25.47373797667163,1.1548831648114835,0.06253805051023216,0.6033362441778828,0.0,0.0,1.0,,,,,0.006843193747725373,0.21727585659161247,0.0010332273849545772,82.11981615498907,68.36313067081207,67.87614512042312,55.97784967494156,82.92988884581905,1.9187110832807925,0.0,0.0,0.0,0.0,0.0,0.0,3.2144775701587376,129.85886565719935,102.6360154495261,92.36979429954364,25.548539238511264,1.1558391921714477,0.06289741642835471,0.6007212099282153,0.0,0.0,1.0,,,,,0.007316826659135721,0.22103492952913173,0.0018572483566769845,174.03854057058368,137.56620358051418,143.83865967911993,112.5358155961274,175.75441969568072,2.2449062550307604,0.0,0.0,0.0,0.0,0.0,0.0,3.2203761771848045,129.85248821499312,102.64186492122235,92.37292122102376,25.666687277657612,1.157675460969999,0.06358682772980069,0.59710261032472,0.0,0.0,1.0
p13,young_strong,100.0,1.9341832011909088,1.4581796772361995,A,0.6015400774569176,5.506428733412039,0.6015400774569176,5.506428733412039,True,0.5421242676125426,5.6043000871548,63,0.014536957610690706,0.008591463602702354,1200,0.08333333333333333,136.9168507680297,0.8764568764568764,0.9586847140528666,0.7917942275043531,0.3875222816399287,0.002769325636299551,0.08163308472069437,0.08148334751803177,5877.968686494391,20.87741469312121,6348.654329858575,19.886493333118185,5878.085761781923,3.769235918177039,2068.0,6764.0,3.3157604906657347,3.8302678009336417,8.06225774829855,11.575836902790225,0.2154608003457566,131.92215928802065,103.0086102085452,90.20072380116217,11.705445279648844,1.0507957950385902,0.021518326204639063,0.41817098084791493,2068.0,6764.0,1.0,,,,,0.002698383896823372,0.07255803157898671,0.0004533952062494486,79.95517888018217,29.225530333025933,81.94972755791848,28.025830290235792,80.08931370008595,1.9035745721304955,0.0,0.0,0.0,0.0,0.0,0.0,2.1197069943841886,130.47145289913874,102.72098102510857,91.44182173452214,18.946741593629664,1.1651394498838217,0.06637790707079012,0.5902335650326105,0.0,0.0,1.0,,,,,0.0026071035099485833,0.09472948611224767,0.0002354166553681067,29.2645691376542,27.727578725565635,28.118177983888458,26.608635379303987,29.41036225077121,1.4685003737944584,0.0,0.0,0.0,0.0,0.0,0.0,4.688400316453228,128.43687748350982,102.31275070007152,92.96866028025222,25.184403616103676,1.2553259903778513,0.09875652058840766,0.6565907232040948,0.0,0.0,1.0,,,,,0.0027350751339566474,0.09546877259967335,0.00034481499298911924,47.42327227568132,41.62579903174086,45.55897663569193,39.94256705238087,47.65958276537145,1.6781502360068703,0.0,0.0,0.0,0.0,0.0,0.0,4.688771044163598,128.43871809946404,102.31504221906586,92.97198216142691,25.23376034231996,1.2548129901099545,0.09857900596439984,0.6538406475509457,0.0,0.0,1.0,,,,,0.002778700972081808,0.0940932077708741,0.0004484366218727167,70.55543979394368,58.25562092009349,67.87614512042312,55.97784967494156,70.90713170437998,1.8506899178924505,0.0,0.0,0.0,0.0,0.0,0.0,4.689436102838062,128.4406677515828,102.31897431469372,92.97626761631602,25.31314731884828,1.2543081099120341,0.09840423027347253,0.6498674479403452,0.0,0.0,1.0,,,,,0.0029123920714937816,0.09258318800879628,0.0007989129305251844,149.5618148331946,117.13551843973347,143.83865967911993,112.5358155961274,150.30767828387604,2.176981166555927,0.0,0.0,0.0,0.0,0.0,0.0,4.690037084734678,128.44232006844345,102.32547947693708,92.98066828492425,25.43909545130545,1.2540408118585546,0.09831167052703416,0.6443405652069759,0.0,0.0,1.0
p13,young_strong,100.0,1.9341832011909088,1.4581796772361995,B,0.6015400774569176,5.506428733412039,0.6015400774569176,5.506428733412039,True,0.7023878770946306,5.421220722757064,58,0.013666029884157327,0.0003850605619029057,1200,0.08333333333333333,124.27794543653727,0.9911270530488956,0.9940095302927161,0.06047819971870605,0.05682605682605683,0.0067417485927623155,0.017538358414229904,0.02816597233875162,6267.819846239793,16.72607431690258,6348.654329858575,19.886493333118185,6267.896426770614,3.7971218113999927,2646.0,7343.0,3.422753941301348,3.865932668193186,8.602325267042627,11.874342087037917,0.234941501711296,131.918519432708,103.01141976562724,90.22006366200068,11.563013166225668,1.0555670822674281,0.02348583833797061,0.4160416267412415,2646.0,7343.0,1.0,,,,,0.006777459755681256,0.06109992187559535,0.0005673290690946689,76.78870133158068,23.7277027037754,81.94972755791848,28.025830290235792,76.8743624879773,1.8857815272341838,0.0,0.0,0.0,0.0,0.0,0.0,2.022231751836738,130.55484877283567,102.7382917423475,91.39013235939554,18.143603535524313,1.1686556983301308,0.06768658101667605,0.5858941263368325,0.0,0.0,1.0,,,,,0.006605186161532171,0.16326122087809472,0.00050961350236891,23.769256075300554,22.367581543445347,28.118177983888458,26.608635379303987,23.862339248861243,1.377713015741475,0.0,0.0,0.0,0.0,0.0,0.0,5.099849020103199,128.08593071329844,102.22594721187671,93.17637591099442,24.991597915014207,1.2895803513240742,0.11044840738863655,0.6706396888011132,0.0,0.0,1.0,,,,,0.007016790357242919,0.16855814868058397,0.000725085155149851,38.52062755124447,33.48887878880465,45.55897663569193,39.94256705238087,38.671510915988854,1.5873911405152097,0.0,0.0,0.0,0.0,0.0,0.0,5.0998270111734705,128.088443408169,102.22821456903453,93.17998550646816,25.042390022076184,1.2886879591597642,0.11014777071203143,0.6675659199742829,0.0,0.0,1.0,,,,,0.007250860828537026,0.172942554166881,0.0009415499645095411,57.317659252000524,46.8033570939272,67.87614512042312,55.97784967494156,57.54224319680415,1.7599867881939424,0.0,0.0,0.0,0.0,0.0,0.0,5.099936801743287,128.09137434778233,102.2321143943929,93.18470604441022,25.12408315681841,1.2876191489677298,0.10978742671905943,0.6631640215135421,0.0,0.0,1.0,,,,,0.0076534832654139495,0.1750733819962834,0.001688583884460173,121.53767530720236,94.07033022189104,143.83865967911993,112.5358155961274,122.01415089680224,2.086410201986244,0.0,0.0,0.0,0.0,0.0,0.0,5.099817057701058,128.09444109249074,102.23855380341759,93.18981869887678,25.253609933230717,1.2865372746727792,0.10942237348471862,0.6570937088921217,0.0,0.0,1.0
p13,young_strong,150.0,2.9012748017863634,1.4581796772361995,A,0.28464504190756984,5.119051383315865,0.28464504190756984,5.119051383315865,True,0.18841469432256353,5.455893144792144,59,0.04272341286945401,0.024619928512242432,1800,0.08333333333333333,182.9411644861102,0.6320949432404541,0.8653281853281853,1.847064509129086,1.0900222386224843,0.0079357696458775,0.208096045102532,0.18113171444235787,5050.935873001874,22.584590932369085,6348.654329858575,19.886493333118185,5050.997610744788,3.7033771630796433,1225.0,5603.0,3.0884904701823963,3.748498126613737,7.0,10.862780491200215,0.33418165577967435,131.89054679641444,103.01744432413534,90.31526666623664,11.733685297948762,1.0769846303616726,0.03220950552941771,0.4205594606480144,1225.0,5603.0,1.0,,,,,0.007745332542334029,0.2052757446410133,0.0012257609277155869,75.26070871283194,31.22751501206409,81.94972755791848,28.025830290235792,75.33009850148531,1.8769685353155472,0.0,0.0,0.0,0.0,0.0,0.0,2.9298520419670604,129.79078498832556,102.59397322605896,91.88110187891402,19.509200350668987,1.219223662769089,0.08608338289178238,0.6144324325472734,0.0,0.0,1.0,,,,,0.007392271010115537,0.24778843352609117,0.0005964627968801285,31.189333178761803,29.657075413418188,28.118177983888458,26.608635379303987,31.264740811782435,1.4950548326815123,0.0,0.0,0.0,0.0,0.0,0.0,5.923178991362564,127.29093640458912,102.07582630072622,93.47198392733397,25.044042695921817,1.3541833895893338,0.13167748243885613,0.6876568645635206,0.0,0.0,1.0,,,,,0.007750362088797257,0.2505838696808812,0.0008740265742096886,50.5397175989984,44.55122774647191,45.55897663569193,39.94256705238087,50.66195329259553,1.7046819301809841,0.0,0.0,0.0,0.0,0.0,0.0,5.921143927041446,127.29552706208572,102.07807394000127,93.47533194401157,25.095255213466857,1.352705394361408,0.13120322192297412,0.6847083488182456,0.0,0.0,1.0,,,,,0.007859875799229504,0.2487282859887074,0.0011277677557619164,75.18466890309303,62.364989959208664,67.87614512042312,55.97784967494156,75.36662452617325,1.8771790647943545,0.0,0.0,0.0,0.0,0.0,0.0,5.918146414081554,127.30167896667703,102.08203351208275,93.47959393800515,25.177861513838607,1.3507533540359202,0.13057605460285565,0.6803700943556411,0.0,0.0,1.0,,,,,0.008188344395337811,0.24510948918939243,0.0020122596284828874,159.34016528332438,125.38213685343615,143.83865967911993,112.5358155961274,159.72627717346788,2.2033763694425996,0.0,0.0,0.0,0.0,0.0,0.0,5.9129972835163676,127.30992264615287,102.08881467144374,93.48374117678482,25.309423507539616,1.348368503354793,0.1298085992486874,0.6742052811244954,0.0,0.0,1.0
p13,young_strong,150.0,2.9012748017863634,1.4581796772361995,B,0.28464504190756984,5.119051383315865,0.28464504190756984,5.119051383315865,True,0.38357654366720273,5.057864640803821,51,0.05794618039400534,0.002619300599708274,1800,0.08333333333333333,157.89398512989283,0.9766559119377491,0.9812244897959184,0.15856236786469344,0.1776931070315206,0.013123066812020358,0.042545161225568784,0.05559408922146425,6232.44119127147,17.261872787263993,6348.654329858575,19.886493333118185,6232.464452026798,3.7946598101067965,2618.0,7353.0,3.418135498425232,3.8665236255328437,8.602325267042627,12.041594578792296,0.4169561419460118,131.8714005706236,103.0277795875531,90.39565503356579,11.564038926221729,1.0941320388961895,0.0390697354377912,0.42333014932956137,2618.0,7353.0,1.0,,,,,0.013071298594300217,0.10336464638573004,0.001008163709955732,77.34616885334098,24.444420156404682,81.94972755791848,28.025830290235792,77.37073913449646,1.8885767457589817,0.0,0.0,0.0,0.0,0.0,0.0,2.776643348998328,129.9644121668018,102.65222829048095,91.85612103563595,18.138625594870714,1.2292632723335526,0.08964490605726222,0.6081946361257248,0.0,0.0,1.0,,,,,0.012569379459527508,0.2533922605909042,0.0008930170525909239,24.385076814138806,22.93430239879265,28.118177983888458,26.608635379303987,24.41175858604755,1.3875990664596407,0.0,0.0,0.0,0.0,0.0,0.0,6.888783773165132,126.49993482700091,101.91753209962812,94.00410891595749,24.59420829435329,1.4498863191713067,0.16133395196459113,0.7146341531837117,0.0,0.0,1.0,,,,,0.01330496652568191,0.259603438694203,0.0013102532767285634,39.516518832895045,34.27870236232092,45.55897663569193,39.94256705238087,39.55977257382458,1.5972537862058058,0.0,0.0,0.0,0.0,0.0,0.0,6.885454655399552,126.50618420556734,101.9195498346982,94.00750561680266,24.648812848215996,1.4471673328297334,0.1605187505544178,0.7111472388403943,0.0,0.0,1.0,,,,,0.013596519869017889,0.2626522058729347,0.0016925312946531855,58.79396064230241,47.85888779543129,67.87614512042312,55.97784967494156,58.85835593538974,1.7698081269759591,0.0,0.0,0.0,0.0,0.0,0.0,6.88059934151533,126.51472138704104,101.9231902145802,94.01183829717753,24.73684822937299,1.443376795016319,0.15937971892117359,0.7061096182586569,0.0,0.0,1.0,,,,,0.014148791494240864,0.26303421973685687,0.003024791128757964,124.6431418330862,96.12740655996409,143.83865967911993,112.5358155961274,124.77984591803217,2.0961444450145743,0.0,0.0,0.0,0.0,0.0,0.0,6.872886799305205,126.52630613415457,101.92950627355422,94.01612893228169,24.87688391346099,1.4383537867079392,0.15786572103810415,0.6990672167523562,0.0,0.0,1.0
p14,young_strong,57.45100600644946,0.9219576971351485,0.9219576971351485,truth,,,,,,0.9797894921153784,5.410571255674641,,,,,,,1.0,1.0,0.0,0.0,0.0,0.0,0.0,4385.845453592508,25.015462306770267,4385.845453592508,25.015462306770267,4385.8827420355,3.6420570164961608,1443.0,4734.0,3.1595671932336202,3.675319983339292,7.14142842854285,10.295630140987,0.20496185622974794,131.9456449983525,103.01307516441281,90.19719010213655,10.878609238135699,1.0581593803980767,0.024551086238224343,0.3837432011973354,1443.0,4734.0,1.0,,,,,0.0,0.0,0.0,39.5393077224827,34.86719824698818,39.5393077224827,34.86719824698818,39.59205885567082,1.5976080864050919,0.0,0.0,0.0,0.0,0.0,0.0,4.727766764092026,128.98069059186437,101.74495174230891,93.41473324645769,23.060703286964536,1.3032469120984875,0.11502670458683625,0.671841345174964,0.0,0.0,1.0,,,,,0.0,0.0,0.0,34.4161998999614,33.344725284393284,34.4161998999614,33.344725284393284,34.4759106567962,1.5375157465809726,0.0,0.0,0.0,0.0,0.0,0.0,5.104876215443523,128.8165291816524,101.70917975699153,93.7761167651398,24.31681747708057,1.3137731480398138,0.11852038115990848,0.6593454115823496,0.0,0.0,1.0,,,,,0.0,0.0,0.0,51.354360227333935,45.886186762925234,51.354360227333935,45.886186762925234,51.44348243966008,1.7113303602492929,0.0,0.0,0.0,0.0,0.0,0.0,5.103762705092102,128.8197020942201,101.71896624128954,93.7806152263124,24.421018739986682,1.3110327827412704,0.11761355148080076,0.6564138465005871,0.0,0.0,1.0,,,,,0.0,0.0,0.0,75.59786236495593,63.42889600851373,75.59786236495593,63.42889600851373,75.72911442226321,1.8792628782061902,0.0,0.0,0.0,0.0,0.0,0.0,5.102891778028489,128.82081614745675,101.73235613495955,93.78488752295551,24.588694614539925,1.307458960972084,0.11642806594995682,0.6515700878889832,0.0,0.0,1.0,,,,,0.0,0.0,0.0,150.69816531417496,120.12430704998198,150.69816531417496,120.12430704998198,150.96001570902703,2.1788619323499288,0.0,0.0,0.0,0.0,0.0,0.0,5.103518211077507,128.8158524376928,101.74888635380412,93.7870591593683,24.853522262589724,1.3033140694137006,0.11504908353874246,0.6440287217727074,0.0,0.0,1.0
p14,young_strong,30.0,0.48143162037840526,0.9219576971351485,A,1.2327248483541502,5.804587266411213,0.9999050000000002,5.804587266411213,True,0.9999999999999998,5.735386909498859,150,0.023430926597443343,0.02010217819531546,360,0.08333333333333333,122.07832134515047,0.9162598573037927,0.9417681904549011,0.44685714285714284,0.4732630081480075,0.006168127877049099,0.07152579902619885,0.05554883182371323,4034.9450667123638,20.9449048617098,4385.845453592508,25.015462306770267,4035.024817881572,3.605846210244179,1220.0,4213.0,3.0867156639448825,3.6246945312720813,6.6332495807108,9.899494936611665,0.09039269876442656,131.97421906757802,103.00486829875746,90.08650134785411,10.73354798871302,1.0279677948330423,0.011979508875805674,0.3739429229933994,1220.0,4213.0,1.0,,,,,0.005971013961334292,0.23609466734974865,0.0009067684268289811,33.34180648372841,29.260396070939134,39.5393077224827,34.86719824698818,33.45467636942017,1.5244568330002406,0.0,0.0,0.0,0.0,0.0,0.0,3.3411487219747085,130.3329371092777,102.11181871296185,92.75595901676442,23.227090040122633,1.229837336667528,0.08984767366759852,0.6268133757730017,0.0,0.0,1.0,,,,,0.00585500914445046,0.23462445980507388,0.0007048779465626586,29.017565798285684,28.14510741451684,34.4161998999614,33.344725284393284,29.14518820927939,1.4645668641841159,0.0,0.0,0.0,0.0,0.0,0.0,3.5670573877001335,130.34951446331763,102.13097195153851,93.04049110364356,24.53271357842676,1.2370410025203025,0.09238409483784596,0.6113554020619995,0.0,0.0,1.0,,,,,0.006214988215478021,0.23107197356063908,0.0007608029213892731,43.31659806814744,38.819853631258276,51.354360227333935,45.886186762925234,43.5071360262374,1.638560495636109,0.0,0.0,0.0,0.0,0.0,0.0,3.5697993198671436,130.34655956766898,102.14058509621576,93.04483299115246,24.63189069300738,1.236390570207237,0.09215568409542489,0.609695076043209,0.0,0.0,1.0,,,,,0.00650212286660548,0.22623273101654925,0.0008000156020857951,63.807116500467814,53.75295349352107,75.59786236495593,63.42889600851373,64.08783513146331,1.8067756014898393,0.0,0.0,0.0,0.0,0.0,0.0,3.5739346481457708,130.33881794861182,102.1534514042827,93.0490717499678,24.790723307112064,1.2356915059324678,0.0919100613727403,0.6067211125864596,0.0,0.0,1.0,,,,,0.007006505432381392,0.22087182404591307,0.0011832605587167554,127.15931217770407,101.81427776999485,150.69816531417496,120.12430704998198,127.71884683686002,2.106254988675352,0.0,0.0,0.0,0.0,0.0,0.0,3.580790736905353,130.32114112162134,102.16865617573387,93.05161639362665,25.040149629604226,1.2352273385392551,0.09174689507500948,0.6017662299699532,0.0,0.0,1.0
p14,young_strong,30.0,0.48143162037840526,0.9219576971351485,B,1.2327248483541502,5.804587266411213,0.9999050000000002,5.804587266411213,True,0.9999999999999911,5.993137531122013,150,0.013526254172728014,0.003684235884802156,360,0.08333333333333333,119.85333999991417,0.9568269568269568,0.986395981582252,0.23758099352051837,0.11236483309826047,0.015135177592918157,0.041732807880366915,0.032420879323343144,4602.333478675023,37.91660100063275,4385.845453592508,25.015462306770267,4602.514674984024,3.6629951819135695,1406.0,4822.0,3.1482940974347455,3.6833172619218826,7.0,10.295630140987,0.08594243500896781,131.97140923096416,103.00310545236042,90.08098781529864,11.193641765501166,1.0249519751200482,0.01070351668057003,0.38923892569960905,1406.0,4822.0,1.0,,,,,0.014844455950116587,0.43374234832261366,0.0018245562561937016,57.110094222745175,51.60454718904805,39.5393077224827,34.86719824698818,57.36650615075645,1.7586584004201304,0.0,0.0,0.0,0.0,0.0,0.0,3.0249010229463105,130.5675603727633,102.21726262228775,92.5466576351123,23.623922077692892,1.205500401066712,0.0811673592020921,0.616222918081714,0.0,0.0,1.0,,,,,0.014412692997201316,0.4838235561700885,0.0016957748309878596,51.555136614868424,50.08799007281946,34.4161998999614,33.344725284393284,51.84503738987822,1.714707192020373,0.0,0.0,0.0,0.0,0.0,0.0,3.1358879950050507,130.65391655464435,102.26783128927313,92.73601568971905,24.699358187106668,1.211716993680249,0.08340119867929088,0.596495518365187,0.0,0.0,1.0,,,,,0.014976482103113076,0.5030900934881087,0.002042788177165384,76.94452843368954,69.30998056844946,51.354360227333935,45.886186762925234,77.37728647382163,1.888613495479446,0.0,0.0,0.0,0.0,0.0,0.0,3.138996067571119,130.6496284168262,102.27718321471868,92.73995050949816,24.796315496688756,1.2116919790330836,0.08339223302524452,0.5953794567161746,0.0,0.0,1.0,,,,,0.015269391275803505,0.5156361101581115,0.002371303666953046,113.30078535606025,96.11556049527252,75.59786236495593,63.42889600851373,113.93816734283263,2.0566692296959115,0.0,0.0,0.0,0.0,0.0,0.0,3.1435559565310873,130.63987080189892,102.2897454517831,92.74363465006772,24.951501344523646,1.211892162978127,0.08346397700259499,0.5931327211584324,0.0,0.0,1.0,,,,,0.015888717564642867,0.5218899715904683,0.0041024132571288695,225.6125546623777,182.05054119783023,150.69816531417496,120.12430704998198,226.88192816602754,2.355799904389378,0.0,0.0,0.0,0.0,0.0,0.0,3.1506562714248405,130.61894987368845,102.30470097477325,92.74515842071132,25.19535654620455,1.2126545032021059,0.08373708386264081,0.589085038044872,0.0,0.0,1.0
p14,young_strong,60.0,0.9628632407568105,0.9219576971351485,A,0.9606459147744367,5.3725184559789145,0.9606459147744366,5.3725184559789145,True,0.9433505166842843,5.39133823902972,65,0.0027851920790770875,0.0016623900218378817,720,0.08333333333333333,89.4542378783226,0.9773210489014883,0.9934084626833936,0.12253829321663019,0.05487228003784295,0.0005101129204666467,0.014850348424591174,0.015248162724396441,4325.886034413039,25.225172878671522,4385.845453592508,25.015462306770267,4325.920706567475,3.636078554627852,1379.0,4672.0,3.1398790864012365,3.6695957810243134,7.0710678118654755,10.246950765959598,0.21541809602301623,131.9432419190922,103.0139127513607,90.20734008704402,10.890050347129431,1.0608559138974354,0.02565640176315768,0.3843498326659008,1379.0,4672.0,1.0,,,,,0.0004832345748329101,0.01190530031920752,5.0197317950287064e-05,39.712928372163915,35.03863562986115,39.5393077224827,34.86719824698818,39.76200192752793,1.5994682420278752,0.0,0.0,0.0,0.0,0.0,0.0,4.83242750330416,128.88459986925028,101.7274629467448,93.46803792483699,23.057343613360906,1.3092235730611197,0.1170138163412821,0.6745147271038474,0.0,0.0,1.0,,,,,0.000428256196618107,0.012253669632294538,4.6476217951001804e-05,34.57275002735819,33.49620793861125,34.4161998999614,33.344725284393284,34.628240056216875,1.5394304195512982,0.0,0.0,0.0,0.0,0.0,0.0,5.217425604093243,128.7104404150174,101.68925814185118,93.83174678865832,24.302476179297653,1.3201720591381974,0.12063053686086941,0.6620888521969573,0.0,0.0,1.0,,,,,0.0004436748550785779,0.012429118714695113,5.4136036649786706e-05,51.605371980020365,46.11103774322418,51.354360227333935,45.886186762925234,51.68822311726716,1.713391602710738,0.0,0.0,0.0,0.0,0.0,0.0,5.2159942660947,128.71404277593606,101.69901872922097,93.83621285105988,24.40711199192285,1.3172691152472267,0.11967450945485188,0.6591122931332385,0.0,0.0,1.0,,,,,0.0004541728797388062,0.012515965557483565,6.010727729266496e-05,76.0074042652237,63.773525123493265,75.59786236495593,63.42889600851373,76.12948715584196,1.8815529041905519,0.0,0.0,0.0,0.0,0.0,0.0,5.214688442829449,128.7157734656786,101.71239797290255,93.8404313100032,24.575528078844105,1.313469367712004,0.1184199487712915,0.6541946386412131,0.0,0.0,1.0,,,,,0.0004604853467877561,0.01196992595423449,9.834811928372596e-05,151.43490667178233,120.72052182662398,150.69816531417496,120.12430704998198,151.67834638476435,2.1809235852900963,0.0,0.0,0.0,0.0,0.0,0.0,5.214727515810201,128.7116987186373,101.72894133683675,93.84250798592979,24.841211512166897,1.309038534437049,0.11695243115507287,0.646548621686703,0.0,0.0,1.0
p14,young_strong,60.0,0.9628632407568105,0.9219576971351485,B,0.9606459147744367,5.3725184559789145,0.9606459147744366,5.3725184559789145,True,0.9731284816005225,5.371221730787842,55,0.00031171077809555303,1.9568636454803112e-05,720,0.08333333333333333,78.00233958661556,0.9975702880944116,0.9994717379820391,0.013963480128893663,0.004239284032030146,0.0007629335870502405,0.0026879011361580587,0.0035615233520049916,4378.539204605984,24.83003070776911,4385.845453592508,25.015462306770267,4378.572222529721,3.6413325175899884,1438.0,4731.0,3.158060793936605,3.675044735955893,7.211102550927978,10.295630140987,0.21741669293970958,131.94321023523477,103.01419810729621,90.2093880482166,10.871213472246074,1.0614464723629793,0.025898098037078925,0.38394504274155283,1438.0,4731.0,1.0,,,,,0.0007161865473003612,0.0138616822468738,7.815473301956755e-05,39.2505130016583,34.563656696105895,39.5393077224827,34.86719824698818,39.29724534179166,1.594362108268844,0.0,0.0,0.0,0.0,0.0,0.0,4.866504669186609,128.8595701330684,101.71939763878781,93.4900752912447,23.027216717060636,1.3121998407154674,0.11799998070340402,0.6754337401193025,0.0,0.0,1.0,,,,,0.0007020769772452477,0.015232682957620852,7.255947976986905e-05,34.085239006812024,33.019905940826625,34.4161998999614,33.344725284393284,34.138081795993706,1.533239114645749,0.0,0.0,0.0,0.0,0.0,0.0,5.264631049843941,128.67597072948217,101.67741685374445,93.86237534698046,24.285716081731728,1.3235858152468711,0.12175210421687183,0.6633937744443655,0.0,0.0,1.0,,,,,0.0007131675443598039,0.015509227910347272,8.546744871509556e-05,50.87785882151405,45.4447580665468,51.354360227333935,45.886186762925234,50.956757634223955,1.7072017861568909,0.0,0.0,0.0,0.0,0.0,0.0,5.263090659044829,128.6797077166423,101.68717757080385,93.86681777535479,24.39060420336386,1.32059070009088,0.12076823454426526,0.6603743541243093,0.0,0.0,1.0,,,,,0.0007006086408339302,0.01543819496155938,9.631191047008384e-05,74.93637168338277,62.84492113664751,75.59786236495593,63.42889600851373,75.0526314869202,1.8753659240304996,0.0,0.0,0.0,0.0,0.0,0.0,5.261629582123948,128.68162770043344,101.7005577167655,93.87099481961594,24.559428843088096,1.3166589552113375,0.1194732973227692,0.6553997354795713,0.0,0.0,1.0,,,,,0.0007162273947450116,0.015521944220498345,0.0001596968652385481,149.30321639588723,118.95943158289407,150.69816531417496,120.12430704998198,149.5350486100542,2.1747429962322062,0.0,0.0,0.0,0.0,0.0,0.0,5.261457119728758,128.67781789525432,101.71710279756162,93.87301069629659,24.825751095869883,1.3120499495753608,0.11795036889027091,0.6476824708441629,0.0,0.0,1.0
p14,young_strong,100.0,1.6047720679280175,0.9219576971351485,A,0.7382838764653548,4.735495348440529,0.7382838764653548,4.735495348440529,True,0.47349578183043545,5.115088082460037,66,0.04500606228046978,0.025815216544028706,1200,0.08333333333333333,141.30282009392977,0.5935672514619883,0.8303891290920321,1.6623843840484467,1.1624542383610863,0.00792157467556421,0.22299250436494614,0.19615325646749915,3408.3219143601427,27.460889332738276,4385.845453592508,25.015462306770267,3408.3321572159357,3.532541912097208,609.0,3361.0,2.785329835010767,3.526597709103452,5.656854249492381,9.273618495495704,0.378088823587589,131.9136588652667,103.02929367916748,90.36693084816577,10.970349239897939,1.102767839158341,0.042484091964264836,0.38876118931370696,609.0,3361.0,1.0,,,,,0.0072721514576117065,0.15732456318805801,0.000613498635412403,41.19669799810822,37.05607907013144,39.5393077224827,34.86719824698818,41.21119598521357,1.6150152183159436,0.0,0.0,0.0,0.0,0.0,0.0,6.245263225936147,127.7253742681859,101.67849094054897,94.35712077178634,22.99930182977056,1.3888529875989806,0.1426562773765261,0.7024641423576035,0.0,0.0,1.0,,,,,0.006497512981313724,0.1664499052740642,0.0005609878120521204,36.688202198543664,35.57142014695186,34.4161998999614,33.344725284393284,36.70459637382234,1.5647204526661405,0.0,0.0,0.0,0.0,0.0,0.0,6.702291477821507,127.46186419995881,101.63005724099988,94.73806831431612,24.078853679952843,1.405060780062922,0.14769511134074306,0.6898343704102082,0.0,0.0,1.0,,,,,0.00664590078492939,0.16800447459924248,0.0006541981096084554,54.760652444569494,49.05073166251293,51.354360227333935,45.886186762925234,54.78513155451622,1.738662708849549,0.0,0.0,0.0,0.0,0.0,0.0,6.696922796233807,127.47022727115784,101.63872817028027,94.74097806041806,24.188510152352706,1.3998798112448954,0.1460907502826641,0.686691641504836,0.0,0.0,1.0,,,,,0.006649090323666059,0.16674319009700386,0.0007331343757149744,80.64859888381513,67.88868613768655,75.59786236495593,63.42889600851373,80.68467367083973,1.9067910468370595,0.0,0.0,0.0,0.0,0.0,0.0,6.690020726300976,127.47883255573872,101.6509577448399,94.74294288950237,24.36515637334519,1.3928651829753416,0.14390908259527765,0.6814457173148261,0.0,0.0,1.0,,,,,0.006800630695951924,0.16274212540275435,0.0011581138654651476,160.65701041863193,128.53110003370807,150.69816531417496,120.12430704998198,160.7289687873944,2.2060941583481957,0.0,0.0,0.0,0.0,0.0,0.0,6.682072980673493,127.48460277527755,101.66662651334886,94.74166662336265,24.644114561855368,1.3842050809610122,0.14120043905968616,0.6731580838889832,0.0,0.0,1.0
p14,young_strong,100.0,1.6047720679280175,0.9219576971351485,B,0.7382838764653548,4.735495348440529,0.7382838764653548,4.735495348440529,True,0.8441752893670988,4.8346462607147345,60,0.04652438190791808,0.0033666020072873337,1200,0.08333333333333333,132.61124072223902,0.9691934925579785,0.9903673123742988,0.17722878625134264,0.08192090395480225,0.009640920352345383,0.03851365713877527,0.04421943490415692,4313.012312925998,26.77789812585637,4385.845453592508,25.015462306770267,4313.016927481984,3.6347811626434225,1446.0,4713.0,3.1604685311190375,3.673389578188305,7.331379393582281,10.295630140987,0.44357549194458556,131.90822249777392,103.03660594596185,90.43243047054904,10.839294774101202,1.1178230832861293,0.04837307364657156,0.39021692052001233,1446.0,4713.0,1.0,,,,,0.00902597518559788,0.2242229226467078,0.0009910996918509945,41.68615997894716,36.89717395972261,39.5393077224827,34.86719824698818,41.692691608778865,1.6200599333394554,0.0,0.0,0.0,0.0,0.0,0.0,6.775800349244569,127.42190764829263,101.68301491888813,94.81851544442789,22.625373316631862,1.4296163271756863,0.15521949945968536,0.7128564580995612,0.0,0.0,1.0,,,,,0.008562438345750554,0.22859265420211664,0.000760876590874478,36.31499131413755,35.16498085825323,34.4161998999614,33.344725284393284,36.32237727568229,1.5601742650672155,0.0,0.0,0.0,0.0,0.0,0.0,7.384215526862361,127.05315883793725,101.60642478587151,95.30220233365755,23.793480473783873,1.4536222888513686,0.16245157352599898,0.7034027433398782,0.0,0.0,1.0,,,,,0.008822795749762887,0.22681919282359408,0.0008291249011976413,54.2021716086391,48.36888074178791,51.354360227333935,45.886186762925234,54.213200166579874,1.7341050441311037,0.0,0.0,0.0,0.0,0.0,0.0,7.377160350540038,127.06299850125136,101.61455775727674,95.30368370389974,23.90743205264028,1.446718254284555,0.16038396130321442,0.6998535135657405,0.0,0.0,1.0,,,,,0.008837402387257864,0.22264014264090665,0.0009322575482671878,79.82297689069547,66.85969128011436,75.59786236495593,63.42889600851373,79.83923012726513,1.9022163404900791,0.0,0.0,0.0,0.0,0.0,0.0,7.36775319718337,127.07360948185107,101.62610533226312,95.3034778286764,24.09081242067717,1.4372529310531947,0.15753320299477758,0.6941120704361468,0.0,0.0,1.0,,,,,0.00894838642102669,0.21569029622630723,0.0014691079698501465,159.001111111548,126.52183587365913,150.69816531417496,120.12430704998198,159.03353407389216,2.2014887100291314,0.0,0.0,0.0,0.0,0.0,0.0,7.356051576053671,127.08208913241332,101.64100590281147,95.29894164261518,24.38009618797152,1.4253100703982373,0.15390935361773878,0.6852395990256978,0.0,0.0,1.0
p14,young_strong,150.0,2.4071581018920263,0.9219576971351485,A,0.6447410852863669,3.7915851881748175,0.6447410852863669,3.7915851881748175,True,0.1847903668017346,4.794205422323837,71,0.09812125076461928,0.05090658921340328,1800,0.08333333333333333,222.74262399971485,0.14762516046213095,0.6020965598700724,3.84320705222562,2.4342346249808053,0.01562061049159998,0.41055533416450074,0.3388389373223746,2524.4585517926384,27.815890018336827,4385.845453592508,25.015462306770267,2524.460365744637,3.402168556622505,115.0,2039.0,2.0644579892269186,3.3096301674258988,3.7416573867739413,8.12403840463596,0.5691497753137158,131.89817232376356,103.05344054983325,90.55741070919517,10.935620757828936,1.1531125192347038,0.061871687258704275,0.3871690534249714,115.0,2039.0,1.0,,,,,0.01425566584981648,0.24313376762851466,0.0009745380288945419,39.96650836799887,36.57130271169186,39.5393077224827,34.86719824698818,39.96907593077709,1.6017241076595663,0.0,0.0,0.0,0.0,0.0,0.0,7.535703836465695,127.02567483481718,101.97237312736102,95.56658822552764,22.89924193518052,1.4346355349067277,0.15674158379955624,0.7147181065278135,0.0,0.0,1.0,,,,,0.012343661516495392,0.2559224367869991,0.0008356554873805449,36.475678972953126,35.42191615081227,34.4161998999614,33.344725284393284,36.47858238838357,1.5620379526589803,0.0,0.0,0.0,0.0,0.0,0.0,8.021106163943795,126.74083380061923,101.94498769549,95.96374580426433,23.835666660688922,1.4510221639981697,0.16167404622725107,0.7012830866922595,0.0,0.0,1.0,,,,,0.012614210586989966,0.25917343967864864,0.0009749236524827318,54.442541195013014,49.015740501509356,51.354360227333935,45.886186762925234,54.446876553088195,1.7359729706911229,0.0,0.0,0.0,0.0,0.0,0.0,8.013493332696424,126.75070915258216,101.95151483125535,95.96336313193385,23.950582467173014,1.4437715317067688,0.15949847414129756,0.6983467407831586,0.0,0.0,1.0,,,,,0.012529326491984898,0.25804477619610927,0.0010934786981650988,80.17739685587289,67.9651020378998,75.59786236495593,63.42889600851373,80.18378618926839,1.9040865593014396,0.0,0.0,0.0,0.0,0.0,0.0,8.003139303746998,126.76146104132808,101.96103569986337,95.96057895482461,24.13516515475389,1.4338457961025683,0.15650244735495097,0.6934092156931946,0.0,0.0,1.0,,,,,0.012676233736739742,0.25303055739041985,0.001683432541399165,159.70653842641508,128.77301153064946,150.69816531417496,120.12430704998198,159.71928501888218,2.2033573574135525,0.0,0.0,0.0,0.0,0.0,0.0,7.989662541681546,126.77026337766328,101.97356111678123,95.95239326741404,24.42587546582865,1.4213609297023015,0.15270437340561893,0.6854683333232081,0.0,0.0,1.0
p14,young_strong,150.0,2.4071581018920263,0.9219576971351485,B,0.6447410852863669,3.7915851881748175,0.6447410852863669,3.7915851881748175,True,0.655068166859971,4.305104262318532,61,0.13828870495926782,0.00945603767762071,1800,0.08333333333333333,191.92544604092836,0.9551724137931035,0.9774851316907391,0.2515991471215352,0.18832391713747645,0.017440653084200317,0.07401041648220331,0.07049425683774257,4315.75800674308,37.37608110587707,4385.845453592508,25.015462306770267,4315.758305109926,3.635057114950579,1457.0,4682.0,3.163757523981956,3.6705241577820797,7.3484692283495345,10.295630140987,0.7910524911034951,131.8791771140737,103.07454414280745,90.77820886957846,10.93086506260172,1.193958799753568,0.07698934073941824,0.40310978890473903,1457.0,4682.0,1.0,,,,,0.016379693303178736,0.7109394294918754,0.0036350629811692917,55.514007540525725,50.1416059540838,39.5393077224827,34.86719824698818,55.51442986643585,1.7444058839664769,0.0,0.0,0.0,0.0,0.0,0.0,8.573839088770628,126.73684298658335,102.19844781823907,96.72067028444103,22.268584497814256,1.466436160212475,0.1662631611652346,0.7284405090903836,0.0,0.0,1.0,,,,,0.015693033029254986,0.7293687416068616,0.0027889671693322677,49.643633654826296,48.135796632095925,34.4161998999614,33.344725284393284,49.6441112250034,1.6958677399580253,0.0,0.0,0.0,0.0,0.0,0.0,9.227077997113549,126.36355309753027,102.17022797368743,97.25816182409882,23.243175498063085,1.4879504474264866,0.1725884683284221,0.7166891418593565,0.0,0.0,1.0,,,,,0.016464987781689134,0.7276639417691916,0.0031359035737176457,74.0791873394297,66.39004193833338,51.354360227333935,45.886186762925234,74.07990044711569,1.8697003900440539,0.0,0.0,0.0,0.0,0.0,0.0,9.216345648468899,126.37383408458162,102.17496888396182,97.25304128361371,23.36729952197735,1.477796015573616,0.16961449128166897,0.7131617957540594,0.0,0.0,1.0,,,,,0.016931355402261605,0.719054521959792,0.003366527106703836,109.05257803220906,91.87953795134986,75.59786236495593,63.42889600851373,109.05362900285738,2.0376401222731975,0.0,0.0,0.0,0.0,0.0,0.0,9.201039412783588,126.38494244533761,102.18214800349672,97.24302236951132,23.565939688994234,1.4638405153157406,0.16549376313542857,0.7075954761794523,0.0,0.0,1.0,,,,,0.01772668433532576,0.7027544590201719,0.005085441433380088,217.04553623399119,173.8562221783175,150.69816531417496,120.12430704998198,217.0476329637327,2.3365550539554385,0.0,0.0,0.0,0.0,0.0,0.0,9.179125760387716,126.39409805492174,102.1919136707422,97.22337937475582,23.877955248922255,1.4461304219417688,0.16020746237441244,0.6990350218073778,0.0,0.0,1.0
p15,young_strong,120.06099038757384,1.1705205211452938,1.1705205211452938,truth,,,,,,0.8241569779813289,5.891748429325745,,,,,,,1.0,1.0,0.0,0.0,0.0,0.0,0.0,5768.779505264585,54.88346525816856,5768.779505264585,54.88346525816856,5768.997297143406,3.7611003354851005,1836.0,6335.0,3.2641091563058082,3.801815168581437,7.681145747868608,11.357816691600547,0.19039632934135106,131.92823547157198,103.00528254090864,90.1762745286413,11.882341597333806,1.0460957689878339,0.019571445562848053,0.4179142067139982,1836.0,6335.0,1.0,,,,,0.0,0.0,0.0,287.9217040483451,50.64865110554527,287.9217040483451,50.64865110554527,288.12246490391084,2.459577121534292,0.0,0.0,0.0,0.0,0.0,0.0,1.079735648350111,131.43141984559162,102.78884458883566,90.89328554822464,15.904936697180187,1.11847753463225,0.048627265425736664,0.5386843268285295,0.0,0.0,1.0,,,,,0.0,0.0,0.0,49.71077622932318,36.36731467914357,49.71077622932318,36.36731467914357,49.872252834510924,1.6978589866562688,0.0,0.0,0.0,0.0,0.0,0.0,3.368001852062995,129.95435624348016,102.16348891409868,92.54146164639079,22.404350221507517,1.2140827944025563,0.08424830447077536,0.619975996743509,0.0,0.0,1.0,,,,,0.0,0.0,0.0,63.40648374636355,43.37607036029924,63.40648374636355,43.37607036029924,63.61247871847562,1.803542318588364,0.0,0.0,0.0,0.0,0.0,0.0,3.3741592101332913,129.95134121417368,102.16701716349209,92.54834988741091,22.46396850477006,1.213774153537741,0.08413788525903813,0.6184619392922204,0.0,0.0,1.0,,,,,0.0,0.0,0.0,57.97512719399461,37.60360729106123,57.97512719399461,37.60360729106123,58.163511208305906,1.7646506160828195,0.0,0.0,0.0,0.0,0.0,0.0,3.383603969599961,129.9459609278473,102.17208439753429,92.55817416693166,22.557448814695462,1.2133891952538096,0.08400012340633095,0.6163262315713002,0.0,0.0,1.0,,,,,0.0,0.0,0.0,60.820541840827296,37.71106763626138,60.820541840827296,37.71106763626138,61.01821378726766,1.785459490201056,0.0,0.0,0.0,0.0,0.0,0.0,3.3978855835090678,129.93652517758238,102.17891404828325,92.5716757096805,22.70176347881314,1.2129756098700657,0.08385206829828115,0.6134097864083591,0.0,0.0,1.0
p15,young_strong,30.0,0.29248147563168225,1.1705205211452938,A,1.520456639684321,6.4372246506073525,0.9999050000000002,6.4372246506073525,True,1.0,6.377165565903461,150,0.03371560016986084,0.031889823691249944,360,0.08333333333333333,120.0357126519084,0.8876778686042991,0.8911255032382286,0.6480103556357618,0.9076338692570007,0.009775217460865975,0.12845329599185218,0.10389680852318733,4920.295024585101,41.82358974028302,5768.779505264585,54.88346525816856,4920.7324239440895,3.692029749922514,1467.0,5091.0,3.166726055580052,3.706888394981618,7.0,10.488088481701515,0.03537160434684404,131.98648016138054,103.00046157111747,90.03268258419827,11.499473938692168,1.0102134444550488,0.0044131440355531185,0.3969644784125264,1467.0,5091.0,1.0,,,,,0.009346460209274704,0.16728600385818204,0.004587666528651106,233.4057802087586,38.55659154031296,287.9217040483451,50.64865110554527,233.80896981415833,2.368861168357334,0.0,0.0,0.0,0.0,0.0,0.0,0.6025574703142013,131.8605395394678,102.88302786721219,90.57440735121573,15.653713828303998,1.0784430987287204,0.03279723561376214,0.5126609121443836,0.0,0.0,1.0,,,,,0.00895284542023341,0.3143401261991006,0.0013485866587994496,38.73838364913234,27.967669140629425,49.71077622932318,36.36731467914357,39.06267878973276,1.591762022456897,0.0,0.0,0.0,0.0,0.0,0.0,1.9008370809926578,131.58789538184075,102.5936536926266,91.8105894263064,22.459768970040113,1.142303445686816,0.057781486818667835,0.5536499685237226,0.0,0.0,1.0,,,,,0.009146551965970359,0.3066753150020808,0.0013508243193192603,49.41644878958827,33.523880150801766,63.40648374636355,43.37607036029924,49.830151161013376,1.6974922046162588,0.0,0.0,0.0,0.0,0.0,0.0,1.908279453881176,131.58145436407617,102.59665431623353,91.81759794347956,22.518377595853533,1.1427250521362116,0.05794174858937185,0.5536289755822179,0.0,0.0,1.0,,,,,0.008952871424945037,0.2988786304166186,0.0009267619067456611,45.19038700252744,29.15250313244245,57.97512719399461,37.60360729106123,45.56871992643423,1.6586668289622097,0.0,0.0,0.0,0.0,0.0,0.0,1.9191890855374456,131.57105431125993,102.6009891657639,91.82758931281609,22.609635807428774,1.1434117212018813,0.058202639887355474,0.5536114462521141,0.0,0.0,1.0,,,,,0.008922801674065707,0.2905807417250287,0.0007507718777764172,47.418519763502424,29.294211626336505,60.820541840827296,37.71106763626138,47.815502853178394,1.679568727407277,0.0,0.0,0.0,0.0,0.0,0.0,1.9347778607175419,131.5544678423751,102.606833968252,91.84127318405618,22.74943157589849,1.1445016113193172,0.058616408444895844,0.5535367668376899,0.0,0.0,1.0
p15,young_strong,30.0,0.29248147563168225,1.1705205211452938,B,1.520456639684321,6.4372246506073525,0.9999050000000002,6.4372246506073525,True,0.9999999999999796,6.866199440123658,150,0.04219016153553057,0.007418759721262269,360,0.08333333333333333,121.056985065341,0.9488220958570268,0.9821526849595094,0.30418943533697634,0.16456662848415426,0.02905162224268675,0.05930650835274331,0.08526703728617324,6139.57483254052,107.70119599708057,5768.779505264585,54.88346525816856,6140.957447557195,3.788236088042463,1857.0,6384.0,3.269045709657623,3.805160901599434,7.483314773547883,11.357816691600547,0.03233936117997428,131.98491223675268,102.99925690026679,90.02859443100515,12.36208721939328,1.0083035004226935,0.003591274886870025,0.42234438960076665,1857.0,6384.0,1.0,,,,,0.027973454879651048,0.1479275879079978,0.004838001747704428,352.2130977721335,97.428859937461,287.9217040483451,50.64865110554527,353.48716498451705,2.548373649313692,0.0,0.0,0.0,0.0,0.0,0.0,0.7037918986096154,131.84166005850878,102.85519715978064,90.67028623508281,17.588880527528158,1.0792001323897045,0.03310198994045512,0.5272742331503898,0.0,0.0,1.0,,,,,0.026649678836444063,0.7849537772364805,0.003445810996526302,86.65026155192065,71.47432247766696,49.71077622932318,36.36731467914357,87.67486812809358,1.9428751213310211,0.0,0.0,0.0,0.0,0.0,0.0,1.7538804746238843,131.70737691487142,102.63543005423821,91.69043107045628,23.768087852408087,1.121381017222037,0.04975320007217924,0.5484735681830144,0.0,0.0,1.0,,,,,0.027308878350891637,0.8042205461496652,0.0037924505878283873,110.51154745535864,86.1710222249613,63.40648374636355,43.37607036029924,111.81839327701537,2.0485132475726324,0.0,0.0,0.0,0.0,0.0,0.0,1.7580244411432655,131.70133422969963,102.63851641735269,91.69433713079317,23.819051740664044,1.1219681843515734,0.049980541807435455,0.5483263784090024,0.0,0.0,1.0,,,,,0.02639066619456571,0.8140778113671908,0.0030434366223952175,101.0303103069014,75.17137882923619,57.97512719399461,37.60360729106123,102.22506117658124,2.009557379129956,0.0,0.0,0.0,0.0,0.0,0.0,1.7641439148356275,131.69151037529628,102.64300366346862,91.69987985440292,23.898617073405486,1.1229601971450496,0.05036436314781958,0.5481152630962096,0.0,0.0,1.0,,,,,0.025829270661517516,0.8158415641713782,0.0027411388646892327,105.96869624197896,75.60954338326225,60.820541840827296,37.71106763626138,107.22173943781216,2.030282848422918,0.0,0.0,0.0,0.0,0.0,0.0,1.7730434349579967,131.67575668468683,102.64912433818122,91.70746465985847,24.020977207197557,1.1246011883303209,0.050998538078797874,0.5477490855439213,0.0,0.0,1.0
p15,young_strong,60.0,0.5849629512633645,1.1705205211452938,A,1.2335499889310504,6.260803364843744,0.9999050000000002,6.260803364843744,True,1.0,6.194963327042851,150,0.023872620058267152,0.020585444121084765,720,0.08333333333333333,208.7425494119525,0.9630247428412566,0.9541890218737102,0.2200557103064067,0.40459224069675376,0.006310088226077306,0.0608869315046423,0.06984158152633746,5411.991430227206,46.28708862136542,5768.779505264585,54.88346525816856,5412.35152295654,3.733385995523984,1761.0,5780.0,3.246005904076029,3.7620029693751156,7.3484692283495345,11.0,0.07994583751122794,131.96965765029012,103.00143057776747,90.07395020078881,11.636770671961308,1.0214728310100465,0.009226819818850223,0.4046323816999619,1761.0,5780.0,1.0,,,,,0.006015365818614411,0.08119865603962732,0.0022510202864111893,260.26441134299904,42.74332646821608,287.9217040483451,50.64865110554527,260.59634670811084,2.4159683230587246,0.0,0.0,0.0,0.0,0.0,0.0,0.7339578167430127,131.7268547860846,102.8545223234611,90.6655238647127,15.67216245739694,1.089625509398414,0.037277262025836866,0.5213349349012055,0.0,0.0,1.0,,,,,0.005752347246015071,0.20835468448760733,0.0008996915257852406,42.929456782400784,30.86417645188036,49.71077622932318,36.36731467914357,43.19644274165874,1.6354479838223592,0.0,0.0,0.0,0.0,0.0,0.0,2.3260958196064414,131.04249548015298,102.45302147573545,92.04810188966674,22.382117601351954,1.1612270131076532,0.06491713007656497,0.5779746422693531,0.0,0.0,1.0,,,,,0.005879280754904669,0.2030190446466225,0.000902372436136062,54.761629286217925,36.91590410650451,63.40648374636355,43.37607036029924,55.10222609751185,1.7411691444477306,0.0,0.0,0.0,0.0,0.0,0.0,2.3338420631360135,131.03710457448818,102.45621910661012,92.05522590368443,22.441421896904266,1.161554755541133,0.0650396872045841,0.5773181171246164,0.0,0.0,1.0,,,,,0.005744174318002395,0.1973247205245917,0.0006250227318710529,50.07703759465157,32.06048457437095,57.97512719399461,37.60360729106123,50.388520564258855,1.7023316074089367,0.0,0.0,0.0,0.0,0.0,0.0,2.3453971288452555,131.0282372186997,102.46081247965917,92.06539139312233,22.53401240899274,1.162086611611894,0.06523849771295011,0.576417110992178,0.0,0.0,1.0,,,,,0.005714230899790558,0.19096308710085827,0.0005068579266051376,52.54414542604117,32.192968605130645,60.820541840827296,37.71106763626138,52.87099214900461,1.7232174602215484,0.0,0.0,0.0,0.0,0.0,0.0,2.362268707517975,131.0138282510399,102.46698035388974,92.07934335426647,22.67625143663162,1.1629281349603722,0.06555287762226879,0.5751875195701776,0.0,0.0,1.0
p15,young_strong,60.0,0.5849629512633645,1.1705205211452938,B,1.2335499889310504,6.260803364843744,0.9999050000000002,6.260803364843744,True,0.9581020676990909,6.473987118873019,124,0.005127302188870475,0.002860980643156319,720,0.08333333333333333,171.50317145884037,0.9681459297576913,0.9901582552554917,0.19051959890610756,0.09209017959495605,0.01623016818721814,0.03528737279514502,0.05047242215672909,5959.82729109305,78.20233770268374,5768.779505264585,54.88346525816856,5960.544238993314,3.775285915646386,1837.0,6366.0,3.2643455070500926,3.803934849863842,7.54983443527075,11.357816691600547,0.07531307136059572,131.967711076451,102.99978556556196,90.06803997465964,12.11840240947951,1.0189827022393112,0.00816681169457276,0.4189003941543179,1837.0,6366.0,1.0,,,,,0.015544012092277371,0.07261659232155598,0.002495629710588449,317.5499267251477,71.29302615054436,287.9217040483451,50.64865110554527,318.21071451463234,2.502714798743121,0.0,0.0,0.0,0.0,0.0,0.0,0.801400839198415,131.69548876418403,102.83243120026255,90.72210588536883,16.74782249362653,1.0896012159107367,0.037267579208053535,0.5307518078506581,0.0,0.0,1.0,,,,,0.014750690687221507,0.36486617161941864,0.001770256030235712,66.0763010648075,51.84817985567465,49.71077622932318,36.36731467914357,66.60775575364865,1.823524801015722,0.0,0.0,0.0,0.0,0.0,0.0,2.217392234233057,131.14911245340463,102.48748722351829,91.98246043023032,23.199158030443037,1.1459228587503563,0.0591553827738958,0.5743399018809275,0.0,0.0,1.0,,,,,0.015080497186628053,0.37315936419072454,0.0019396699164557257,84.27953600228126,62.2341065629933,63.40648374636355,43.37607036029924,84.95746035060178,1.9292015214845115,0.0,0.0,0.0,0.0,0.0,0.0,2.2232168520101485,131.14405881029853,102.49080954235659,91.98765764876129,23.253447530965307,1.1464226908515174,0.05934477335411633,0.5736345996473249,0.0,0.0,1.0,,,,,0.014498167436941172,0.3769590888681308,0.0015177916880847646,77.05881352546025,54.14661504171181,57.97512719399461,37.60360729106123,77.67870171427535,1.890301958364444,0.0,0.0,0.0,0.0,0.0,0.0,2.231962507708514,131.13568916543468,102.49560338132322,91.9950457308385,23.338373035312596,1.1472341293627253,0.059652058453977384,0.5726508236994485,0.0,0.0,1.0,,,,,0.01410201273108731,0.37694959765001956,0.001364181149769948,80.8398168523585,54.391482274147826,60.820541840827296,37.71106763626138,81.49013568450232,1.911105040923211,0.0,0.0,0.0,0.0,0.0,0.0,2.2448808867035583,131.12199914228427,102.50209068249403,92.00516607812872,23.469192714366216,1.1485249757057232,0.06014044375676499,0.5712836139733817,0.0,0.0,1.0
p15,young_strong,100.0,0.9749382521056076,1.1705205211452938,A,0.9406478007040733,6.017534561682311,0.9406478007040733,6.017534561682311,True,0.9910787626144958,5.954117170954004,82,0.010533500983658475,0.006155423887941972,1200,0.08333333333333333,175.18736615777016,0.9132056702312857,0.9756661019559526,0.5421686746987951,0.22305953278070836,0.001886918211155333,0.05696060672221641,0.061073478572838624,6044.626106573386,53.56758778407427,5768.779505264585,54.88346525816856,6044.88747531523,3.7813882209445966,2185.0,6651.0,3.339650157613684,3.8229522405474814,8.12403840463596,11.489125293076057,0.15441313360608983,131.9413388936079,103.00381424679252,90.14278565035855,11.814527011307273,1.0382199888396415,0.016289386090882273,0.41488643384303503,2185.0,6651.0,1.0,,,,,0.0017619598572573493,0.04832206182501329,0.0016987678163198107,296.6025369542438,49.5237387964165,287.9217040483451,50.64865110554527,296.8434762225378,2.4725275088063388,0.0,0.0,0.0,0.0,0.0,0.0,0.9531730863801542,131.53226972536618,102.81214773178317,90.80899867003366,15.757352505740018,1.1084232056717602,0.044705609486319485,0.533122324125638,0.0,0.0,1.0,,,,,0.0016642944311388728,0.04899403083409495,0.00017311623218793691,49.37856087888669,35.57971368040504,49.71077622932318,36.36731467914357,49.57235896248728,1.6952395858411036,0.0,0.0,0.0,0.0,0.0,0.0,3.032526546663392,130.2885643567628,102.24818520981816,92.38788186821277,22.319066819466357,1.1970679428310371,0.07811880066472984,0.6081322136592971,0.0,0.0,1.0,,,,,0.001679686957140884,0.048840992019504516,0.00019558925073659091,62.98594194452656,42.45462000175665,63.40648374636355,43.37607036029924,63.233177036034306,1.8009450026981768,0.0,0.0,0.0,0.0,0.0,0.0,3.0394187643061934,130.2847279777266,102.25161204524895,92.39495799203372,22.37911156893115,1.1969611049713114,0.07808003831720475,0.6068307168826405,0.0,0.0,1.0,,,,,0.0016036734860290422,0.04806458333608825,0.0001592150364278604,57.59499675908214,36.81704125219138,57.97512719399461,37.60360729106123,57.8211057855214,1.7620863929721002,0.0,0.0,0.0,0.0,0.0,0.0,3.0499013666543715,130.27813691188243,102.25652393211904,92.40506324003896,22.47313063979495,1.1968660549325136,0.07804554985615988,0.6050087878195985,0.0,0.0,1.0,,,,,0.0015471603631942675,0.046550055840775664,0.00014153258315463763,60.428645433022126,36.9373333524031,60.820541840827296,37.71106763626138,60.66591926609465,1.7829447828157914,0.0,0.0,0.0,0.0,0.0,0.0,3.065576844936174,130.26697049628942,102.2631213980084,92.4189625994224,22.618033930574178,1.1968460303722954,0.07803828368905574,0.6025343437339763,0.0,0.0,1.0
p15,young_strong,100.0,0.9749382521056076,1.1705205211452938,B,0.9406478007040733,6.017534561682311,0.9406478007040733,6.017534561682311,True,0.8745646767677454,6.064164497377503,61,0.006495329398224392,0.0002624374933527518,1200,0.08333333333333333,130.66816369444132,0.991555434486516,0.9970799463341489,0.05291970802919708,0.02754399387911247,0.004373500983612684,0.0104057208715444,0.013963366397031773,5816.679422041846,59.581630225236864,5768.779505264585,54.88346525816856,5816.999940180008,3.7646990593322354,1835.0,6336.0,3.2638726768652235,3.8018837071252394,7.681145747868608,11.357816691600547,0.14798940311874534,131.9419172850183,103.00276897006226,90.13608671669414,11.936645790872218,1.0363127080826193,0.015490823848093369,0.41764008483631976,1835.0,6336.0,1.0,,,,,0.004162670048463842,0.01766237928998182,0.0006091246859072134,294.3518120140908,54.77626839265045,287.9217040483451,50.64865110554527,294.6472694365588,2.469302420743811,0.0,0.0,0.0,0.0,0.0,0.0,0.9763459116409511,131.5171866721861,102.80231576468478,90.82526575887475,16.09236445384437,1.107685809264018,0.04441659193301462,0.535782778942212,0.0,0.0,1.0,,,,,0.003934473282735126,0.08007484739023811,0.00042957499726700146,53.025837840551176,39.47170558047472,49.71077622932318,36.36731467914357,53.2634842623291,1.7264295726626042,0.0,0.0,0.0,0.0,0.0,0.0,2.96732903654148,130.34893272816907,102.26794615638272,92.35438222152567,22.61709212237246,1.1887495786131976,0.07509037599720919,0.6060426708216526,0.0,0.0,1.0,,,,,0.004008605497378293,0.08180991240203316,0.0004679560822819337,67.63729860683601,47.16684404083212,63.40648374636355,43.37607036029924,67.94046791053024,1.8321285335593482,0.0,0.0,0.0,0.0,0.0,0.0,2.9736852052997103,130.34521796959763,102.27143336331395,92.3608665332847,22.675220897252615,1.1887582263904135,0.07509353534071812,0.6047504035359987,0.0,0.0,1.0,,,,,0.003831107812010229,0.08248812629835885,0.0003557333246789196,61.84700700348412,40.932708416121756,57.97512719399461,37.60360729106123,62.1242636237949,1.7932612539584052,0.0,0.0,0.0,0.0,0.0,0.0,2.983368862350916,130.33881182264975,102.27644295854036,92.3701073427233,22.766305358585576,1.1888400516262718,0.07512342789973982,0.602933747507096,0.0,0.0,1.0,,,,,0.003699208268276478,0.08230730744629816,0.00031863776925833117,64.88820145822297,41.07159548456292,60.820541840827296,37.71106763626138,65.17913676257544,1.814108604338198,0.0,0.0,0.0,0.0,0.0,0.0,2.9978988425096285,130.32791460478316,102.28319312698862,92.38279579650182,22.906825587848708,1.1890849524080986,0.07521288325123893,0.6004531565091805,0.0,0.0,1.0
p15,young_strong,150.0,1.4624073781584115,1.1705205211452938,A,0.6801626538539,5.69886405222954,0.6801626538539,5.69886405222954,True,0.611303907985201,5.805285134702231,58,0.015445856081921462,0.008826429924116613,1800,0.08333333333333333,182.7563238441944,0.8739650413983441,0.9530656089902495,0.7238699467897425,0.4151167392164622,0.002705689709286832,0.07599854051178459,0.07097001751940946,5365.978641126926,56.43846859002909,5768.779505264585,54.88346525816856,5366.142590730203,3.7296622086908453,1425.0,5767.0,3.154119525515847,3.7610252517113727,7.280109889280518,11.045361017187261,0.24443754829021364,131.90994580539268,103.00804315205202,90.22710188187865,11.951307877768572,1.0577896376791114,0.024399308267363,0.4209155877978811,1425.0,5767.0,1.0,,,,,0.0025287223735308835,0.06984030403990217,0.0022279001649848015,273.83293716150155,51.8022523887939,287.9217040483451,50.64865110554527,273.9840807134383,2.4377253297577686,0.0,0.0,0.0,0.0,0.0,0.0,1.273896765793489,131.2826480454577,102.75735009986917,91.0243730615259,16.111686163409342,1.1336692886634419,0.05448638166829126,0.5461216395946176,0.0,0.0,1.0,,,,,0.0023829993720337985,0.062418534358606295,0.00023918083749008582,49.84136159286723,37.20017953568354,49.71077622932318,36.36731467914357,49.962936377010365,1.6986479544190247,0.0,0.0,0.0,0.0,0.0,0.0,3.849279751488159,129.49576807577765,102.05905160122605,92.76774153160426,22.516012044680043,1.2402148003701532,0.09349690978849536,0.6348598363753615,0.0,0.0,1.0,,,,,0.00239894068115703,0.06306776647143136,0.0002676794713837064,63.57554203644194,44.38225807001564,63.40648374636355,43.37607036029924,63.730644495105274,1.8043483104342444,0.0,0.0,0.0,0.0,0.0,0.0,3.8543729918372795,129.493885913842,102.06268432275498,92.77435085534542,22.57512634876851,1.2396113158953923,0.09328553207877792,0.633124450765372,0.0,0.0,1.0,,,,,0.0022803931489482287,0.06263737617631326,0.00021763289181833657,58.13339323504566,38.47711129454785,57.97512719399461,37.60360729106123,58.27525017333964,1.7654841466056168,0.0,0.0,0.0,0.0,0.0,0.0,3.8622905045011837,129.49017892613116,102.06792144426535,92.78375927196723,22.667971853021875,1.2387977475122287,0.09300040701418168,0.6306560684947232,0.0,0.0,1.0,,,,,0.0021860419678652724,0.06114048521821482,0.00019303249468966498,60.992773946995946,38.58163496361996,60.820541840827296,37.71106763626138,61.141648501762546,1.7863371440002642,0.0,0.0,0.0,0.0,0.0,0.0,3.8744735058562267,129.48313708748282,102.07502032439157,92.79666920226342,22.81160439278943,1.2377933787773887,0.09264815522855596,0.627258977723456,0.0,0.0,1.0
p15,young_strong,150.0,1.4624073781584115,1.1705205211452938,B,0.6801626538539,5.69886405222954,0.6801626538539,5.69886405222954,True,0.7421608623636113,5.666418301069804,52,0.00914420455082654,0.0004563336993266276,1800,0.08333333333333333,163.33889607340097,0.9850502854036423,0.9956580089997632,0.08711433756805807,0.03782957585021016,0.0050286830719817625,0.01360113164525658,0.01659364122111595,5719.6736122096245,51.443226291136845,5768.779505264585,54.88346525816856,5719.798303767593,3.7573807146137987,1843.0,6332.0,3.2657609167176105,3.801609488027319,7.810249675906654,11.357816691600547,0.26006168056315887,131.9074440013273,103.01021569294085,90.24281907755523,11.834156555319378,1.061712511712512,0.02600693531487341,0.41917355553087393,1843.0,6332.0,1.0,,,,,0.0047524411395898965,0.01999432675429054,0.0006199446170281476,282.6348782822473,47.53154942650967,287.9217040483451,50.64865110554527,282.74983271912026,2.451402356659617,0.0,0.0,0.0,0.0,0.0,0.0,1.2498994469747087,131.30609762469953,102.77272339749972,91.01444244147018,15.750000745237354,1.136130428779437,0.05542819162821051,0.5434850663575534,0.0,0.0,1.0,,,,,0.00446905792599752,0.0769108696846062,0.00043394759309159196,47.202995166249494,34.009081789768686,49.71077622932318,36.36731467914357,47.295461596289336,1.674819468470317,0.0,0.0,0.0,0.0,0.0,0.0,3.9595712778727385,129.4041416482975,102.03392533201352,92.82956248531923,22.18084231951261,1.2537127258738923,0.09819803421357853,0.6378336413915694,0.0,0.0,1.0,,,,,0.004538474740701429,0.07790077016970706,0.00046857739457494213,60.21072686981482,40.50527928565629,63.40648374636355,43.37607036029924,60.32869499715951,1.7805239309576715,0.0,0.0,0.0,0.0,0.0,0.0,3.9651310939009132,129.40216916656792,102.03747099135832,92.83673711510473,22.242137254537052,1.2529070939606146,0.09791886821986816,0.6360702962072996,0.0,0.0,1.0,,,,,0.004313033141126099,0.07791272749478521,0.0003756510160338835,55.05729390689825,35.08673548418901,57.97512719399461,37.60360729106123,55.16518996393228,1.7416651180307592,0.0,0.0,0.0,0.0,0.0,0.0,3.973751077272717,129.39831815154145,102.0425705273928,92.8469769912155,22.338327607302364,1.2517893627771004,0.09753125676605823,0.6335742605819644,0.0,0.0,1.0,,,,,0.004129523337975603,0.07704339754488099,0.000334936124379515,57.76623976098434,35.1772214160572,60.820541840827296,37.71106763626138,57.87947708998633,1.76252459884715,0.0,0.0,0.0,0.0,0.0,0.0,3.986947903175572,129.39106117907372,102.04946135881323,92.86106066047378,22.48696782415715,1.2503401315048943,0.09702817072167862,0.6301586556966787,0.0,0.0,1.0
p16,old_weak,93.80365549586713,3.858052782301956,3.858052782301956,truth,,,,,,0.8445451155304908,2.599362089860616,,,,,,,1.0,1.0,0.0,0.0,0.0,0.0,0.0,2053.3709215772305,0.01627345420325401,2053.3709215772305,0.01627345420325401,2053.3709215772305,3.3124674075506855,1223.0,2449.0,3.087781417809542,3.3891660843645326,6.557438524302,8.366600265340756,0.7464410950319755,132.05885913054516,103.10882163275274,90.73611667780932,7.386565871939813,1.2782437924541867,0.10661369233584123,0.30107072388608286,1223.0,2449.0,1.0,,1.0,,0.0,0.0,0.0,0.0,952.6710371508016,0.24138170787446783,952.6710371508016,0.24138170787446783,952.6710371508016,2.978942962114004,0.0,197.0,0.0,2.296665190261531,0.0,7.3484692283495345,1.8880578480216086,132.13266208112432,103.08716105016421,91.88137347728781,9.76154998484117,1.383744412162982,0.141055880122239,0.47984987554365266,0.0,197.0,1.0,,,,,0.0,0.0,0.0,628.4922028168919,0.5569207197565912,628.4922028168919,0.5569207197565912,628.492202816892,2.798299894122846,0.0,0.0,0.0,0.0,0.0,0.0,2.019621208299018,132.10734352395903,103.10406463518262,92.01407987542191,10.120256006113463,1.392509912568542,0.14379829537790065,0.49035334971788425,0.0,0.0,1.0,,1.0,,0.0,0.0,0.0,0.0,1515.8870996364144,2.5491323473315006,1515.8870996364144,2.5491323473315006,1515.8870996364144,3.1806668570804875,0.0,1042.0,0.0,3.018284308426531,0.0,8.246211251235321,2.1947840187696017,132.0662078371217,103.13282808453064,92.18976028626652,10.567243582142039,1.4002329997902871,0.14620030860941727,0.5046154613378606,0.0,1042.0,1.0,,1.0,,0.0,0.0,0.0,0.0,3252.5294988053793,17.804768103664053,3252.5294988053793,17.804768103664053,3252.52949880538,3.5122212440838325,0.0,4032.0,0.0,3.605628222007619,0.0,11.575836902790225,2.5930411398481863,131.92260626896854,103.21585979771237,92.58288155188615,11.509539469327539,1.4075551976692569,0.14846543483644306,0.5382197874112578,0.0,4032.0,1.0,1.0,1.0,0.0,0.0,0.0,0.0,0.0,8989.630752638537,290.3866716841163,8989.630752638537,290.3866716841163,8989.630752638539,3.9537418535369087,4243.0,12224.0,3.627775375229303,4.087248867795658,11.704699910719626,16.76305461424021,3.2587397288237705,131.4012218801173,103.34562245235513,93.18455562108628,13.567455572570644,1.3798732696024165,0.1398392017347884,0.5972496375727524,4243.0,12224.0,1.0
p16,old_weak,30.0,1.2338707149228114,3.858052782301956,A,4.052863064074997,3.6958104228541098,0.9999050000000002,3.6958104228541098,True,0.999999999999996,3.521086573235927,145,0.04100493290108188,0.03634321256749043,360,0.08333333333333333,122.1282540410757,0.6692056583242655,0.814043583535109,1.3055896574292125,1.0265385275064633,0.014685352560969055,0.28407180065553145,0.2519537348951537,1445.3707220232193,0.0027388996816345925,2053.3709215772305,0.01627345420325401,1445.3707220943422,3.1599792532589417,615.0,1681.0,2.7895807121644256,3.2258259914618934,5.196152422706632,7.280109889280518,0.11571321565862665,132.0043239389055,103.01776817072341,90.11425910878151,7.095837120632873,1.0547737422359813,0.023159309835881818,0.24345325299456755,615.0,1681.0,1.0,,0.0,,,0.014878753256791704,0.3071074466842206,0.09073365845379538,680.297209043783,0.060891352804762065,952.6710371508016,0.24138170787446783,680.297209244577,2.8326986893757273,0.0,0.0,0.0,0.0,0.0,0.0,0.6012940556535498,132.04553405065087,102.93644711377215,90.59618975355815,9.643294085396093,1.1472240850909359,0.05964825609942988,0.3948373398587053,0.0,0.0,1.0,,,,,0.014702833548399201,0.28744338602085306,0.0491259222256496,460.27938341158256,0.15754607850062313,628.4922028168919,0.5569207197565912,460.27938373062534,2.6630215229440686,0.0,0.0,0.0,0.0,0.0,0.0,0.6964812730019214,132.02868511362112,102.94967041220247,90.69406790769423,9.964555279959223,1.16854480604531,0.06764536939847789,0.40822921774566306,0.0,0.0,1.0,,0.374414976599064,,1.4388445650515571,0.0160305019614591,0.26462688534576284,0.09156178196590353,1144.3989598369278,0.8246434795774678,1515.8870996364144,2.5491323473315006,1144.398960727433,3.0585774547339364,0.0,240.0,0.0,2.3820170425748683,0.0,7.54983443527075,0.8324575560647013,131.99984756362352,102.97149935175138,90.83196951414206,10.370056976746026,1.1931972211950426,0.07671223327444969,0.4261536486962238,0.0,240.0,1.0,,0.8268592057761733,,0.5881562727850841,0.017273451467856717,0.22402888207091326,0.11659691694282853,2610.5959432085656,6.876695507991246,3252.5294988053793,17.804768103664053,2610.5959460428253,3.4167396592671833,0.0,2893.0,0.0,3.4614985267830187,0.0,9.9498743710662,1.1659684773126378,131.8943971427341,103.03685449398814,91.16059134620973,11.230187453323714,1.2346634144018231,0.09154857930329947,0.4681890858934586,0.0,2893.0,1.0,0.8280825638240087,0.887906256909131,0.6097329910896244,0.7801370536452004,0.019410106883270987,0.18114743744125064,0.20659787547707503,7801.4278355196775,139.10496489384968,8989.630752638537,290.3866716841163,7801.427855573058,3.892174096670622,3121.0,10391.0,3.494432898726399,4.016699138064971,10.246950765959598,14.966629547095765,1.832435279533045,131.46732640852883,103.15368546830986,91.7465562331219,13.185005152258384,1.271674277817878,0.10437588689318711,0.5506377455501945,3121.0,10391.0,1.0
p16,old_weak,30.0,1.2338707149228114,3.858052782301956,B,4.052863064074997,3.6958104228541098,0.9999050000000002,3.6958104228541098,True,0.9999999999999981,4.2232519906698665,150,0.14515753411855714,0.03868175748396374,360,0.08333333333333333,124.96524925529957,0.9369839200347675,0.9080007494847292,0.31565656565656564,0.6123062795429697,0.03466873995389281,0.2008022686410303,0.16787736977012607,2485.930978885744,0.19488138827541826,2053.3709215772305,0.01627345420325401,2485.931055129968,3.3954890797393276,1078.0,2888.0,3.0330214446829107,3.460747541844197,6.4031242374328485,8.660254037844387,0.10692368038560605,131.99476757608704,103.01049435273876,90.10627870778191,8.45089538107986,1.040518714770475,0.017249895838808038,0.2953975855375204,1078.0,2888.0,1.0,,0.7030965391621129,,0.3307679858982972,0.036503520240639235,0.3947482399300335,0.12627920251612465,1436.3986248750925,1.5958695642734717,952.6710371508016,0.24138170787446783,1436.398840127477,3.157275045767291,0.0,352.0,0.0,2.5477747053878224,0.0,7.615773105863909,0.42989130354211397,131.96731130491955,102.97488807897474,90.42791047369455,10.763018661651108,1.0963099064134831,0.03993333847349063,0.4225293580717022,0.0,352.0,1.0,,,,,0.036822443249957405,0.4017357012307308,0.07770230513851938,950.7192344858124,3.0920017654085727,628.4922028168919,0.5569207197565912,950.7195765008738,2.978052436666638,0.0,0.0,0.0,0.0,0.0,0.0,0.5187810186617836,131.9275402937704,102.98463674484178,90.51346597422597,11.147513851280669,1.1127310134375645,0.046390192638096905,0.4373929274108304,0.0,0.0,1.0,,0.7617288511267085,,0.4379234444236767,0.04058836064272208,0.40576154717333346,0.16914574387596532,2291.1881846808783,11.510708568847786,1515.8870996364144,2.5491323473315006,2291.1891393015508,3.360060941989238,0.0,1665.0,0.0,3.2216749970707688,0.0,9.16515138991168,0.6424389493711018,131.87237072208674,103.0039408184122,90.62962134734984,11.618427224069405,1.131728165481145,0.053742124371153374,0.45698923466274977,0.0,1665.0,1.0,,0.8023082280370113,,0.8585563302349252,0.04422142089466011,0.4069814387823174,0.2896151517470542,4883.5404655145,60.859834902861344,3252.5294988053793,17.804768103664053,4883.543503778893,3.6887350608716214,0.0,6019.0,0.0,3.7795964912578244,0.0,12.083045973594572,0.9358478605891383,131.69384365135994,103.04010457774156,90.88344277188781,12.67036048052408,1.1626302344838504,0.06544161270153637,0.502362836181898,0.0,6019.0,1.0,0.7909404417932706,0.8026527463147182,0.9432382343140947,1.543384750366216,0.04985975197489494,0.4084492835586194,0.4934683384910669,13278.291315650114,757.3954559026787,8989.630752638537,290.3866716841163,13278.312808911927,4.123142895489102,6486.0,18235.0,3.8120438979302267,4.260929583529925,12.24744871391589,17.204650534085253,1.477044607788981,131.13815510594281,102.96122093969234,91.19890797664696,14.96101892640423,1.189019017202853,0.07518880079212477,0.5802652300580292,6486.0,18235.0,1.0
p16,old_weak,60.0,2.467741429845623,3.858052782301956,A,1.7726664173241395,3.227009490594794,0.9999050000000002,3.227009490594794,True,0.9999999999999998,3.0480092116798905,150,0.029579155878418483,0.02048312806266832,720,0.08333333333333333,210.4602212011814,0.8856492027334852,0.9331300370289697,0.5653916366466486,0.42969464334996715,0.008277011865193952,0.11798685895557905,0.10737379598087443,1806.5482989845073,0.0051662353035381026,2053.3709215772305,0.01627345420325401,1806.5482989846464,3.2568495771424075,972.0,2142.0,2.988112840268352,3.3310221710418286,6.164414002968976,7.874007874011811,0.34735203833014877,132.02342327313883,103.04501416440574,90.3436255430122,7.2267073592086,1.1446101613533959,0.05865759706784464,0.2667324603658074,972.0,2142.0,1.0,,0.3786008230452675,,1.1142687100142894,0.00835105207615906,0.1425692061151998,0.04340981560418758,838.107551677891,0.10204271397967352,952.6710371508016,0.24138170787446783,838.1075516782847,2.923299753837025,0.0,46.0,0.0,1.6720978579357175,0.0,7.0710678118654755,1.1277888524128072,132.0765937224377,102.9836434613825,91.12506602515327,9.665581173470125,1.2570364448003504,0.09934786921041243,0.4299128501896585,0.0,46.0,1.0,,,,,0.008288120162713526,0.13462444561997458,0.023356011250117076,557.8685546866251,0.25611174675826537,628.4922028168919,0.5569207197565912,557.8685546872507,2.7465318822730875,0.0,0.0,0.0,0.0,0.0,0.0,1.244829570988675,132.0552844565934,102.99968918705919,91.24360129987964,10.00630495733509,1.274737202662509,0.1054206606936761,0.4426281089395473,0.0,0.0,1.0,,0.7777126099706745,,0.37565356323147275,0.009024958422632264,0.12609407097918643,0.04367791971185861,1359.396096950313,1.2966081732297392,1515.8870996364144,2.5491323473315006,1359.3960969520595,3.1333460186577327,0.0,663.0,0.0,2.8221680793680175,0.0,8.12403840463596,1.4076597663644745,132.01923574518156,103.0264156504125,91.40728043309139,10.43611145490128,1.2943199227334394,0.11204163607384447,0.45988458494827533,0.0,663.0,1.0,,0.923016393442623,,0.31341774842746056,0.009704632842928754,0.1119716603332693,0.06403972204191376,2975.8106395753457,10.324916585796096,3252.5294988053793,17.804768103664053,2975.810639580904,3.473605292195888,0.0,3593.0,0.0,3.555578072772955,0.0,10.770329614269007,1.7915518839674158,131.89039877006743,103.10497005380505,91.78511260461312,11.345881443621545,1.324390948738662,0.1220162039991747,0.5002250583675593,0.0,3593.0,1.0,0.9174654549981327,0.9435814957463918,0.34272965451604565,0.451891681260741,0.010935970042516533,0.09558262037933457,0.1274481869328722,8432.49833504072,194.4167310318111,8989.630752638537,290.3866716841163,8432.498335080048,3.92595626411376,3790.0,11403.0,3.5787537844264348,4.057057208637422,10.816653826391969,15.84297951775486,2.484335711477528,131.40554865413623,103.23642069896351,92.4005534315705,13.35820466602358,1.3329597064921392,0.12481702149742507,0.5738510851605976,3790.0,11403.0,1.0
p16,old_weak,60.0,2.467741429845623,3.858052782301956,B,1.7726664173241395,3.227009490594794,0.9999050000000002,3.227009490594794,True,0.9999999999999878,3.222423750213665,150,0.011297188619846521,0.011272940253609254,720,0.08333333333333333,210.76113364845514,0.9679324894514768,0.9540918163672655,0.1625615763546798,0.31029411764705883,0.011793436175911397,0.08390631750183994,0.08786196518768068,2125.586620425933,0.015361538870899232,2053.3709215772305,0.01627345420325401,2125.586620429091,3.3274788077307385,1147.0,2561.0,3.059941888061955,3.4085791254086675,6.48074069840786,8.306623862918075,0.3439567456422158,132.01811097478597,103.0353905113099,90.34165149959324,7.600569395358201,1.1343248687802252,0.054737453598225246,0.28053678187146747,1147.0,2561.0,1.0,,0.8315098468271335,,0.17919676636103318,0.01189882134323309,0.1512097371859198,0.06360833017399938,1053.286938473629,0.2395556113210047,952.6710371508016,0.24138170787446783,1053.2869384825453,3.022546698653705,0.0,260.0,0.0,2.416640507338281,0.0,7.35521150560945,1.0298028311707579,132.03612483853465,102.98980517079214,91.02911852212735,9.95606774462196,1.2311400169957927,0.09030744785466853,0.43162790319848293,0.0,260.0,1.0,,,,,0.011577463007247636,0.15069625834068742,0.03861614749409686,695.1031346339134,0.5576036425549166,628.4922028168919,0.5569207197565912,695.1031346480804,2.8420492470153125,0.0,0.0,0.0,0.0,0.0,0.0,1.146485140048849,132.00721251768778,103.00804080924473,91.14643425512679,10.30887260872087,1.2487199551076509,0.09646505199445485,0.4450318360916625,0.0,0.0,1.0,,0.8771610555050046,,0.17759706576331838,0.01251200752853863,0.14845955375826378,0.0835713705510454,1674.3929238308547,2.582036926192192,1515.8870996364144,2.5491323473315006,1674.3929238703984,3.223857379968391,0.0,1156.0,0.0,3.0633333589517497,0.0,8.602325267042627,1.3088128155435808,131.96099045667964,103.03757012087446,91.30769175560548,10.755864628721323,1.268117788427479,0.10315959462478869,0.4632377602268979,0.0,1156.0,1.0,,0.9263058601580002,,0.3458338383620316,0.013320706238431318,0.1420477498881851,0.14248113848913585,3576.6581072538756,18.314955174702163,3252.5294988053793,17.804768103664053,3576.658107379732,3.5534774279390566,0.0,4449.0,0.0,3.6483600109809315,0.0,11.357816691600547,1.6883369955047147,131.80367725890636,103.11726074343126,91.67277885859707,11.718995715094868,1.2972237634577466,0.11301489578573481,0.5055443709301907,0.0,4449.0,1.0,0.9267308984987677,0.9416555720886522,0.3479116527525854,0.4625868723037525,0.01458763681873027,0.13208468204907478,0.24847372831984393,9812.711692941559,305.26641223706883,8989.630752638537,290.3866716841163,9812.711693832038,3.991789039075235,4683.0,13314.0,3.6706168864003255,4.12434117077496,11.445523142259598,16.431676725154983,2.3405656157685417,131.26087569106411,103.20597481537875,92.21122523345943,13.827291094208741,1.3048491979950634,0.11556032296705404,0.5803227358049821,4683.0,13314.0,1.0
p16,old_weak,100.0,4.112902383076038,3.858052782301956,A,0.7656093252514484,2.467054454203352,0.7656093252514484,2.467054454203352,True,0.5471308679744828,2.5899878606376943,69,0.009057291557719865,0.0027066106568301184,1200,0.08333333333333333,149.2621048465371,0.9424989191526156,0.9589798087141339,0.29161451814768463,0.2714828897338403,0.001094024653366363,0.059193558500465836,0.04880138525834965,1914.6861543055722,0.019833319684188323,2053.3709215772305,0.01627345420325401,1914.6861543055722,3.282097596777972,1090.0,2256.0,3.037824750588342,3.353531559077762,6.4031242374328485,8.139366996445084,0.7693807009495134,132.05906765590782,103.12718384971437,90.75649318793427,7.32878552035416,1.2887141574203287,0.11015659957107972,0.2994588965918576,1090.0,2256.0,1.0,,0.5827338129496403,,0.6112480066567546,0.0010321887956399388,0.06398409253708538,0.01979784807390647,887.5439750639812,0.263034602670207,952.6710371508016,0.24138170787446783,887.5439750639813,2.9481898802110686,0.0,81.0,0.0,1.9138138523837167,0.0,7.280109889280518,1.9647449335365001,132.1432938011449,103.11250251738107,91.95628032858119,9.740349538397167,1.3935518286955144,0.14412312554152784,0.4838015759079008,0.0,81.0,1.0,,,,,0.0010273021161243607,0.05844059542636134,0.010652498934917223,589.0111213007726,0.5879425949564208,628.4922028168919,0.5569207197565912,589.0111213007727,2.7701234949126694,0.0,0.0,0.0,0.0,0.0,0.0,2.0942149800096086,132.1190448888854,103.12749421550109,92.08693792958503,10.096650465954234,1.40116647045043,0.14648973621589004,0.49381101063440275,0.0,0.0,1.0,,0.8765498652291105,,0.14401468615607457,0.0010951314567489094,0.05192915386552394,0.019739027560717937,1430.282990755767,2.6046755535396753,1515.8870996364144,2.5491323473315006,1430.282990755767,3.155421973943695,0.0,813.0,0.0,2.910624404889201,0.0,8.06225774829855,2.2657176225506808,132.07993227070264,103.15382408379648,92.25907621130435,10.538587047395623,1.4075147687207497,0.14845296049693701,0.5074081187447053,0.0,813.0,1.0,,0.9710348347581983,,0.1266243578120278,0.0011361787843270983,0.039036391876398804,0.025078228810442527,3110.4295822375866,17.54328210790745,3252.5294988053793,17.804768103664053,3110.4295822375866,3.492820373692892,0.0,3805.0,0.0,3.5804687839510017,0.0,11.445523142259598,2.656941449927862,131.94216701690885,103.23218117242425,92.6461453319089,11.467814987722331,1.4129353824289432,0.15012230077549707,0.5397087486215271,0.0,3805.0,1.0,0.9687689877263337,0.9831974713026119,0.14141113426615065,0.1387770047601611,0.0011953570794395489,0.02639596893954822,0.029518615300480833,8723.659788955849,279.4049705588607,8989.630752638537,290.3866716841163,8723.659788955847,3.9406987203339687,3986.0,11820.0,3.6006462356623943,4.072654217333034,11.489125293076057,16.673332000533065,3.3225658759471814,131.43334815332045,103.36323978127483,93.2536758513968,13.507005484022763,1.383448493040573,0.1409629946264717,0.5972626231090683,3986.0,11820.0,1.0
p16,old_weak,100.0,4.112902383076038,3.858052782301956,B,0.7656093252514484,2.467054454203352,0.7656093252514484,2.467054454203352,True,0.6679372106941948,2.584909321564713,70,0.01061649373436202,0.0001285596516933385,1200,0.08333333333333333,151.36413553357124,0.997132322818517,0.9965412004069176,0.014457831325301205,0.02074074074074074,0.001980249606243044,0.009521972674574096,0.008756065053008188,2067.882463207203,0.023533905009638395,2053.3709215772305,0.01627345420325401,2067.8824632072033,3.3155258501708413,1218.0,2466.0,3.0860037056183818,3.392169149489736,6.557438524302,8.48528137423857,0.8019607476717696,132.06197368899643,103.12105351274921,90.79034571532306,7.4429075647707945,1.2937233889357216,0.11184142973260007,0.30632011009482035,1218.0,2466.0,1.0,,0.9798994974874372,,0.02761483614300143,0.002052363270305819,0.01683339664139927,0.004715821809470472,972.0194272454694,0.312596659803328,952.6710371508016,0.24138170787446783,972.0194272454693,2.9876749450303803,0.0,201.0,0.0,2.305351369446624,0.0,7.3484692283495345,1.9742833724269433,132.13416687051048,103.10760915357243,91.96677765788773,9.814023465517717,1.3936321051128933,0.1441481426239538,0.48575362773792385,0.0,201.0,1.0,,,,,0.0020989877615487504,0.01706291328504531,0.002649811001485272,641.7382315276052,0.6979197049308888,628.4922028168919,0.5569207197565912,641.7382315276053,2.8073579131370376,0.0,0.0,0.0,0.0,0.0,0.0,2.106524499186846,132.10745596883996,103.12431889833825,92.10010559066706,10.175236409107123,1.4011686376369674,0.14649040793937645,0.4959507312558578,0.0,0.0,1.0,,0.9876777251184834,,0.015248401377274963,0.0023427458030212535,0.017100050642572414,0.00529331001216457,1548.1373928896412,3.080810226601944,1515.8870996364144,2.5491323473315006,1548.1373928896408,3.189809500485128,0.0,1068.0,0.0,3.028977705208778,0.0,8.306623862918075,2.2813728182876813,132.0648459429915,103.15294456516435,92.27531643946202,10.624371780632357,1.407251478499111,0.1483717136148251,0.5098169620159383,0.0,1068.0,1.0,,0.987146529562982,,0.0567945286946179,0.00258690763604396,0.01717915612774324,0.008383710925216337,3321.8113740183812,20.542185362317934,3252.5294988053793,17.804768103664053,3321.811374018382,3.521374967805692,0.0,4137.0,0.0,3.616790486329716,0.0,11.704699910719626,2.6776029022892254,131.91706127043588,103.23517498910849,92.66596533998171,11.573247467955946,1.4115921436519867,0.14970923258812646,0.542577297200435,0.0,4137.0,1.0,0.9904272706047164,0.9905996758508914,0.04429451452038721,0.0804556138130537,0.0029526523651235933,0.015786116047529,0.013217583374272701,9158.422371318213,319.4382787037952,8989.630752638537,290.3866716841163,9158.422371318215,3.9618206685979818,4323.0,12456.0,3.6358856852812727,4.095413464448447,11.789826122551595,16.911534525287763,3.333045020570183,131.3861852056326,103.35952131121685,93.25625013384173,13.643277158279671,1.380245185462071,0.13995624091929254,0.5999534033760922,4323.0,12456.0,1.0
p16,old_weak,150.0,6.169353574614057,3.858052782301956,A,2.6378499424394994,0.822992688013848,0.9999050000000002,0.822992688013848,True,0.050000689324163496,2.345922662593947,150,0.11123406579047321,0.021733867541728326,1800,0.08333333333333333,470.2109467089176,0.7146610614818707,0.7864222001982161,1.1803290460379896,1.1435225689650768,0.008783473228080492,0.28343605508274744,0.2609668401728013,1415.561436918941,0.0668014472799556,2053.3709215772305,0.01627345420325401,1415.561436918941,3.15092872296701,680.0,1587.0,2.833147111912785,3.2008504980910777,5.477225575051661,7.3484692283495345,1.0623897747244564,132.05915403418928,103.29947164282771,91.01759007897104,7.116175418423568,1.384916992585419,0.14142374398354485,0.3042052716074608,680.0,1587.0,1.0,,0.0,,,0.008670440357541104,0.3312033370362634,0.11804419481753951,639.4127894135136,0.5281905843849354,952.6710371508016,0.24138170787446783,639.4127894135136,2.8057813186985197,0.0,0.0,0.0,0.0,0.0,0.0,2.7355543309570103,132.1951067317913,103.4124189701316,92.69723959890533,9.694242221980447,1.454271884830206,0.16264560806571632,0.5269647357957541,0.0,0.0,1.0,,,,,0.008658306042092575,0.31129753033607754,0.0676437379565467,434.6697328880169,1.0188934196360866,628.4922028168919,0.5569207197565912,434.66973288801694,2.6381594002613213,0.0,0.0,0.0,0.0,0.0,0.0,2.858173994613972,132.1724425734337,103.41629189808829,92.8224321423094,10.052652300129363,1.4525997918324827,0.16214597758800173,0.5337015105576112,0.0,0.0,1.0,,0.10717529518619437,,2.4345943109566472,0.00938572817741375,0.2840806241129854,0.12955239949493327,1087.61945418163,3.8055457826304537,1515.8870996364144,2.5491323473315006,1087.61945418163,3.036476967183364,0.0,59.0,0.0,1.7781512503836436,0.0,7.556428302330065,3.006087540248358,132.14070367954585,103.42685579599804,92.97229858924395,10.475067886130729,1.4471008725492596,0.16049880538622158,0.5424805754463913,0.0,59.0,1.0,,0.8097416974169742,,0.6750790164782404,0.009958023164126209,0.22281343580256932,0.1712066615914832,2521.6856569276224,20.62849026939143,3252.5294988053793,17.804768103664053,2521.6856569276224,3.4016909482282363,0.0,2743.0,0.0,3.438384107034714,0.0,10.770329614269007,3.342504262890716,132.02472488335056,103.46928786122776,93.30930390428111,11.346980207512706,1.4349269933981312,0.15682980548053174,0.5645781096882236,0.0,2743.0,1.0,0.8195854778133259,0.9171280506710369,0.6778038047405128,0.6203406968893759,0.010914430373841683,0.14894773777877637,0.21353618434898325,7686.72660725064,278.5715056938329,8989.630752638537,290.3866716841163,7686.726607250641,3.885741434851771,2946.0,10353.0,3.469380135849925,4.015108160645837,10.816653826391969,16.431676725154983,3.9813019301573878,131.56494380168417,103.5803955142887,93.9146688506661,13.314061678402135,1.3866906758111344,0.1419795953412319,0.608055903231722,2946.0,10353.0,1.0
p16,old_weak,150.0,6.169353574614057,3.858052782301956,B,2.6378499424394994,0.822992688013848,0.9999050000000002,0.822992688013848,True,0.07924591123135571,2.5554548532019092,148,0.6433998211053521,0.007095898010571755,1800,0.08333333333333333,462.1790277957916,0.970230607966457,0.9693130073252821,0.15233415233415235,0.20203488372093023,0.01795807042317875,0.07509803483723776,0.06614486121479174,2205.507916801052,0.25497202386340384,2053.3709215772305,0.01627345420325401,2205.5079168010525,3.3435086210429414,1162.0,2602.0,3.0655797147284485,3.4154741681092355,6.48074069840786,8.774964387392123,1.1763922944292267,132.07424119343682,103.215612948698,91.15407891062236,7.910857502584912,1.3775380866135505,0.139103615202541,0.3410287004612976,1162.0,2602.0,1.0,,0.87,,0.17031081571581658,0.019003908812217418,0.13869322447284818,0.03855206528399241,1135.3183906987026,1.8150086077411784,952.6710371508016,0.24138170787446783,1135.3183906987024,3.0551176729235334,0.0,203.0,0.0,2.3096301674258988,0.0,7.469830219028045,2.4976265821101173,132.1184773658566,103.25868866210268,92.48136692843728,10.26700094582254,1.4325618641501476,0.15611338573814088,0.5195372617326055,0.0,203.0,1.0,,,,,0.019588542388288558,0.14013180863147287,0.021357899334626035,752.1727593293043,3.3770456275469782,628.4922028168919,0.5569207197565912,752.1727593293044,2.876317600972594,0.0,0.0,0.0,0.0,0.0,0.0,2.6442254390842357,132.0747969289484,103.27354483298578,92.62897447999536,10.662939811990617,1.4341049912629351,0.15658094732690706,0.5284792993910501,0.0,0.0,1.0,,0.9005190311418685,,0.16566935216734596,0.021899316589295413,0.14159561535593068,0.04198113151226204,1817.07460702805,11.983459392961498,1515.8870996364144,2.5491323473315006,1817.07460702805,3.259372759314309,0.0,1270.0,0.0,3.104145550554008,0.0,8.602325267042627,2.815483562183096,132.01936032001396,103.29978117520216,92.79941138704667,11.126180143745671,1.4305643399379477,0.15550739506798383,0.5400928057206652,0.0,1270.0,1.0,,0.9105691056910569,,0.4009085617913147,0.02429550737352653,0.1449028479765796,0.0661205990331716,3903.4060615569765,58.97557786712979,3252.5294988053793,17.804768103664053,3903.406061556976,3.5914437321986328,0.0,4824.0,0.0,3.6834973176798114,0.0,12.449899597988733,3.1979664137745702,131.83465889993252,103.37155619501247,93.17200212771154,12.127344553100505,1.4178070925076485,0.1516171445574361,0.5680884085314536,0.0,4824.0,1.0,0.901231945624469,0.9145593296423762,0.44341447537710343,0.6734817011450679,0.028526764371412456,0.14830463471502364,0.1088698981471643,10756.09979690908,669.6452995628604,8989.630752638537,290.3866716841163,10756.099796909079,4.03165482302745,5173.0,14508.0,3.7138264243805246,4.161637480704591,12.806248474865697,17.916472867168917,3.805762043181038,131.2128468000433,103.44823218401147,93.69639046616179,14.330919840205352,1.3691134267593859,0.1364394295621136,0.6168017182483178,5173.0,14508.0,1.0
p17,old_weak,167.37050868570805,4.164304308807739,4.164304308807739,truth,,,,,,0.9514103252440691,19.739841621823704,,,,,,,1.0,1.0,0.0,0.0,0.0,0.0,0.0,609841.7595773041,34897.62425613414,609841.7595773041,34897.62425613414,743006.4944484398,5.870992609845089,608783.0,914854.0,5.7844632298285115,5.961352265989898,54.378304497290095,63.75735251718032,9.787962648928033,122.21779506955119,103.17261314325837,89.71210380640294,48.429770684459086,1.6075048757730948,0.20615229887037395,0.33020770646661585,608783.0,914854.0,1.0,,1.0,,0.0,0.0,0.0,0.0,112345.18363111332,59465.76745247298,112345.18363111332,59465.76745247298,157217.7650300415,5.196501618157612,0.0,1398.0,0.0,3.1458177144918276,0.0,73.4751652298622,27.247381881773553,105.1973005889111,104.50332867437075,85.33361739815183,64.96087941938298,1.9886250564893815,0.29855290718295957,0.27944906426729704,0.0,1398.0,1.0,,1.0,,0.0,0.0,0.0,0.0,93616.56804771675,70716.69375038682,93616.56804771675,70716.69375038682,128441.83186747786,5.108706490948217,0.0,1934.0,0.0,3.28668096935493,0.0,75.65051222562872,32.851359150960164,99.91543175934464,105.0446375553627,83.24635386303783,67.40656363087855,2.12632545560934,0.3276297384364112,0.29753352171810243,0.0,1934.0,1.0,,1.0,,0.0,0.0,0.0,0.0,157179.50748472108,112317.26636473695,157179.50748472108,112317.26636473695,217393.96910833428,5.3372474918234065,0.0,91603.0,0.0,4.96191443807832,0.0,79.7370679169983,32.744212108953256,99.99037687727734,104.94068188150409,83.38175189251854,67.59768459215304,2.098859602980872,0.32198338870628623,0.29002597398683155,0.0,91603.0,1.0,,1.0,,0.0,0.0,0.0,0.0,264341.94890387834,179868.64097241848,264341.94890387834,179868.64097241848,371130.8730408723,5.56952708324556,0.0,431807.0,0.0,5.635290684139182,0.0,84.01190391843289,32.694469571926334,99.99338632515581,104.77117736182223,83.56820768277908,67.99678383063748,2.0486122744055364,0.31145977049497336,0.27769676701729296,0.0,431807.0,1.0,1.0,1.0,0.0,0.0,0.0,0.0,0.0,511834.46326784586,340103.01891681127,511834.46326784586,340103.01891681127,743331.9695574888,5.871182811538094,179148.0,1275072.0,5.2532143883006555,6.105535049546149,81.92679659305617,91.61331780914826,32.95509145589651,99.71952555660302,104.58823868664678,83.55899693759308,69.07878132550744,1.951030363882599,0.2902640283714774,0.25661826294533346,179148.0,1275072.0,1.0
p17,old_weak,30.0,0.7464225940713771,4.164304308807739,A,16.894097709057505,23.641607685844733,0.9999050000000002,23.641607685844733,True,0.9999999999999998,26.821528302016,150,0.37759759511886304,0.2124342909879707,360,0.08333333333333333,131.42578138411045,0.4941268453561351,0.7342260705284351,12.815286725890333,7.042821240579133,0.21467924085976325,0.45127378845576094,0.5217026117004113,331763.9069381498,16520.803890784362,609841.7595773041,34897.62425613414,403948.70689983264,5.60632622222789,181435.0,490444.0,5.258723462713933,5.69059031133719,34.75629439396553,49.77951385861457,7.941488016543293,124.0936602621173,103.08514542072398,89.25853245289674,46.461058205993375,1.5354797380626002,0.18624408993853772,0.3482755855135615,181435.0,490444.0,1.0,,0.0,,,0.08450714963697918,0.5667881721430394,0.25408393854569167,53493.417468889005,30497.478416470214,112345.18363111332,59465.76745247298,91950.80807149592,4.963555550207588,0.0,0.0,0.0,0.0,0.0,0.0,25.19378823603437,107.82106887316044,103.98856840029698,82.99079264369877,69.15396977038148,2.048591449018894,0.3114553556056426,0.21457859606187707,0.0,0.0,1.0,,0.0,,,0.08026006046334933,0.5324121608816508,0.24185568949414735,48681.95357109701,38390.91515401375,93616.56804771675,70716.69375038682,87298.50755261423,4.9410068191098695,0.0,0.0,0.0,0.0,0.0,0.0,29.0051027990077,104.59334122405814,104.35423563943378,80.60121875172209,72.37762373419436,2.1520876344026214,0.332859952107073,0.21158143332596618,0.0,0.0,1.0,,0.0,,,0.07629725653057622,0.4952268592976857,0.260944676689981,86212.78939397048,65149.23918528367,157179.50748472108,112317.26636473695,154215.88416581898,5.188129108152593,0.0,1.0,0.0,0.3010299956639812,0.0,67.7421582177598,29.234436352861195,104.34675170361497,104.38909902145525,80.61807421492993,72.46778830532052,2.1503987675677134,0.33251900247180843,0.2100489072467224,0.0,1.0,1.0,,0.03622151948240605,,15.990152762659353,0.06685966250558321,0.4252813314034556,0.2480437047191449,161419.77086237603,117229.78182092663,264341.94890387834,179868.64097241848,286687.1758183258,5.4574082663824734,0.0,82026.0,0.0,4.913956828248876,0.0,74.74623736349542,29.8360943532609,103.70888907973188,104.49202369942999,80.64161154716733,72.64838204289674,2.148619185039308,0.33215944923204865,0.20860369538137494,0.0,82026.0,1.0,1.5644310946324368e-05,0.8703413184510493,71.6366705062809,2.3927678776875596,0.04772241978528347,0.28664398173720834,0.21896640508304205,381959.50750197505,267911.1742768164,511834.46326784586,340103.01891681127,673596.2372815146,5.828399652523007,26609.0,1088180.0,4.425044874551388,6.036701138710859,72.05553413860729,87.41281370600079,31.262913314479526,102.24143299492056,104.86402248414493,80.60197579852762,73.2314447503499,2.1307106608539508,0.32852447884324393,0.20529092633473925,26609.0,1088180.0,1.0
p17,old_weak,30.0,0.7464225940713771,4.164304308807739,B,16.894097709057505,23.641607685844733,0.9999050000000002,23.641607685844733,True,0.9999999999999782,39.43673771526185,150,0.6041769634253912,0.08695974790995686,360,0.08333333333333333,137.57090928405523,0.9324502723958134,0.8659769023961784,1.7000067201297646,3.5281854867632587,0.6185916916816229,0.26069566474583244,0.2753665137194973,707753.7714229637,159352.8121671012,609841.7595773041,34897.62425613414,1028790.2723475182,6.012326849159299,529242.0,1343394.0,5.7236551225601735,6.128203727559183,51.234753829797995,72.92461861401813,17.88651546900767,114.62844622270208,104.1688569829258,85.90239968530817,61.49144998584223,1.6236369440813414,0.21048892465320876,0.2680257762415357,529242.0,1343394.0,1.0,,0.0075390705048696575,,21.67666218084498,0.27485778516687437,1.491493361994526,0.3407817238851006,307164.05453552376,241589.7793023004,112345.18363111332,59465.76745247298,620632.2878046568,5.792834365593357,0.0,676284.0,0.0,5.830129754881393,0.0,84.29709366283039,35.54760239138821,98.51108873246662,106.52364303198274,78.61102297505768,77.20665753809004,2.0863311734469634,0.3193832472280015,0.17578564786253736,0.0,676284.0,1.0,,0.008253723030831966,,20.727792429415633,0.2597243194547279,1.9273833193239238,0.3677836362123471,305847.7397008847,275650.046369529,93616.56804771675,70716.69375038682,651021.8325458909,5.813595553230581,0.0,898006.0,0.0,5.953279722023122,0.0,88.67919710958145,39.05211372511222,95.4398071664936,107.27407926165878,76.95576246609318,79.2321921387211,2.1694808640678653,0.3363558237824079,0.16577533001509998,0.0,898006.0,1.0,0.0,0.1736504849411781,,10.878847891690995,0.24374846204098263,1.6962428829652565,0.4818735778178824,456437.8878200909,396325.48012566473,157179.50748472108,112317.26636473695,977891.788124411,5.990290799142828,118312.0,1535398.0,5.073032466674229,6.186221253416444,76.22335600063802,98.92421341612983,40.22241700488356,94.28279277130258,107.60924749364823,76.8087170402368,79.55577777334877,2.1516509233064505,0.3327718142160925,0.16325971021845778,118312.0,1535398.0,1.0,0.0,0.4859522482900884,,9.40679737144922,0.2098252523191926,1.2796833870777307,0.5572198120505735,621202.8386368671,513581.5900381326,264341.94890387834,179868.64097241848,1353713.9132292597,6.131526892536946,667504.0,2145055.0,5.824454523166615,6.331438634596977,86.51589449343976,108.56334556377672,42.22445517340234,92.29513814085298,108.16427461605481,76.59258312997287,80.09816450192449,2.104872924315782,0.3232258816755715,0.15780797166240804,667504.0,2145055.0,1.0,0.22066776332255664,0.818221059163137,12.655139645797938,4.348938736300665,0.14817175486671025,0.7768029450724264,0.6769829106400678,876114.0638659038,681381.0805187006,511834.46326784586,340103.01891681127,2009916.5273625837,6.303178021371442,1964779.0,3117765.0,6.293313928688554,6.493843516650663,105.35179163165665,121.32600710482481,45.15058007803547,89.3953449253403,108.91159450698599,76.27151509680186,81.095846908522,1.998741842681591,0.3007567043037088,0.14588883730205832,1964779.0,3117765.0,1.0
p17,old_weak,60.0,1.4928451881427542,4.164304308807739,A,8.874470567503968,22.84645303642903,0.9999050000000002,22.84645303642903,True,0.9999999999999998,24.875657102331196,150,0.273776781315537,0.16068902446351846,720,0.08333333333333333,215.74199251830578,0.6667010695954467,0.8243798815518636,8.373170412657467,4.573253793464939,0.16199409250700683,0.34143884218755455,0.4088520444903976,398736.6546426786,19247.74504842433,609841.7595773041,34897.62425613414,486449.8198426195,5.687038046887107,283216.0,612272.0,5.452119318172416,5.786945108350394,40.7308237088326,54.12947441089743,8.14619069593268,123.8761140446842,103.0641182739224,89.40101027849215,46.78282586309887,1.5519989862859995,0.1908914332555843,0.34182501353292727,283216.0,612272.0,1.0,,0.0,,,0.06486535445682265,0.46482514367842354,0.21275047518631957,64040.8965699757,35106.67951808753,112345.18363111332,59465.76745247298,105680.12206626586,5.023993306240413,0.0,0.0,0.0,0.0,0.0,0.0,24.886396077355865,107.95140833294305,103.89812905854956,83.66033812065808,68.0204460350067,2.021939962269642,0.3057682558830204,0.22605059054884546,0.0,0.0,1.0,,0.0,,,0.061548376432923296,0.4408733004939011,0.19968803862532278,56494.38609080643,43681.27493883728,93616.56804771675,70716.69375038682,96196.52591577078,4.983159388016458,0.0,0.0,0.0,0.0,0.0,0.0,28.96116966735038,104.41421829022048,104.2327163850562,81.2676231027593,71.22327596848689,2.1221665856186167,0.32677947210787756,0.226537950620341,0.0,0.0,1.0,,0.0005077430820005078,,79.32678239064539,0.058437817742654795,0.40507392597994457,0.21310197689055094,99112.12015766912,73196.38535285737,157179.50748472108,112317.26636473695,168519.50261003472,5.226650168624547,0.0,4656.0,0.0,3.668106237932731,0.0,69.58448102845921,29.16307555987942,104.19165888084382,104.25184073196174,81.30436689517748,71.32274731459367,2.120820309299079,0.32650387361521493,0.2243000883900984,0.0,4656.0,1.0,,0.18449896694214876,,8.02284131050631,0.05105274611820753,0.33949643487292663,0.1956413148226701,181768.55021909083,128735.69691017488,264341.94890387834,179868.64097241848,307656.7736691466,5.488066481376747,0.0,128402.0,0.0,5.10857517068163,0.0,76.6355009117837,29.70038631731522,103.61460769150207,104.32075136031787,81.36066746011879,71.52710687320445,2.1185161697496318,0.3260317831381598,0.2215645213761184,0.0,128402.0,1.0,0.005304998400699011,0.9488060820031256,44.07176724058814,1.0717416963912854,0.036409461412815695,0.2190077771687834,0.16296493465506356,411225.5017762345,282133.89874927944,511834.46326784586,340103.01891681127,696009.4331370918,5.842615125719217,46604.0,1226911.0,4.668432512310655,6.088813414165505,73.25298628724975,88.01704380402695,30.944705087270894,102.33755429077148,104.61458492075796,81.33355880312452,72.20032917990589,2.0961100585532857,0.3214140820175658,0.21557979472711764,46604.0,1226911.0,1.0
p17,old_weak,60.0,1.4928451881427542,4.164304308807739,B,8.874470567503968,22.84645303642903,0.9999050000000002,22.84645303642903,True,0.999999999999999,31.704320052731518,150,0.43127358186736475,0.05120804044906957,720,0.08333333333333333,220.7413358464837,0.9411518931670065,0.9224757513509786,1.4823831306936344,2.019960103839764,0.48779370001840516,0.17837126825198976,0.21297356756146557,652142.6509033092,105331.74942249132,609841.7595773041,34897.62425613414,891553.5513295359,5.950147434273497,540072.0,1156389.0,5.732452466034914,6.063104327409207,51.66236541235796,68.7386354243376,14.008445845628911,118.23239706712948,103.51103867788323,87.46455054034982,56.65768903344395,1.665915061941442,0.22165285477154595,0.2882854547303847,540072.0,1156389.0,1.0,,0.01566395329945826,,19.93004480717808,0.21743560060604677,0.9307980545949465,0.2692862451105392,227648.6638752363,166079.67562598427,112345.18363111332,59465.76745247298,421693.87233041355,5.6249972902905965,0.0,310424.0,0.0,5.49195668979246,0.0,78.26876771739798,30.615267906316085,102.97087400401438,105.12979604573323,80.50956051132096,73.8820053139496,2.1316381971808434,0.32871349383394954,0.19680703482058137,0.0,310424.0,1.0,,0.015644844239154174,,18.380866545832244,0.20635040497002943,1.2151895847669065,0.2842469219670405,221489.85044662812,193455.00200078785,93616.56804771675,70716.69375038682,428891.6000401321,5.632347540545572,0.0,456095.0,0.0,5.6590562634587736,0.0,81.49233092751734,34.03467255916434,100.03885588855046,105.73178167685208,78.62539793369879,76.28200548578401,2.222799530987129,0.3469002964767916,0.1888643751772328,0.0,456095.0,1.0,0.0,0.24554627005757812,,7.500346691130756,0.19542610689813703,1.0972671905716385,0.38244803284447515,344715.9182832065,288887.6511493059,157179.50748472108,112317.26636473695,667412.6562801388,5.824394438010277,18742.0,956863.0,4.272839105184126,5.980850215470935,71.37226352022192,89.08984229416954,34.82745050297509,99.24984513421103,105.98827861644608,78.53488527250991,76.54139016677262,2.2124753759243188,0.3448784458513542,0.18717979340139926,18742.0,956863.0,1.0,0.0,0.582459320930063,,6.54956589700875,0.17223334984640923,0.8693807291899173,0.44843449908781896,504504.45371588954,402845.1168992792,264341.94890387834,179868.64097241848,980537.7975887712,5.991464339429445,211742.0,1507354.0,5.325809061923059,6.178215545867839,79.05061669588669,96.50388593212193,36.279065238805394,97.81406506758121,106.49793439555668,78.37000075828428,77.02837645551251,2.1791769187610828,0.3382924903300741,0.182965642491267,211742.0,1507354.0,1.0,0.2911193798732056,0.825672838016142,9.064774223860335,4.129294699449994,0.12818371042267315,0.5802583756533749,0.5803372007112134,787534.2878162264,598080.7764125407,511834.46326784586,340103.01891681127,1582301.0418954203,6.199289114051743,1312364.0,2520874.0,6.118054639490941,6.401551311302726,93.75499986667377,107.45231500530828,38.69012282430206,95.47390704954205,107.37860731011574,78.01676437860434,78.11504938385461,2.089459677133295,0.3200339944471112,0.17053364546358893,1312364.0,2520874.0,1.0
p17,old_weak,100.0,2.488075313571257,4.164304308807739,A,3.8065715031576053,21.741055314272195,0.9999050000000002,21.741055314272195,True,1.0,22.701254023560313,150,0.1522272934157398,0.09634741502762878,1200,0.08333333333333333,330.17375230789185,0.8403546433915976,0.9100555045868223,3.9982481496661726,2.3538980914281917,0.09687242115790115,0.19849171254134007,0.25166182318376124,486931.65517351526,24098.29791789669,609841.7595773041,34897.62425613414,595564.89148998,5.77492908820442,424560.0,752170.0,5.627940097548525,5.876316585158218,47.24404724407086,58.52349955359813,8.65037767062472,123.36192240902122,103.07121980843388,89.5443936835824,47.420268342644846,1.5754742664874215,0.19741131388019612,0.3348054359016011,424560.0,752170.0,1.0,,0.0,,,0.03961997602348247,0.3025208578377661,0.14244932597215604,81029.84920635939,43042.7709623339,112345.18363111332,59465.76745247298,126153.53321754093,5.100899418431819,0.0,0.0,0.0,0.0,0.0,0.0,25.19302513229193,107.45413896936164,103.96052669014237,84.40834460482355,66.73593907553729,1.9908641651456418,0.2990416295200521,0.24372325609830733,0.0,0.0,1.0,,0.0,,,0.03755097518426631,0.29189695461263615,0.1299508885725306,69308.64900958743,52672.54318530472,93616.56804771675,70716.69375038682,109373.2638900145,5.038911172416923,0.0,0.0,0.0,0.0,0.0,0.0,29.726070589240706,103.37764883284716,104.30634934099122,82.08206227986116,69.77174548293033,2.0899036216003903,0.32012625856452576,0.24998026218254749,0.0,0.0,1.0,,0.05166263052365701,,13.823422550306036,0.035589332681694806,0.26284921407442086,0.13838185503837275,119766.674931497,86594.02637271688,157179.50748472108,112317.26636473695,189236.2770125114,5.27700439525886,0.0,16900.0,0.0,4.227912401751748,0.0,72.64296249465602,29.85165546812298,103.22722321431453,104.29449123630515,82.15315715285661,69.89405535155495,2.0860278151328453,0.31932009501964465,0.24626791287553154,0.0,16900.0,1.0,,0.5884450369311509,,3.5351688454622856,0.030999757930409495,0.21211878216612368,0.12343040341814854,212786.6981503692,147152.28255018065,264341.94890387834,179868.64097241848,336693.1554296737,5.527234287788927,0.0,247504.0,0.0,5.393583976806863,0.0,79.93122043357026,30.233596269354262,102.80306239118907,104.29979048855803,82.25921694326937,70.15203519814969,2.077248471901081,0.3174884481583138,0.24078967732035306,0.0,247504.0,1.0,0.1103704141661986,0.9746753396418716,11.470773366539198,0.5453707214856411,0.0222617119687017,0.12933949525758356,0.10310534932706605,452006.36249281344,304052.0020073529,511834.46326784586,340103.01891681127,723912.683482124,5.859686185853538,68590.0,1277209.0,4.836267134558677,6.106262310218032,74.9933330370107,89.25245094673872,31.16851865948838,101.84814673478843,104.45339970982712,82.23920562161965,70.9708865719743,2.039792986026554,0.3095860940982914,0.22995044571562342,68590.0,1277209.0,1.0
p17,old_weak,100.0,2.488075313571257,4.164304308807739,B,3.8065715031576053,21.741055314272195,0.9999050000000002,21.741055314272195,True,0.9999999999999964,25.56963663878007,150,0.19505616029143846,0.01809028479396879,1200,0.08333333333333333,334.1963846683502,0.9672254054048784,0.9655741381932932,0.8421135450190402,0.905994994812935,0.2962360177557508,0.09607125195277753,0.13223032226417228,620377.1176001828,64143.3617622487,609841.7595773041,34897.62425613414,803130.1763041096,5.904785944118709,572974.0,1027807.0,5.758135673278196,6.011911993717255,52.896124621752776,65.76473218982953,11.309779480126174,120.76138750442989,103.1781262884052,88.74581815956478,52.28580106487145,1.6481161025149726,0.21698780257075606,0.30721768383689074,572974.0,1027807.0,1.0,,0.08771764705882353,,12.455941891785436,0.13161337041439214,0.4382574959558812,0.1722991224663025,162436.0580607623,104824.87388200876,112345.18363111332,59465.76745247298,271650.51213176886,5.434010528128406,0.0,54223.0,0.0,4.734191551493303,0.0,74.73285756613352,27.310600412914223,105.69666870118836,104.1585447043617,82.74318033386375,70.00630931301404,2.0801876641457016,0.3181025166101122,0.22405794684703262,0.0,54223.0,1.0,,0.07083340963612723,,11.884474654092573,0.12494313456120613,0.572412964496806,0.18241559929429188,149471.218152531,123743.95303553797,93616.56804771675,70716.69375038682,257729.33267592094,5.411163849262345,0.0,116799.0,0.0,5.067442842776381,0.0,77.0,31.032410799235034,102.44750741538633,104.54248150348172,80.65754567256282,72.72745359482599,2.18000002478761,0.33845649854273424,0.2213568866766705,0.0,116799.0,1.0,,0.3939586201812835,,4.682342777328298,0.11881916005852455,0.5278769457244257,0.2378118829899932,241844.9801597202,190849.64027183317,157179.50748472108,112317.26636473695,416849.0672302839,5.619978834027383,0.0,495153.0,0.0,5.694740291759033,0.0,82.89752710425083,31.42969784586094,102.03339263317588,104.6336911719001,80.66407997251616,72.89957615682819,2.1752101758312175,0.3375012262533172,0.219058621721687,0.0,495153.0,1.0,0.0,0.7277024271171281,,3.584826503419457,0.10644602720655841,0.4341589254407335,0.28905050543933597,379404.25313061615,284945.74973477086,264341.94890387834,179868.64097241848,654372.8602653474,5.815825278925158,42057.0,952009.0,4.623848616671376,5.978641510277342,73.00684899377592,88.87069258197553,32.22980030462816,101.22277305375401,104.87723855062039,80.61925884593634,73.26757770194527,2.1558402983754927,0.33361658578039427,0.21459659056090635,42057.0,952009.0,1.0,0.420044619534682,0.90034435670605,5.682372424198341,2.2214329369717576,0.08350402736941961,0.30527250332894923,0.38678176927322155,657609.5607166823,475040.0932413616,511834.46326784586,340103.01891681127,1157176.5679774997,6.063399630903094,758336.0,1926287.0,5.879862246153799,6.28472121916452,86.15103017375938,97.91322688993556,33.66343111334157,99.87000284263702,105.5209573532671,80.27710685991312,74.3061504492029,2.0930478597870206,0.32077915906193916,0.20234890216202944,758336.0,1926287.0,1.0
p17,old_weak,150.0,3.732112970356886,4.164304308807739,A,1.3527940810877632,20.2747336226361,0.9999050000000002,20.2747336226361,True,0.9999999999999943,20.402989042768464,150,0.028414699335951456,0.022282924972054415,1800,0.08333333333333333,474.3022965043783,0.9723579286393357,0.9832361436886456,0.721586154457098,0.4842663322354625,0.022333728741924613,0.041216983058611774,0.05630760327966966,584523.7555328786,32096.655077619092,609841.7595773041,34897.62425613414,714041.3054229241,5.853723335303323,572435.0,884892.0,5.757726938347199,5.946890759602951,52.97169055259611,62.63385665915839,9.494983157508512,122.51157631278944,103.13710886445027,89.67485041497623,48.232005182687594,1.6008418821314205,0.20434843803484315,0.33025677057719316,572435.0,884892.0,1.0,,0.3237410071942446,,4.237175687192938,0.00935980447873131,0.07253341330726741,0.03602815004390547,105015.0671695683,55363.67024203888,112345.18363111332,59465.76745247298,151082.69657993419,5.179214727673452,0.0,270.0,0.0,2.432969290874406,0.0,73.10095560601624,26.571497416493035,105.91016311346615,104.31330497684569,85.13788973525423,65.37219750992243,1.9791636557804646,0.29648170722496187,0.2698615007649217,0.0,270.0,1.0,,0.3320396722725313,,6.5698002608654775,0.008843560347049492,0.07213255533154832,0.031209062551543654,87838.07864780407,66285.56268972403,93616.56804771675,70716.69375038682,124917.1619692882,5.096622108802808,0.0,385.0,0.0,2.586587304671755,0.0,74.73151772896182,31.87320519765492,100.96004727673221,104.78202193983546,82.98238343060393,67.99614113986529,2.0993471354512643,0.3220842568510841,0.28485486523442893,0.0,385.0,1.0,,0.753282458011197,,1.2806857241795997,0.008352047003516118,0.06291594224415417,0.03355821820444971,148518.7771871064,106163.28071627994,157179.50748472108,112317.26636473695,212547.6772979249,5.32745636339768,0.0,64183.0,0.0,4.807426779194438,0.0,78.77816956492453,31.832042275991455,100.97105040378062,104.70698576138616,83.10294250957632,68.16788521142132,2.0812806650289684,0.3183306496755043,0.2783849986320804,0.0,64183.0,1.0,,0.9466230757364955,,0.6478892495197268,0.007255803207353368,0.04805183898638124,0.029663466285278772,252962.79476804545,172378.96914916756,264341.94890387834,179868.64097241848,366226.8776068435,5.563750214263853,0.0,405975.0,0.0,5.608500360238158,0.0,83.15647900193947,31.903941792060415,100.85423241267063,104.59109703562785,83.27162177858153,68.52849262996514,2.0465558419505725,0.3110235992232251,0.2679217672358983,0.0,405975.0,1.0,0.7764943441728712,0.9941505482756487,1.8538483060913533,0.1488192953877239,0.005334331067238564,0.028106710710084207,0.027875700968564898,499096.19942483003,331994.48160467885,511834.46326784586,340103.01891681127,743537.026865331,5.871302600514862,138961.0,1284432.0,5.142896056034273,6.108711455049085,81.24653838779841,91.02197536858887,32.34735302232994,100.39887867922816,104.50525931886327,83.25799931740787,69.54602354698022,1.9693600048708773,0.29432511371940706,0.24953964771463058,138961.0,1284432.0,1.0
p17,old_weak,150.0,3.732112970356886,4.164304308807739,B,1.3527940810877632,20.2747336226361,0.9999050000000002,20.2747336226361,True,0.9999999999999941,20.85401173058927,150,0.013389904397436703,0.0009466017839273588,1800,0.08333333333333333,480.48729173094034,0.9935692234623604,0.9939203895623729,0.20303405597014557,0.19596896370941472,0.06379136701304383,0.019362623833157715,0.034614057892780326,610358.3043541186,39244.88527949514,609841.7595773041,34897.62425613414,753476.2747576023,5.877069581927261,603279.0,936058.0,5.780518927780164,5.971303223275383,54.0,63.914004725099176,9.950912306458687,122.06011511473798,103.14729926752591,89.55542478211558,49.09864342013849,1.610903358215962,0.20706948687950863,0.3250134032053223,603279.0,936058.0,1.0,,0.6647632643349988,,0.86881893367005,0.028248197049192427,0.07600825130043862,0.03886695215343455,120204.37500218823,66338.29337033161,112345.18363111332,59465.76745247298,175781.1133599619,5.244972210873236,0.0,2805.0,0.0,3.448087666692341,0.0,73.41661937191061,26.805068924986593,105.72426533934474,104.24639453279107,84.84791413263032,66.02212396585203,1.9862002635864207,0.2980230351894268,0.26471392690298173,0.0,2805.0,1.0,,0.6428452717300981,,0.8509600476837453,0.0268019157675752,0.09804804945884447,0.04365185123384868,102331.21724066672,78841.7223767208,93616.56804771675,70716.69375038682,148831.55484709592,5.1726950188652125,0.0,4701.0,0.0,3.6722826247889206,0.0,75.65051222562872,31.811570829659527,101.07474920352101,104.6647612931061,82.73133632210872,68.651862979681,2.1029880549861626,0.3228368058920611,0.27640432488733424,0.0,4701.0,1.0,,0.8351555131403441,,0.943530335477031,0.0255294305691175,0.09239681173462846,0.05813817932406831,170781.28040227434,124651.1367313059,157179.50748472108,112317.26636473695,249927.66019778472,5.397814323379366,0.0,145144.0,0.0,5.161802079714294,0.0,79.84985911070852,31.80685167611147,101.04921192364323,104.60115899634135,82.84732072108349,68.82282077992888,2.086173522992036,0.31935042918336964,0.2703415927343868,0.0,145144.0,1.0,,0.9243953627823306,,0.8889949738554007,0.023061800424009595,0.07908974704967035,0.06744875024298574,283814.87505210564,197191.85281956644,264341.94890387834,179868.64097241848,419993.4709546435,5.6232425390874,7.0,534828.0,0.9030899869919435,5.728214947951414,67.9808793305536,84.49852069711044,31.9446307090486,100.8704071811809,104.51786705130259,82.9925780998582,69.18567618420008,2.0526522540406265,0.3123153804747008,0.26043232130146216,7.0,534828.0,1.0,0.8177009376878893,0.9807888825170423,1.4661459229880405,0.4127300863319308,0.018575410172280808,0.05674636280242362,0.09251179220564837,537911.9858461202,363775.14021283906,511834.46326784586,340103.01891681127,819167.8885288984,5.913372919574089,275655.0,1398739.0,5.440367449884515,6.145736994649655,81.74961773610933,92.46621004453465,32.46799497317224,100.35565711889704,104.52166441605073,82.89431223553615,70.22552698929391,1.976348504127041,0.2958635293578223,0.24252650472112777,275655.0,1398739.0,1.0
p18,old_weak,138.78614572808146,8.380483472360691,8.380483472360691,truth,,,,,,0.8524689234793186,3.7833743770517727,,,,,,,1.0,1.0,0.0,0.0,0.0,0.0,0.0,38404.3274547994,11.71289406200732,38404.3274547994,11.71289406200732,38404.32902492867,4.584380181806894,30385.0,47755.0,4.48267353350333,4.679027943525881,20.248456731316587,23.53720459187964,2.555268353104483,130.22887370782647,102.85933354653758,91.83649692687443,17.829355793340895,1.2168738682593083,0.08524556495329771,0.6197134127741871,30385.0,47755.0,1.0,,1.0,,0.0,0.0,0.0,0.0,16288.583030015294,197.21994709497133,16288.583030015294,197.21994709497133,16288.587082201188,4.211883414018988,0.0,20801.0,0.0,4.318105092040041,0.0,24.779023386727733,3.940534280468081,128.69334391934152,102.58602639103202,92.10296500942512,24.439548136584847,1.2668441465390894,0.10272318910487732,0.6433498331784714,0.0,20801.0,1.0,,1.0,,0.0,0.0,0.0,0.0,14307.676201658785,549.0753808760542,14307.676201658785,549.0753808760542,14307.680703088712,4.155569239665781,0.0,33.0,0.0,1.5314789170422551,0.0,22.618534987767166,4.270366727083819,128.39519804411415,102.54324909595861,92.24339329014855,25.40365196615426,1.3083669514408378,0.11672956557511682,0.6331821693467352,0.0,33.0,1.0,1.0,1.0,0.0,0.0,0.0,0.0,0.0,41653.54396908519,2757.9465341540276,41653.54396908519,2757.9465341540276,41653.56424712567,4.619652169407381,8208.0,61690.0,3.914290255665949,4.7902218101363765,23.280893453645632,30.033314835362415,4.584295007756487,128.1245839921421,102.56699393920644,92.41027326987955,26.5487552577353,1.3416524643909076,0.12764003271517751,0.6189144454729698,8208.0,61690.0,1.0,1.0,1.0,0.0,0.0,0.0,0.0,0.0,90958.64206403839,16665.574311289864,90958.64206403839,16665.574311289864,90958.78478208797,4.958844649503348,71853.0,128344.0,4.856450949638981,5.108378954310878,31.192947920964443,37.094473981982816,5.5104019550312096,127.22578750105329,102.47241200847066,92.7005695014398,29.259873121916442,1.4622993507617834,0.16503628717459856,0.5909194532005809,71853.0,128344.0,1.0,1.0,1.0,0.0,0.0,0.0,0.0,0.0,201754.61826792953,92076.73691517973,201754.61826792953,92076.73691517973,201757.8815074523,5.304830509085996,197149.0,263966.0,5.294796781409242,5.421549636666385,42.09513035969837,46.184412955021955,7.4621366563629214,125.1453601211621,102.13051171990931,92.818046440438,34.00302244997226,1.7723851356212021,0.2485580990978056,0.5362409478191135,197149.0,263966.0,1.0
p18,old_weak,30.0,1.811524506656506,8.380483472360691,A,109.52955078613573,6.697035662233555,0.9999050000000002,6.697035662233555,True,0.9999999999999983,7.254367365299215,150,0.09592910522653601,0.07986477768381622,360,0.08333333333333333,124.80404449999332,0.4369453946860773,0.6077259475218659,6.386529742474704,5.073338936869002,0.056489164111286516,0.5424357943007494,0.6136702726150758,17104.861621445474,5.1805665441667585,38404.3274547994,11.71289406200732,17118.408887972957,4.233463395663197,8494.0,20845.0,3.9291633832050645,4.3190227334304145,12.449899597988733,16.792855623746664,0.17243783165236456,131.87282799799107,102.97231349717158,90.11311739588207,15.361914923342098,1.0240118637466487,0.010304988211938532,0.5105577740327433,8494.0,20845.0,1.0,,0.0723114670617101,,10.885671165742526,0.05811523901383202,0.639961284720947,0.28339340169096017,6306.299303010124,52.333583596592874,16288.583030015294,197.21994709497133,6340.471104149058,3.802121527650064,0.0,800.0,0.0,2.9036325160842376,0.0,17.74823934929885,2.1307286881048646,132.73465784087423,102.71404558079534,88.02047665603752,23.1731102030352,1.202567369608882,0.08010941554884227,0.5222236087992279,0.0,800.0,1.0,,0.0,,,0.05977823697267952,0.58964629202139,0.18738502310678515,6177.520207128513,138.37719818421579,14307.676201658785,549.0753808760542,6216.345441961248,3.793535140182998,0.0,0.0,0.0,0.0,0.0,0.0,1.8525384261428606,132.4120560452932,102.68602341501901,88.22136930759731,24.005623926819894,1.1853109945252258,0.07383231278168043,0.5246502123885659,0.0,0.0,1.0,0.06732580037664783,0.5379591836734694,11.800131635150525,2.511253694268987,0.06342605007795366,0.5086049902260409,0.3574283304806527,21183.011187023014,705.4904332946875,41653.54396908519,2757.9465341540276,21344.095733408467,4.329277760156142,288.0,24064.0,2.4608978427565478,4.381385866013377,17.233687939614086,24.041630560342615,1.352175984352968,131.9054452012142,102.70558832858401,88.68365618077132,25.008906856193956,1.1683315884009207,0.06756611895384182,0.5308596154550522,288.0,24064.0,1.0,0.6267445573567256,0.7810970574375866,2.2950754351203675,2.2881381373072083,0.06564516168040894,0.3723461132916138,0.5695506675204777,60402.85699229901,5679.3290275569,90958.64206403839,16665.574311289864,61156.435785274676,4.786442166670086,34689.0,86658.0,4.54020429984206,4.937813673193768,25.317977802344327,30.870698080866262,1.4047128743409858,130.6719074053298,102.76183960603191,89.60927254247183,27.47626020509823,1.2268993320769932,0.08880893003179173,0.5341852751838091,34689.0,86658.0,1.0,0.83926281085641,0.8800221096573003,2.1705318933903457,1.8799354961483912,0.06699350868925266,0.2692545702639061,0.790146594176539,165362.2901306839,59847.225844350985,201754.61826792953,92076.73691517973,169711.52399929927,5.229711333415963,153895.0,226524.0,5.187227331978955,5.355116139076884,36.51027252705737,41.340053217188775,3.708553442804658,128.3328122509362,102.4677692497644,90.14776021033525,32.426679197066285,1.4341635728958675,0.15659868742296698,0.5040764482994893,153895.0,226524.0,1.0
p18,old_weak,30.0,1.811524506656506,8.380483472360691,B,109.52955078613573,6.697035662233555,0.9999050000000002,6.697035662233555,True,0.999999999999997,10.281425066830904,150,0.5465998756336765,0.10044993359783994,360,0.08333333333333333,132.23650231212378,0.8571682580323963,0.8763473053892216,1.6995803729815477,1.8515602916420195,0.1996980831051665,0.3107242679099288,0.5219134172214627,47247.50236065835,1184.6243730616316,38404.3274547994,11.71289406200732,47824.810771500845,4.679653260329117,25856.0,59192.0,4.412578135431272,4.772270351298581,18.05547008526779,23.769728648009426,0.216458074157499,131.78957759014025,102.98152952505365,90.04727947601282,21.26112536776099,1.0338232794061009,0.014446307289770427,0.5342774566616513,25856.0,59192.0,1.0,,0.6820975892635242,,1.205297509907958,0.2223800532105972,0.7967599777617322,0.3853881404909477,36662.42954640375,6773.7446161047565,16288.583030015294,197.21994709497133,38095.290765092774,4.580871292706075,0.0,39806.0,0.0,4.599959448808929,0.0,25.41653005427767,1.113425227534806,131.5063255159018,102.90503564074275,89.00652981346586,28.960770908205028,1.1637782004089667,0.06587021784212839,0.48270294984431017,0.0,39806.0,1.0,,0.000735023888276369,,19.007701228393003,0.2343015738399817,1.103098373130838,0.39788178549313313,39580.316315376964,14191.840706802132,14307.676201658785,549.0753808760542,41694.38136040835,4.620077534384376,0.0,5662.0,0.0,3.753046561626529,0.0,33.19638534539566,1.9653674870784923,130.78523620219391,102.81451840714637,88.46617639426255,31.6568422782028,1.2771640963369437,0.10624670114370274,0.4609875304244759,0.0,5662.0,1.0,0.39368995257635697,0.4853868578105268,3.0261660485014117,5.666457831450874,0.25852663853116753,1.121748895782751,0.725492377952102,112865.94975270938,45514.70771658409,41653.54396908519,2757.9465341540276,119627.82592561677,5.077832210090277,33259.0,201549.0,4.5219222448835,5.30438280248907,33.25657829663178,38.600518131237564,2.2669003997470827,129.99429589153894,102.80317732688562,88.9620937966155,32.92352707262902,1.288104716006414,0.10995117027158882,0.45545410359542093,33259.0,201549.0,1.0,0.49228713837932275,0.5934255455400841,6.17671491746269,6.105967895217174,0.28476862214493803,1.03458773447791,0.810911001252238,216957.43963778045,115616.46595300449,90958.64206403839,16665.574311289864,233773.60543656943,5.36879547491671,232271.0,327121.0,5.365996859484211,5.514709752799118,39.89987468652001,44.93328387732194,3.722772482007552,128.28375239444352,102.83916794915962,89.84942862685453,35.815618715560205,1.364928538437708,0.1351099142525302,0.4347668023695983,232271.0,327121.0,1.0,0.667246540639971,0.7183315145957095,5.812958851284265,5.436081033226435,0.3346637735248409,0.7823822878493305,0.8654621370575583,376880.0354011257,260893.8737961395,201754.61826792953,92076.73691517973,419103.05858355865,5.622320830294868,431632.0,524236.0,5.635114640760714,5.7195276696604775,49.72926703662542,53.70288632839021,6.354284767149372,125.66094744551191,103.05444176652297,90.43632981507389,40.74198093829668,1.576224053687473,0.19761795069415938,0.38860187405470864,431632.0,524236.0,1.0
p18,old_weak,60.0,3.623049013313012,8.380483472360691,A,24.449416920736695,6.035665727352423,0.9999050000000002,6.035665727352423,True,0.9999999999999988,6.319154828063477,150,0.06617972381044923,0.05943444180619468,720,0.08333333333333333,213.96687872707844,0.7324096260027086,0.8079021590531204,3.040277792119866,2.5366661110744446,0.042039465159433055,0.32700154038424256,0.4166793508412399,26386.828778052615,5.268227770041816,38404.3274547994,11.71289406200732,26397.04123197511,4.421555250785043,17610.0,33438.0,4.245784017077525,4.524253281297611,16.0312195418814,19.849433241279208,0.5584984495058761,131.54773752531878,102.87802859952978,90.30414166035422,16.429875816127048,1.0598694761208705,0.025252384801776894,0.5521494309406574,17610.0,33438.0,1.0,,0.3057319846310672,,5.22712450428435,0.04278182863353099,0.42162405758560473,0.23274655133280625,10419.514376035802,71.73347761912306,16288.583030015294,197.21994709497133,10444.430880189797,4.018884780139492,0.0,4705.0,0.0,3.6726519228400023,0.0,20.493901531919196,1.356215209302118,131.5327129880403,102.51288544979896,88.82369988634763,23.530956735476252,1.1731191614253027,0.0693421285017385,0.5649995730813437,0.0,4705.0,1.0,,0.019417475728155338,,9.853204626997247,0.04379690132468716,0.3795649872481649,0.17292913489226325,9599.09807442378,200.4369221574055,14307.676201658785,549.0753808760542,9626.014905340504,3.983446529822341,0.0,173.0,0.0,2.2405492482825995,0.0,16.804754910752287,1.303528030885785,131.19475283557082,102.51693946001726,89.09589002538667,24.384846645424282,1.1872575192557089,0.07454492877915299,0.5641270734589934,0.0,173.0,1.0,0.26785541234615756,0.7972837687236736,7.291322663186857,1.3566168390534026,0.046439678695333095,0.3215975956150579,0.409922855001589,30043.11726200707,1067.3448959691686,41653.54396908519,2757.9465341540276,30151.94027975971,4.4793152642599185,2111.0,44207.0,3.3246939138617746,4.645500867572436,19.209372712298546,26.589471600616662,1.4046660203938957,130.7254606148169,102.58987843324546,89.57522207572764,25.457831662894318,1.2063470242574816,0.08147225725761906,0.5639159403840519,2111.0,44207.0,1.0,0.817734540090108,0.8639522906875092,1.3881834756509022,1.4821500473656748,0.04814384673942008,0.2489574351966288,0.595112088649905,72874.92573221594,8236.557931694117,90958.64206403839,16665.574311289864,73337.61622573544,4.8653267894964936,53631.0,103208.0,4.729423992614164,5.013717570158554,27.676705006196094,33.04542328371661,2.4889545681356373,129.5671573316675,102.63453072627843,90.37762892281899,28.014185847128935,1.30338696150789,0.11507337219625517,0.5563071779818183,53631.0,103208.0,1.0,0.894604129602081,0.9174179283903433,1.450791288436445,1.30638363990659,0.04890594189270351,0.1922902664042684,0.7593424708534852,176419.45289136903,68523.34322154663,201754.61826792953,92076.73691517973,178774.00709850778,5.25230437467075,167889.0,235614.0,5.22502482910913,5.372202935562687,38.47076812334269,42.96510211788167,4.946101107760838,127.17884912778439,102.30262810359096,90.85679219979322,32.82981590774602,1.5755698001083045,0.19743764783397244,0.5207549144197565,167889.0,235614.0,1.0
p18,old_weak,60.0,3.623049013313012,8.380483472360691,B,24.449416920736695,6.035665727352423,0.9999050000000002,6.035665727352423,True,0.9999999999999946,7.459487910101198,150,0.2608468201454157,0.07177654728404836,720,0.08333333333333333,214.84963084757328,0.8949521149241819,0.9073542698849251,1.3011897184495111,1.3603466654734948,0.09308091397082453,0.22375444684928755,0.5624957448904956,41768.85898981764,100.71089797889732,38404.3274547994,11.71289406200732,41880.16756283213,4.6220084106254244,29759.0,52962.0,4.473632926873841,4.723972577008404,18.973665961010276,23.043437243605826,0.4658264676083471,131.5911426349505,102.9027350491613,90.2009215824833,18.897795571830308,1.040739885885232,0.017342199020187417,0.5616823618083171,29759.0,52962.0,1.0,,0.7745803846389167,,0.7571543610289692,0.09628480235762041,0.42429167308979016,0.37270311839745013,22486.612564826144,852.2087890286955,16288.583030015294,197.21994709497133,22720.34840133532,4.356414986705236,0.0,28242.0,0.0,4.4509108260287205,0.0,24.186773244895647,0.8632357318209919,131.46853372564408,102.82020788635705,89.34395554740051,25.50950528763809,1.146569518359838,0.059400391839417935,0.5406574326360963,0.0,28242.0,1.0,,0.011409013120365089,,14.06489428225614,0.09771193629696702,0.42404775829353597,0.2687567246123724,20366.54646995795,2040.6986632331755,14307.676201658785,549.0753808760542,20619.309998771234,4.31427412803091,0.0,3473.0,0.0,3.54082981411108,0.0,20.049937655763422,1.3078581785920964,130.94923101211992,102.70136364299734,89.28083807407796,26.944510206686957,1.2315151531153141,0.09043975996227356,0.5364952716748227,0.0,3473.0,1.0,0.5526736612192363,0.8369716864997948,1.0981407510323486,1.3528725859709239,0.10309832567733605,0.40926904112747137,0.5904652155320672,58969.57527047116,8543.223395759225,41653.54396908519,2757.9465341540276,59870.29853193862,4.777211423678512,17435.0,85295.0,4.241446860345646,4.930928665180889,23.194827009486403,30.805843601498726,1.7219798688193786,130.3842711836077,102.6785543699788,89.49869393835802,28.27841015997424,1.2780378077132406,0.10654370158322857,0.5308407767610456,17435.0,85295.0,1.0,0.8253259274181943,0.8319574764613415,1.6071662034805525,2.1004148237745706,0.1059104955674602,0.3999303263474249,0.7527181309795468,126259.94977990518,37787.370479066594,90958.64206403839,16665.574311289864,129222.4579100022,5.111337997395985,103017.0,183897.0,5.012913114197295,5.2645770060532655,32.46536616149585,38.92300091205713,3.0794912521809574,128.95805760489807,102.5349520782927,89.88345272351394,31.29619480807114,1.3925848127996812,0.14382165455257329,0.5130694327824814,103017.0,183897.0,1.0,0.8544353720269052,0.8873164631850696,2.173259635640157,1.9364649248934984,0.11019896114276596,0.33803114098353493,0.8559361988382171,257479.97826827696,142951.88315976798,201754.61826792953,92076.73691517973,267479.69146189047,5.4272908135690034,273175.0,344251.0,5.436442541548976,5.5368764720558765,43.79497688091638,47.843494855622744,5.605463691765338,126.44809902063716,102.39503214154315,90.48128225116199,36.03091883255313,1.5974910153678703,0.2034384242719848,0.46967231570629686,273175.0,344251.0,1.0
p18,old_weak,100.0,6.038415022188354,8.380483472360691,A,3.796045459351931,5.020082295522138,0.9999050000000002,5.020082295522138,True,0.9999999999999998,5.067460682239157,150,0.029610933899278016,0.029218322175035106,1200,0.08333333333333333,327.2947259247303,0.9245567710298,0.9371804944197509,0.9562571677894192,0.9189700167357374,0.02066909094975362,0.1280193924093473,0.3496324621739652,36049.83553305207,8.561966475695403,38404.3274547994,11.71289406200732,36051.26576858072,4.556920517506475,27937.0,45162.0,4.446195313014636,4.654782782681009,19.0,22.40535650240808,1.421196398526053,130.84445460864524,102.72261238193347,90.77946787043827,17.496334248011664,1.130321869054908,0.05320213025325594,0.5934258612688281,27937.0,45162.0,1.0,,0.8081703744754968,,0.5497948795172728,0.020137394799326008,0.18844516421624416,0.22020232842775872,15104.697760599238,142.11130698892353,16288.583030015294,197.21994709497133,15108.313462405227,4.179215986850525,0.0,17092.0,0.0,4.2328182926273605,0.0,23.345235059857504,2.187513216512197,129.92621567118033,102.31896515325903,90.14430581236385,24.11771699949033,1.2173972306976915,0.0854323094967668,0.6104826884758808,0.0,17092.0,1.0,,0.0048367593712212815,,11.454090858819411,0.020199124436608533,0.1681154700245259,0.1616868112286669,13311.522840458461,399.99766703657104,14307.676201658785,549.0753808760542,13315.480058990872,4.124356828545325,0.0,794.0,0.0,2.9003671286564705,0.0,17.74823934929885,2.515173979628655,129.61580792462053,102.29563065534786,90.38156535719727,25.040299749599605,1.2593061819947309,0.10013133533758065,0.6044729867599768,0.0,794.0,1.0,0.6411400412865419,0.9291937272295264,1.8828706183461876,0.5604025027070015,0.021078415785459152,0.1424146455382556,0.35049512953618356,39024.90311907577,2064.5093740222064,41653.54396908519,2757.9465341540276,39041.94104768601,4.591531401344639,6809.0,58257.0,3.833147111912785,4.765355571196678,22.44994432064365,28.930952282978865,2.9185952736937053,129.25189745018642,102.36484752087482,90.75014137040725,26.175373864600328,1.294597796117163,0.11213486335318493,0.596199800234493,6809.0,58257.0,1.0,0.9333047025982392,0.9474068546025021,0.5853004451424499,0.6303237290211631,0.021354426790807193,0.11185749565820446,0.4761301257728272,85963.35393904464,13492.448113624476,90958.64206403839,16665.574311289864,86052.68340212909,4.934764417587076,67857.0,120962.0,4.831601055400998,5.0826525492160695,30.01666203960727,35.62302626111375,4.082626141644242,128.20521878154494,102.34368573024618,91.35525764923693,28.84585539939569,1.4162685734267326,0.1511456183940291,0.5772420073593718,67857.0,120962.0,1.0,0.9597768796483407,0.9689013835805811,0.6045500041548226,0.5438708795732583,0.021286377329825048,0.0825575520624375,0.594206036619527,192843.57452866365,83393.39530931691,201754.61826792953,92076.73691517973,193371.9767514645,5.286393536840998,187190.0,253185.0,5.272284964357759,5.403439687558411,40.82891132518721,45.044422518220834,6.487353436122777,125.84201345775413,102.04934224538927,91.80588099948233,33.57453667303399,1.727785518679881,0.2374898296734888,0.532286819615638,187190.0,253185.0,1.0
p18,old_weak,100.0,6.038415022188354,8.380483472360691,B,3.796045459351931,5.020082295522138,0.9999050000000002,5.020082295522138,True,0.9999999999999822,5.219126575880947,150,0.04807665497756264,0.037001180765952935,1200,0.08333333333333333,337.04170399159193,0.936417895723376,0.9446489859594384,0.8309353850211924,0.8384816790216805,0.023411757069302763,0.12839711359201222,0.41994184044622024,38697.256690353795,13.19146499525634,38404.3274547994,11.71289406200732,38700.06793105419,4.587711727345942,30434.0,48395.0,4.483373306089027,4.684809468055243,19.44222209522358,22.9128784747792,1.389427899315641,130.84815991799977,102.71022512591809,90.72097491998348,17.853523553886426,1.1213427833376999,0.04973839239502627,0.5943706615262165,30434.0,48395.0,1.0,,0.854714651979869,,0.48588086370147643,0.02182918678521518,0.19693707858937318,0.264625028932713,16898.41557619884,201.9679635086492,16288.583030015294,197.21994709497133,16905.412509291113,4.228025772458968,0.0,21323.0,0.0,4.328868673852926,0.0,23.895606290697042,2.0975980832522487,130.00130183917457,102.37874050949455,90.1384197465446,24.352738581642384,1.2157300387627121,0.08483714755843427,0.6051325461534192,0.0,21323.0,1.0,,0.031746031746031744,,12.644132527007496,0.021228064392264576,0.1761467451901097,0.18773277520021592,14782.840761089476,552.6531482110745,14307.676201658785,549.0753808760542,14790.419444737987,4.1699804904236775,0.0,1542.0,0.0,3.188365926063148,0.0,18.708286933869708,2.4743814820776926,129.64612616988234,102.3288614479678,90.36251173044788,25.33484102241409,1.2658906077606347,0.10239617764137805,0.5997038021821544,0.0,1542.0,1.0,0.6791546065206706,0.9372593503858382,0.9016571592663024,0.5172915818079581,0.0214173759531565,0.14838328410059806,0.4133149011574409,42728.47532558444,2741.3662869310065,41653.54396908519,2757.9465341540276,42760.20619562225,4.631039790769786,10103.0,63492.0,4.004493337547275,4.802725847670746,22.737634001804146,29.478805945967352,2.9150569102704087,129.2435058950188,102.37959538315194,90.71721346244534,26.506412410808437,1.3060135024350854,0.11594766698709233,0.591564464435072,10103.0,63492.0,1.0,0.941245117489171,0.9571521567290255,0.5332630550136327,0.5307723399242493,0.02046959633346988,0.11109729334398467,0.5437540000648331,92218.56661093108,16490.62134500188,90958.64206403839,16665.574311289864,92366.7237309048,4.965515539370141,73824.0,129894.0,4.868203455637116,5.113592434258541,30.59411708155671,36.41428291206625,4.1575850323285355,128.10649324996007,102.33239098983726,91.29630887445288,29.238605067651623,1.438185555937831,0.15781492270960956,0.5725243172057466,73824.0,129894.0,1.0,0.9697913343764083,0.9769171097194105,0.4717907894273948,0.41938327619296667,0.01841353889303,0.0738133548032276,0.6694213661222603,202446.29305008135,91887.28167137032,201754.61826792953,92076.73691517973,203198.07956704652,5.307919599097237,198324.0,265482.0,5.297377462958215,5.424036716594249,41.53311931459037,45.69463863518345,6.600826088301836,125.69797951617909,102.06065886345759,91.72426247964368,33.96366244483136,1.7540293524307795,0.2440368566993811,0.5267231359574964,198324.0,265482.0,1.0
p18,old_weak,150.0,9.057622533282531,8.380483472360691,A,0.6286105060117898,3.341583921684822,0.6286105060117898,3.341583921684822,True,0.2762146212656238,3.738620551624137,76,0.018177727294040928,0.005548934596454354,1800,0.08333333333333333,240.91909193247557,0.9541527553092624,0.9705533639440385,0.642866325858314,0.4903477177503891,0.003926273359843714,0.06047285386287473,0.11945261840592264,36067.542675590965,11.730231494626107,38404.3274547994,11.71289406200732,36067.54329691484,4.557116561810206,27721.0,45023.0,4.442824559187638,4.653444075754652,19.849433241279208,23.2163735324878,2.6955832281569814,130.26726703778127,102.93203371028422,92.06377954370717,17.619006311399385,1.2305297981000138,0.09009213489677878,0.6185794899774177,27721.0,45023.0,1.0,,0.9245960966782991,,0.2820553696190971,0.003508652398849218,0.06751537306202937,0.05459006456405263,15192.353907329245,184.5998051993444,16288.583030015294,197.21994709497133,15192.355512050126,4.18162511465123,0.0,17884.0,0.0,4.2524889444849885,0.0,24.535688292770594,4.206567459447274,128.61969654593193,102.67134692516181,92.48208491105675,24.383456928613434,1.268551138643315,0.10330797946704505,0.6471555856291431,0.0,17884.0,1.0,,0.0,,,0.0033696161987454335,0.056342875868935494,0.034902923121554824,13503.478504159739,511.02234926734315,14307.676201658785,549.0753808760542,13503.480287605718,4.1304457147845115,0.0,0.0,0.0,0.0,0.0,0.0,4.513984297955979,128.32551138650334,102.62995319403659,92.59562189713232,25.33657077594973,1.3061786423608444,0.11600257822992525,0.6364264442249123,0.0,0.0,1.0,0.625355886786133,0.9773810411849052,0.8824669550250214,0.2025663819425656,0.0033322533394168695,0.04353269175247521,0.0686021090765539,39861.53329948761,2574.287885271508,41653.54396908519,2757.9465341540276,39861.54133841777,4.6005540876867865,3734.0,58961.0,3.5722906061514177,4.770572206435668,23.366642891095847,29.832867780352597,4.793269031242665,128.0668735906566,102.64673837389351,92.71682735511774,26.466343881805727,1.3372874384838505,0.12622476517565304,0.6216370203556145,3734.0,58961.0,1.0,0.9803312188684065,0.9877475047420745,0.19624963733859782,0.1679721496953873,0.0030541168357261367,0.02720617225616846,0.0745693068334895,88791.47170111672,15906.627869410297,90958.64206403839,16665.574311289864,88791.52837430545,4.94837153159164,69081.0,125237.0,4.839364902381096,5.09773612349375,31.0,36.89173349139343,5.661415914696054,127.18630207638684,102.54491499501397,92.94496860723726,29.169953520794405,1.454983704576471,0.16285812936855906,0.5929126940129977,69081.0,125237.0,1.0,0.9929280447703274,0.9952646832852828,0.12098196120981962,0.09328137238046115,0.0026295273477409645,0.014467741827342827,0.07300683253238999,199794.65076531988,90563.18088985285,201754.61826792953,92076.73691517973,199795.96894441659,5.300586721713504,194539.0,261870.0,5.289008911539463,5.41808740664471,42.0,46.130250378683186,7.545318145081934,125.12297827976815,102.18281137540468,92.99509614566779,33.943466213453505,1.7650373246709583,0.24675389370528167,0.5374068963366294,194539.0,261870.0,1.0
p18,old_weak,150.0,9.057622533282531,8.380483472360691,B,0.6286105060117898,3.341583921684822,0.6286105060117898,3.341583921684822,True,0.23394914396570804,3.937953109895401,83,0.033853921103290885,0.0003834727969916907,1800,0.08333333333333333,262.48959877341986,0.9944433419329232,0.9949994791124075,0.08134945894334819,0.0839135214364236,0.0112232901758777,0.01471020081063532,0.0219229989995251,38630.06737126741,17.728829689483415,38404.3274547994,11.71289406200732,38630.07126790523,4.586925509367431,30083.0,48235.0,4.478335580005841,4.683371286487943,20.223748416156685,23.62202362203543,2.5821902824406866,130.23511605176643,102.87012131054848,91.88043155419838,17.961956474729107,1.2146128095536994,0.08443785696862297,0.6185030431581376,30083.0,48235.0,1.0,,0.9797235240091373,,0.0827544548474781,0.011541354130405908,0.03154860675357973,0.018999078203045,16952.04941719655,257.80852363063127,16288.583030015294,197.21994709497133,16952.059480031785,4.229222467523188,0.0,21662.0,0.0,4.335718599714355,0.0,24.939927826679853,3.9667354645014794,128.69700505932605,102.6007090425202,92.16004198998327,24.59991494022528,1.2681808280184645,0.1031811833654319,0.6401341594937318,0.0,21662.0,1.0,,0.8148148148148148,,1.065448277879798,0.011799975427651805,0.034409219356713414,0.01408969194955148,14967.613185553952,694.5155077054237,14307.676201658785,549.0753808760542,14967.62436813505,4.175152875447779,0.0,48.0,0.0,1.6901960800285136,0.0,22.640632116826374,4.346518670571108,128.34184939631888,102.53539241527494,92.30093426821077,25.624414231260662,1.3173172751825972,0.11969038716093779,0.6306901464632535,0.0,48.0,1.0,0.9104320337197049,0.9808098955435076,0.1629721859941793,0.1779183175861018,0.012744876383589916,0.036132894081442705,0.03406498226910426,43576.298749088885,3366.804164788387,41653.54396908519,2757.9465341540276,43576.34914075031,4.639250841916577,9823.0,64104.0,3.9922883537970923,4.806891904522298,23.280893453645632,30.331501776206203,4.684558304026507,128.03845233933623,102.54597602072748,92.45867624187461,26.796994370256545,1.3546422517993129,0.1318246172891832,0.6166830865163591,9823.0,64104.0,1.0,0.9783572182319502,0.9766349984210266,0.22254419008982904,0.3264501301371996,0.013653246317158009,0.04134475598317902,0.05159154399389909,95136.26623808434,19181.922466116583,90958.64206403839,16665.574311289864,95136.62056524443,4.978347720387086,75032.0,134485.0,4.875252310936359,5.128677076611987,31.559467676119,37.69615364994153,5.654805927300577,127.08018049364173,102.43440712428236,92.7298920856378,29.563710676700094,1.4835588558960744,0.17130478036897845,0.5883236222279244,75032.0,134485.0,1.0,0.9791066568664455,0.9822045518393591,0.36219042014112995,0.35181127513385807,0.014764476637161133,0.04011471866088635,0.07082493464310363,209227.65202050106,98952.71342250484,201754.61826792953,92076.73691517973,209235.42017761696,5.320635205460938,205563.0,273531.0,5.312947059884054,5.4370081409454,42.648563722910524,46.73328578219169,7.607501356876876,124.98576887950918,102.11007969640026,92.80761117971534,34.32255258666228,1.798282227573058,0.25485785216855733,0.5322793073772075,205563.0,273531.0,1.0
p19,old_weak,162.41434818133712,4.198209527817807,4.198209527817807,truth,,,,,,0.925385857000947,4.643115086126633,,,,,,,1.0,1.0,0.0,0.0,0.0,0.0,0.0,14115.639866915648,12.859859160796512,14115.639866915648,12.859859160796512,14115.662956289189,4.1497012800385065,8748.0,17356.0,3.9419584165308135,4.2394746634651845,12.806248474865697,16.401219466856727,0.9912424732656109,131.49888839011655,103.02396203643725,90.85491205164948,13.64694572370468,1.1568267630013198,0.06326832739974929,0.5142294861891025,8748.0,17356.0,1.0,,1.0,,0.0,0.0,0.0,0.0,6204.695310213332,47.349655080608805,6204.695310213332,47.349655080608805,6204.722192827243,3.7927223413830022,0.0,5024.0,0.0,3.7011360660925265,0.0,15.684387141358123,2.038574762930079,130.46241895505568,102.8830171927153,91.33339664656964,17.494652043019425,1.197925998209028,0.07842999037205005,0.6736765639783416,0.0,5024.0,1.0,,,,,0.0,0.0,0.0,4525.219598037269,77.03178064836774,4525.219598037269,77.03178064836774,4525.24190299786,3.6556417999675404,0.0,0.0,0.0,0.0,0.0,0.0,2.1652978386716946,130.31523306198298,102.83335936380213,91.34992814367604,17.9572923602906,1.1946817672841903,0.07725223572920038,0.6730406046872323,0.0,0.0,1.0,,1.0,,0.0,0.0,0.0,0.0,7740.3103767120565,165.9372666837168,7740.3103767120565,165.9372666837168,7740.352907793947,3.8887607620283102,0.0,5981.0,0.0,3.7768464086952993,0.0,16.09347693943108,2.249280849560855,130.21761669658176,102.78366430288689,91.354833187537,18.382946373173166,1.1917195957824382,0.07617408063066906,0.6714861378002949,0.0,5981.0,1.0,,1.0,,0.0,0.0,0.0,0.0,14204.609993910717,493.8300391872176,14204.609993910717,493.8300391872176,14204.710874666142,4.15243239843805,0.0,19092.0,0.0,4.2808741725572155,0.0,19.390719429665317,2.431309539060898,130.01457762000658,102.69155929807405,91.36902460940087,19.195026267423774,1.1872988744098267,0.07456005608064085,0.6692584918327386,0.0,19092.0,1.0,1.0,1.0,0.0,0.0,0.0,0.0,0.0,30871.220819047812,2510.3419507634635,30871.220819047812,2510.3419507634635,30871.62355156654,4.489559469810744,16618.0,43487.0,4.220604887826681,4.6383694350524,18.81488772222678,24.08318915758459,2.8107881057431525,129.62389559017268,102.58968671400409,91.44440320420635,20.841414497801043,1.1892645005898879,0.07527845543587872,0.6618734154751913,16618.0,43487.0,1.0
p19,old_weak,30.0,0.7754628039015002,4.198209527817807,A,11.867212828073297,6.208130377245835,0.9999050000000002,6.208130377245835,True,0.9999999999999993,6.438975367979936,150,0.07285059836043045,0.06689032112898528,360,0.08333333333333333,126.07903805375099,0.43938988493443937,0.6025764895330112,4.212092178415925,3.7321939324846203,0.03170542337825935,0.4778096468851273,0.43989638718100904,6788.039652405638,5.011588031370994,14115.639866915648,12.859859160796512,6788.867362675514,3.831797323739816,2463.0,7484.0,3.3916407034923877,3.874191804679071,8.306623862918075,11.916375287812984,0.07004649327390125,131.96868378959388,102.99936869031013,90.0626530736185,12.236402495685688,1.016890843763018,0.007274336899492901,0.4251496748710714,2463.0,7484.0,1.0,,0.0,,,0.03270560537810954,0.586234361401238,0.2225365961295023,2485.783082126286,15.581993649498086,6204.695310213332,47.349655080608805,2486.9261292578276,3.3956628853374204,0.0,0.0,0.0,0.0,0.0,0.0,0.5556677986544704,131.46572811541228,102.91626102175134,89.87229706611649,17.071783623539634,1.060037212141462,0.025321111249704736,0.6102993102052762,0.0,0.0,1.0,,,,,0.033415143637950624,0.5655338661765199,0.13927665733022707,1894.6679301784966,24.672217409972877,4525.219598037269,77.03178064836774,1895.8815686306732,3.2778112044700674,0.0,0.0,0.0,0.0,0.0,0.0,0.6207655842517594,131.3961440560921,102.89560567825791,89.90095589272173,17.473440746337335,1.0672536614247168,0.02826765341163466,0.6124623387390545,0.0,0.0,1.0,,0.0,,,0.03478364142310926,0.5395842993019637,0.1988760712557838,3420.1988513811125,51.72960204486049,7740.3103767120565,165.9372666837168,3422.5114010842253,3.5343449035320234,0.0,0.0,0.0,0.0,0.0,0.0,0.6738132543348185,131.34099188476677,102.87150559935779,89.94323914396684,17.828553038903234,1.0718045906224787,0.03011561282864309,0.6148106110294309,0.0,0.0,1.0,,0.25100769512641996,,3.355984449184299,0.03620866985837471,0.4808177561526281,0.2451277000055236,7029.918270258208,151.60661173247777,14204.609993910717,493.8300391872176,7035.390609254138,3.847288214739396,0.0,2740.0,0.0,3.4379090355394983,0.0,15.033296378372908,0.7984099155198427,131.22307596869712,102.81998566329361,90.03797737964416,18.471772053715014,1.0789592804684132,0.033005054876081595,0.6194930855149702,0.0,2740.0,1.0,0.14479486463857102,0.7404586784038918,4.9153154643190105,2.055330826697567,0.03803246828927038,0.3706930249326976,0.27077747278289854,18622.319412899113,834.5452163890933,30871.220819047812,2510.3419507634635,18643.915035610942,4.270537115090337,1297.0,25581.0,3.1132746924643504,4.407934494599624,14.872787883005074,20.223748416156685,1.1139983398642888,130.94681036658082,102.72779446218162,90.24018335175397,19.80897868453313,1.0900678580777636,0.037453534152937513,0.6254961199699993,1297.0,25581.0,1.0
p19,old_weak,30.0,0.7754628039015002,4.198209527817807,B,11.867212828073297,6.208130377245835,0.9999050000000002,6.208130377245835,True,0.9999999999999998,9.116620354081325,150,0.4895729081952448,0.06312902793530561,360,0.08333333333333333,124.28431110084057,0.9012810851544838,0.8877062811820391,0.8498153216989207,1.246498678092528,0.1531368156113249,0.2710813824095761,0.23209454921670086,19131.327076410584,708.8561693994324,14115.639866915648,12.859859160796512,19202.99101090909,4.28336887861839,7176.0,21729.0,3.855942946232316,4.337059726320525,11.74734012447073,17.029386365926403,0.061178980983973966,131.9460619897379,102.9923222213742,90.02783182492357,17.116457430142056,1.0111450039613645,0.004813440363121065,0.5130431576063452,7176.0,21729.0,1.0,,0.7865020576131687,,0.46671975376157,0.1627712740150286,0.5553626839893149,0.18566989480707694,12379.059024451311,1599.4302714391954,6204.695310213332,47.349655080608805,12503.730614570875,4.097039608495964,0.0,7126.0,0.0,3.8529067587969537,0.0,15.620499351813308,0.4156780517364909,131.6082291032482,102.93294031541475,89.87831678070886,21.45246540087775,1.0353984193279717,0.015107497638628753,0.5809290879938475,0.0,7126.0,1.0,,,,,0.16785275489808849,0.6433464038287117,0.12890805935224503,10175.936303188522,2322.9022889984535,4525.219598037269,77.03178064836774,10340.929585328775,4.014559580888728,0.0,0.0,0.0,0.0,0.0,0.0,0.6731286586250462,131.3612556616265,102.89987972589381,89.81269332107195,23.0717925898719,1.057547826225705,0.024300016894591693,0.5666340953032232,0.0,0.0,1.0,,0.7322926232017141,,0.698618265824978,0.1768972759738443,0.6774637047433881,0.20928844060944063,17682.99922033977,4271.593722441043,7740.3103767120565,165.9372666837168,17989.04596671225,4.255008131529038,0.0,10354.0,0.0,4.015150103229471,0.0,16.673332000533065,0.7206192544961004,131.30678451888642,102.89124908040955,89.83593402490702,23.53769571066051,1.0623242157234614,0.026257081350887237,0.5633833528437179,0.0,10354.0,1.0,,0.6977815138335587,,2.0235896181607584,0.18758613031812932,0.7496952751693665,0.33812854991563174,33367.19876959384,9464.790105003374,14204.609993910717,493.8300391872176,34035.07247348321,4.531926679718062,0.0,35630.0,0.0,4.55182801119153,0.0,21.72556098240043,0.8274914284195698,131.18911907989624,102.87923699997735,89.88761452342462,24.517009939884232,1.073845003410688,0.030941600710638638,0.555770886546655,0.0,35630.0,1.0,0.6577608897860634,0.546192153833594,2.1655219362329063,5.650145809752029,0.20337967833494996,0.877726192817551,0.5588668668099299,74587.214829025,29260.102695142912,30871.220819047812,2510.3419507634635,76573.5725689229,4.884078909739555,33911.0,118045.0,4.530353403560165,5.0720512755540135,21.470910553583888,30.757112998459398,1.1114485032598873,130.8974200223234,102.86016352025017,90.00899595222641,26.5327109183766,1.107377264957026,0.044295602971232466,0.5375737998697167,33911.0,118045.0,1.0
p19,old_weak,60.0,1.5509256078030005,4.198209527817807,A,6.39857090004201,5.890104567988661,0.9999050000000002,5.890104567988661,True,0.9999999999999998,6.032717708113925,150,0.05572248659514759,0.05258550112686879,720,0.08333333333333333,211.4452105462551,0.6251768033946252,0.7349854227405248,2.809916031165118,2.5098814335132684,0.02492520514250947,0.3494476154034185,0.31021506581730307,8678.494291820589,5.509882491975908,14115.639866915648,12.859859160796512,8679.086774452522,3.938474030512767,3978.0,10084.0,3.599773939146388,4.0036759025487845,9.797958971132712,13.19090595827292,0.18491435403850542,131.9113122875046,102.99868221930795,90.16225310917162,12.616800673653529,1.0387200937379562,0.016498533002466613,0.4466494329663098,3978.0,10084.0,1.0,,0.0,,,0.025658499371774363,0.4418174159400088,0.16421718180860256,3377.202761888157,18.599992594264965,6204.695310213332,47.349655080608805,3377.982854201663,3.528657440870128,0.0,0.0,0.0,0.0,0.0,0.0,0.7295564144274457,131.2900508695807,102.90607727676765,90.13929578640341,17.117571453222027,1.0799882573354738,0.03341903344793924,0.6245870855985073,0.0,0.0,1.0,,,,,0.026180193383787607,0.4223239742095812,0.10175544838452712,2539.4012887804092,29.97742604558653,4525.219598037269,77.03178064836774,2540.1822554349083,3.4048648779152346,0.0,0.0,0.0,0.0,0.0,0.0,0.8203634974066997,131.20671726093656,102.87865172391797,90.17021562699492,17.52114169406013,1.0863775635170974,0.0359807877341649,0.6263476264815067,0.0,0.0,1.0,,0.009319354301880512,,10.482414147485974,0.02723800130228221,0.39866114426172333,0.14348890923188162,4511.645034595755,64.28501151587525,7740.3103767120565,165.9372666837168,4513.133243803554,3.6544781556327988,0.0,28.0,0.0,1.462397997898956,0.0,13.0,0.8978755706933481,131.14056608212607,102.84689334197267,90.21002912303649,17.897461903233722,1.090847026746207,0.03776385224001995,0.6280195491927202,0.0,28.0,1.0,,0.6119956379498365,,1.4973504300223839,0.028366044114514568,0.3481722571922639,0.17518254101753458,8948.727335970223,194.4387845016691,14204.609993910717,493.8300391872176,8952.249789130543,3.951932191541693,0.0,8418.0,0.0,3.9252605095194353,0.0,16.15549442140351,1.0687180959939813,130.9966846265376,102.7804694155371,90.29550457283155,18.591925283071777,1.0978458260180661,0.040541355040418475,0.6317070302968981,0.0,8418.0,1.0,0.45277221730831896,0.8314814566607246,1.7572258512150252,1.397351387336386,0.02989046177256807,0.26428067833958513,0.2020259047889676,22123.195680475394,1088.276743324316,30871.220819047812,2510.3419507634635,22137.111971728744,4.345120961775141,4863.0,31122.0,3.6869935662646784,4.493081452734428,15.7797338380595,21.400934559032695,1.4391220785288918,130.67822133475786,102.67834514997662,90.46958670602613,20.028206928988386,1.1088868271492551,0.044887224370410345,0.6350271950645446,4863.0,31122.0,1.0
p19,old_weak,60.0,1.5509256078030005,4.198209527817807,B,6.39857090004201,5.890104567988661,0.9999050000000002,5.890104567988661,True,0.999999999999997,7.504446873249643,150,0.3150231071350009,0.03700022025671057,720,0.08333333333333333,216.98076462000608,0.9371053909664886,0.9224901971316538,0.5601564065067515,0.866301967157318,0.09276468424613879,0.1810898110438058,0.19726097704694234,16563.249705705606,167.56207201076847,14115.639866915648,12.859859160796512,16579.766655668045,4.219578413978496,7724.0,19878.0,3.887898488096872,4.298394533712946,12.083045973594572,16.55294535724685,0.14318940284192805,131.89461276031554,102.97769830481616,90.09433646797419,15.454669521501748,1.020185834913655,0.008679289140724335,0.5077876178191683,7724.0,19878.0,1.0,,0.8211483594864479,,0.4039793738257092,0.09739238502108055,0.34281270676995246,0.15608614140221688,9174.159666807469,419.9589000176953,6204.695310213332,47.349655080608805,9199.646705043437,3.96377114941118,0.0,6192.0,0.0,3.791901080009571,0.0,15.394804318340652,0.5329275676268753,131.47859677138743,102.88978920016346,90.00201125047586,19.381710868274507,1.0469387083460049,0.0199212572220344,0.6085815596571937,0.0,6192.0,1.0,,,,,0.09976279418235807,0.35934489745534776,0.10818454800732477,6971.997263567534,623.6270121948174,4525.219598037269,77.03178064836774,7002.579205811183,3.845258029805808,0.0,0.0,0.0,0.0,0.0,0.0,0.7367146347585741,131.27608407106314,102.86334152347153,90.00431760255911,20.309426091620583,1.0654704151546557,0.027541395191974363,0.6051680319297372,0.0,0.0,1.0,,0.8068371317398555,,0.4951965806226886,0.10436559099136705,0.3687642415163403,0.17344014806407423,12009.070270930652,1192.0127028143263,7740.3103767120565,165.9372666837168,12066.815450579434,4.081592670700295,0.0,8411.0,0.0,3.9248992640142837,0.0,16.278820596099706,0.8108464247854865,131.20455185729463,102.84678680042165,90.03549496202213,20.76758826572441,1.0702591605056864,0.02948895371264956,0.6036890435758151,0.0,8411.0,1.0,,0.8143835178194382,,1.1755910604445676,0.10935052627385314,0.38784401344647995,0.2797018539421037,22308.947268619504,2888.152502766634,14204.609993910717,493.8300391872176,22441.66286793882,4.351055033850331,0.0,27795.0,0.0,4.443982303007413,0.0,20.46948949045872,0.9707189033434561,131.05085546883484,102.82359218210851,90.10148955638071,21.708810601658243,1.0814737747104557,0.03401599244211943,0.6000657026974204,0.0,27795.0,1.0,0.7891725038584827,0.7879507157093676,1.2311563332705597,2.1958034244173157,0.11634913981515711,0.43358719759478315,0.4681308273972679,49425.17430586437,10881.06518810253,30871.220819047812,2510.3419507634635,49888.61289480637,4.6980014289641145,25497.0,66958.0,4.406506116785803,4.8258089590574125,20.074859899884732,26.476404589747453,1.2878491062851747,130.74599168469092,102.82200589216849,90.23310204476253,23.677528773080116,1.1119749693089436,0.046095011334749636,0.5864332842771892,25497.0,66958.0,1.0
p19,old_weak,100.0,2.5848760130050006,4.198209527817807,A,2.892573986155943,5.437211038432487,0.9999050000000002,5.437211038432487,True,0.9999999999999998,5.494257625057758,150,0.03327295054651079,0.03241081275166407,1200,0.08333333333333333,374.98260973393917,0.8246674727932285,0.875251117879593,1.4089629538852824,1.2566917704327898,0.015362727936088838,0.1854481807373075,0.16982564232162306,11215.678890572444,7.235039699605658,14115.639866915648,12.859859160796512,11215.954736168196,4.049836247959241,6138.0,13506.0,3.788097633380297,4.130558899864014,11.224972160321824,14.696938456699069,0.4196215709832037,131.78273409563894,102.99792632695682,90.35898953956445,13.10469290005354,1.0766508306137388,0.03207487978390409,0.475506713149197,6138.0,13506.0,1.0,,0.23129730681218094,,3.060524805489583,0.015731179937224723,0.24200302687574868,0.09106934247577037,4662.917649191028,26.34208161387783,6204.695310213332,47.349655080608805,4663.260278046253,3.668689656107424,0.0,657.0,0.0,2.8182258936139557,0.0,13.638181696985855,1.134758566418984,131.0013853980591,102.87470711013637,90.52416368874745,17.255170045217895,1.1197147132960412,0.04910738497045654,0.6435651360709901,0.0,657.0,1.0,,,,,0.016004509545830076,0.22901955028096713,0.055653929746703884,3450.3058894181945,43.035939376930074,4525.219598037269,77.03178064836774,3450.622017876207,3.537897389154971,0.0,0.0,0.0,0.0,0.0,0.0,1.2458622341084573,130.89516217080984,102.83647262749943,90.55205513856059,17.675899628691376,1.1234230782223225,0.05054334124357602,0.6445769121183459,0.0,0.0,1.0,,0.2962540948582823,,2.9205428638801436,0.016617348537780102,0.21391727604591645,0.0776900362633352,6012.299426278193,93.63492001587011,7740.3103767120565,165.9372666837168,6012.901974169815,3.7790841237816126,0.0,1040.0,0.0,3.017450729510536,0.0,14.247806848775006,1.3370230612897043,130.81403542434595,102.7952984896852,90.58242251277662,18.07625931091942,1.1258514585282438,0.051481094780862546,0.6451656049962123,0.0,1040.0,1.0,,0.8461399057629576,,0.7690115812784443,0.017280321152338143,0.1839426616844932,0.09636773577984348,11447.393658038034,286.7828074380712,14204.609993910717,493.8300391872176,11448.820889123735,4.058760761111211,0.0,14016.0,0.0,4.146655073340974,0.0,17.804493814764857,1.5329741557191339,130.6395981316182,102.71397216899037,90.64614595757769,18.82844970024584,1.1297223903015574,0.05297173625134517,0.6469063586551225,0.0,14016.0,1.0,0.8127677806341045,0.9170856138091582,0.8245296340596769,0.7541365948987575,0.01821728665461854,0.14037470944757616,0.11229935990043383,26356.142919857397,1573.9319625188034,30871.220819047812,2510.3419507634635,26361.80178762547,4.420975090280135,11390.0,37271.0,4.05656185185946,4.571382697440164,17.11724276862369,22.58317958127243,1.9302275140786846,130.28018105655005,102.61019542149808,90.784890723882,20.369289797246967,1.1386794455610965,0.056401481219021124,0.6461403188288652,11390.0,37271.0,1.0
p19,old_weak,100.0,2.5848760130050006,4.198209527817807,B,2.892573986155943,5.437211038432487,0.9999050000000002,5.437211038432487,True,0.9999999999999986,6.052243204074442,150,0.12081699371587495,0.01598024086839256,1200,0.08333333333333333,339.07754638046026,0.9610129564193168,0.9531855178220601,0.3797884786312398,0.5760691377515554,0.03861411828362136,0.09566084623176198,0.13610368956191662,14848.073067863646,32.31925889378697,14115.639866915648,12.859859160796512,14849.832139624294,4.171721544478354,8232.0,18274.0,3.91555811541152,4.261857385629898,12.36931687685298,16.15549442140351,0.3735237536062412,131.75597100021722,102.96516992636593,90.28063625521973,14.261873091975847,1.058158552346411,0.024550746385441764,0.5031996336950756,8232.0,18274.0,1.0,,0.8698841698841698,,0.29878313358771846,0.03960586742701693,0.1682888002710983,0.10381112573250739,7181.133388139246,99.73654772719662,6204.695310213332,47.349655080608805,7183.450527160323,3.8563331050973475,0.0,5336.0,0.0,3.7272972028035873,0.0,15.165750888103101,0.9560330675956557,131.11699582783973,102.8192667563033,90.31880770521866,18.07572350507051,1.0898982227467868,0.037385944396403414,0.6348032057128518,0.0,5336.0,1.0,,,,,0.04008838291820308,0.16858556991379164,0.07198103702714109,5278.1167883902635,155.34937617852535,4525.219598037269,77.03178064836774,5280.443132342854,3.7226703698550003,0.0,0.0,0.0,0.0,0.0,0.0,1.1192637677787323,130.95979641921676,102.78336555556058,90.35184856098951,18.620263441566955,1.0990168263487448,0.04100434168142433,0.6354219382762156,0.0,0.0,1.0,,0.8721946609969289,,0.35097929199321354,0.041454688861742806,0.1677869723603632,0.11404474330745755,9040.216508330574,317.34934350408986,7740.3103767120565,165.9372666837168,9044.64348994397,3.9563914530751596,0.0,6718.0,0.0,3.827304641089735,0.0,15.748015748023622,1.2177510228590167,130.8723080725899,102.75037832881954,90.38589829204773,19.050003072897475,1.1027134446716642,0.04246266967826521,0.6352877152782875,0.0,6718.0,1.0,,0.9195864306641808,,0.5042262046430254,0.04264950403990047,0.16549944456680815,0.1807919736424583,16608.750581921253,868.3371771714958,14204.609993910717,493.8300391872176,16619.18135121119,4.220609626944594,0.0,22207.0,0.0,4.346509448774761,0.0,19.595917942265423,1.4272733442690768,130.6840681565754,102.6952415581455,90.46103673914403,19.894081685958437,1.1107708242454206,0.045624463952161576,0.6352441362545732,0.0,22207.0,1.0,0.9101315282593143,0.9283663339915675,0.5110618863461841,0.7377768740877986,0.04414844380334279,0.16331650860918331,0.30382725915176967,36090.98507582059,3974.122681339153,30871.220819047812,2510.3419507634635,36131.33311576275,4.557883985762279,19724.0,50198.0,4.295017011881458,4.70069506577435,19.026297590440446,24.515301344262525,1.8373803708171024,130.30680119632632,102.66339957433657,90.6290823409898,21.638352932389502,1.1372635736534054,0.05586112899515069,0.6298767826971323,19724.0,50198.0,1.0
p19,old_weak,150.0,3.877314019507501,4.198209527817807,A,1.146222035247268,4.811515244152933,0.9999050000000002,4.811515244152933,True,1.0,4.79931119595061,150,0.006193776073814636,0.005984905690226701,1800,0.08333333333333333,509.532385610044,0.9859742668366756,0.9879511059371362,0.13994439295644115,0.1494914603722894,0.0028369285761790193,0.0206119733503759,0.023444673484914913,13848.062879417572,11.623671506383454,14115.639866915648,12.859859160796512,13848.106618126298,4.141390398562144,8506.0,17004.0,3.929776432804902,4.230576636268741,12.68857754044952,16.15549442140351,0.8635411917930281,131.55092547587782,103.01205168777716,90.73748913112634,13.59008987785789,1.1395976165076829,0.05675153223237126,0.5085169533046386,8506.0,17004.0,1.0,,0.9574204216618437,,0.09710391822827939,0.0028649352378467747,0.029589988601308376,0.012442089148913316,6060.444984763099,43.131715633428584,6204.695310213332,47.349655080608805,6060.496352885281,3.7825081942144094,0.0,4652.0,0.0,3.667733052533267,0.0,15.394804318340652,1.838500739267452,130.5647485479107,102.86475739684961,91.14098539686346,17.46105114312907,1.1818366128484936,0.07255744012982576,0.6678838448680056,0.0,4652.0,1.0,,,,,0.002890454677720059,0.02797554807906134,0.007539159096313891,4424.5290658589065,70.36854337895079,4525.219598037269,77.03178064836774,4424.57234445101,3.645871300475527,0.0,0.0,0.0,0.0,0.0,0.0,1.964319313662994,130.4256019039622,102.81603078964743,91.16016220023936,17.915130153125435,1.1803740698055654,0.07201966044834712,0.6676024840144523,0.0,0.0,1.0,,0.9574874197466597,,0.11304780876494024,0.002983886070418593,0.026296476641420315,0.01203973288878911,7578.816309391276,152.28918454819274,7740.3103767120565,165.9372666837168,7578.898829032919,3.8796061096933747,0.0,5545.0,0.0,3.743979865241843,0.0,15.7797338380595,2.0529885389837927,130.3301147843986,102.76722185169234,91.17134949591706,18.337978073356084,1.1786411959316525,0.07138161650893812,0.6664922839083325,0.0,5545.0,1.0,,0.9847180655242737,,0.10058845163663112,0.0030796084556636467,0.023223991025124843,0.019251683562716004,13945.660832637586,457.0437215418649,14204.609993910717,493.8300391872176,13945.856528858503,4.144445192989538,0.0,18665.0,0.0,4.271051261492347,0.0,19.209372712298546,2.24375417669538,130.13051610031002,102.67644157515436,91.19781997810577,19.143411486783425,1.1761480775514284,0.07046200304541486,0.6650698267665842,0.0,18665.0,1.0,0.9837923470631246,0.9895701899591374,0.09595087315294569,0.1161798052554355,0.003218432097944475,0.019330756847683477,0.0326234038030061,30424.97106281162,2358.0366103565343,30871.220819047812,2510.3419507634635,30425.751588014522,4.4832413151353245,16206.0,42900.0,4.209702632120352,4.632467415481234,18.627936010197157,23.853720883753127,2.6334710121763707,129.7436405205754,102.5760524844548,91.29006975611674,20.777482700771532,1.1801589560747028,0.07194050654070881,0.6588921498098027,16206.0,42900.0,1.0
p19,old_weak,150.0,3.877314019507501,4.198209527817807,B,1.146222035247268,4.811515244152933,0.9999050000000002,4.811515244152933,True,0.9999999999999123,4.833834966507625,150,0.0010830290077994409,0.0007294161106363717,1800,0.08333333333333333,486.2656482756138,0.9916786226685796,0.9910709142231695,0.08287292817679558,0.11195734958111196,0.00355536111746487,0.015807505334654408,0.02614249707239119,14127.056642851987,12.785569093784481,14115.639866915648,12.859859160796512,14127.10924396866,4.150053303544867,8677.0,17362.0,3.9384196457931933,4.239624765246138,12.727922061357855,16.30950643030009,0.8561300003200318,131.54505396922565,103.00654279398594,90.72521712498913,13.668942716476403,1.1371780659361486,0.05582847436103224,0.5103941606409925,8677.0,17362.0,1.0,,0.971764940636536,,0.06297685245053666,0.0035109194180256847,0.026335816223898398,0.019284945958560645,6247.292645303117,46.968371182266054,6204.695310213332,47.349655080608805,6247.354551893419,3.7956961538668508,0.0,4999.0,0.0,3.6989700043360187,0.0,15.556349186104045,1.8127608864070566,130.5716655605963,102.85295398293952,91.10649908692564,17.51370295965076,1.1783269976584938,0.07126582828792119,0.6669113001704201,0.0,4999.0,1.0,,,,,0.0034818721461310964,0.025544490023955684,0.012742421242508725,4557.352260402543,76.38697851442949,4525.219598037269,77.03178064836774,4557.404610322095,3.6587175873337516,0.0,0.0,0.0,0.0,0.0,0.0,1.94352075190152,130.42884211565348,102.80406305376422,91.12709561645293,17.97387250691139,1.1773266253522512,0.07089696574011432,0.6666724809852179,0.0,0.0,1.0,,0.9732351957176313,,0.07125246548323472,0.003525353932243392,0.024525028731835957,0.019888789094646808,7795.520981348415,164.63333039994941,7740.3103767120565,165.9372666837168,7795.620794958794,3.891850705424766,0.0,5975.0,0.0,3.7764105888073423,0.0,15.861877778604473,2.0342305450324774,130.3326636755339,102.75570451057702,91.13947496914437,18.398448028546245,1.1758432712808,0.07034943827582914,0.6655720308027798,0.0,5975.0,1.0,,0.9876356427378965,,0.08257887517146777,0.003514364641012929,0.02250107938599531,0.03155370295949758,14303.946125627246,490.4590525624428,14204.609993910717,493.8300391872176,14304.18281557158,4.155463052017179,0.0,19244.0,0.0,4.28431791543061,0.0,19.339079605813716,2.2290102292085683,130.1316267244918,102.66670516365579,91.1690091776156,19.20945064232891,1.1738990485186693,0.06963075061143294,0.664140463896147,0.0,19244.0,1.0,0.986457334611697,0.9916571166628466,0.08185460789925587,0.09399095985110344,0.00345925989355983,0.01945847433799458,0.05026946785017011,31065.370127656202,2499.95948388523,30871.220819047812,2510.3419507634635,31066.313775752355,4.492289724390309,16758.0,43773.0,4.224248100962593,4.641216233580327,18.76166303929372,24.020824298928627,2.6242581026189287,129.7426061367999,102.57172026842852,91.26786434884522,20.85545217528968,1.1796684168439475,0.07175995224543502,0.6578428483137305,16758.0,43773.0,1.0
p20,old_weak,149.24966785125434,3.0022508570529864,3.0022508570529864,truth,,,,,,0.6149268090724945,8.346558207249908,,,,,,,1.0,1.0,0.0,0.0,0.0,0.0,0.0,37803.71655417815,826.6623144278145,37803.71655417815,826.6623144278145,37952.96918054949,4.579245757788451,20348.0,48806.0,4.308543071784684,4.68848211387478,16.881943016134134,22.466639870844084,0.5502906371345525,131.52489769735888,102.90890326075676,90.26229558029503,19.666495330980005,1.0505039188632979,0.021397676863371743,0.5518153829840566,20348.0,48806.0,1.0,,1.0,,0.0,0.0,0.0,0.0,20126.663734304297,1623.0183738610879,20126.663734304297,1623.0183738610879,20291.4492801521,4.30731306684088,0.0,20656.0,0.0,4.315067249514216,0.0,21.563858652847824,1.5411276050612772,130.56644249311165,102.5937032127824,90.39358619160564,24.370253291696013,1.1117123601757601,0.045992434235481286,0.5981758326621104,0.0,20656.0,1.0,,,,,0.0,0.0,0.0,15942.495250290718,2099.807492781657,15942.495250290718,2099.807492781657,16089.17559624782,4.206533791571183,0.0,0.0,0.0,0.0,0.0,0.0,1.9743067168427233,130.15187374587856,102.51041969750878,90.49257231794931,25.314537661173656,1.157409354790981,0.06348698823807225,0.5930717773537407,0.0,0.0,1.0,,1.0,,0.0,0.0,0.0,0.0,24020.785592031323,3481.5153021604633,24020.785592031323,3481.5153021604633,24256.802726243444,4.384833556223131,0.0,22160.0,0.0,4.34558935374065,0.0,21.93171219946131,2.0687327832207365,130.0599018839246,102.52223336483644,90.53610975620424,25.759974289683115,1.1684263898070837,0.06760135728659157,0.5868810599063891,0.0,22160.0,1.0,,1.0,,0.0,0.0,0.0,0.0,36468.99355267884,6464.604593869261,36468.99355267884,6464.604593869261,36877.039114080944,4.5667560439423935,0.0,46388.0,0.0,4.666415010605355,0.0,25.199206336708304,2.2674313435326137,129.8673395798358,102.54233394543888,90.61931107886234,26.576931917215333,1.1911603111934392,0.07597021453186571,0.5766675690438727,0.0,46388.0,1.0,1.0,1.0,0.0,0.0,0.0,0.0,0.0,65829.36294458502,16594.815468485533,65829.36294458502,16594.815468485533,66772.76647159312,4.824599369920136,17763.0,95098.0,4.2495407645016385,4.978175950199609,21.748563170931547,30.93541659651604,2.7092607689677424,129.4383538554842,102.55420024427771,90.76113436550516,28.112238657408977,1.2405020185638453,0.0935974752994219,0.5590977296860885,17763.0,95098.0,1.0
p20,old_weak,30.0,0.6034688519464778,3.0022508570529864,A,4.431887810645005,9.612689453008404,0.9999050000000002,9.612689453008404,True,1.0,9.773775042817642,150,0.07350024124917566,0.06988711500986411,360,0.08333333333333333,160.16828017681837,0.5262547982907221,0.6518610593191078,4.714531660035673,4.65152187358334,0.03331927394671174,0.3975670904088038,0.3211190960972477,21288.29975258324,384.1708328702576,37803.71655417815,826.6623144278145,21407.44824477429,4.330564902733006,7266.0,23599.0,3.86135516019326,4.372912002970106,11.832159566199232,17.4928556845359,0.09196573606608527,131.91519344137447,102.99048789277032,90.03427920711339,18.111727316006565,1.0176019100215317,0.007577913468482745,0.516526616329356,7266.0,23599.0,1.0,,0.0,,,0.03367297335983945,0.4874411732764313,0.20474425439081617,9886.00903243282,738.4521085032866,20126.663734304297,1623.0183738610879,10030.477203642184,4.001321595231639,0.0,0.0,0.0,0.0,0.0,0.0,0.7935666822335306,131.28177853761414,102.67225088538476,89.91946101572294,24.00745408346866,1.0590700643387732,0.024924692448525833,0.5810296338981531,0.0,0.0,1.0,,,,,0.03409458089291773,0.47214754829900757,0.13590613091506418,8064.279215241344,961.4416452476368,15942.495250290718,2099.807492781657,8205.38453693288,3.9140989386316205,0.0,0.0,0.0,0.0,0.0,0.0,1.036054562628598,131.04005270873606,102.61503001646435,89.9391036411999,24.932874197927188,1.0851162688680027,0.035476274795110084,0.5721597042198863,0.0,0.0,1.0,,0.0,,,0.03536059949636651,0.45116853512156424,0.17375694052631946,12624.512471724822,1609.2183375491932,24020.785592031323,3481.5153021604633,12854.672611712751,4.109061020322546,0.0,0.0,0.0,0.0,0.0,0.0,1.0875758291288757,130.98149966303308,102.61981816540049,89.96934024879137,25.308296445747946,1.0912809435601445,0.03793657142326336,0.5668063608126263,0.0,0.0,1.0,,0.3889729015661122,,2.552467976438445,0.036609713749140904,0.4094890864329707,0.19229699044411042,20621.074786030622,3072.3720838340223,36468.99355267884,6464.604593869261,21031.440515356113,4.322869020020832,0.0,11189.0,0.0,4.04883008652835,0.0,20.42057785666214,1.196382069407122,130.86170539675035,102.63297055722536,90.03008056429216,25.987109013074768,1.1036758227767764,0.04284152896046576,0.5580590846571687,0.0,11189.0,1.0,0.0,0.7237944856067047,,2.7339224047805444,0.03875690088959228,0.3345091361036798,0.2107316552480562,42256.19876668353,8605.668262228202,65829.36294458502,16594.815468485533,43272.72006168197,4.636214195190647,0.0,53850.0,0.0,4.731193772452004,0.0,25.98076211353316,1.4697877096930283,130.57830601194027,102.6576597526451,90.14786910062784,27.311180762621465,1.1321188139140623,0.053892007699848476,0.5426805636188634,0.0,53850.0,1.0
p20,old_weak,30.0,0.6034688519464778,3.0022508570529864,B,4.431887810645005,9.612689453008404,0.9999050000000002,9.612689453008404,True,0.9999999999999972,12.951768063275926,150,0.38897574882197505,0.02726213737820815,360,0.08333333333333333,139.2634293884039,0.9224334198125695,0.9373403254000269,0.909988132439207,1.0146933456118599,0.19943528022835394,0.191652857794068,0.13315732136645597,48059.28748925772,5824.821953168576,37803.71655417815,826.6623144278145,49195.60144935178,4.6919262744813794,17426.0,55343.0,4.241222631195892,4.743070544670286,15.811388300841896,23.259406699226016,0.4453651609197505,131.55502807163458,102.99321269595868,90.01743680107377,23.607388535061563,1.0757900444403738,0.03172752092313105,0.513352726246608,17426.0,55343.0,1.0,,0.9258409785932722,,0.37720411646940705,0.2088710063742197,0.4138364152413941,0.13207858513924708,33643.45340194798,9875.994049381998,20126.663734304297,1623.0183738610879,35180.608769154,4.546303350266322,0.0,23816.0,0.0,4.3768870566640485,0.0,21.77154105707724,1.3558009331568608,130.6605725123859,102.7993362806798,89.93783692799282,29.094639511899107,1.1396680963653008,0.05677839089398816,0.5092045441935354,0.0,23816.0,1.0,,,,,0.2137680043833619,0.578623661007052,0.15512449262347056,30222.227727516998,12302.065314130248,15942.495250290718,2099.807492781657,31933.349588050154,4.504244475423559,0.0,0.0,0.0,0.0,0.0,0.0,1.9327598399178465,130.0902476055882,102.71330697178172,89.92117425288241,30.885257989405964,1.1859247225629863,0.07405712274403009,0.4904380843396637,0.0,0.0,1.0,,0.8883899035666313,,0.5901521399808072,0.2248700828143528,0.5991075731679248,0.21845809199963195,45899.799250979755,19220.711683524038,24020.785592031323,3481.5153021604633,48596.41489592093,4.686604231230418,0.0,27721.0,0.0,4.442824559187638,0.0,22.516660498395403,2.031822227035615,129.98774210340972,102.7248478355303,89.94159617928895,31.298684801418755,1.1944984270224004,0.07718558218473179,0.4849640820127928,0.0,27721.0,1.0,,0.7545959324572973,,2.3302115601534976,0.23774750180777113,0.6337426147598907,0.2968553121726911,70296.67499490008,31707.398249241865,36468.99355267884,6464.604593869261,74741.24146438809,4.873560307276737,0.0,78445.0,0.0,4.89457080359897,0.0,30.344685804030917,2.252467321539835,129.76175348811972,102.74801070906783,89.98094786321404,32.101458816972595,1.2134027163562617,0.08400496283253488,0.47513602910676933,0.0,78445.0,1.0,0.7911544628540887,0.6291867938839873,0.8944481922931437,5.261600290716435,0.26021801734749306,0.6659424278150268,0.43101684991737155,126040.02741607583,65656.07646144253,65829.36294458502,16594.815468485533,135221.73339837295,5.131046498827752,27167.0,217521.0,4.434057668563859,5.337503187706377,22.869193252058544,38.28837943815329,2.7934761543835505,129.21495256070048,102.79025466763602,90.05501528435109,33.69659475802247,1.2589654450943109,0.10001381016281835,0.4573602166895943,27167.0,217521.0,1.0
p20,old_weak,60.0,1.2069377038929556,3.0022508570529864,A,2.6676991923531825,9.31038874907535,0.9999050000000002,9.31038874907535,True,0.9999999999999991,9.352039445081731,150,0.05017537492333524,0.04980434829284725,720,0.08333333333333333,245.9164697676897,0.6931697761793134,0.786810673759306,3.0593617246801568,2.8757997380844653,0.02374436744235862,0.26633754839115353,0.22514528171581488,26564.18515644455,484.0364020531395,37803.71655417815,826.6623144278145,26704.30816935384,4.426581331149043,10793.0,31653.0,4.033182413729195,4.500428598023598,13.601470508735444,19.313207915827967,0.17114175581688032,131.84973457925608,102.97481722873104,90.07794634015752,18.594872796754014,1.0231582007579276,0.009942789532577496,0.5284569031458383,10793.0,31653.0,1.0,,0.08988348437211023,,5.440025822707141,0.024060445180035753,0.3343975150461569,0.1418456517138416,12952.642890523159,941.0635701755818,20126.663734304297,1623.0183738610879,13117.85292331651,4.11786275730621,0.0,972.0,0.0,2.988112840268352,0.0,18.138357147217054,0.9318872567782566,131.1357101545375,102.65256997746934,90.02663272086069,24.03330224048453,1.0674849632472685,0.028361766203168482,0.5857840770333783,0.0,972.0,1.0,,,,,0.02435658844308632,0.323076113768855,0.0921074298780229,10432.946389382574,1225.5859400545467,15942.495250290718,2099.807492781657,10590.163158959698,4.024902651183029,0.0,0.0,0.0,0.0,0.0,0.0,1.2108723289173773,130.8621393566081,102.59054447439948,90.06189608802494,24.948465935251704,1.0971981753550346,0.040285076699627435,0.5778840619854572,0.0,0.0,1.0,,0.07822391813372648,,7.344239761666703,0.025273429109483686,0.3066195911998331,0.11691554143819693,16111.600411710868,2051.7799657985015,24020.785592031323,3481.5153021604633,16366.955185303284,4.2139678932656714,0.0,902.0,0.0,2.9556877503135057,0.0,18.681541692269406,1.2736049200672006,130.7953229458309,102.59796892191247,90.09588378293326,25.353785502920704,1.1046710519722234,0.043232973422398235,0.5721145436347402,0.0,902.0,1.0,,0.6982218601646114,,1.837899559779066,0.02618585783817192,0.27521694891321347,0.12951012830962252,25623.667774559104,3906.035139700427,36468.99355267884,6464.604593869261,26074.434450795412,4.416214897441332,0.0,24856.0,0.0,4.395448712315872,0.0,22.181073012818835,1.408214137570084,130.6554812000474,102.61428331532528,90.16296899395232,26.09222398353947,1.1199384909094454,0.049194171070032884,0.5626840846516465,0.0,24856.0,1.0,0.05390304026294166,0.8313002854918246,10.303370401389728,1.7393902716056873,0.027781314531031918,0.22213950518655085,0.1480650491389279,50043.417086570196,10736.732620535984,65829.36294458502,16594.815468485533,51133.08407463145,4.708701987840967,492.0,67648.0,2.69284691927723,4.830261381159927,18.81488772222678,27.586228448267445,1.7358710716587145,130.326966363616,102.63659192972796,90.2866032159807,27.514632788516135,1.1543354934970642,0.06233204954678701,0.5462946774589946,492.0,67648.0,1.0
p20,old_weak,60.0,1.2069377038929556,3.0022508570529864,B,2.6676991923531825,9.31038874907535,0.9999050000000002,9.31038874907535,True,0.9999999999999981,11.043719848543407,150,0.2122773987394615,0.010242539330151068,720,0.08333333333333333,221.18833455443382,0.9586125748196654,0.9659822188780864,0.5348569023249226,0.5763730523508406,0.11630901611835921,0.1099254939120197,0.09611977011570721,42966.16384785147,2836.017617627771,37803.71655417815,826.6623144278145,43569.90014904989,4.639186564646189,18746.0,52206.0,4.272931779387071,4.717728737821343,16.278820596099706,22.825424421026653,0.2705715161424348,131.73532143483226,102.98112334150598,90.05289493598126,21.664106103019947,1.0443751957819054,0.01885654865170302,0.527279529042273,18746.0,52206.0,1.0,,0.9559517444968736,,0.22791172253512956,0.12085668973656083,0.221545861235222,0.08376110474997087,26636.08053513263,5004.868689547612,20126.663734304297,1623.0183738610879,27394.2398474801,4.437659253862713,0.0,22365.0,0.0,4.349588320562463,0.0,21.61018278497431,1.053637878899282,130.97684092579385,102.74841911078448,90.00231190452315,26.83644734007087,1.0987994298983161,0.040918425419001515,0.5413246350535766,0.0,22365.0,1.0,,,,,0.12309108323439215,0.2920322160471132,0.09363277648617127,22572.160623832562,6307.953206882923,15942.495250290718,2099.807492781657,23362.694243382033,4.368522925236681,0.0,0.0,0.0,0.0,0.0,0.0,1.5430546914432683,130.4975300708692,102.64856175361433,90.00964633713615,28.318402625131476,1.14181953947824,0.05759747063332898,0.5279443349254271,0.0,0.0,1.0,,0.9363824660776937,,0.3480827085594517,0.12885242507891337,0.3047914967192481,0.13657193622737657,34255.92050733724,10058.27245579633,24020.785592031323,3481.5153021604633,35513.98196574952,4.550399369817753,0.0,25154.0,0.0,4.400624321661767,0.0,22.20360331117452,1.6312528006133118,130.40595904259186,102.65515502427539,90.03318234969989,28.754439549924406,1.150300724840686,0.06081139345405185,0.5220362865911204,0.0,25154.0,1.0,,0.8863514650753577,,0.9319044051994012,0.13520364670510612,0.32883429948240894,0.19613234965601511,52552.3342545893,17335.703849943922,36468.99355267884,6464.604593869261,54669.72965636742,4.7377469262962,0.0,58600.0,0.0,4.767905027123489,0.0,26.43860813280457,1.822073330975686,130.21016560980817,102.66748962845243,90.07668723461421,29.576227355251593,1.1681316866622045,0.06749180473440963,0.5117672212248111,0.0,58600.0,1.0,0.8784214820858987,0.7714138876199178,0.5513361866124198,2.9244661038292596,0.14669839802327914,0.3611278234465303,0.30763568338342934,95423.94247108983,39048.03324295099,65829.36294458502,16594.815468485533,99977.04725032259,4.999900306033015,22684.0,155834.0,4.355738783602035,5.1926650053248045,22.38302928559939,34.713109915419565,2.2785281394781562,129.7486845527626,102.68283253018929,90.15057900091949,31.14301363969458,1.209242485264621,0.08251339718247035,0.49401318297386654,22684.0,155834.0,1.0
p20,old_weak,100.0,2.0115628398215923,3.0022508570529864,A,1.369914006783781,8.891347414433241,0.9999050000000002,8.891347414433241,True,0.9999999999999991,8.80287078381396,150,0.027132667389210753,0.02367052303489739,1200,0.08333333333333333,358.6961547508836,0.9229303408850307,0.9378685991599748,0.9503134135998681,0.980094790414996,0.011284889292601838,0.08543683940276652,0.0902718092249431,34233.16299208468,663.9795331844108,37803.71655417815,826.6623144278145,34397.30656803656,4.536524437093756,17436.0,43096.0,4.241471767550763,4.634447039794333,16.0312195418814,21.447610589527216,0.3264794412866751,131.71587597284105,102.94518658242566,90.15118813454653,19.233539627700615,1.034179990190164,0.014596130579673336,0.5422232752145478,17436.0,43096.0,1.0,,0.847996430662837,,0.6074539863462379,0.01146172782079861,0.11535421631047377,0.05292232526896151,17570.2277197523,1305.8593779332475,20126.663734304297,1623.0183738610879,17756.37157091196,4.249354224521174,0.0,15205.0,0.0,4.182014986150735,0.0,20.615528128088304,1.1709996058820726,130.90333947183464,102.63345547288596,90.184988844482,24.18607474381655,1.0852078257492854,0.03551291692468286,0.5908606003728306,0.0,15205.0,1.0,,,,,0.011584560260262503,0.11317496714764239,0.034087171590226784,13955.679893072303,1697.4803735103237,15942.495250290718,2099.807492781657,14126.508659874862,4.150034840043395,0.0,0.0,0.0,0.0,0.0,0.0,1.5185752902763987,130.5673221273927,102.56166574602867,90.24772587142829,25.109299088419757,1.1219294534711812,0.049965549494638536,0.5843811059036305,0.0,0.0,1.0,,0.8395171637296746,,0.6483258614870692,0.01201935115007748,0.10753011394814092,0.04330347186672032,21181.38596035179,2832.9101071234304,24020.785592031323,3481.5153021604633,21457.00833451051,4.331569169895301,0.0,16031.0,0.0,4.204987704187151,0.0,20.92844953645635,1.599727181538647,130.4857410099579,102.57142155853262,90.28717117881095,25.54673372148699,1.1313955918877623,0.053614482321528566,0.5783014942841056,0.0,16031.0,1.0,,0.9180392935106172,,0.6333288341533996,0.012460401148467545,0.09713312967947642,0.04914367771101119,32604.869264259847,5335.114790723306,36468.99355267884,6464.604593869261,33084.184065514004,4.519620428379207,0.0,39347.0,0.0,4.59492266271699,0.0,24.186773244895647,1.773058129024642,130.31386687901298,102.5892111073926,90.36323919518867,26.346909988138258,1.150849524357615,0.06101854255826627,0.5683253355733809,0.0,39347.0,1.0,0.6901891383696493,0.9448043071944654,1.094904606958253,0.6490122955433901,0.013263827963264732,0.080062400498264,0.06282129567263312,60256.62758414888,14139.704839453234,65829.36294458502,16594.815468485533,61377.38537313568,4.788008383896958,9360.0,85230.0,3.971322245242813,4.9305975839715686,21.095023109728988,29.631064780058107,2.1729301367637266,129.92191355109404,102.60305883523267,90.49560044576512,27.859858610809983,1.1934814503938376,0.07681567340209271,0.5511765022908843,9360.0,85230.0,1.0
p20,old_weak,100.0,2.0115628398215923,3.0022508570529864,B,1.369914006783781,8.891347414433241,0.9999050000000002,8.891347414433241,True,0.9999999999999625,9.197718568656413,150,0.016297481511431622,0.0009974470102469546,1200,0.08333333333333333,351.69924491643906,0.990939085044566,0.9889249082188839,0.12012426648256817,0.19773156899810965,0.030404298923268104,0.030323614025216425,0.03637608014624416,38788.66923794417,1097.8862555406736,37803.71655417815,826.6623144278145,39043.09628756248,4.591544251804107,20266.0,48981.0,4.306789467495679,4.690036513970213,16.76305461424021,22.360679774997898,0.32529083020667815,131.70929593921264,102.95064608242666,90.13736616788151,19.986216849719895,1.036269671275051,0.015472787751449394,0.5418176038144163,20266.0,48981.0,1.0,,0.9814536826303811,,0.0930988338749761,0.031152646923881946,0.049864828692038274,0.032033535859720616,21141.091534974166,2084.9474116424844,20126.663734304297,1623.0183738610879,21433.18542810529,4.331086721253735,0.0,20646.0,0.0,4.314856957779571,0.0,21.42428528562855,1.139532657075237,130.92153100395578,102.67054329545229,90.16400481987088,24.850306161372373,1.0890611057095723,0.037052248101013215,0.5785468431534372,0.0,20646.0,1.0,,,,,0.03144104795096739,0.058832414041483046,0.02500964817949401,16960.57934090061,2679.3150871439125,15942.495250290718,2099.807492781657,17235.568197166813,4.236425605169359,0.0,0.0,0.0,0.0,0.0,0.0,1.5486390759304323,130.5252549820376,102.58242615405653,90.2214547418272,25.916348347742602,1.1301104250969547,0.05312088124201478,0.5711816400072323,0.0,0.0,1.0,,0.9826532446521661,,0.0936658104128814,0.03261897759517198,0.061164461653676824,0.037994711574345155,25620.21102209723,4400.647869454503,24020.785592031323,3481.5153021604633,26061.62968251241,4.416001569473001,0.0,22344.0,0.0,4.349180358996378,0.0,21.840329667841555,1.637125961664865,130.43612214071928,102.58984612504489,90.25737376414071,26.36520449506964,1.1398989427875095,0.05686635086704718,0.5650747622348383,0.0,22344.0,1.0,,0.9807388226804342,,0.18019680196801968,0.03369346973329341,0.06647268441996838,0.059221563133540975,39071.56649778903,8038.832185333446,36468.99355267884,6464.604593869261,39830.33250905447,4.600213931974098,0.0,48017.0,0.0,4.681404067277602,0.0,25.298221281347036,1.8246767957839438,130.2491278832778,102.60178145501953,90.3245215407191,27.193496831612894,1.1598972018904201,0.06441950075274516,0.554830723042267,0.0,48017.0,1.0,0.9722731566372174,0.9660227400422928,0.1242695753798208,0.4584486319369392,0.035757337935710704,0.07674172591430904,0.10876443503075814,70963.77812290235,20134.915412788316,65829.36294458502,16594.815468485533,72688.30788034493,4.861464558982599,18231.0,102191.0,4.260834312172319,5.009416898813909,21.840329667841555,31.28897569432403,2.2493876690949985,129.82882387537163,102.6032326704318,90.43395254107755,28.75244924036864,1.2031901773149054,0.08033427773946589,0.5371164123934666,18231.0,102191.0,1.0
p20,old_weak,150.0,3.017344259732389,3.0022508570529864,A,0.6075859501540419,8.3379829140925,0.6075859501540419,8.3379829140925,True,0.605111462417189,8.34339767348538,54,0.0006057682026944258,0.00028116249493368714,1800,0.08333333333333333,185.9055144637823,0.9988683886838868,0.9994362270262513,0.015167183729748363,0.010116290063344994,0.00013405480987226865,0.001367120490659638,0.0011614965602452232,37753.868813867346,826.7913576264957,37803.71655417815,826.6623144278145,37902.35787954069,4.5786662279686325,20302.0,48751.0,4.307560214621736,4.687992436878599,16.881943016134134,22.44994432064365,0.553213664614551,131.5225453925165,102.90849762963157,90.26402608341978,19.66700823017381,1.050715846858854,0.021485282320777396,0.5518671452277706,20302.0,48751.0,1.0,,0.9992975316716324,,0.0035646085295989813,0.0001325798642293498,0.0009330134982664319,0.0005046092102740929,20109.58912610769,1622.484572349758,20126.663734304297,1623.0183738610879,20273.536656645814,4.306929516649937,0.0,20627.0,0.0,4.3144571227346775,0.0,21.540659228538015,1.5464636961876121,130.56177055913628,102.59280191061613,90.39652963957465,24.370402758717866,1.1120292896399377,0.04611622624017592,0.5983128129412225,0.0,20627.0,1.0,,,,,0.00013207762391086208,0.0007267988273259193,0.0003220510136106025,15932.332326281363,2098.8115378484526,15942.495250290718,2099.807492781657,16078.243585738024,4.206238603946933,0.0,0.0,0.0,0.0,0.0,0.0,1.9801413539119022,130.14675799429,102.50947683575461,90.4958234313571,25.31422646237995,1.157788143025673,0.06362909761902966,0.5932209880865853,0.0,0.0,1.0,,0.9991644649188176,,0.004450015669069257,0.00013502639159297024,0.0006752840270738971,0.0004420452277658915,24006.6012476454,3480.2116122421194,24020.785592031323,3481.5153021604633,24241.395284894064,4.384557613311526,0.0,22123.0,0.0,4.344863649797128,0.0,21.93171219946131,2.0745866734273686,130.05478526081018,102.52133301291975,90.53937686220362,25.759586815424623,1.168813872730862,0.06774535762739319,0.5870289094460105,0.0,22123.0,1.0,,0.9995250431778929,,0.004427512355848435,0.0001372018871820783,0.0006009425362062433,0.0005854982120616081,36450.49854547363,6462.25976655825,36468.99355267884,6464.604593869261,36856.48380196424,4.5665139001113575,0.0,46344.0,0.0,4.666002886494721,0.0,25.199206336708304,2.27330864305082,129.86222708698762,102.54152252638059,90.62262152640562,26.57641150510698,1.1915682420395095,0.076118919777318,0.5768127898118597,0.0,46344.0,1.0,0.9991266375545852,0.9997673065735893,0.003841395924213816,0.003323020511057637,0.00014230662596849563,0.0005110724085872666,0.0009064733375083178,65804.52658077286,16589.018146443923,65829.36294458502,16594.815468485533,66743.44460090318,4.824408616651419,17732.0,95061.0,4.24878221406855,4.978006947133436,21.748563170931547,30.93541659651604,2.7151830461196433,129.43322602751584,102.55354341047911,90.76456972329986,28.11157223603816,1.24096005373483,0.09375780186798487,0.5592370855444104,17732.0,95061.0,1.0
p20,old_weak,150.0,3.017344259732389,3.0022508570529864,B,0.6075859501540419,8.3379829140925,0.6075859501540419,8.3379829140925,True,0.6090943046437755,8.337264531731783,49,3.442291648170226e-06,2.2878915550972323e-07,1800,0.08333333333333333,162.4414044097066,0.9999017005799665,0.9998565779498843,0.0013778849466069584,0.0026465028355387526,0.0002710938335708116,0.00037071848646857573,0.0005041364518497404,37796.71521668047,825.4027813748379,37803.71655417815,826.6623144278145,37944.924121689815,4.579153688706414,20344.0,48808.0,4.308457694189304,4.688499909911576,16.881943016134134,22.47220505424423,0.5540377408228295,131.52182836906698,102.90827760602009,90.26437986320731,19.66488531534822,1.050757382871041,0.021502450144416776,0.551943512142449,20344.0,48808.0,1.0,,0.9994193642038032,,0.0028635062042634426,0.0002741052338690727,0.0006120647816810019,0.0004087106977231081,20124.927234089606,1620.3835198215502,20126.663734304297,1623.0183738610879,20288.509088346495,4.307250133849793,0.0,20678.0,0.0,4.315529533213849,0.0,21.563858652847824,1.5475720483133517,130.56082863266937,102.59257117053104,90.39719865192876,24.366612961079625,1.112080133325772,0.046136082396508196,0.5984109616998313,0.0,20678.0,1.0,,,,,0.0002746972332345441,0.0007251366357561368,0.0003016825858052352,15941.373148568784,2096.252662445489,15942.495250290718,2099.807492781657,16086.898516637288,4.206472322101174,0.0,0.0,0.0,0.0,0.0,0.0,1.9810545251493599,130.14604102398275,102.50932949833867,90.49664434524037,25.30952982594489,1.1578269145489968,0.06364364084682655,0.593328259027016,0.0,0.0,1.0,,0.9993911376705378,,0.003069598446407317,0.00028253932715291744,0.0006833336260456214,0.00044841374267637346,24017.59142355373,3476.2943436871874,24020.785592031323,3481.5153021604633,24251.756881072437,4.384743205870948,0.0,22185.0,0.0,4.346079008652942,0.0,21.93171219946131,2.075571202040353,130.05401308105675,102.52121247035835,90.54027143872376,25.755066875537366,1.1688619241579412,0.06776321165972636,0.5871343986598624,0.0,22185.0,1.0,,0.9996871392661798,,0.002934060843156432,0.00028830540853701133,0.0006512942970128481,0.0006709149819874027,36460.21826106511,6455.83892179701,36468.99355267884,6464.604593869261,36865.08841543319,4.566615279831107,0.0,46397.0,0.0,4.666499260561693,0.0,25.199206336708304,2.274437796182642,129.86134550243997,102.5414432896316,90.62365853810121,26.572132340606604,1.1916353069086691,0.07614336242522037,0.5769169288827023,0.0,46397.0,1.0,0.9990157203520909,0.9997567373186107,0.0044259307472012495,0.0035516517089936987,0.00030059102339615807,0.0006781491875617527,0.0012220823234659617,65803.44160058121,16574.503648055277,65829.36294458502,16594.815468485533,66739.6577752034,4.824383975367593,17796.0,95067.0,4.250346800440827,4.978034357504154,21.748563170931547,30.93541659651604,2.716572337676629,129.43215113911202,102.55349212512432,90.76586435557492,28.10749635672296,1.2410658361648947,0.09379482060004098,0.5593423082231973,17796.0,95067.0,1.0
p21,old_weak,177.83662606962025,2.973132374846885,2.973132374846885,truth,,,,,,0.7140505012124777,8.40987299592553,,,,,,,1.0,1.0,0.0,0.0,0.0,0.0,0.0,46134.81568771772,3301.5495614275496,46134.81568771772,3301.5495614275496,46316.14216456424,4.665732378301063,20087.0,59945.0,4.302936699704866,4.77776020935506,17.291616465790582,24.20743687382041,1.1513259866712418,131.02172795299717,102.86387138262707,90.5916116371147,21.83122161579574,1.102732966400524,0.042470358080104145,0.5515683973555049,20087.0,59945.0,1.0,,1.0,,0.0,0.0,0.0,0.0,23546.58388949008,5656.411016065872,23546.58388949008,5656.411016065872,23697.68229340246,4.3747058727439825,0.0,2676.0,0.0,3.4276483711869328,0.0,21.136439086561428,3.457305573287306,128.78960663109947,102.31434534763451,91.08453397442983,27.180591960591073,1.2723036529281873,0.10459077408990973,0.5899919099726497,0.0,2676.0,1.0,,,,,0.0,0.0,0.0,17432.848173812876,6821.34646479771,17432.848173812876,6821.34646479771,17545.907706907372,4.244175840599526,0.0,0.0,0.0,0.0,0.0,0.0,5.20267934338869,127.12463904953634,101.94707540563611,91.47989112822569,29.31534005963419,1.443376857731189,0.159379737791313,0.5849703324348906,0.0,0.0,1.0,,,,,0.0,0.0,0.0,25275.726860818733,9911.898044940988,25275.726860818733,9911.898044940988,25445.130369840495,4.405604680352064,0.0,0.0,0.0,0.0,0.0,0.0,5.25480428399523,127.07279766238305,101.96699372867396,91.50616839386497,29.708252843471115,1.450448699410421,0.16150237294773617,0.5770000588467936,0.0,0.0,1.0,,1.0,,0.0,0.0,0.0,0.0,39325.211224255356,16152.375347759607,39325.211224255356,16152.375347759607,39607.5316745625,4.59777777819023,0.0,5025.0,0.0,3.701222484256557,0.0,22.11334438749598,5.366363860341672,126.9611323585774,101.99911149930439,91.55109515600454,30.395535385675633,1.4671587300515456,0.1664771021570775,0.5643214721168655,0.0,5025.0,1.0,,1.0,,0.0,0.0,0.0,0.0,74397.79227676617,34163.84610339289,74397.79227676617,34163.84610339289,75019.8714138255,4.875176315422356,0.0,103555.0,0.0,5.015175266835472,0.0,33.66006535941367,5.645362261619109,126.67811716256077,102.04142944925579,91.62136381750948,31.67712232185479,1.5112069054025612,0.1793239294104525,0.5436121663636694,0.0,103555.0,1.0
p21,old_weak,30.0,0.5015500643297658,2.973132374846885,A,3.334797151438304,11.46764197801826,0.9999050000000002,11.46764197801826,True,0.9999999999999998,10.892334934589417,150,0.14318835021166457,0.11809959240668479,360,0.08333333333333333,145.05537282675505,0.5834273624823695,0.6711372201285746,4.108322076571774,4.675457230111385,0.054788749609697755,0.361725336571547,0.3373135083918257,27618.539052515138,1313.7519241116715,46134.81568771772,3301.5495614275496,27897.671350523215,4.445567953745825,8273.0,30275.0,3.9177155165594932,4.481098496565199,12.449899597988733,19.026297590440446,0.20186677781787063,131.80671694523835,102.98422972771681,90.05606384967774,20.15327040896252,1.0364580482545849,0.015551728253073006,0.520090338441437,8273.0,30275.0,1.0,,0.0,,,0.05529242848476841,0.45755201737534656,0.16192509175665695,12249.407362111171,2349.021119754019,23546.58388949008,5656.411016065872,12536.298550705707,4.098169326263672,0.0,0.0,0.0,0.0,0.0,0.0,1.6778845725376457,130.39895680843304,102.49813366322219,89.99064492083687,26.5051126069226,1.1326068543125392,0.05407918556272073,0.5611107011287844,0.0,0.0,1.0,,,,,0.055983878102222266,0.49300637079372933,0.14125755355151604,8844.604515777997,2900.678595994597,17432.848173812876,6821.34646479771,9116.832450919332,3.959843973412107,0.0,0.0,0.0,0.0,0.0,0.0,2.6693797624669924,129.43966480214084,102.24545055788494,90.03044881402744,28.726223364466275,1.2148945392112103,0.08453857997014513,0.5430950231173779,0.0,0.0,1.0,,,,,0.057869216932390076,0.47911557874351124,0.16254776893934864,13079.851091379127,4331.555241982261,25275.726860818733,9911.898044940988,13488.905879971104,4.129976724352281,0.0,0.0,0.0,0.0,0.0,0.0,2.732532072387272,129.3727257911362,102.25119136717065,90.05871447406186,29.106024938571412,1.221974940904461,0.08706229990121406,0.5365855972918916,0.0,0.0,1.0,,0.0,,,0.060173007630955955,0.45436223492982697,0.176567402581403,21179.417916291088,7408.538903761107,39325.211224255356,16152.375347759607,21864.288437547588,4.3397353480117635,0.0,0.0,0.0,0.0,0.0,0.0,2.8457061508726063,129.25280276281381,102.26585107625714,90.1094358025418,29.73478810029021,1.2351839413782157,0.0917316367674355,0.5266986964152427,0.0,0.0,1.0,,0.3878314548940747,,5.08861682358896,0.06365080059384107,0.40079977330206873,0.20541008975001995,43754.870149080445,17283.05612096305,74397.79227676617,34163.84610339289,45281.6555271311,4.655922296562596,0.0,24889.0,0.0,4.396024896608593,0.0,23.043437243605826,3.0928371907660845,128.99447302195927,102.3004403624943,90.20752297807248,30.855190832838367,1.2638403006768746,0.10169219980350935,0.5111148030024386,0.0,24889.0,1.0
p21,old_weak,30.0,0.5015500643297658,2.973132374846885,B,3.334797151438304,11.46764197801826,0.9999050000000002,11.46764197801826,True,0.9999999999999998,13.924052207274881,150,0.23753456135221063,0.01721910169707641,360,0.08333333333333333,146.39975943416357,0.9420368504018399,0.958875787433371,0.688098965942901,0.7028319265797057,0.1985007145730164,0.15870358507804005,0.1639962871954771,55618.66255600679,9494.235108236924,46134.81568771772,3301.5495614275496,57309.48321975363,4.758226492285681,18610.0,64027.0,4.269769709122922,4.806369936268499,16.278820596099706,24.372115213907882,0.6876077708565594,131.31321597172666,102.98843824413918,90.03159858940506,25.20281233246782,1.1053342141169582,0.043493613225505615,0.5043799876650842,18610.0,64027.0,1.0,,0.4601422614667648,,2.249647875020343,0.20419420061958324,0.3736764453916821,0.16915807982211542,35347.80948570453,15003.653755125531,23546.58388949008,5656.411016065872,37403.695752268446,4.572914515717034,0.0,1401.0,0.0,3.14674801363064,0.0,18.708286933869708,2.4271159474947295,129.60195568107792,102.62862933609281,89.95142946306724,31.4796261705754,1.2170915268375408,0.08532323895795506,0.49002603864260597,0.0,1401.0,1.0,,,,,0.207546410622461,0.6244781983816914,0.19185182670659423,30342.03934674902,18058.489177970307,17432.848173812876,6821.34646479771,32601.481996062535,4.513237342647174,0.0,0.0,0.0,0.0,0.0,0.0,3.5839468328936963,128.46242871219678,102.42969912516946,89.92913959577757,34.08565509169713,1.2966962686160977,0.11283826111752158,0.4626435470981496,0.0,0.0,1.0,,,,,0.2154591248020071,0.6142634524866583,0.2479123923798573,43795.10097528008,25756.809004637416,25275.726860818733,9911.898044940988,47099.11563940936,4.673012752637807,0.0,52.0,0.0,1.7242758696007892,0.0,31.32091952673165,3.6444164166567687,128.39651745020345,102.45722554206588,89.95438838828296,34.38209259441587,1.3042962697140277,0.11537625219912735,0.4580909249237336,0.0,52.0,1.0,,0.6679848149319836,,2.993628209215144,0.2252138133733501,0.5950173021665992,0.31811493461606455,67297.5715006745,39931.33728385935,39325.211224255356,16152.375347759607,72513.33559283105,4.860417883009558,0.0,9395.0,0.0,3.972943008105568,0.0,34.132096331752024,3.7824510873361765,128.24958193874136,102.50878109573092,90.00214055232999,34.93583077258813,1.3207309852328777,0.1208143667995361,0.45053111468776547,0.0,9395.0,1.0,,0.640760096777891,,5.08530734461476,0.2431646191756516,0.5556150702788503,0.4105086214270989,123421.21716828614,76564.2008866809,74397.79227676617,34163.84610339289,133618.3689220321,5.125866166022049,35.0,229562.0,1.5563025007672873,5.360901891606078,31.11751831030969,39.21734310225516,4.158306097971835,127.86155359851281,102.60598676351927,90.09759383139051,36.08047931634187,1.3609791951314523,0.13385148632848706,0.43706827545633975,35.0,229562.0,1.0
p21,old_weak,60.0,1.0031001286595316,2.973132374846885,A,2.3410242100861787,10.916627452308234,0.9999050000000002,10.916627452308234,True,0.999999999999999,10.3784150672186,150,0.1217387545126223,0.09378904995892665,720,0.08333333333333333,251.59407375752926,0.7003752587991718,0.7789750274982686,2.968391913363586,3.166320696111255,0.04349414793680909,0.261131113761488,0.2541267716169377,32583.918542493637,1666.6065567282456,46134.81568771772,3301.5495614275496,32882.896213944456,4.516970061737267,10825.0,38243.0,4.034468022755043,4.582563309521357,13.92838827718412,20.615528128088304,0.3220341012581515,131.70642747796666,102.96456826022609,90.12753716515871,20.61203259755657,1.0445603899197795,0.01893355322084415,0.5276150363275062,10825.0,38243.0,1.0,,0.0,,,0.043829295104995974,0.33939988876561045,0.1185710623958201,15070.749004309038,2972.901591830819,23546.58388949008,5656.411016065872,15365.354966781286,4.186542597676268,0.0,0.0,0.0,0.0,0.0,0.0,1.931233534996463,130.15185631577378,102.46513615404028,90.16717821459407,26.585835424877992,1.1527413317736264,0.06173186515556485,0.5667839934060247,0.0,0.0,1.0,,,,,0.044269753329947995,0.37786559965539473,0.11427149031579552,10883.723200246159,3653.502535001334,17432.848173812876,6821.34646479771,11152.93444009068,4.047389149309693,0.0,0.0,0.0,0.0,0.0,0.0,3.0699441588046126,129.0525676282436,102.18297419461545,90.26394769450916,28.768101202525326,1.2512541213202817,0.09734552094788158,0.5524085306618881,0.0,0.0,1.0,,,,,0.045631103334489505,0.36486510884996726,0.12963269371747976,16011.023714654228,5428.682860344322,25275.726860818733,9911.898044940988,16414.92527047536,4.215238909928956,0.0,0.0,0.0,0.0,0.0,0.0,3.1348000858076475,128.98542791287406,102.19183989467564,90.2936050981555,29.156449303820498,1.2586687997395694,0.09991146690822764,0.5454868009366763,0.0,0.0,1.0,,0.0,,,0.047224607900512715,0.3429394154565545,0.13679886894758592,25637.06468527445,9199.331937681694,39325.211224255356,16152.375347759607,26310.90829208164,4.420135840842455,0.0,0.0,0.0,0.0,0.0,0.0,3.256168748098889,128.86005801669626,102.21045575908244,90.34643779992425,29.809624998281883,1.2730721378984262,0.10485301339724015,0.5348870273341834,0.0,0.0,1.0,,0.6066072944314951,,3.826164848373893,0.049603939283357976,0.2976480375438691,0.1554143938718277,51655.941621122,21017.67188442906,74397.79227676617,34163.84610339289,53144.52717823402,4.725458547529655,0.0,45118.0,0.0,4.654359465547657,0.0,25.41653005427767,3.529655349970986,128.5803597345151,102.24758432402491,90.4454188981174,30.990100983842638,1.3055131590262639,0.11578125368764318,0.518065747759942,0.0,45118.0,1.0
p21,old_weak,60.0,1.0031001286595316,2.973132374846885,B,2.3410242100861787,10.916627452308234,0.9999050000000002,10.916627452308234,True,0.999999999999997,12.184566871241524,150,0.11374667923761339,0.008762055660006651,720,0.08333333333333333,216.2039096876979,0.9647812166488794,0.9684775757774194,0.453027294629651,0.5546231362459519,0.12755416396911037,0.10470896982737841,0.13616898206422665,51406.22892776242,6355.065369189466,46134.81568771772,3301.5495614275496,52464.351652877296,4.719864310281228,19267.0,62324.0,4.284836637642396,4.794662287175811,16.64331697709324,24.20743687382041,0.5131382033924107,131.49550422368452,102.97199421783995,90.08950141689513,23.68959004655099,1.07684820880301,0.03215448999697556,0.517384476960942,19267.0,62324.0,1.0,,0.6163604549431321,,0.9114849322828485,0.12953376398511357,0.22370232118109576,0.12814947923028025,29804.932896122078,10298.120209017909,23546.58388949008,5656.411016065872,30981.1205640499,4.491097121815131,0.0,1896.0,0.0,3.2780673308886623,0.0,19.235384061671343,2.222647322559347,129.82476100755684,102.54990281061082,90.07686980121659,29.640153793418307,1.1915389925373245,0.07610825899192515,0.5191750016341975,0.0,1896.0,1.0,,,,,0.13077237472493708,0.35816699108294475,0.14744888577797874,24106.012240774457,12412.736648221371,17432.848173812876,6821.34646479771,25320.99296277685,4.403480732538015,0.0,0.0,0.0,0.0,0.0,0.0,3.465610871394297,128.6102475868477,102.28577315632558,90.09958566779065,32.15361550731736,1.284143927785089,0.10861370250215568,0.49743439271205103,0.0,0.0,1.0,,,,,0.13498489243035422,0.35438014165378784,0.1919982159327445,34918.495774373114,17840.971462100515,25275.726860818733,9911.898044940988,36708.054649284735,4.564761369590687,0.0,0.0,0.0,0.0,0.0,0.0,3.5180964501088807,128.55255619066764,102.30936192064719,90.12309694193029,32.475580260955674,1.2914104117311298,0.11106428349397188,0.49185569938896706,0.0,0.0,1.0,,0.8110530246452576,,0.6117806165121246,0.14001046753756355,0.34792974241731317,0.2562025214286675,54067.82397376898,28207.54039939623,39325.211224255356,16152.375347759607,56933.713221097474,4.75536950945433,0.0,5873.0,0.0,3.7689339421867816,0.0,22.680385432833727,3.6356968118346114,128.4262022073892,102.35301206115393,90.16633475915219,33.05891177032997,1.3069805277739568,0.11626911723370639,0.48284850498767473,0.0,5873.0,1.0,,0.7651371667011926,,3.0914359240995517,0.15007353955777847,0.3341487012161568,0.34502611957976603,100862.16548921014,56270.324093783594,74397.79227676617,34163.84610339289,106615.0024652282,5.027818321289282,0.0,171983.0,0.0,5.235488045541698,0.0,36.41428291206625,3.957922574532184,128.090778540722,102.43410775190439,90.25080799799278,34.21036681201579,1.3457142191584481,0.12895284129944476,0.4677250092668375,0.0,171983.0,1.0
p21,old_weak,100.0,1.671833547765886,2.973132374846885,A,1.4987011667926298,10.13544990587331,0.9999050000000002,10.13544990587331,True,0.9999999999999993,9.68528120391715,150,0.0889488286087287,0.06015527139746646,1200,0.08333333333333333,341.4923255443573,0.8687522878945738,0.9009488013934088,1.3753778750744254,1.4849437712282572,0.027900480448159553,0.12835192102174706,0.136086020731696,39444.25196139209,2273.189736059329,46134.81568771772,3301.5495614275496,39746.68746311129,4.599300939874547,15426.0,49140.0,4.188281479522667,4.691443989955682,15.84297951775486,22.494443758403985,0.5494782891303868,131.51537174932224,102.93303109724543,90.25015398244786,21.172285754088712,1.0607417316841212,0.025609655194292476,0.5368495024685064,15426.0,49140.0,1.0,,0.0,,,0.02791536128568049,0.1786348949013974,0.07227326470097387,19076.742447712033,4011.997112624451,23546.58388949008,5656.411016065872,19357.222807318452,4.286843048944792,0.0,0.0,0.0,0.0,0.0,0.0,2.3652765341779385,129.7482585582411,102.42188235544026,90.43585955495672,26.787376639378113,1.1891794180673214,0.07524738396954485,0.5738591842553232,0.0,0.0,1.0,,,,,0.028028605543212216,0.21305255873397025,0.06977375425724444,13850.772087695615,4893.152635818693,17432.848173812876,6821.34646479771,14092.246069772495,4.14898021794742,0.0,0.0,0.0,0.0,0.0,0.0,3.72452707155616,128.43988245958218,102.10297811171729,90.62691046976884,28.94099928074898,1.3130057483182818,0.11826662742797533,0.5638706485428795,0.0,0.0,1.0,,,,,0.028690138204337644,0.20357677098019647,0.07659245312684174,20234.161591827225,7209.2070802834005,25275.726860818733,9911.898044940988,20595.844085260596,4.313779595469857,0.0,0.0,0.0,0.0,0.0,0.0,3.7894817867332016,128.3741506279655,102.11600696418101,90.65722511814685,29.335947451771744,1.3206598910125211,0.12079098833792241,0.5565348655969624,0.0,0.0,1.0,,0.11550721920120008,,5.905944971146334,0.02938764080972052,0.1892095726064483,0.07871463587843613,31929.62191682923,12026.992528348363,39325.211224255356,16152.375347759607,32530.780953820882,4.512294489345915,0.0,308.0,0.0,2.4899584794248346,0.0,19.49227157569129,3.917150039575826,128.2451537480995,102.13967645920451,90.71065987806465,30.012287937002057,1.33646349051012,0.12595709920436657,0.5451295840634763,0.0,308.0,1.0,,0.8216796363180622,,1.905558073253965,0.030424530421517038,0.16142936939891622,0.0961628708513799,62343.451707087195,26611.395647579455,74397.79227676617,34163.84610339289,63659.84766178381,4.803865595018163,0.0,72339.0,0.0,4.859378504425601,0.0,29.34280150224242,4.214274391002913,127.94579704223774,102.17868320451065,90.80559651276668,31.25356374687091,1.3739226603530048,0.13796228648826028,0.5267947280538917,0.0,72339.0,1.0
p21,old_weak,100.0,1.671833547765886,2.973132374846885,B,1.4987011667926298,10.13544990587331,0.9999050000000002,10.13544990587331,True,0.9999999999999817,10.361359353263898,150,0.00915805324934138,0.0030813227604749027,1200,0.08333333333333333,326.67456870526075,0.9826355970260965,0.9788064231045005,0.22924969675966037,0.3943431866453173,0.05365060965664717,0.051040084401003,0.08567443045665017,47592.513796117426,3971.6019611235674,46134.81568771772,3301.5495614275496,48139.284389424356,4.682499630018069,19995.0,60031.0,4.300943128080553,4.778382812362952,17.08800749063506,24.020824298928627,0.5706659037278734,131.47610957029343,102.94091458538387,90.21842001995938,22.344382201171324,1.0685911407968849,0.028811569323795402,0.5323825981576653,19995.0,60031.0,1.0,,0.7846242997875217,,0.4139430266011253,0.0530601675088957,0.08921372279192284,0.06736326764852231,25099.946114428254,6693.076523418346,23546.58388949008,5656.411016065872,25633.721883521084,4.408811668069684,0.0,2501.0,0.0,3.398287305357401,0.0,19.924858845171276,2.3912524114540266,129.6988525943868,102.45868086789105,90.36025311953844,27.937313954173813,1.1986700718263479,0.07869966207898062,0.5539474928761577,0.0,2501.0,1.0,,,,,0.05278766003926428,0.12747870457371627,0.07920615098259434,19039.23999274997,8088.056983833697,17432.848173812876,6821.34646479771,19530.53733774397,4.290714192064448,0.0,0.0,0.0,0.0,0.0,0.0,3.799869451546805,128.33489946739624,102.13304271010672,90.50441153060488,30.24888615144561,1.3192089572971308,0.12031359146265243,0.541015974389663,0.0,0.0,1.0,,,,,0.053736401729261835,0.1261435984526721,0.10615941892922975,27639.043255990797,11739.697021126825,25275.726860818733,9911.898044940988,28369.8968789812,4.452857757192721,0.0,0.0,0.0,0.0,0.0,0.0,3.854552620962404,128.2774304483686,102.15128649589599,90.52890190866205,30.615246775335006,1.3264906153031497,0.12270418176917806,0.5341579968788153,0.0,0.0,1.0,,0.8585539312524694,,0.436130999063173,0.054669619236115005,0.12479853412353113,0.1482186856394629,43024.42046399015,19005.188578200527,39325.211224255356,16152.375347759607,44220.24995778999,4.645621193126957,0.0,5099.0,0.0,3.7075701760979363,0.0,21.563858652847824,3.970496955826665,128.15671270282445,102.18328409633364,90.57180762525198,31.261099726065112,1.3420267232777983,0.12776116386317796,0.5232525096166122,0.0,5099.0,1.0,,0.9372845617895122,,0.7730244156062921,0.0574845162540285,0.1236269136340623,0.22424793244616495,81439.38209107809,39721.35036410827,74397.79227676617,34163.84610339289,83956.13878379868,4.924052456786849,0.0,115632.0,0.0,5.063081793190694,0.0,33.63034344160047,4.267229939465412,127.8517806367369,102.23648306484104,90.64696936576979,32.48446321728134,1.3803716792105503,0.1399960403841884,0.5053997333047053,0.0,115632.0,1.0
p21,old_weak,150.0,2.507750321648829,2.973132374846885,A,0.9081039237816477,9.064799066826538,0.9081039237816477,9.064799066826538,True,0.9999999999992579,8.766493921092245,150,0.03897082235639569,0.01820729143522672,1800,0.08333333333333333,471.23020377755165,0.9496726000520058,0.9889047457990645,0.6658860354537206,0.21178279517682286,0.008470718924476402,0.03444762074759021,0.031354891111182115,47355.74285237274,3206.886493473384,46134.81568771772,3301.5495614275496,47604.96036674334,4.677652207923552,22216.0,61278.0,4.346685415027574,4.787311669515777,17.72004514666935,24.351591323771842,0.9461868068105183,131.18195630998702,102.88517868143953,90.46140010773325,21.75184809403404,1.0892637669218408,0.03713305757763794,0.5480093839246254,22216.0,61278.0,1.0,,0.6527625320160996,,0.7571319934049804,0.008242458603746252,0.030693363347198292,0.017915798219793333,23865.814955378308,5536.165768391256,23546.58388949008,5656.411016065872,24078.822614013414,4.381635247339185,0.0,5523.0,0.0,3.7422536699065936,0.0,20.639767440550294,3.0789682695764693,129.1113685034294,102.35614869158411,90.84929922567379,27.096261553388896,1.246756317267738,0.09578157744991021,0.583989185936999,0.0,5523.0,1.0,,,,,0.008120890020247986,0.03222170585907101,0.015797456051324148,17536.346656492176,6684.827299199983,17432.848173812876,6821.34646479771,17702.850770875804,4.248043208416543,0.0,0.0,0.0,0.0,0.0,0.0,4.720417769159019,127.54065863659766,101.99881620412184,91.18078343777007,29.231526289256017,1.4047269864355538,0.14759192580276695,0.5781669185180266,0.0,0.0,1.0,,,,,0.00812388218074856,0.030348945931359027,0.02179598544664821,25414.267352125433,9732.984223295874,25275.726860818733,9911.898044940988,25663.386964986243,4.409313972504025,0.0,0.0,0.0,0.0,0.0,0.0,4.7780060140131715,127.48313918221673,102.0176451716422,91.20925134439554,29.6292898194632,1.4121913832938655,0.14989355725128065,0.5703245477286942,0.0,0.0,1.0,,0.8107148620300145,,0.51296330806242,0.008055591505959083,0.027361074021199406,0.03159366942397264,39456.59053347074,15891.36276573641,39325.211224255356,16152.375347759607,39869.76163106703,4.600643639158213,0.0,7369.0,0.0,3.8674674878590514,0.0,21.840329667841555,4.899056315157198,127.36198334716885,102.048256963768,91.25846712318058,30.32271174683511,1.4291287262984564,0.15507134887721327,0.557915890238848,0.0,7369.0,1.0,,0.9845363815713125,,0.2204894782313414,0.007937816470854293,0.023884369913883957,0.05484878714348107,74509.74343591793,33758.037440543536,74397.79227676617,34163.84610339289,75411.48124939535,4.8774374713825805,0.0,103630.0,0.0,5.015489688952356,0.0,33.301651610693426,5.196659848097603,127.06190284880752,102.08949519687222,91.33845100982283,31.614537430974682,1.4724052033818102,0.1680273435450817,0.5376854925140634,0.0,103630.0,1.0
p21,old_weak,150.0,2.507750321648829,2.973132374846885,B,0.9081039237816477,9.064799066826538,0.9081039237816477,9.064799066826538,True,0.8448706243399449,8.9670573170405,61,0.011289056835257938,0.0004472007983740145,1800,0.08333333333333333,191.77897598594427,0.9938333001790333,0.9916466682832608,0.08117443868739206,0.15798072210423134,0.011503154316066421,0.01638366152427287,0.029278589470823874,46159.881268530786,3262.775880812875,46134.81568771772,3301.5495614275496,46427.65359552132,4.666776735437285,20129.0,59648.0,4.303843774888654,4.775603167233145,17.26267650163207,24.1039415863879,0.9135570294025025,131.20837322235556,102.89168344215314,90.4429232599257,21.8454396471066,1.0880041889907432,0.03663056746883603,0.545770288085632,20129.0,59648.0,1.0,,0.9196809497310332,,0.12935278141026033,0.011098332214316218,0.026035187356128163,0.0188610493515166,23525.140431733755,5603.886153472775,23546.58388949008,5656.411016065872,23758.0609313382,4.375810991814839,0.0,2715.0,0.0,3.433929765608464,0.0,20.75810456133483,3.0322551530204143,129.14845461195264,102.36424809617837,90.81183725568114,27.229514846439347,1.2442226618406467,0.0948981071679701,0.5805755580818968,0.0,2715.0,1.0,,,,,0.010880824523099854,0.03407315223432351,0.020803812335275736,17400.249528721408,6768.607992078865,17432.848173812876,6821.34646479771,17586.565936342344,4.245181044659444,0.0,0.0,0.0,0.0,0.0,0.0,4.662604726783894,127.58538140489154,102.00856020834553,91.12608731343276,29.390874515093543,1.3999072637494117,0.1460992669811893,0.574070753711491,0.0,0.0,1.0,,,,,0.010868664676902645,0.032574032777936496,0.028645050006197492,25247.62176832394,9852.777493492606,25275.726860818733,9911.898044940988,25526.408631655417,4.406989717226144,0.0,0.0,0.0,0.0,0.0,0.0,4.718753293821887,127.5289933334604,102.02699585894236,91.15325408180422,29.78113988375036,1.4072845654628396,0.14838192452386764,0.5663813271040775,0.0,0.0,1.0,,0.9406465819237314,,0.15229277840115593,0.010721126647923617,0.0309171729331334,0.0416468110072819,39287.8677008806,16076.903294966674,39325.211224255356,16152.375347759607,39750.29660056394,4.599340373533563,0.0,4966.0,0.0,3.6960941599952233,0.0,21.857490748766974,4.83690760654604,127.41014557266574,102.0571866729514,91.20000606685241,30.462302481993433,1.423906849337758,0.15348157908888055,0.5541997290141778,0.0,4966.0,1.0,,0.9821649800078706,,0.2513898060942124,0.010792134287659858,0.028664365319580932,0.07182629135778415,74490.45410991443,34136.29984156497,74397.79227676617,34163.84610339289,75499.43721562576,4.877943714343636,0.0,102656.0,0.0,5.011388568492024,0.0,33.19638534539566,5.128975657552368,127.11461004813573,102.0990377541302,91.27578342421651,31.73514147695072,1.466242707421488,0.16620586510006807,0.5343004676924072,0.0,102656.0,1.0
p22,old_weak,101.92204558290541,2.8720985318468393,2.8720985318468393,truth,,,,,,0.988828057423234,11.805188095511319,,,,,,,1.0,1.0,0.0,0.0,0.0,0.0,0.0,121713.38793624009,6488.076112097261,121713.38793624009,6488.076112097261,125551.86366183443,5.098823163660201,81601.0,161743.0,4.911700803096012,5.208828179200261,26.77685567799177,33.734255586866,1.6138312534134491,130.42498072760898,102.88450382303282,90.33230443752207,28.350172371672404,1.1798735042196715,0.07183544852292359,0.500480180222842,81601.0,161743.0,1.0,,1.0,,0.0,0.0,0.0,0.0,53055.24746058002,12680.439848968474,53055.24746058002,12680.439848968474,56343.202528351525,4.750841528501068,0.0,38292.0,0.0,4.583119391743568,0.0,31.654383582688826,5.347505157881491,126.73765863235326,102.61037597888016,90.86704548098089,36.81409213032936,1.4773943362835793,0.16949642978344945,0.4453309657855429,0.0,38292.0,1.0,,,,,0.0,0.0,0.0,41804.15422437242,14785.723985911582,41804.15422437242,14785.723985911582,44372.76109243383,4.647116453505815,0.0,0.0,0.0,0.0,0.0,0.0,6.7480989537610725,125.3588062008244,102.5289427294191,91.09976791159579,38.611060508052184,1.6225158420935293,0.21018894590397105,0.4342061617979759,0.0,0.0,1.0,,1.0,,0.0,0.0,0.0,0.0,74932.43928469635,27785.00418774561,74932.43928469635,27785.00418774561,79666.71466671652,4.901276907895636,0.0,45619.0,0.0,4.65915528094063,0.0,32.863353450309965,7.002758889706583,125.0989612712831,102.53234625180856,91.0934333559557,39.20737729574312,1.6520905326660111,0.21803384247587357,0.42568178792296474,0.0,45619.0,1.0,,1.0,,0.0,0.0,0.0,0.0,112838.08531130113,47080.726979394334,112838.08531130113,47080.726979394334,120429.79356385919,5.0807339419028095,0.0,176269.0,0.0,5.246178404510863,0.0,42.391036788453285,7.548852711715599,124.54136342426365,102.56282671683756,91.07833075387511,40.34465136211317,1.715608634069875,0.23441822322771844,0.4117597351288122,0.0,176269.0,1.0,1.0,1.0,0.0,0.0,0.0,0.0,0.0,204633.70887271277,104215.13317232904,204633.70887271277,104215.13317232904,220424.47944305433,5.343259823830759,4770.0,371229.0,3.6786094165589263,5.569643065359316,31.96873472629156,50.97057974949863,8.737494929436693,123.33289321798779,102.73083910697886,91.07360611250024,42.55199896446717,1.8417514192080262,0.26523101318362163,0.38946584714393817,4770.0,371229.0,1.0
p22,old_weak,30.0,0.8453809523016149,2.8720985318468393,A,4.515000979054762,13.983781914257252,0.9999050000000002,13.983781914257252,True,1.0,13.925845789810626,150,0.09541493998104751,0.09514135225713581,360,0.08333333333333333,127.23258935660124,0.4843190926841117,0.6867050581069001,8.095309424401373,5.86480293096059,0.058602578267564556,0.40638915439389656,0.3800005079784267,68094.45616921656,2502.1606873172395,121713.38793624009,6488.076112097261,70387.6637902637,4.84749655094221,25921.0,83107.0,4.413668506282474,4.9196428311081615,18.193405398660254,26.645825188948457,0.8556926492722784,131.14681495773758,102.97845169101365,90.06181313823213,26.240405046908155,1.1201906366317784,0.0492919381986871,0.5006386484156752,25921.0,83107.0,1.0,,0.0,,,0.05736040139998865,0.4994055908899302,0.17894408141284102,25632.105488286066,5211.843168689663,53055.24746058002,12680.439848968474,28015.78667331593,4.447402821809243,0.0,0.0,0.0,0.0,0.0,0.0,3.870770662334919,128.141126926523,102.88554436098002,90.28082740230131,36.529584054703186,1.3389167792860648,0.1267535841665753,0.42212656773408236,0.0,0.0,1.0,,,,,0.058135859651696604,0.49795365521419194,0.11811336574193083,20590.46411812968,6326.843816992464,41804.15422437242,14785.723985911582,22666.031960195363,4.355375496808154,0.0,0.0,0.0,0.0,0.0,0.0,4.906889417547533,127.11102873502503,102.86008170822205,90.39490074438389,38.35824124948626,1.4242072622842596,0.15357319598365973,0.4061910330146043,0.0,0.0,1.0,,0.0,,,0.06143309753209978,0.46874009873638744,0.1729563305337965,38953.83444385736,12571.261735316431,74932.43928469635,27785.00418774561,42940.73701121082,4.632869494156008,0.0,0.0,0.0,0.0,0.0,0.0,5.14046762151345,126.87844869010137,102.85470397217469,90.41594303961229,38.88726812761438,1.4444247760372273,0.15969492921751915,0.39968153829200903,0.0,0.0,1.0,,0.12962789441483352,,7.757445571780627,0.06315381447401043,0.406206336138235,0.18270378321415984,65472.937043698475,23798.156624139167,112838.08531130113,47080.726979394334,72418.00042520945,4.85984652909344,0.0,13972.0,0.0,4.145289659054146,0.0,31.827660925679098,5.651032716561341,126.36909999656501,102.85031858909711,90.45247252976576,39.86756940411741,1.4882351027686418,0.17267154395837475,0.38958492479505635,0.0,13972.0,1.0,0.0,0.7985014075035981,,3.014785792259892,0.06499940433283005,0.29042600576525707,0.181860191078568,142596.75659044273,64427.53749706529,204633.70887271277,104215.13317232904,159161.05969822445,5.201836822027249,0.0,249514.0,0.0,5.397096659063266,0.0,44.384682042344295,6.823930679593862,125.19706840707607,102.89509957450711,90.52454510066465,41.83991754980067,1.5849103053345115,0.20000468926637976,0.37278911351115335,0.0,249514.0,1.0
p22,old_weak,30.0,0.8453809523016149,2.8720985318468393,B,4.515000979054762,13.983781914257252,0.9999050000000002,13.983781914257252,True,0.9999999999999998,18.736426168470583,150,0.4121698973765071,0.04391730009750272,360,0.08333333333333333,129.7179994955659,0.9151599443671766,0.9132634768629356,1.4092888615709085,1.6689196265299477,0.3315285919714645,0.19543287061004874,0.19279399904157832,148924.0306758193,26829.425443839475,121713.38793624009,6488.076112097261,162166.56867984668,5.2099613274685845,68716.0,196451.0,4.837064191104247,5.293256454550433,25.059928172283335,35.63705936241092,2.8562082010103973,129.1438120304202,102.98964163701957,90.0028765018816,34.14411541729614,1.290179385130815,0.11065009832732399,0.43836265772156424,68716.0,196451.0,1.0,,0.8806404832388509,,0.49535473673075103,0.33986093866340844,0.542428763208511,0.18813142671977345,93191.3650604093,44579.840092377315,53055.24746058002,12680.439848968474,109735.83616150156,5.040348477216076,0.0,49970.0,0.0,4.698718040459926,0.0,32.07802986469088,6.581147096594586,125.41907234902453,102.97460667393696,90.04736600714986,43.36719461251216,1.5103481235936433,0.1790770603597581,0.34649152007215894,0.0,49970.0,1.0,,,,,0.3455354624223079,0.7724558975348909,0.1961106963844035,82769.47689439912,49999.40299800635,41804.15422437242,14785.723985911582,99703.85562850964,4.998711953154272,0.0,0.0,0.0,0.0,0.0,0.0,7.8853693272738,124.11494790324512,102.99826312449892,90.07070956254631,45.709089240068245,1.5927981515109837,0.2021607430081493,0.3233348149363533,0.0,0.0,1.0,,0.36653728589466167,,6.449858761278038,0.3724229390003014,0.7330310786729842,0.3019952089820577,145206.0759763989,88127.79874114777,74932.43928469635,27785.00418774561,175763.30910566874,5.244928220475969,0.0,214704.0,0.0,5.33184215830269,0.0,46.87216658103186,8.221167342172459,123.77900015777728,103.01743259477475,90.04949915975388,46.31142804872066,1.6066027000844862,0.20590849251087123,0.3201080441931754,0.0,214704.0,1.0,,0.6160426409504168,,5.4327823656294845,0.3967378341316697,0.6640575986715763,0.34908355791676093,209114.22251247696,131975.1157141897,112838.08531130113,47080.726979394334,255992.12066840817,5.408226598113045,0.0,438536.0,0.0,5.642006241300539,0.0,51.254268114957995,9.022061531607838,122.97819076881703,103.06516522868044,89.98250802381885,47.63193177251254,1.6347711235660443,0.21345695777292767,0.31343973138190195,0.0,438536.0,1.0,0.7020400156924284,0.7630112587218327,5.8592320820764225,4.358852195677479,0.44127810548775026,0.5787917435524043,0.46282413857148336,353329.3551147891,243608.50372476567,204633.70887271277,104215.13317232904,443597.5126877682,5.64698910233509,19120.0,693754.0,4.281510601492656,5.841206126169773,45.2990066116245,59.715994507334464,10.938541659834426,121.06648801837628,103.18574960205402,89.72521558093567,50.47140783273434,1.676350849071367,0.2243649187509163,0.30158109858680676,19120.0,693754.0,1.0
p22,old_weak,60.0,1.6907619046032298,2.8720985318468393,A,2.347874523566728,13.11910485416146,0.9999050000000002,13.11910485416146,True,1.0,13.011302613117017,150,0.058378527445161574,0.05663167091151941,720,0.08333333333333333,212.67382473498583,0.722177590851094,0.8444647691519719,4.333280307232866,2.9109362579615436,0.034866461024683375,0.2366916606698889,0.2164595506177756,89740.78766207359,3701.3449369959167,121713.38793624009,6488.076112097261,92738.38398304686,4.967259523807357,45846.0,117158.0,4.661310922861615,5.068775656144289,22.11334438749598,29.9833287011299,1.0791664715637264,130.93279632894559,102.94965750848992,90.1521257091482,27.13154675672229,1.1349492492759545,0.0549764419236889,0.5005160451718399,45846.0,117158.0,1.0,,0.000761821842520542,,21.68812154205247,0.03440820204815186,0.29986721596207305,0.09848807377633048,36182.12000359314,7618.577174145832,53055.24746058002,12680.439848968474,39057.60393917031,4.591705597172147,0.0,156.0,0.0,2.1958996524092336,0.0,27.147743920996454,4.352569969519301,127.68272731006428,102.78883060619545,90.51130162078431,36.49996521501353,1.3793251497745045,0.1396666549413838,0.4328459376432255,0.0,156.0,1.0,,,,,0.03487896056324726,0.3037723489050274,0.07629750539173337,28678.132580522262,9119.74600973908,41804.15422437242,14785.723985911582,31070.8907872098,4.492353704443391,0.0,0.0,0.0,0.0,0.0,0.0,5.526971050164444,126.51953624586275,102.73970809842636,90.66646391869246,38.29784294904776,1.4841404837891,0.17147501175618016,0.41917168201218535,0.0,0.0,1.0,,0.05403331377240103,,12.521332152473576,0.03677440740729715,0.281031597963773,0.10815146573886086,53034.58924885389,17782.61901266579,74932.43928469635,27785.00418774561,57551.713035060995,4.760058254996256,0.0,1871.0,0.0,3.2723058444020863,0.0,30.14962686336267,5.7854376688083935,126.26088006551574,102.73563918138055,90.68110553870254,38.86963729660749,1.5091576453114721,0.17873460817378395,0.41172110648958343,0.0,1871.0,1.0,,0.60056087099967,,3.23833119227528,0.03762731388587535,0.23576240581632138,0.1104465592644234,84943.26767720905,32323.12828868309,112838.08531130113,47080.726979394334,92530.27486079914,4.966283852239343,0.0,77266.0,0.0,4.887994050477997,0.0,34.42382895611701,6.340892717691422,125.70368989492412,102.74085788638482,90.70444650821946,39.941428409320764,1.5628261157251537,0.19391065992448964,0.3999102850987318,0.0,77266.0,1.0,0.0,0.9074428225134696,,1.4541091821720247,0.03856005051789256,0.16205548707018566,0.10627247835572223,169709.35418230994,80421.60572777526,204633.70887271277,104215.13317232904,186658.62360925032,5.271048059086307,0.0,311598.0,0.0,5.49359605524193,0.0,47.4236228055175,7.55423032428481,124.48570875596425,102.8316198893273,90.75727870066558,42.05147966505927,1.674439853833193,0.22386955222376004,0.38043376993198885,0.0,311598.0,1.0
p22,old_weak,60.0,1.6907619046032298,2.8720985318468393,B,2.347874523566728,13.11910485416146,0.9999050000000002,13.11910485416146,True,0.9999999999999983,15.092228977175482,150,0.17479825141761307,0.012828166360171589,720,0.08333333333333333,214.3741281554103,0.9581099045062518,0.9616940947219389,0.8002096496607142,0.8019186752106412,0.16632405933811117,0.09618271526307608,0.12449425516097412,132206.42133687763,13520.71885514424,121713.38793624009,6488.076112097261,139745.2517341346,5.145337060345957,75029.0,176817.0,4.875234946450165,5.2475264739279694,25.96150997149434,34.48187929913333,1.859054242294445,130.1444730749095,102.95679836070565,90.10600058688279,30.726883488410643,1.2088543869365291,0.08237399088679119,0.4695757699442439,75029.0,176817.0,1.0,,0.9402142462159695,,0.2594147669702781,0.16965791735662963,0.24060175730242134,0.10890772500818499,68834.80479183966,23968.143505292494,53055.24746058002,12680.439848968474,76855.44532687915,4.885674643359984,0.0,43692.0,0.0,4.640411864776314,0.0,31.921779399024736,5.301887949426283,126.70955820856796,102.86980396083379,90.32294035227324,39.57254108101917,1.4454486719944268,0.16000267444640764,0.39086469232269405,0.0,43692.0,1.0,,,,,0.1720217047237224,0.3309225578087156,0.11258755584138082,57433.757043241436,27313.183511555064,41804.15422437242,14785.723985911582,64889.993817315655,4.812177732779407,0.0,0.0,0.0,0.0,0.0,0.0,6.585765737065035,125.43012101576986,102.87270158296477,90.43908494518848,41.69960421012796,1.5480331032399903,0.18978024342745856,0.37121521355980786,0.0,0.0,1.0,,0.8434882992877827,,1.1149083855126503,0.18568618486877703,0.3192622789038041,0.17884548648480048,102138.02404694814,49592.11049528025,74932.43928469635,27785.00418774561,115800.52343333786,5.0637105224630625,0.0,64641.0,0.0,4.810514784887921,0.0,41.2189276910499,6.848312672624922,125.1668619539686,102.89663241417436,90.44376350471163,42.25489610877082,1.568141500844018,0.19538524856720718,0.36549283637736646,0.0,64641.0,1.0,,0.7629574336052378,,2.9568428908402034,0.19839987481053523,0.29601092805345874,0.21968679379044512,150814.98890680948,78661.73306448544,112838.08531130113,47080.726979394334,172314.65106550246,5.236322204937245,0.0,298389.0,0.0,5.474784264452135,0.0,46.45427859734774,7.4658599812792295,124.54787385442727,102.95820982007558,90.45070472750999,43.3977544234678,1.6101685134554307,0.20687132984184814,0.3554441723481546,0.0,298389.0,1.0,0.9026240517348588,0.8896558031302634,0.23779687759681317,1.8868031398361118,0.22295594379166364,0.25715019159766395,0.29059319816919843,263260.24538553547,157338.19557315396,204633.70887271277,104215.13317232904,305832.2452433267,5.485483273074243,6298.0,497059.0,3.7992716083498728,5.696408815486135,32.07802986469088,54.415071441651165,8.957977451878628,123.05270684041295,103.12796384516369,90.41824681601136,45.77610307142775,1.68450884135003,0.2264732947706587,0.33926605353883155,6298.0,497059.0,1.0
p22,old_weak,100.0,2.8179365076720497,2.8720985318468393,A,1.0272168382171403,11.868610684200387,0.9999050000000002,11.868610684200387,True,0.9999999999999998,11.852633345826947,150,0.0032627963823823407,0.00242396254858177,1200,0.08333333333333333,335.90428241342306,0.9926047352048134,0.9954008803847231,0.1534468991216396,0.11060126582278482,0.0014928501773583324,0.007879301977593794,0.007697222730972064,120616.76492677639,6352.519978311463,121713.38793624009,6488.076112097261,124440.75855747634,5.094962649787374,80385.0,160258.0,4.905180418746312,5.204822428459697,26.645825188948457,33.61547262794322,1.5862210885257273,130.45101950517486,102.8879808861264,90.32281339263105,28.304702771351266,1.1773921481968115,0.07092113525891898,0.5004130482337806,80385.0,160258.0,1.0,,0.9777549004604833,,0.09177262752878228,0.0014615396728313794,0.010228701690979017,0.0034855414909958082,52459.24011321728,12455.45533927543,53055.24746058002,12680.439848968474,55751.088666785654,4.746253352390357,0.0,36626.0,0.0,4.5638013484542865,0.0,31.575306807693888,5.297054523950071,126.78536486036279,102.61888167948098,90.84918538372106,36.79583200163644,1.4720362406176575,0.16791850219341237,0.44478763803777305,0.0,36626.0,1.0,,,,,0.0015331026615051555,0.012280977943882164,0.0033698605607022647,41266.24356507165,14515.43089718757,41804.15422437242,14785.723985911582,43840.57388835034,4.641876230579244,0.0,0.0,0.0,0.0,0.0,0.0,6.687077013671727,125.41653989785192,102.53889276808214,91.0781614864547,38.590251513374334,1.615019711753561,0.20817782738139853,0.43360536924769605,0.0,0.0,1.0,,0.970543635299877,,0.13858777423939564,0.0015832053796147154,0.010761943308602749,0.004524569800380129,74081.70982353116,27334.803363460094,74932.43928469635,27785.00418774561,78832.49868947212,4.896705292259341,0.0,43094.0,0.0,4.6344268850476285,0.0,32.78719262151,6.943364219515854,125.15538911227122,102.54191193411741,91.0732025923998,39.18698696302411,1.6445107910687882,0.21603672761268528,0.4251154781582816,0.0,43094.0,1.0,,0.9894639038946033,,0.1365729968789566,0.001577296212902104,0.008298928752781314,0.004204721190085192,111847.02845698564,46481.15909863115,112838.08531130113,47080.726979394334,119480.84736866657,5.077298293997633,0.0,172713.0,0.0,5.237327542410053,0.0,42.16633728461603,7.4924216365991505,124.5954269888755,102.57132312938228,91.06062087670533,40.324315540857654,1.7078174644591424,0.23244145041943828,0.4112615544699141,0.0,172713.0,1.0,0.9539303196084077,0.9970114201840118,0.1088076462297507,0.060783699527155025,0.0016435064759808182,0.006107816591684275,0.004305729482430243,203310.92511929,103244.42803717157,204633.70887271277,104215.13317232904,219208.0897477535,5.340856577494721,4365.0,369359.0,3.6400837313731205,5.567449861543085,31.906112267087632,50.83306010855534,8.683546972834666,123.38542737977613,102.73612768053093,91.05995188538603,42.52873389367081,1.8334717472130464,0.2632742221100881,0.38907863888420446,4365.0,369359.0,1.0
p22,old_weak,100.0,2.8179365076720497,2.8720985318468393,B,1.0272168382171403,11.868610684200387,0.9999050000000002,11.868610684200387,True,0.9999999999997438,11.904362805194765,150,0.00014311414934176092,1.0995898290455663e-05,1200,0.08333333333333333,334.71233166754246,0.9990314082830015,0.9990761773992496,0.020072871811858232,0.021971964088832886,0.004632789632973997,0.0025618828501661165,0.00506964796539397,121925.06513833566,6596.714458911674,121713.38793624009,6488.076112097261,125861.59740737286,5.099893239415319,81456.0,162050.0,4.910928411305619,5.209651715362933,26.758176320519304,33.74907406137241,1.6019336340125152,130.43425852739622,102.88774920415419,90.31944446713175,28.39777371054763,1.1789585412576888,0.0714985331531112,0.49951697764695124,81456.0,162050.0,1.0,,0.9970548716765516,,0.012625658209669698,0.004736758024962851,0.005949893395823241,0.003348227405411658,53392.250086680586,12866.45706081145,53055.24746058002,12680.439848968474,56789.60064261595,4.754268814636655,0.0,38529.0,0.0,4.585799009013001,0.0,31.679645518996303,5.308878366394893,126.7712457367598,102.621475972015,90.83728007504126,36.87124087537526,1.472705661422188,0.1681159563514732,0.4435068032226513,0.0,38529.0,1.0,,,,,0.004638022978651001,0.0065696053695341134,0.003524396391070661,42052.70630740392,14969.553419102374,41804.15422437242,14785.723985911582,44718.80800654613,4.650490218780898,0.0,0.0,0.0,0.0,0.0,0.0,6.702239964686974,125.39865307267958,102.54354973587407,91.06484385981413,38.6744536521638,1.6156468226730627,0.20834643086454935,0.4321745955283013,0.0,0.0,1.0,,0.996724423301735,,0.01573252155493754,0.005041106494429173,0.006690968168819987,0.005745773979392105,75407.30088937405,28126.2795641976,74932.43928469635,27785.00418774561,80324.92792191257,4.904850344517615,0.0,45877.0,0.0,4.661604477060614,0.0,32.87856444554719,6.957179395952107,125.13887623811081,102.54811966308345,91.05977829408242,39.269877321539454,1.6449390655301825,0.21614981475155837,0.4237258653315838,0.0,45877.0,1.0,,0.9945281841015466,,0.07136279021405131,0.005422795259997578,0.0067579053732940994,0.007752830334441102,113580.7747071537,47629.16947781739,112838.08531130113,47080.726979394334,121473.24521972965,5.08448063404175,0.0,178278.0,0.0,5.2511001893826155,0.0,42.46174749112429,7.505000233057505,124.58033357921,102.58086079619311,91.04780772579072,40.407407213409684,1.707755276835205,0.2324256359461611,0.40990398770699227,0.0,178278.0,1.0,0.9966869133075649,0.9974508686983765,0.008289054197662061,0.05205989695714565,0.005976126282296761,0.0055499271941700365,0.011551873456008749,205658.6781180557,105110.56511120172,204633.70887271277,104215.13317232904,222044.5821238883,5.346440180876483,4750.0,374344.0,3.6767850304192056,5.573272036777771,31.96873472629156,51.0098029794274,8.699707057196953,123.36734215372343,102.75082910729539,91.0488256558603,42.614713272839865,1.8320563144152036,0.2629388190391929,0.38781443362575724,4750.0,374344.0,1.0
p22,old_weak,150.0,4.226904761508075,2.8720985318468393,A,0.408601388570062,10.08985524283706,0.408601388570062,10.08985524283706,True,0.17471957235442998,11.566864659001306,68,0.12004333035835775,0.03631727662800447,1800,0.08333333333333333,221.7387476414442,0.7953757397108724,0.9282730773798415,3.187159562744435,1.37047800207358,0.02272166188536312,0.15729079395947085,0.14609238910056016,102096.13636491292,5908.038748306538,121713.38793624009,6488.076112097261,104573.20194267713,5.019420405950858,53600.0,138598.0,4.729172892126178,5.141760096826664,23.62202362203543,32.155870381627054,1.8787529617000895,130.2027746094859,102.85120578364716,90.52683381437441,28.20227412130633,1.2054542005703888,0.08115071465755921,0.5057256572723718,53600.0,138598.0,1.0,,0.2502262227937324,,3.5109203736800234,0.02083212752266618,0.14082318477098998,0.07297603837799693,45956.840354918524,11443.811738351866,53055.24746058002,12680.439848968474,48109.59182518257,4.682231672246092,0.0,5561.0,0.0,3.7452309845281406,0.0,30.93541659651604,6.08351987602347,126.07713402360254,102.5086539391457,91.29901953645391,36.83906360959239,1.558301455279878,0.19265147625081033,0.4566027681489358,0.0,5561.0,1.0,,,,,0.01992988270870621,0.12868356500872694,0.041583533365619985,36786.34799245477,13374.705489126753,41804.15422437242,14785.723985911582,38440.8004474505,4.584792422344361,0.0,0.0,0.0,0.0,0.0,0.0,7.568404304213072,124.62245391158908,102.39796079265092,91.57800703997736,38.633196946408766,1.7288975471191903,0.23776925814429684,0.4460967036568633,0.0,0.0,1.0,,0.4225336651053864,,2.8750490414935994,0.01996289851790366,0.11539797420831478,0.059393451575160294,66891.32211570408,25301.356956030493,74932.43928469635,27785.00418774561,69986.37297343116,4.845013486891884,0.0,12334.0,0.0,4.091139153825755,0.0,31.89043743820395,7.792423754650427,124.38717062604563,102.39387829523052,91.54897171507588,39.202048038509126,1.7585334145059068,0.24515062491207923,0.4374458609163857,0.0,12334.0,1.0,,0.8777235385164901,,1.162837846375542,0.019013845038813273,0.09047871091313137,0.06198233724173824,103472.98336672687,43524.92374213367,112838.08531130113,47080.726979394334,108583.73899735967,5.035764792172887,0.0,136669.0,0.0,5.135673194419237,0.0,40.82891132518721,8.279573956373333,123.8750680257634,102.40719611861068,91.47831284621796,40.29066410111456,1.8235951962690315,0.26092843950897715,0.4232670220433688,0.0,136669.0,1.0,0.2436548223350254,0.980489650956304,4.478846715146047,0.34904055696501546,0.018369518786526682,0.05495840403393008,0.0928309737260562,194889.09007637764,99041.98696004668,204633.70887271277,104215.13317232904,206105.36643401414,5.31408929979638,558.0,348494.0,2.747411807886423,5.542196551478542,30.870698080866262,50.774009099144415,9.36277683223283,122.74630365947655,102.55827427164544,91.35483298914974,42.44066393717969,1.955132745518697,0.29117624955239796,0.4000429732726415,558.0,348494.0,1.0
p22,old_weak,150.0,4.226904761508075,2.8720985318468393,B,0.408601388570062,10.08985524283706,0.408601388570062,10.08985524283706,True,0.3661589512314046,10.84871766610732,51,0.03159728634253456,0.0018172077386053864,1800,0.08333333333333333,160.87432108074427,0.990774827840097,0.985651898754105,0.1904121722774898,0.3397542919831022,0.0324556194469991,0.033521831016342325,0.07647590663689602,121304.13222854717,7075.345602660966,121713.38793624009,6488.076112097261,124055.07111056945,5.093614522016717,80829.0,162334.0,4.907572578798551,5.210412165347667,26.870057685088806,34.10278580995987,2.1116795488884756,129.98506492712244,102.81871682305375,90.60527975270779,28.44880280974337,1.225694486480112,0.08838223252288958,0.5091393479299767,80829.0,162334.0,1.0,,0.9532553143223155,,0.19864096648650692,0.032132223221101555,0.05445569067413432,0.04173938737597008,54069.39995450913,13548.80613390011,53055.24746058002,12680.439848968474,56299.152582161274,4.750501857876905,0.0,39078.0,0.0,4.59194344194442,0.0,31.89043743820395,6.4164768208274365,125.77029762861847,102.43453725341485,91.42906789147452,36.78600680140676,1.6002524155930136,0.20418849143909784,0.46352316111438446,0.0,39078.0,1.0,,,,,0.03193393254812987,0.06518381390666866,0.030254023743947298,42755.621032648836,15665.541488252966,41804.15422437242,14785.723985911582,44401.54874942614,4.6473981187992806,0.0,0.0,0.0,0.0,0.0,0.0,7.948096717220468,124.27631065165833,102.31445444054361,91.7455347497297,38.56633381381116,1.7864562693014965,0.2519923895653265,0.4536375849941899,0.0,0.0,1.0,,0.9383547845551203,,0.27192015667969444,0.03352631757695328,0.06003917964534563,0.049610199714583525,76505.84941161488,29224.581856666715,74932.43928469635,27785.00418774561,79538.45768477424,4.900577165409252,0.0,47793.0,0.0,4.6793733792387515,0.0,32.984845004941285,8.169515003041818,124.04004791498693,102.30995951513047,91.70410748442181,39.159890158436184,1.8183092881846394,0.2596677571738419,0.4442442005996483,0.0,47793.0,1.0,,0.9550690479830835,,0.5050897951802064,0.034159578215124345,0.05251770582860941,0.07183468093178422,114825.26677102553,48947.942706813665,112838.08531130113,47080.726979394334,119686.09718724896,5.078043705414505,0.0,181660.0,0.0,5.259261700545342,0.0,43.70354676682432,8.654911130335774,123.52312888028325,102.3264962124184,91.61137684662386,40.2955617302361,1.8889748453216972,0.2762261746445867,0.4288797780662189,0.0,181660.0,1.0,0.9509941192943153,0.9806303786758129,0.11931014157567413,0.3551733871382702,0.036182857336625344,0.04218508656719664,0.11693699658679063,206998.50318043507,106620.12054304047,204633.70887271277,104215.13317232904,217191.54748396034,5.336842919662188,4128.0,365503.0,3.6158448828747023,5.562892134148659,32.14031735997639,51.894122981316485,9.740684379104898,122.38191381393358,102.4944209674859,91.45524572929061,42.50073313276801,2.031494433622492,0.30781563667948786,0.4044261464994932,4128.0,365503.0,1.0
p23,old_weak,146.57218031585217,4.427523372691133,4.427523372691133,truth,,,,,,0.9090778704732656,8.152269790060128,,,,,,,1.0,1.0,0.0,0.0,0.0,0.0,0.0,77824.0793835374,590.7439499080491,77824.0793835374,590.7439499080491,78387.10466722533,4.89424462349445,58483.0,100088.0,4.767037068438849,5.000386350188551,23.853720883753127,28.861739379323623,1.1901770820088633,130.92884939243118,102.8852250868875,90.50594918891534,23.128354896610155,1.1133267677176868,0.04662265093706367,0.5575049035804768,58483.0,100088.0,1.0,,,,,0.0,0.0,0.0,14825.629802294285,1363.056388637472,14825.629802294285,1363.056388637472,15110.4880624489,4.179278492095821,0.0,0.0,0.0,0.0,0.0,0.0,3.5271377713742176,128.72869677751487,102.9817319069014,91.31868963808306,30.85120892371165,1.3263741729107363,0.1226660567288504,0.5282280174348631,0.0,0.0,1.0,,,,,0.0,0.0,0.0,6731.952693063532,1568.7440591451839,6731.952693063532,1568.7440591451839,6846.614809849818,3.835475895172362,0.0,0.0,0.0,0.0,0.0,0.0,5.440707750151604,126.86639504206286,102.81545853598283,91.7925806554968,33.05107871303049,1.5649682379710952,0.19450552768830354,0.5315497280847098,0.0,0.0,1.0,,,,,0.0,0.0,0.0,13749.635935312577,3176.176417485202,13749.635935312577,3176.176417485202,13985.785173975508,4.1456868530566915,0.0,0.0,0.0,0.0,0.0,0.0,5.560763220503064,126.74781710016624,102.80079348225937,91.81575855897285,33.383259454183545,1.5761882667700338,0.19760809027033857,0.524835525258871,0.0,0.0,1.0,,,,,0.0,0.0,0.0,25619.085488899436,6344.239352379946,25619.085488899436,6344.239352379946,26067.853607162804,4.41610527340305,0.0,0.0,0.0,0.0,0.0,0.0,5.852103141589581,126.45514837316901,102.75343871135503,91.85497685893223,34.01414784326331,1.6082659801399337,0.2063578753543046,0.5150874935923547,0.0,0.0,1.0,,1.0,,0.0,0.0,0.0,0.0,67156.84278176051,20523.321796514298,67156.84278176051,20523.321796514298,68406.1986822269,4.835095457443964,0.0,76977.0,0.0,4.886366623305113,0.0,33.301651610693426,6.5881986967425545,125.70049272501738,102.60922093650157,91.88887847246261,35.38833500009635,1.7017763374785142,0.23090248067112631,0.49871313868890627,0.0,76977.0,1.0
p23,old_weak,30.0,0.9062135863333989,4.427523372691133,A,15.419125435089656,10.261734994576358,0.9999050000000002,10.261734994576358,True,0.9999999999999996,10.667891891361073,150,0.14737674766637524,0.1331935849477493,360,0.08333333333333333,154.98131062090397,0.3492533943037796,0.5566374436231748,9.416698614052656,7.397603117827104,0.06136436898070794,0.5467734824709396,0.5671571509097029,32883.36212746843,174.85669407345094,77824.0793835374,590.7439499080491,33227.411213804364,4.521496506209314,12373.0,38445.0,4.092510111683982,4.58485116160704,14.212670403551895,20.615528128088304,0.19531332771272933,131.81168647201125,102.98362643716236,90.04916520719625,20.381384539235516,1.0338997036407884,0.014478410839129536,0.5259305559571058,12373.0,38445.0,1.0,,,,,0.060840503249732565,0.6878455072650944,0.15509808687486076,4514.873042561089,380.5116604427262,14825.629802294285,1363.056388637472,4740.64527031389,3.6758374594512198,0.0,0.0,0.0,0.0,0.0,0.0,0.9968777829410512,131.07085277607064,103.35988132402157,90.03059710780948,30.694242769340626,1.1532372084582632,0.061918646174906077,0.46452920599349296,0.0,0.0,1.0,,,,,0.06165637256650232,0.6930095964054277,0.055253595548707554,2074.097488515101,446.3637094790178,6731.952693063532,1568.7440591451839,2201.398312012069,3.342698629131449,0.0,0.0,0.0,0.0,0.0,0.0,2.0360049747209863,130.01684220892838,103.45754137899372,90.05529303128841,33.10645700894929,1.2636605893481565,0.101630441060842,0.44871704568849685,0.0,0.0,1.0,,,,,0.06612751916693466,0.6830922649879696,0.10517074694889228,4350.058085897753,917.7656706502551,13749.635935312577,3176.176417485202,4618.150731669561,3.6644681037357745,0.0,0.0,0.0,0.0,0.0,0.0,2.114445203257883,129.93593742932043,103.45274772566489,90.07445615357506,33.377474837529036,1.269160263570415,0.10351646621575794,0.4448511519735698,0.0,0.0,1.0,,,,,0.07012135612347452,0.6575276020341715,0.15970361674473818,8697.910308691575,1898.325301986209,25619.085488899436,6344.239352379946,9239.620828696086,3.965654149208872,0.0,0.0,0.0,0.0,0.0,0.0,2.2911711626014433,129.75350403469923,103.43624465098469,90.11140816267702,33.842886187908725,1.2817240981783906,0.1077945497271365,0.4396989148185145,0.0,0.0,1.0,,0.0013415051161322566,,26.3138037679594,0.07660564664857518,0.5802067066675999,0.22582250199215487,27713.37721698577,6950.950954308644,67156.84278176051,20523.321796514298,29498.763606845765,4.469803813606059,0.0,185.0,0.0,2.2695129442179165,0.0,24.53161090306898,2.810824387931991,129.22094736139468,103.37161247357345,90.19875699016305,34.80110217650738,1.319148646399056,0.12029373616312794,0.43354559127802156,0.0,185.0,1.0
p23,old_weak,30.0,0.9062135863333989,4.427523372691133,B,15.419125435089656,10.261734994576358,0.9999050000000002,10.261734994576358,True,1.0,16.118304192438046,150,0.564705162732385,0.07456385537947763,360,0.08333333333333333,126.09777087718248,0.8877604389543453,0.8743180901261204,1.667520702521462,2.2765235262915615,0.34088833420932313,0.2911699661904648,0.29477380341955656,103797.85703772875,13218.564369691529,77824.0793835374,590.7439499080491,109746.66822473585,5.04039134446244,46678.0,131500.0,4.669121543621538,5.1189290554328535,21.97726097583591,31.04834939252005,1.5708450106079221,130.42925444659463,102.99154206354373,90.01552150508009,29.7640153228992,1.1907016845057963,0.07580296803100371,0.4744335559405777,46678.0,131500.0,1.0,,,,,0.3544006451543848,1.206721022623149,0.2173454137350747,45042.3698069931,22932.209148412996,14825.629802294285,1363.056388637472,51540.89406231228,4.712151947838498,0.0,0.0,0.0,0.0,0.0,0.0,4.643038987983387,127.36457522127851,103.26292602795469,89.96103760052787,40.12713353494081,1.419459315547861,0.1521229493195899,0.36702218762638805,0.0,0.0,1.0,,,,,0.35986172479142287,3.0392227378130063,0.2276890349382364,35084.538779013725,26022.21101474126,6731.952693063532,1568.7440591451839,41664.035582211734,4.619761333451455,0.0,0.0,0.0,0.0,0.0,0.0,6.2908670698993046,125.72368620195094,103.42522776157065,89.95444837706445,43.56313279664023,1.5434771820636843,0.1885002134895882,0.3256132799568637,0.0,0.0,1.0,,0.0,,,0.3886429073254302,2.801623207530209,0.373758107356113,68203.0856846775,48737.52061994402,13749.635935312577,3176.176417485202,80961.78376874843,4.908280068077621,0.0,9099.0,0.0,3.9590413923210934,0.0,41.352146256270665,6.476798126597291,125.53423549737876,103.37713689618217,89.97610165538426,43.74043446208349,1.5485309580873443,0.18991989215461258,0.3273072852751592,0.0,9099.0,1.0,,0.0,,,0.4141682921622809,2.3826735245176827,0.4487589486840838,113524.67252777216,78399.56195018727,25619.085488899436,6344.239352379946,134799.49756189715,5.129688273456703,0.0,97705.0,0.0,4.98992123400415,0.0,45.45327270945405,6.905912485542631,125.10001660297898,103.28577549494882,90.01373846041797,44.18882712791592,1.5633130038285679,0.19404594041600984,0.32897680264369955,0.0,97705.0,1.0,0.0,0.3007155465144811,,10.244178875142092,0.4621373787639833,1.719578540409738,0.5801587555360218,233623.10555675725,160053.89224419958,67156.84278176051,20523.321796514298,280091.9096176597,5.447300564520993,4024.0,492448.0,3.6047658847038875,5.6923612598783855,40.69397989875161,52.32590180780452,7.898052596212448,124.10436072895936,103.19024476130203,90.04384341382942,45.583952181621854,1.5990992336340846,0.2038754151424032,0.32500233386325134,4024.0,492448.0,1.0
p23,old_weak,60.0,1.8124271726667978,4.427523372691133,A,7.235577890024827,9.762516505145012,0.9999050000000002,9.762516505145012,True,0.9999999999999996,9.99534128001248,150,0.1060666012551719,0.09903121110375647,720,0.08333333333333333,244.74974074214697,0.5559890367663399,0.7212273590230386,6.263071134092709,4.653800471290059,0.045617115132719134,0.3977854092911095,0.4129202067569098,44647.039265658925,230.2563728660351,77824.0793835374,590.7439499080491,45102.293462012,4.654198626413913,22517.0,56239.0,4.352529814796726,4.750045312011768,17.320508075688775,23.388031127053,0.34058401158958734,131.68341685598443,102.95990133686726,90.11901545736013,21.175819564376813,1.0434108313557946,0.01845534069921559,0.5366042704639655,22517.0,56239.0,1.0,,,,,0.045436979579746545,0.5268762319805131,0.11446762658219975,6776.330660392007,516.3940793706765,14825.629802294285,1363.056388637472,7051.832053846662,3.848301960610241,0.0,0.0,0.0,0.0,0.0,0.0,1.4156109819065288,130.64161189441793,103.27283408718559,90.29034077835733,30.488812108903105,1.1665957735896966,0.06692039870980504,0.4825739936631636,0.0,0.0,1.0,,,,,0.04599418908816121,0.5398088365066491,0.04039051835663679,3047.2989554362366,603.3662409789999,6731.952693063532,1568.7440591451839,3187.135717517236,3.503400557390855,0.0,0.0,0.0,0.0,0.0,0.0,2.5873631365593694,129.45595532865474,103.2936231618539,90.36887687573096,32.68528836035543,1.2869749251108804,0.1095700853720904,0.4731191966799598,0.0,0.0,1.0,,,,,0.0493395317463516,0.5292028897956136,0.07606542765187496,6347.3882008984965,1240.3361809303765,13749.635935312577,3176.176417485202,6640.431914175447,3.822196328139493,0.0,0.0,0.0,0.0,0.0,0.0,2.6853712148718656,129.3587629074472,103.28614519794239,90.39141551870112,32.987440830335316,1.2953274298390598,0.11237956223826287,0.46831381682333556,0.0,0.0,1.0,,,,,0.052280097626991276,0.503377991603497,0.1119011501285023,12454.291245379545,2568.46592569765,25619.085488899436,6344.239352379946,13038.177182805362,4.115216878605671,0.0,0.0,0.0,0.0,0.0,0.0,2.9157047803652056,129.12880813275655,103.26119629455128,90.43516447859659,33.523470965058344,1.314854231201338,0.11887760826764389,0.46200575533031607,0.0,0.0,1.0,,0.13819634171740808,,6.462937463625405,0.05706510128765677,0.4310395036920257,0.16853145953870335,37496.88658189222,9303.019593531842,67156.84278176051,20523.321796514298,39343.552089472185,4.594873567154658,0.0,6115.0,0.0,3.7864674767402824,0.0,27.2213151776324,3.573125059898216,128.47058128494552,103.17237559741413,90.5298234431506,34.656083007332754,1.3710217359625076,0.1370443400803565,0.45396013982852956,0.0,6115.0,1.0
p23,old_weak,60.0,1.8124271726667978,4.427523372691133,B,7.235577890024827,9.762516505145012,0.9999050000000002,9.762516505145012,True,0.9999999999999981,12.860020398882146,150,0.3618731965786539,0.036527493652044773,720,0.08333333333333333,212.01193380355835,0.9315911539655581,0.9295178419909181,1.0609286030684086,1.3046721868403655,0.207581789629304,0.18275310909111175,0.22888693056367335,89839.74028560943,4766.825706679693,77824.0793835374,590.7439499080491,92900.10725827799,4.968016215410771,51047.0,116713.0,4.707978731614335,5.067122953372471,22.64950330581225,29.832867780352597,0.8427786429362827,131.1603928965535,102.97273210438,90.06776588153461,26.4832756136491,1.1123122676503225,0.04622672706561821,0.5042865443672109,51047.0,116713.0,1.0,,,,,0.21354654676872195,0.5822828625034869,0.1283449994063856,27730.539436872663,8804.842818809573,14825.629802294285,1363.056388637472,30184.249931007624,4.4797803882440945,0.0,0.0,0.0,0.0,0.0,0.0,3.0982500953836767,128.9103885540475,103.21301277072143,90.08989063407188,35.8368593674585,1.311273128688749,0.11769316150537874,0.4209414337079133,0.0,0.0,1.0,,,,,0.21555542760629887,1.3114982077634922,0.14255056631761806,17612.53179429233,10066.633780915889,6731.952693063532,1568.7440591451839,19673.266706356484,4.293876479632144,0.0,0.0,0.0,0.0,0.0,0.0,4.898215336642523,127.12003798685586,103.40317822890452,90.12622024452385,39.45500792835902,1.4741094206336225,0.16852972165983848,0.38594364931554825,0.0,0.0,1.0,,,,,0.232289766347343,1.254663230868306,0.24237158428615477,35418.07849970259,19483.78852257584,13749.635935312577,3176.176417485202,39564.0108121565,4.5973003118759275,0.0,0.0,0.0,0.0,0.0,0.0,4.999590884130011,127.01673849480846,103.37530643930764,90.14885851056061,39.60508208633726,1.4782457054008538,0.1697466259607286,0.38490713952490274,0.0,0.0,1.0,,0.0,,,0.24649803021277095,1.1661575600594405,0.33333339317852284,63354.347979731865,34211.2057356016,25619.085488899436,6344.239352379946,70784.74295089766,4.849939659296004,0.0,2345.0,0.0,3.3703280077795106,0.0,39.93745109543172,5.27005260345746,126.742478462015,103.30774117272203,90.19291731763704,39.95508437482087,1.491572537144909,0.1736443785266104,0.38259681283166935,0.0,2345.0,1.0,,0.4067928185003654,,6.908534747168482,0.2747786614084804,0.9733962988566078,0.4871523955745375,147758.83522440703,82336.77375160408,67156.84278176051,20523.321796514298,165749.23374002488,5.219451529334741,0.0,320653.0,0.0,5.506036661895835,0.0,46.195237849804386,5.996263043259338,126.01390285610064,103.19293511472137,90.29083931863687,40.97964472688033,1.5354320180493,0.18623059261910935,0.37512086590882454,0.0,320653.0,1.0
p23,old_weak,100.0,3.020711954444663,4.427523372691133,A,2.709320826856097,9.054175449241622,0.9999050000000002,9.054175449241622,True,1.0,9.1306580233799,150,0.05416061539284409,0.05259347621795586,1200,0.08333333333333333,353.19377075880766,0.8144701899491171,0.8866340918609521,2.6516138847155495,1.9269425864502845,0.024224963463747043,0.19371395695649177,0.2077214587539702,61388.81782415802,352.84636475215973,77824.0793835374,590.7439499080491,61969.36688913164,4.792177059196942,40177.0,79638.0,4.603988314428608,4.901125798100619,21.0,26.419689627245813,0.6532415360543858,131.40421505556426,102.92684346142703,90.25770705321047,22.192782310300554,1.0683026441801664,0.02869430332739383,0.5469320705697313,40177.0,79638.0,1.0,,,,,0.02415761408812702,0.2714887166770517,0.05446985314605482,10544.774721118849,814.0490284108458,14825.629802294285,1363.056388637472,10863.031782787484,4.0359510501864975,0.0,0.0,0.0,0.0,0.0,0.0,2.243727843484323,129.87265866083996,103.14153205013136,90.69907234326155,30.531532895712054,1.223448671372634,0.08758575365737353,0.5041019685183911,0.0,0.0,1.0,,,,,0.024376618832488477,0.29202985463745246,0.023163821562705505,4705.055134166454,945.54694254763,6731.952693063532,1568.7440591451839,4847.509087153863,3.685518631881136,0.0,0.0,0.0,0.0,0.0,0.0,3.6991072899704354,128.41464674159528,103.06723008122002,90.90780882973135,32.63834158247759,1.3844579841870104,0.1412797802241598,0.5016589769009276,0.0,0.0,1.0,,,,,0.026089693569522992,0.2839305899733411,0.03610486728126156,9702.497633830973,1936.378115157003,13749.635935312577,3176.176417485202,9998.518900216808,3.999935671889766,0.0,0.0,0.0,0.0,0.0,0.0,3.8181194962179705,128.29808816606547,103.05541572015633,90.93317434551899,32.966209598382335,1.394956098693793,0.14456053994291396,0.49596824056950484,0.0,0.0,1.0,,,,,0.027514937128096554,0.2665053502131111,0.0531898284738236,18535.178145729387,3973.0783205608864,25619.085488899436,6344.239352379946,19111.50343427868,4.281294852807419,0.0,0.0,0.0,0.0,0.0,0.0,4.105441326491499,128.01360253338996,103.01744689653343,90.98131510192734,33.57004761215681,1.4217803124429023,0.15283249620772912,0.48829821604302515,0.0,0.0,1.0,,0.7006566572044187,,1.5573865876839474,0.029836440533522208,0.2216253994561916,0.09845092575752337,51851.941354554576,13833.588606994466,67156.84278176051,20523.321796514298,53564.19622729907,4.728874592368639,0.0,41879.0,0.0,4.622006673006805,0.0,29.614185789921695,4.878130226726178,127.24099584164696,102.8957651338693,91.06638127438586,34.86893149410503,1.498740342485742,0.17572639762906397,0.4770722950578744,0.0,41879.0,1.0
p23,old_weak,100.0,3.020711954444663,4.427523372691133,B,2.709320826856097,9.054175449241622,0.9999050000000002,9.054175449241622,True,0.9999999999999979,10.134445545143294,150,0.12353314489439793,0.009959798813713006,1200,0.08333333333333333,327.4678698480129,0.9685979732696395,0.9721903866310108,0.562865575053575,0.5621535413036967,0.08163789171954995,0.07877564841639828,0.1477395456874657,81066.15657559354,1349.1529680308608,77824.0793835374,590.7439499080491,82491.20207927993,4.9164076322812225,55423.0,105476.0,4.743697866001233,5.0231577689980185,23.345235059857504,29.017236257093817,0.7223721538887033,131.31188728302922,102.94178187657737,90.21197421438006,24.19125249955257,1.0843771552442747,0.03518035965000218,0.5319348512396126,55423.0,105476.0,1.0,,,,,0.081758424878068,0.18683270792214038,0.05763374531219152,18257.886099735362,2778.083857228746,14825.629802294285,1363.056388637472,19072.506367991362,4.2804077685711075,0.0,0.0,0.0,0.0,0.0,0.0,2.586339741367361,129.46049813825093,103.07147582311893,90.48474195058675,32.379903027334414,1.258689079508289,0.09991846423802488,0.4783158591350264,0.0,0.0,1.0,,,,,0.08130927920236626,0.3202387987344066,0.04377197417964842,9193.578605223842,3185.5778728890095,6731.952693063532,1568.7440591451839,9642.601039324376,3.9841941982864464,0.0,0.0,0.0,0.0,0.0,0.0,4.546926159367324,127.50311769058432,103.05985563506847,90.67007782902714,35.28246246384008,1.4584971739008703,0.16390559193533363,0.4693603511749399,0.0,0.0,1.0,,,,,0.08675538386845863,0.3145855761700572,0.0816298337821266,18770.34805879227,6345.791723374205,13749.635935312577,3176.176417485202,19698.59894650819,4.294435338271319,0.0,0.0,0.0,0.0,0.0,0.0,4.648514840187021,127.40284765847964,103.0495762590737,90.68733017017233,35.54738558936588,1.4671823136021975,0.16648408308108031,0.46469540431473905,0.0,0.0,1.0,,,,,0.09080024298033523,0.3140240199511364,0.12819774214691482,34879.55631807024,12148.293525214951,25619.085488899436,6344.239352379946,36659.87911040788,4.5641910284993745,0.0,0.0,0.0,0.0,0.0,0.0,4.9029345908496955,127.14970177649035,103.01661089130364,90.71630916751056,36.08656428309198,1.489799748218494,0.1731278965408875,0.45705249294178324,0.0,0.0,1.0,,0.8210916478457732,,1.471732243951092,0.10038703587344212,0.31127617106273564,0.2572559197738025,89814.07876520025,35774.297695127665,67156.84278176051,20523.321796514298,94841.28406044125,4.976997425278619,0.0,112217.0,0.0,5.05006252424354,0.0,37.608508172031705,5.564368792989022,126.48764642340629,102.92866588958773,90.75569144212193,37.339143961016006,1.551450863837452,0.1907380255520397,0.4422499739934991,0.0,112217.0,1.0
p23,old_weak,150.0,4.531067931666994,4.427523372691133,A,0.8412509403338735,8.081911825563056,0.8412509403338734,8.081911825563056,True,0.7983071737048602,8.13350986579619,65,0.005254438830131917,0.002331860453009342,1800,0.08333333333333333,203.50938744097948,0.9932084047067735,0.9967140190113877,0.12698678266688973,0.07217549443055239,0.0010760863052526768,0.007989430804002624,0.01141860291368696,77168.97280496806,591.520275088978,77824.0793835374,590.7439499080491,77707.28704562814,4.8904617469259355,57692.0,99416.0,4.761123122587377,4.9974606537627135,23.790754506740637,28.792360097775937,1.2162189947674062,130.9075701783096,102.88128696432152,90.52124173190042,23.10737356384738,1.1149581188434319,0.04725855429287816,0.5581642814813198,57692.0,99416.0,1.0,,,,,0.0010138485317825248,0.009150668790802223,0.0036206582174124063,14701.71919422805,1360.2921581845178,14825.629802294285,1363.056388637472,14975.058701278293,4.175368533471451,0.0,0.0,0.0,0.0,0.0,0.0,3.5957216615444945,128.6712563651645,102.97510504322624,91.35943382404946,30.852309574801616,1.3310925953139618,0.12420826752213789,0.5296311306370288,0.0,0.0,1.0,,,,,0.0009811229261253215,0.008440645283743683,0.0012988029070421167,6685.998971212705,1565.382481219318,6731.952693063532,1568.7440591451839,6795.868494642486,3.8322449663412566,0.0,0.0,0.0,0.0,0.0,0.0,5.523642082890147,126.79748053135883,102.80560066770038,91.84570364302779,33.058029432282915,1.5726837166797742,0.19664139019350277,0.532930892731398,0.0,0.0,1.0,,,,,0.001007019643028063,0.008100943572692015,0.002503563426885888,13660.208586294322,3170.005506814418,13749.635935312577,3176.176417485202,13886.594424071312,4.142595751556337,0.0,0.0,0.0,0.0,0.0,0.0,5.642175168681476,126.6803077915328,102.79118922008787,91.86853244538372,33.38978482703136,1.5837887654453797,0.19969725798651122,0.5261569993581481,0.0,0.0,1.0,,,,,0.0009925746060257987,0.007253348765214697,0.004003141452640219,25472.03635462376,6331.391119928101,25619.085488899436,6344.239352379946,25902.749206449113,4.413345860676891,0.0,0.0,0.0,0.0,0.0,0.0,5.929583429391453,126.39116152470504,102.74434831829326,91.90670732463195,34.0191834537465,1.6157195142783116,0.2083659703161334,0.5163005600632825,0.0,0.0,1.0,,0.9952926864744073,,0.03972999427579255,0.0009854146237931512,0.0054973034387384235,0.007208408965569069,66884.89701208673,20482.20578372365,67156.84278176051,20523.321796514298,68087.12063392182,4.8330649684970375,0.0,76213.0,0.0,4.882034755647653,0.0,33.27160951922825,6.656322973982289,125.64441497253539,102.60073511836566,91.93746278594598,35.38997417894755,1.7092775058577216,0.23281257733680444,0.49973552405328375,0.0,76213.0,1.0
p23,old_weak,150.0,4.531067931666994,4.427523372691133,B,0.8412509403338735,8.081911825563056,0.8412509403338734,8.081911825563056,True,0.8182030273336324,8.136960402142037,65,0.0001541839642390519,1.5057748683378058e-05,1800,0.08333333333333333,203.7729423493147,0.9991529991529992,0.9988523316711354,0.01623511780867538,0.024992915840181356,0.0015790287816330384,0.0027818817129733986,0.004650166091239527,77855.60697161501,608.3581303017031,77824.0793835374,590.7439499080491,78406.96870463659,4.894354663902186,58403.0,100240.0,4.766442592291131,5.00104539051119,23.853720883753127,28.879058156387302,1.220007925479036,130.90334838939933,102.8820312095685,90.52139998818828,23.15344605218929,1.1156051421175488,0.04751050737612954,0.5579271128451952,58403.0,100240.0,1.0,,,,,0.0015756629236805964,0.005598667614195314,0.001644684304082017,14911.733720033999,1396.2976159197358,14825.629802294285,1363.056388637472,15191.091554491915,4.181588981174208,0.0,0.0,0.0,0.0,0.0,0.0,3.602339495146436,128.66267970459575,102.97272506138282,91.35587579147139,30.88269436480052,1.3323079834609035,0.12460463028216136,0.5292341230989359,0.0,0.0,1.0,,,,,0.0015719981604400662,0.009524976410714881,0.0011421039510971925,6792.776160002563,1606.0825824628205,6731.952693063532,1568.7440591451839,6905.101943738814,3.839170094685311,0.0,0.0,0.0,0.0,0.0,0.0,5.545327196680011,126.77426943726728,102.8023195965192,91.84480792009353,33.09976656313282,1.5757302492394347,0.1974818722310435,0.5326301790189312,0.0,0.0,1.0,,,,,0.0016590146644268806,0.009210488098363813,0.001849624634356603,13873.4285931892,3250.1805803095176,13749.635935312577,3176.176417485202,14104.804311449192,4.149367065177856,0.0,0.0,0.0,0.0,0.0,0.0,5.6637656829723735,126.65712169860755,102.78782765014354,91.86731787922723,33.430654524340795,1.5868340429960324,0.20053150899818817,0.525869021117462,0.0,0.0,1.0,,,,,0.001716465465881725,0.008870684764745191,0.0026001384582795273,25845.33863441218,6481.251204859549,25619.085488899436,6344.239352379946,26285.193505347896,4.419711178538978,0.0,0.0,0.0,0.0,0.0,0.0,5.951163559520049,126.36784156882527,102.74079145990525,91.90471784027154,34.05978098554657,1.6187974069837716,0.2091925000600644,0.5160013937128608,0.0,0.0,1.0,,0.9937080591782542,,0.05312631954380836,0.0018243551805094728,0.00808142895786916,0.004471548622490745,67697.36683615715,20888.493202957558,67156.84278176051,20523.321796514298,68922.75966151452,4.83836265823875,0.0,77882.0,0.0,4.8914426718972015,0.0,33.49626844888845,6.676276413282223,125.62236489394657,102.59724380588743,91.93293162028235,35.43195599124098,1.712256078280411,0.23356871657208367,0.49932785882884434,0.0,77882.0,1.0
p24,old_strong,193.72168112546206,2.2607935737559623,2.2607935737559623,truth,,,,,,0.6035444460809231,2.8479652683986525,,,,,,,1.0,1.0,0.0,0.0,0.0,0.0,0.0,1027.761420156259,0.026873767724447696,1027.761420156259,0.026873767724447696,1027.7614201562599,3.0118923112206097,404.0,1174.0,2.6074550232146687,3.070037866607755,4.58257569495584,6.48074069840786,0.339960378178886,132.02083298669197,103.08215319962389,90.32922620975339,6.521415544864833,1.1657526272121868,0.06660640288052479,0.23708653699909712,404.0,1174.0,1.0,,,,,0.0,0.0,0.0,1.7149290410835716,0.04246271702741272,1.7149290410835716,0.04246271702741272,1.71492904108489,0.23424615487276781,0.0,0.0,0.0,0.0,0.0,0.0,0.9158107303604639,131.9137707559472,103.19939157925005,90.88967230452432,8.149355136465626,1.318775507125777,0.12017087263937515,0.3222526407165929,0.0,0.0,1.0,,,,,0.0,0.0,0.0,0.04686169227793477,0.041910963529893215,0.04686169227793477,0.041910963529893215,0.04686169227947961,-1.329182032120418,0.0,0.0,0.0,0.0,0.0,0.0,10.312673942655968,127.23040176837648,104.29672936311657,99.05100378495449,17.152691940112533,1.397377920642812,0.14531387687542635,0.7891900036525477,0.0,0.0,1.0,,,,,0.0,0.0,0.0,0.06272571432428352,0.050737825738605954,0.06272571432428352,0.050737825738605954,0.06272571432635132,-1.2025543841986654,0.0,0.0,0.0,0.0,0.0,0.0,10.308627089196266,127.22791133948877,104.29654384491948,99.045105656571,17.208793508351995,1.3912302178705034,0.14339900208255935,0.7870787430278571,0.0,0.0,1.0,,,,,0.0,0.0,0.0,0.08976779544259714,0.06748234279328545,0.08976779544259714,0.06748234279328545,0.08976779544555644,-1.0468794402681114,0.0,0.0,0.0,0.0,0.0,0.0,10.302792791445302,127.22440038394512,104.29631392167818,99.03663420898827,17.29572682174426,1.3821763974561274,0.14056347252668286,0.7838771092379472,0.0,0.0,1.0,,,,,0.0,0.0,0.0,0.16187579915226866,0.11484510811726038,0.16187579915226866,0.11484510811726038,0.16187579915760514,-0.7908180745198075,0.0,0.0,0.0,0.0,0.0,0.0,10.294658758246353,127.21950989488954,104.2958916301596,99.02483119989297,17.428045438767032,1.3693250263429755,0.1365065455724112,0.779107662922339,0.0,0.0,1.0
p24,old_strong,30.0,0.35010953249344046,2.2607935737559623,A,1.6820626152046672,3.826105142374805,0.9999050000000002,3.826105142374805,True,0.8644766633974513,3.598310592021987,119,0.05107989614014296,0.037814292496170375,360,0.08333333333333333,99.35660506784916,0.6533333333333333,0.8141414141414142,1.0454361317792233,0.8808367005834745,0.01152047472300304,0.2263583543679229,0.17985420551720932,804.3103350138745,0.005804073040420186,1027.761420156259,0.026873767724447696,804.3103350804765,2.9054236492565435,196.0,806.0,2.294466226161593,2.90687353472207,3.605551275463989,5.744562646538029,0.03042322927516788,132.00047635082595,103.00697440438684,90.02960918190138,6.50421243403018,1.0180931197516885,0.007787502504447942,0.21324424387750862,196.0,806.0,1.0,,,,,0.006546685908678632,0.2571948683150863,0.00034736714694362243,1.3019037241585087,0.010103208535569006,1.7149290410835716,0.04246271702741272,1.301903816016085,0.1145788999645256,0.0,0.0,0.0,0.0,0.0,0.0,0.2340589890663771,131.99248316699007,103.05750502091179,90.226760402527,7.83817609420405,1.0681992161879414,0.028652254961168695,0.28123719408345055,0.0,0.0,1.0,,,,,0.005440942927553635,0.8507144719046865,2.154772766400639e-05,0.012966468343671928,0.009948845051890604,0.04686169227793477,0.041910963529893215,0.01296657594568432,-1.8871746919358459,0.0,0.0,0.0,0.0,0.0,0.0,3.527097209269329,130.0390940789691,103.05478467426221,92.93125593082,18.397164317677905,1.3604604478731777,0.13368592022814837,0.650487275594939,0.0,0.0,1.0,,,,,0.006351539208780838,0.8492208580641833,2.0381063889193662e-05,0.017356754331677788,0.012023028972805402,0.06272571432428352,0.050737825738605954,0.017356898366436137,-1.7605278795448516,0.0,0.0,0.0,0.0,0.0,0.0,3.5322138871424587,130.0371097031666,103.05828289927246,92.93601766526902,18.441137674887322,1.3578879098413033,0.13286392153023213,0.6490235230554207,0.0,0.0,1.0,,,,,0.007510027516701585,0.846854608264791,2.1098512289851924e-05,0.024841242999039705,0.01596980432792878,0.08976779544259714,0.06748234279328545,0.024841449143794624,-1.604823072875643,0.0,0.0,0.0,0.0,0.0,0.0,3.5399748749970956,130.03424302134223,103.06310090829304,92.94333822246809,18.509865109443588,1.354096206375614,0.1316495213755282,0.647006909996767,0.0,0.0,1.0,,,,,0.009515468992287923,0.8436626953584359,3.0288128844042564e-05,0.04480030664206905,0.027159161405899593,0.16187579915226866,0.11484510811726038,0.04480067841717779,-1.3487154094258311,0.0,0.0,0.0,0.0,0.0,0.0,3.551454082892784,130.03004610193233,103.06918785620819,92.95420391695244,18.615572647312714,1.3486829052561895,0.12990985279621634,0.6441724818345377,0.0,0.0,1.0
p24,old_strong,30.0,0.35010953249344046,2.2607935737559623,B,1.6820626152046672,3.826105142374805,0.9999050000000002,3.826105142374805,True,0.9999999999999967,3.9333794465195275,150,0.023507760629858154,0.016771144124176907,360,0.08333333333333333,122.89231131225824,0.9307692307692308,0.9598031173092699,0.24661246612466126,0.21058965102286403,0.01882758508126377,0.12533667762403733,0.10162113383128413,1196.4217295063077,0.0612796176405859,1027.761420156259,0.026873767724447696,1196.4217322161185,3.077884293105369,376.0,1264.0,2.576341350205793,3.1020905255118367,4.358898943540674,6.557438524302,0.029861147387799877,131.99985083393696,103.0053635745572,90.0293751245235,7.125905442345184,1.0158785788915063,0.006841802762210753,0.23684242103843978,376.0,1264.0,1.0,,,,,0.009916218180925864,0.17518355799665838,0.00013995498999520682,2.165839659809588,0.09442585552616965,1.7149290410835716,0.04246271702741272,2.165843397189672,0.33562705146052285,0.0,0.0,0.0,0.0,0.0,0.0,0.30626764124404965,131.92122085808603,103.04137243719904,90.29305637053766,9.087761798429511,1.096153688938838,0.0398714497493413,0.3144909673388804,0.0,0.0,1.0,,,,,0.007190453509685303,0.9121881305553045,2.139740154393706e-05,0.10225058186390237,0.09485801932605806,0.04686169227793477,0.041910963529893215,0.10225495983282307,-0.9903156175427694,0.0,0.0,0.0,0.0,0.0,0.0,3.2729488519316394,130.3491871110329,103.11966683005423,92.8235953751849,20.10526831676124,1.2751246492889654,0.10555264112474788,0.689320984963698,0.0,0.0,1.0,,,,,0.00830774312634005,0.936597392623441,2.4310273733677567e-05,0.13687114994851218,0.1157257091943176,0.06272571432428352,0.050737825738605954,0.13687701024492746,-0.8636694895007868,0.0,0.0,0.0,0.0,0.0,0.0,3.2752515347907254,130.34658237015606,103.12341525098115,92.82457986845752,20.14573898623724,1.2733620249091913,0.10495189388787551,0.6873991017437844,0.0,0.0,1.0,,,,,0.009788850406259451,0.9521058300012759,2.768515208310974e-05,0.19589150625797305,0.15438303575125703,0.08976779544259714,0.06748234279328545,0.19589989360383908,-0.7079657998770255,0.0,0.0,0.0,0.0,0.0,0.0,3.2787701266185065,130.34274981807377,103.1285557157242,92.82618626521078,20.20899865604413,1.2707642015406142,0.10406497189924213,0.6846670273764819,0.0,0.0,1.0,,,,,0.012429361831974304,0.9642790840243853,3.8236597359701144e-05,0.3532816553968359,0.2629081399435339,0.16187579915226866,0.11484510811726038,0.353296781691011,-0.4518603186936601,0.0,0.0,0.0,0.0,0.0,0.0,3.2839917560015635,130.3371025123994,103.13499814398295,92.82863028696559,20.306298061059056,1.2670645646549605,0.102798745395641,0.680732406660577,0.0,0.0,1.0
p24,old_strong,60.0,0.7002190649868809,2.2607935737559623,A,1.3468651422967035,3.6664522734600853,0.9999050000000002,3.6664522734600853,True,0.9999999999999939,3.4060589193576467,150,0.04725712722384877,0.03144748207450192,720,0.08333333333333333,210.76006334275007,0.9168900804289544,0.9346642468239564,0.3016759776536313,0.31225296442687744,0.009580933497753368,0.09015987816132658,0.08303300771015554,963.8183408921183,0.006186706658918124,1027.761420156259,0.026873767724447696,963.8183409010503,2.983995186414589,342.0,1030.0,2.5352941200427703,3.0132586652835167,4.242640687119285,6.164414002968976,0.0713559780619708,132.00241296135158,103.0160188437635,90.06949280442734,6.482246175820938,1.040182925375015,0.017109720544107185,0.21595373861125325,342.0,1030.0,1.0,,,,,0.005753617821399798,0.10992921616272708,0.00015698006466474158,1.5595629767011034,0.01096231422879326,1.7149290410835716,0.04246271702741272,1.559562989020268,0.1930029201200818,0.0,0.0,0.0,0.0,0.0,0.0,0.30432988776700276,131.98751312435684,103.07113641540879,90.29563553393957,7.77002623114812,1.0953094870303757,0.039536849330211864,0.284400736158153,0.0,0.0,1.0,,,,,0.0049820852811432535,0.8152998700927764,2.0630119192555454e-05,0.014290633001280403,0.010698297682600553,0.04686169227793477,0.041910963529893215,0.01429064743195619,-1.8449480952288617,0.0,0.0,0.0,0.0,0.0,0.0,4.777484821867152,128.8788534288465,102.92054836952158,93.61614335210346,17.946677713191505,1.4974057090185826,0.17533948458909576,0.6882460870399865,0.0,0.0,1.0,,,,,0.005821318668310136,0.8144934896600526,1.9656896497273477e-05,0.019129263699538036,0.012880141391250736,0.06272571432428352,0.050737825738605954,0.01912928301626691,-1.7183013074381652,0.0,0.0,0.0,0.0,0.0,0.0,4.781577400157343,128.87771953778636,102.92395250690666,93.62064413161093,17.992736884663156,1.493128421756315,0.1740971623543521,0.686187324317715,0.0,0.0,1.0,,,,,0.006879836315192725,0.8126388017448645,2.044066508172716e-05,0.027378081964771823,0.017087964832278982,0.08976779544259714,0.06748234279328545,0.02737810961117044,-1.5625965420961179,0.0,0.0,0.0,0.0,0.0,0.0,4.787782139615321,128.87622462593535,102.92871709310617,93.62764441145924,18.064756419279817,1.486812291257091,0.17225614268671346,0.6832871280148207,0.0,0.0,1.0,,,,,0.008679768593566176,0.8099467001653017,2.9324451876618188e-05,0.04937539676040606,0.02906329926744001,0.16187579915226866,0.11484510811726038,0.04937544661975307,-1.3064889629884298,0.0,0.0,0.0,0.0,0.0,0.0,4.796990893136364,128.8741906346384,102.93485894638276,93.63815806190229,18.17556573875494,1.477782175520168,0.16961042394969322,0.6791889273587174,0.0,0.0,1.0
p24,old_strong,60.0,0.7002190649868809,2.2607935737559623,B,1.3468651422967035,3.6664522734600853,0.9999050000000002,3.6664522734600853,True,0.9999999999999981,3.569474933159904,150,0.01413146110038821,0.0075344550368646734,720,0.08333333333333333,209.12981297820807,0.958904109589041,0.9802603947921041,0.1358695652173913,0.10049019607843138,0.011697540286673162,0.07979018574572148,0.08592201729179494,1108.84624762766,0.018724259728621795,1027.761420156259,0.026873767724447696,1108.8462477045973,3.0448713311783075,399.0,1207.0,2.6020599913279625,3.082066934285113,4.58257569495584,6.48074069840786,0.07036349634640991,132.00190827018864,103.01377541448751,90.06897548897018,6.782890200184832,1.0376270219919141,0.01604127316581591,0.22715938203477656,399.0,1207.0,1.0,,,,,0.0053236385223067745,0.10627318952684958,9.551368069018101e-05,1.8869957156093835,0.031038281928698407,1.7149290410835716,0.04246271702741272,1.8869958217215705,0.2757709385299156,0.0,0.0,0.0,0.0,0.0,0.0,0.3179018348038119,131.95070330249285,103.0562045990538,90.30898617320476,8.222656950818667,1.1040042822902967,0.04297075796875875,0.29702052143273144,0.0,0.0,1.0,,,,,0.0031655396214392336,0.5633491187252168,1.534086190531528e-05,0.035510579209885346,0.030564459867541256,0.04686169227793477,0.041910963529893215,0.03551070350975612,-1.4496407237170112,0.0,0.0,0.0,0.0,0.0,0.0,4.906280085062002,128.77775880355108,102.81955498701737,93.69542765350279,19.111036756551425,1.4533910192741335,0.1623824722933652,0.7339150185735954,0.0,0.0,1.0,,,,,0.003662357174275953,0.56193101825288,1.457800758541567e-05,0.04753400126533332,0.03694918115675185,0.06272571432428352,0.050737825738605954,0.047534167651643866,-1.3229941064129636,0.0,0.0,0.0,0.0,0.0,0.0,4.908457068295184,128.77621213773068,102.82321582511081,93.69714619211774,19.15511242937818,1.4497822059211132,0.16130276508258706,0.7311176376586485,0.0,0.0,1.0,,,,,0.004307170942299659,0.5590616027980636,1.5062321305095801e-05,0.06803131612271765,0.04910314381790313,0.08976779544259714,0.06748234279328545,0.06803155425735678,-1.1672896069802996,0.0,0.0,0.0,0.0,0.0,0.0,4.9117667510874155,128.77410453408186,102.82830678660476,93.69994222935043,19.22407402191363,1.444456965733949,0.1597046075698441,0.7271292843311264,0.0,0.0,1.0,,,,,0.005479624527067426,0.5547551896187052,2.1288459626064317e-05,0.12269191671871896,0.0835442226323385,0.16187579915226866,0.11484510811726038,0.12269234618650413,-0.9111825286555878,0.0,0.0,0.0,0.0,0.0,0.0,4.916710482558018,128.77119736141867,102.83479918726339,93.70426567376819,19.330234235581866,1.4368547325606749,0.1574128627505345,0.7214684150638271,0.0,0.0,1.0
p24,old_strong,100.0,1.167031774978135,2.2607935737559623,A,1.0206208451358072,3.4420819122974917,0.9999050000000002,3.4420819122974917,True,0.9999999999999964,3.19956918638497,150,0.040515741816276894,0.022114440921570125,1200,0.08333333333333333,326.0245046466589,0.9722557297949337,0.9898305084745763,0.09947643979057591,0.05055487053020962,0.0067375824144802485,0.048447412285297545,0.07444391975244002,1053.7380052752699,0.008837162992272246,1027.761420156259,0.026873767724447696,1053.7380052758608,3.0227326440767808,425.0,1186.0,2.629409599102719,3.074450718954591,4.58257569495584,6.461336583164107,0.14105894519162254,132.00700942407204,103.03086046380137,90.13746317967629,6.50216113361915,1.074721202430292,0.031295816856571956,0.2223357101440859,425.0,1186.0,1.0,,,,,0.004349227065273873,0.05276392987912976,6.207334849792621e-05,1.7236102862659448,0.015275188919824968,1.7149290410835716,0.04246271702741272,1.7236102870812147,0.2364390774384201,0.0,0.0,0.0,0.0,0.0,0.0,0.4307693215350954,131.97816292036785,103.09587335900953,90.41939676842004,7.794543804488907,1.1422611198601045,0.0577653945853713,0.2927270152971376,0.0,0.0,1.0,,,,,0.0039008176894163396,0.7089487093831746,1.8050263770496406e-05,0.01898991710461396,0.01490389219112217,0.04686169227793477,0.041910963529893215,0.018989918059621205,-1.721476909214069,0.0,0.0,0.0,0.0,0.0,0.0,6.479250170975641,127.89460147542486,103.29144305541156,95.00414295139103,17.80864598355857,1.558952478359976,0.1928328767663973,0.7290861210942554,0.0,0.0,1.0,,,,,0.004558008524377784,0.7091030467676752,1.7259758175698844e-05,0.02541966310815467,0.017946749929559573,0.06272571432428352,0.050737825738605954,0.025419664386515876,-1.5948301876941429,0.0,0.0,0.0,0.0,0.0,0.0,6.481345267001054,127.89383348223227,103.29409720547811,95.00607029836479,17.856708784302533,1.5533373393586816,0.19126578200840189,0.7268135168292016,0.0,0.0,1.0,,,,,0.005372119663559755,0.7079305976519491,1.8012872192069835e-05,0.03638098496365505,0.0238156540120419,0.08976779544259714,0.06748234279328545,0.03638098679326521,-1.4391255253644066,0.0,0.0,0.0,0.0,0.0,0.0,6.484553849647927,127.89295511853649,103.29789331790545,95.00927944337062,17.931707004116834,1.5450296480918304,0.18893681766320888,0.7235490365075079,0.0,0.0,1.0,,,,,0.006717558081874309,0.7058091530280987,2.5885348871637613e-05,0.06561178283161204,0.0405129796904015,0.16187579915226866,0.11484510811726038,0.06561178613125222,-1.183018139404897,0.0,0.0,0.0,0.0,0.0,0.0,6.4893658757644355,127.89194804172355,103.30288650548104,95.0143831467524,18.04683273765526,1.5331431637909827,0.1855827108500714,0.7188598026973536,0.0,0.0,1.0
p24,old_strong,100.0,1.167031774978135,2.2607935737559623,B,1.0206208451358072,3.4420819122974917,0.9999050000000002,3.4420819122974917,True,0.957479554208899,3.2239593717769717,99,0.05940668105737634,0.002527039535255904,1200,0.08333333333333333,213.67601612955332,0.9828431372549019,0.9893752656183595,0.06133333333333333,0.05432098765432099,0.006786240029224855,0.043900276737994064,0.06117753035279483,1045.6731493905793,0.009915417874884083,1027.761420156259,0.026873767724447696,1045.673149391429,3.0193959564258335,412.0,1179.0,2.615950051656401,3.0718820073061255,4.58257569495584,6.4031242374328485,0.1394878526485528,132.006779628562,103.03019555235963,90.1360114932304,6.531227448248183,1.0737420303958172,0.030899953399983845,0.22322556963423773,412.0,1179.0,1.0,,,,,0.004164572277236903,0.05348958388610312,4.985442161074729e-05,1.7193503407619573,0.016988703664188427,1.7149290410835716,0.04246271702741272,1.719350341934054,0.2353643793433465,0.0,0.0,0.0,0.0,0.0,0.0,0.43125520671531503,131.97249882028535,103.09409432615236,90.41996547027024,7.8439981818560565,1.1430233247699086,0.05805509278855094,0.29388607049622895,0.0,0.0,1.0,,,,,0.0036351955331903585,0.6816408664366977,1.748772699538534e-05,0.02072958319560063,0.016592715179758313,0.04686169227793477,0.041910963529893215,0.020729584568595204,-1.6834094013009557,0.0,0.0,0.0,0.0,0.0,0.0,6.510308218429506,127.84436627410884,103.25703184887011,95.00487323154674,17.972134024076357,1.5570977299200295,0.1923158715488464,0.7368523606544998,0.0,0.0,1.0,,,,,0.004245349424292073,0.6817730710322575,1.6754107048153608e-05,0.027748357149555126,0.019989605783718938,0.06272571432428352,0.050737825738605954,0.027748358987429125,-1.5567626955603158,0.0,0.0,0.0,0.0,0.0,0.0,6.5121235227412875,127.84357272652983,103.25975560325534,95.00643507122295,18.01992328439054,1.5515833171129938,0.19077510134518816,0.7344516433747795,0.0,0.0,1.0,,,,,0.004996138799176805,0.6805480453422595,1.7441293372537094e-05,0.03971384297003751,0.026531573309432656,0.08976779544259714,0.06748234279328545,0.039713845600430966,-1.4010580569758333,0.0,0.0,0.0,0.0,0.0,0.0,6.5149033310766225,127.84266082529233,103.26364452829247,95.00909053246352,18.094508536517782,1.5434238437570846,0.18848520521297757,0.730998653332349,0.0,0.0,1.0,,,,,0.006226139671304654,0.6783298742554593,2.5092064908421475e-05,0.07162246390236804,0.04513472642705251,0.16187579915226866,0.11484510811726038,0.07162246864619388,-1.1449507140286266,0.0,0.0,0.0,0.0,0.0,0.0,6.519075287742928,127.84161398633627,103.26874872598076,95.01337635639996,18.209021252622783,1.5317479994484782,0.18518732179063815,0.7260381065597168,0.0,0.0,1.0
p24,old_strong,150.0,1.7505476624672025,2.2607935737559623,A,0.7507150362364737,3.13914756147616,0.7507150362364738,3.13914756147616,True,0.9999999999848227,2.9568385253309297,150,0.021053387530133687,0.009802149837935346,1800,0.08333333333333333,466.67096518725157,0.8641711229946524,0.9388244702119153,0.5059952038369304,0.3301549463647199,0.002986533389900488,0.11441763031860072,0.07925602878348637,1158.5502041078569,0.015618170732807374,1027.761420156259,0.026873767724447696,1158.5502041078678,3.0639148580609104,531.0,1327.0,2.7259116322950483,3.1231980750319988,5.0990195135927845,6.708203932499369,0.2562047495720254,132.01610600171026,103.05569166603681,90.24955942928733,6.544162944393211,1.1268558528256496,0.051868364736195396,0.23279616106992398,531.0,1327.0,1.0,,,,,0.002206044618644051,0.12796974025775515,0.00013330441602447214,1.9233459026057924,0.02594397704989106,1.7149290410835716,0.04246271702741272,1.923345902620711,0.28405739660988844,0.0,0.0,0.0,0.0,0.0,0.0,0.6540456697093397,131.96344617680984,103.1396592160995,90.63791446090694,7.901882922422553,1.2222882811364497,0.08717364792071487,0.3074721683685172,0.0,0.0,1.0,,,,,0.0019933628425364944,0.42798895347262994,1.0863623870924413e-05,0.03028923401043068,0.025424660568019886,0.04686169227793477,0.041910963529893215,0.030289234027906363,-1.5187117092244153,0.0,0.0,0.0,0.0,0.0,0.0,8.744022185494595,127.35045476761448,103.98259267935343,97.3399022295194,17.4059447748183,1.4803874229703644,0.17037538677313366,0.7637896734548778,0.0,0.0,1.0,,,,,0.002323323534070149,0.4296080448576854,1.0366056665626966e-05,0.040544767252264434,0.030683011566537435,0.06272571432428352,0.050737825738605954,0.04054476727565717,-1.392065188060687,0.0,0.0,0.0,0.0,0.0,0.0,8.742899298073413,127.34894312762079,103.98355609204606,97.33747746299406,17.45834759899694,1.4742691635249392,0.16857678173323795,0.7616094439163633,0.0,0.0,1.0,,,,,0.002726138852573831,0.42978388976290277,1.098324949413646e-05,0.05802820817439779,0.04075598359172926,0.08976779544259714,0.06748234279328545,0.058028208207877824,-1.2363608393518117,0.0,0.0,0.0,0.0,0.0,0.0,8.741387187954851,127.34694138168928,103.98499060698464,97.3342135889581,17.539756930086178,1.4652424887084365,0.16590950372993063,0.7583924975642429,0.0,0.0,1.0,,,,,0.003373056232746053,0.4290348617095143,1.588198368452804e-05,0.10465162025484465,0.06934693394875227,0.16187579915226866,0.11484510811726038,0.10465162031522476,-0.9802540431158977,0.0,0.0,0.0,0.0,0.0,0.0,8.739457381951501,127.34430538898536,103.98686752344464,97.32998741547938,17.66406970283558,1.452394682503733,0.16208465020814072,0.7536881956602607,0.0,0.0,1.0
p24,old_strong,150.0,1.7505476624672025,2.2607935737559623,B,0.7507150362364737,3.13914756147616,0.7507150362364738,3.13914756147616,True,0.7749692316572314,2.99628756795028,54,0.013953978476017426,0.0004316371067815128,1800,0.08333333333333333,167.64053615927696,0.9926108374384236,0.9953211399404509,0.026595744680851064,0.022277227722772276,0.003134808431845215,0.01802018940428142,0.021292211880484135,1030.1904461198164,0.015275581739444643,1027.761420156259,0.026873767724447696,1030.1904461198355,3.0129175179609105,408.0,1177.0,2.611723308007342,3.0711452904510828,4.58257569495584,6.4186475296278545,0.24083234338137824,132.014036785053,103.05513941048143,90.2340145971851,6.500569917540776,1.1219833223648725,0.049986401431071,0.22953272927231178,408.0,1177.0,1.0,,,,,0.0022485068211262537,0.02412238843152672,2.159162419704296e-05,1.6990780264205334,0.025100944581050343,1.7149290410835716,0.04246271702741272,1.6990780264467418,0.230213323352371,0.0,0.0,0.0,0.0,0.0,0.0,0.649189708410615,131.9539545188006,103.14352082136067,90.63144981194338,7.916509243543133,1.2215936862532544,0.08692677942454538,0.3062811566373385,0.0,0.0,1.0,,,,,0.0021082519413913522,0.45684105017365867,1.17689612560833e-05,0.02900096838098325,0.02463129358315419,0.04686169227793477,0.041910963529893215,0.029000968411683765,-1.5375874997276517,0.0,0.0,0.0,0.0,0.0,0.0,8.65331662287701,127.30196954074539,103.92477230848014,97.20785644676306,17.57142173254902,1.4874623288483535,0.17244597569103765,0.7683338559482512,0.0,0.0,1.0,,,,,0.0024608800305227236,0.4575885135692779,1.1246524476107994e-05,0.03882031407779544,0.029743884510119056,0.06272571432428352,0.050737825738605954,0.038820314118890774,-1.4109409547913192,0.0,0.0,0.0,0.0,0.0,0.0,8.652180967987583,127.3005648376476,103.92592106216308,97.2054295391944,17.623272037484604,1.4814407064271802,0.1706842738472471,0.7660703620979181,0.0,0.0,1.0,,,,,0.0028888508665746424,0.45716863414874426,1.1811403721298936e-05,0.055560152859280454,0.03951918714502832,0.08976779544259714,0.06748234279328545,0.05556015291809674,-1.255236567624951,0.0,0.0,0.0,0.0,0.0,0.0,8.650629475351955,127.29873021802877,103.92761229253821,97.20215163626011,17.70385283302456,1.472549729836144,0.1680699703716919,0.7627320336355983,0.0,0.0,1.0,,,,,0.0035744187401311905,0.45594036500131424,1.702975615814586e-05,0.10020059574972162,0.0672472307388145,0.16187579915226866,0.11484510811726038,0.10020059585579481,-0.9991296958728223,0.0,0.0,0.0,0.0,0.0,0.0,8.648610139566783,127.2963498049854,103.9298230928556,97.19788588442113,17.826954199725364,1.4598814374257403,0.16431758649498612,0.7578493855792231,0.0,0.0,1.0
p25,old_strong,180.84654272533953,7.118752813027958,7.118752813027958,truth,,,,,,0.9982321549206972,4.687922137225234,,,,,,,1.0,1.0,0.0,0.0,0.0,0.0,0.0,50628.165852405655,57.519677642382234,50628.165852405655,57.519677642382234,50628.759260958526,4.7043972844336155,39788.0,63638.0,4.599763024345199,4.803723346683311,21.748563170931547,25.632011235952593,2.309542243346985,130.16458855645828,102.71157109114041,91.37188154417734,19.65798185456203,1.1677024390953719,0.06733218736287747,0.6106046697328446,39788.0,63638.0,1.0,,,,,0.0,0.0,0.0,578.4153364050693,101.99347327847806,578.4153364050693,101.99347327847806,578.4358841917212,2.7622552272723726,0.0,0.0,0.0,0.0,0.0,0.0,5.7814334068906925,126.82511881664169,102.21605944245678,92.45581232562154,28.539232515109813,1.6550465374603331,0.21881021000181045,0.6339417829678747,0.0,0.0,1.0,,,,,0.0,0.0,0.0,84.62522035876698,70.77934457680527,84.62522035876698,70.77934457680527,84.6256341935803,1.9275019363548296,0.0,0.0,0.0,0.0,0.0,0.0,14.498357166573873,118.64800306481413,99.93952164932594,94.74973795460198,36.09672232557683,4.382559540535572,0.6417278250397392,0.6780625700998909,0.0,0.0,1.0,,,,,0.0,0.0,0.0,225.60931842593124,172.3038439229672,225.60931842593124,172.3038439229672,225.61042336807986,2.3533591605004327,0.0,0.0,0.0,0.0,0.0,0.0,14.473095359041013,118.67369933573735,99.96569874333191,94.76164002853533,36.21321956664353,4.3210530451174,0.6355895977299703,0.6681806944222487,0.0,0.0,1.0,,,,,0.0,0.0,0.0,346.1487532935955,247.10366516834264,346.1487532935955,247.10366516834264,346.15045438801786,2.539264906041574,0.0,0.0,0.0,0.0,0.0,0.0,14.434530408663713,118.71156133615958,100.00296584845137,94.77397656995083,36.39846332182308,4.23226433150259,0.6265727842936638,0.6532602995782396,0.0,0.0,1.0,,,,,0.0,0.0,0.0,1025.2976702388723,694.5812111481966,1025.2976702388723,694.5812111481966,1025.3027573887061,3.010852125341434,0.0,0.0,0.0,0.0,0.0,0.0,14.36990351331783,118.77101265206723,100.06139267770531,94.7804401194508,36.68509216251909,4.106039806276456,0.6134231553517703,0.6331758131319067,0.0,0.0,1.0
p25,old_strong,30.0,1.180904988132323,7.118752813027958,A,78.91520052242586,7.905491358605683,0.9999050000000002,7.905491358605683,True,0.9999999999999996,8.49010381865663,150,0.1770016180019038,0.15182144702174497,360,0.08333333333333333,124.140236325562,0.33769923335631175,0.5313855810948029,8.412457857408619,6.674338881656167,0.06552818330873804,0.5915124612352016,0.6140677789184422,19580.975098094063,18.032255615334883,50628.165852405655,57.519677642382234,19631.11177290529,4.2929448957877465,8083.0,23026.0,3.9076263048432662,4.362237360964099,12.24744871391589,17.349351572897472,0.1222944076198709,131.90183682405342,102.98038994719121,90.07025210923533,16.798554710326595,1.016213839716831,0.006985105228599171,0.5172945129282047,8083.0,23026.0,1.0,,,,,0.061591890731093425,0.7703749756760468,0.010318339007949371,147.3287677705141,27.25515835435983,578.4153364050693,101.99347327847806,151.47927541652524,2.180353219056675,0.0,0.0,0.0,0.0,0.0,0.0,2.648189518281708,132.7452321616929,103.74610033761029,87.57082914636837,28.24128028855511,1.3673454650717596,0.13587825459670327,0.4662583638784489,0.0,0.0,1.0,,,,,0.058106236453958904,0.8875457821222111,0.0031939319946059515,23.110442629306267,19.748169233919608,84.62522035876698,70.77934457680527,25.261135862987015,1.4024528746411937,0.0,0.0,0.0,0.0,0.0,0.0,6.148448141584213,130.88687591060952,104.82132105696999,84.23396506091,37.1705482753237,1.8575991845338427,0.2689520117439118,0.38226252803637883,0.0,0.0,1.0,,,,,0.06465098590363923,0.8846855871993727,0.0059153591767118095,61.705465873389365,48.66980689798322,225.60931842593124,172.3038439229672,67.44553223433223,1.8289531861763348,0.0,0.0,0.0,0.0,0.0,0.0,6.138052932109983,130.86593706998084,104.83103506996417,84.25222602734749,37.22073860705818,1.8580665628129007,0.26906126797007895,0.3809160841626072,0.0,0.0,1.0,,,,,0.06804046756615911,0.8802405496476701,0.006391964860495014,94.65591168278617,69.95579062946994,346.1487532935955,247.10366516834264,103.44850770015455,2.014724230117628,0.0,0.0,0.0,0.0,0.0,0.0,6.123507280749576,130.82753400202637,104.83990413438352,84.27833785711991,37.304559210105545,1.85859608053789,0.26918501696193337,0.3781384470505113,0.0,0.0,1.0,,,,,0.07488149754141098,0.8721402982275263,0.013765100625231178,282.54176191266583,197.29407680376173,1025.2976702388723,694.5812111481966,308.63506457618496,2.489445265495291,0.0,0.0,0.0,0.0,0.0,0.0,6.09955426964542,130.74900061416304,104.84152500234319,84.32123706334468,37.44193310686585,1.8595419361065213,0.26940597694844076,0.37445052818623553,0.0,0.0,1.0
p25,old_strong,30.0,1.180904988132323,7.118752813027958,B,78.91520052242586,7.905491358605683,0.9999050000000002,7.905491358605683,True,0.9999999999998608,12.976532334109217,150,0.6172269556768796,0.10122657907575294,360,0.08333333333333333,128.52447718381882,0.8535358516618996,0.8721213744599894,1.8859027245308142,2.088857438081727,0.2777382142040437,0.33001917026775957,0.45314340671562386,66521.38052510146,4549.9965734621155,50628.165852405655,57.519677642382234,68440.13980823268,4.835310888038583,31185.0,82496.0,4.493959674554182,4.9164381557361665,19.209372712298546,26.551836094703507,0.5852139015494106,131.41543297754203,102.98936928857032,90.0253711410031,24.95482527071202,1.0894048731699884,0.037189313645119286,0.5105909091440637,31185.0,82496.0,1.0,,,,,0.2734443828784667,7.989280013241684,0.12878614858287962,6949.401861336921,5839.964440308001,578.4153364050693,101.99347327847806,7934.167415623038,3.8995013601051314,0.0,0.0,0.0,0.0,0.0,0.0,3.86600770476818,128.98327619379614,103.8610766886361,87.74080988256912,39.78759807780875,1.5193821397292435,0.18166701698558613,0.34821995546978585,0.0,0.0,1.0,,,,,0.26030356218318607,34.98966375399014,0.09316273740912488,4576.131847277944,4443.137506509841,84.62522035876698,70.77934457680527,5356.030209701675,3.728843017904896,0.0,0.0,0.0,0.0,0.0,0.0,4.276284533939997,128.74824053596336,104.13394692445033,87.46487984983114,41.53025255220544,1.5575330560138452,0.19243727259738005,0.3129928429194748,0.0,0.0,1.0,,,,,0.2902035303563534,36.81105085306331,0.20771030651124325,11757.671987031006,10899.993503879658,225.60931842593124,172.3038439229672,13739.862376481551,4.137982382691947,0.0,0.0,0.0,0.0,0.0,0.0,4.367954849295389,128.5223973311596,104.07685991351181,87.5863550447863,41.63296434129236,1.562465743544633,0.19381050438243297,0.31705887343125644,0.0,0.0,1.0,,,,,0.29892895093379235,35.1782117664214,0.2188500570670386,16447.750811485537,14579.866450773125,346.1487532935955,247.10366516834264,19132.616313795825,4.281774362235968,0.0,0.0,0.0,0.0,0.0,0.0,4.649619879965174,127.98374214258631,103.93014381560215,87.84977435295102,41.84467804078777,1.5755891423202466,0.19744297934283495,0.3244410358049443,0.0,0.0,1.0,,0.0,,,0.3264241399818494,28.154594903962984,0.32111823298716224,38934.00042608276,32835.07844148422,1025.2976702388723,694.5812111481966,44859.12564252271,4.651850804415735,0.0,1178.0,0.0,3.071513805095089,0.0,36.24913792078372,5.446945477522024,126.83196581269485,103.61686664015465,88.39372691543215,42.27674704899207,1.6092556221199443,0.20662503506147184,0.33793595058507775,0.0,1178.0,1.0
p25,old_strong,60.0,2.361809976264646,7.118752813027958,A,29.80098850783081,7.378227233265025,0.9999050000000002,7.378227233265025,True,0.9999999999999996,7.753762846246622,150,0.139329985975215,0.1250106771447913,720,0.08333333333333333,211.62752094864845,0.5539786665697516,0.7101441932574706,5.518330824146935,4.137144566613138,0.05395684888822185,0.4359132223394446,0.4892168395126335,27786.925986788046,19.28749894290809,50628.165852405655,57.519677642382234,27841.85909066957,4.444698231149101,15243.0,35049.0,4.1830989401001295,4.544688022302678,15.264337522473747,20.049937655763422,0.3357267242207775,131.7211046652251,102.93277882808918,90.17438789993504,17.588708663476478,1.033641478139617,0.014369928442922099,0.5424066831768538,15243.0,35049.0,1.0,,,,,0.05050564925126345,0.6303280226317443,0.00834542132672488,224.28142744128715,30.71629285999677,578.4153364050693,101.99347327847806,227.32975771928537,2.3566562890790625,0.0,0.0,0.0,0.0,0.0,0.0,1.770824886692521,131.84693068347883,103.36354844514824,88.27366773427025,27.47573584635918,1.3504274038964608,0.13047124240380956,0.5090254461532683,0.0,0.0,1.0,,,,,0.04767428923691781,0.8281330616663083,0.0029745014902093528,26.894357639389202,21.824247672089406,84.62522035876698,70.77934457680527,27.973436347725922,1.4467458197925744,0.0,0.0,0.0,0.0,0.0,0.0,6.367194405289239,127.8575826339314,103.66400884865732,85.21036168286741,36.81838227938014,2.18624717151444,0.33969926061299227,0.4735186294301583,0.0,0.0,1.0,,,,,0.05347316133357744,0.8252822024196443,0.0055441242170387595,71.80824364537811,53.439194557782685,225.60931842593124,172.3038439229672,74.68887006918159,1.873255889262916,0.0,0.0,0.0,0.0,0.0,0.0,6.357652763814099,127.84625969163136,103.6782424122814,85.23490006966807,36.88670097879695,2.1834441870488748,0.3391420950132598,0.4694288734785722,0.0,0.0,1.0,,,,,0.05672334170746539,0.8208880851793905,0.00599646150700423,110.15527853117484,76.60755246017922,346.1487532935955,247.10366516834264,114.57071429012451,2.0590736207066014,0.0,0.0,0.0,0.0,0.0,0.0,6.3485983193089295,127.82425201391362,103.6936368319482,85.26854173409586,36.998241373340136,2.1792741305998296,0.3383118635269609,0.4626259888236667,0.0,0.0,1.0,,,,,0.0627988151496842,0.812218768838492,0.012985925836523565,328.8372994478971,216.22135290264117,1025.2976702388723,694.5812111481966,341.9719300925832,2.5339904595467706,0.0,0.0,0.0,0.0,0.0,0.0,6.342789145102841,127.7787327728651,103.70577828449933,85.31878710701164,37.175210856593395,2.1735732494826276,0.3371742805103255,0.45349189186852445,0.0,0.0,1.0
p25,old_strong,60.0,2.361809976264646,7.118752813027958,B,29.80098850783081,7.378227233265025,0.9999050000000002,7.378227233265025,True,0.9999999999999686,10.071736939989773,150,0.4071687012630638,0.06763140268344481,720,0.08333333333333333,211.08036468178034,0.8983489631488575,0.906336227811615,1.349610668282758,1.5294607207902948,0.16726748512621142,0.23954923432360054,0.47395389165004587,58348.63147623676,1033.2625284142396,50628.165852405655,57.519677642382234,59136.43455072858,4.771855136530599,35922.0,74732.0,4.555372598291509,4.873512416449861,20.149441679609886,25.709920264364882,0.35589479989032136,131.65980023995263,102.96656931985298,90.09903343615967,22.187227132555194,1.0466105551217768,0.019785110308126002,0.536657201318207,35922.0,74732.0,1.0,,,,,0.15941154201638974,2.3749233350021055,0.06427104621623296,2199.340310797281,1393.2279923685178,578.4153364050693,101.99347327847806,2362.36372129474,3.3733467645689066,0.0,0.0,0.0,0.0,0.0,0.0,3.5879221803635017,129.83539665573343,103.69907971245895,87.22529902692872,35.79387200430104,1.5776424973993408,0.19800859646721986,0.4239601370450407,0.0,0.0,1.0,,,,,0.1495429114762704,9.83637507806921,0.04445184610750568,1090.2288116134719,1035.3480793516947,84.62522035876698,70.77934457680527,1209.5367729346003,3.082619076534037,0.0,0.0,0.0,0.0,0.0,0.0,5.040930802660326,129.11133901514364,104.19841182382319,86.04646611595409,39.43349877820687,1.7330632562347768,0.23881441460794298,0.3683471362712242,0.0,0.0,1.0,,,,,0.16537470426048048,10.38867930081173,0.10123122186831549,2872.336549086858,2555.198900574153,225.60931842593124,172.3038439229672,3184.5240081594384,3.5030445273846134,0.0,0.0,0.0,0.0,0.0,0.0,5.032504204027903,129.01397454169503,104.18038527905665,86.12489469576639,39.486580693680146,1.7348516366680504,0.23926234014622785,0.3696577918584914,0.0,0.0,1.0,,,,,0.16828534674400672,10.420221109611607,0.12193437075611312,4265.757717954201,3581.626521039179,346.1487532935955,247.10366516834264,4718.695654166057,3.673821967175815,0.0,0.0,0.0,0.0,0.0,0.0,5.040739503034422,128.76517352672425,104.11684567314161,86.29897201204436,39.59482613328813,1.7395034260791984,0.24042528845918987,0.3717832760812656,0.0,0.0,1.0,,,,,0.18044222466972384,9.561933011687357,0.21548839904288605,11647.617223420115,9235.12338834562,1025.2976702388723,694.5812111481966,12799.456052805575,4.107191513531884,0.0,0.0,0.0,0.0,0.0,0.0,5.167632789970664,128.1136596360367,103.92345905804306,86.72158413322414,39.82046761127258,1.7533074107232645,0.24385806844753632,0.3781400349947142,0.0,0.0,1.0
p25,old_strong,100.0,3.9363499604410768,7.118752813027958,A,8.583166633104087,6.610105527546417,0.9999050000000002,6.610105527546417,True,0.9999999999999998,6.789692245029833,150,0.09182066809436408,0.08652728777047233,1200,0.08333333333333333,327.3512436300516,0.799638281838734,0.861923424781429,2.5188082124750317,2.0330146896157903,0.037347595712183,0.24342274952127851,0.29788068345678503,38443.69814303506,24.421119153554322,50628.165852405655,57.519677642382234,38485.9474431953,4.585302182445111,26562.0,49140.0,4.4242771222724,4.691443989955682,18.35755975068582,22.67156809750927,0.8009534944518932,131.31683213545816,102.83285446685,90.3832369239518,18.53291926887056,1.0668998437799462,0.028123651537582985,0.5696173779481423,26562.0,49140.0,1.0,,,,,0.03439249488127976,0.41095749724699077,0.005162976747999355,353.3680393255427,41.96215920575753,578.4153364050693,101.99347327847806,354.98021989518656,2.550204154098184,0.0,0.0,0.0,0.0,0.0,0.0,1.7396905238061744,130.38528973432696,102.91971464048962,89.357514095408,27.375932131697823,1.3877253541160641,0.14230352303942936,0.5575679901724336,0.0,0.0,1.0,,,,,0.032151086024200956,0.676828105334812,0.0023969516589605116,37.290663783809784,29.290917226870203,84.62522035876698,70.77934457680527,37.49985609240009,1.574029601103813,0.0,0.0,0.0,0.0,0.0,0.0,8.461118989180441,123.84395327342261,101.98555255829042,87.98994210755883,36.53467342128409,2.908904382577339,0.4637294459629333,0.581258203090425,0.0,0.0,1.0,,,,,0.03648946025765317,0.6744414771179997,0.0045442002665991525,99.55219107947372,71.39236910661289,225.60931842593124,172.3038439229672,100.11085696762355,2.000481179032203,0.0,0.0,0.0,0.0,0.0,0.0,8.449817079399596,123.84649842994774,102.00462123219128,88.01781889549312,36.62825414854516,2.89199393564018,0.46119737793066484,0.5740486362141984,0.0,0.0,1.0,,,,,0.03891941495878549,0.6707185770823019,0.005059704420965907,152.66918472120082,102.23761825806098,346.1487532935955,247.10366516834264,153.5265360490901,2.186183451237769,0.0,0.0,0.0,0.0,0.0,0.0,8.437529979626238,123.84742427096205,102.02810370969932,88.05504788226222,36.77761729093632,2.867844463105911,0.4575555937717215,0.5628253999850359,0.0,0.0,1.0,,,,,0.043127020458017314,0.6617084624472696,0.01103193306462814,455.38509749203706,289.0176934787838,1025.2976702388723,694.5812111481966,457.94661614943004,2.660814854285537,0.0,0.0,0.0,0.0,0.0,0.0,8.426082703702809,123.84381253978086,102.05593064637505,88.10679929776323,37.008832446150606,2.8345251997583962,0.4524803223491686,0.5477202292238238,0.0,0.0,1.0
p25,old_strong,100.0,3.9363499604410768,7.118752813027958,B,8.583166633104087,6.610105527546417,0.9999050000000002,6.610105527546417,True,0.9999999999999756,7.686470428835569,150,0.17214741498317276,0.04235117625814633,1200,0.08333333333333333,327.5475479736924,0.9284770567610143,0.9372088605190166,0.994527274586392,1.036657884380399,0.07608518761851817,0.15841287792338316,0.4497687300665521,53333.971476572806,167.776160073541,50628.165852405655,57.519677642382234,53546.67250540937,4.728732488100846,38928.0,68006.0,4.59027324779574,4.832553617190212,20.808652046684813,25.15949125081825,0.7046240275338154,131.37454748527938,102.88836793819188,90.3047005985949,20.432389717778765,1.0619780023019418,0.026115520909456458,0.5648377858763421,38928.0,68006.0,1.0,,,,,0.06863947683335575,0.4826553929679576,0.018012528448741006,843.1359974872414,253.07039567833831,578.4153364050693,101.99347327847806,854.5173394984603,2.931720879663072,0.0,0.0,0.0,0.0,0.0,0.0,2.95348192601626,129.29627260516315,102.97106761585097,88.81169171556328,30.74185728379221,1.583777962697392,0.19969429572920577,0.5347183881108137,0.0,0.0,1.0,,,,,0.06242554724533389,1.4369714109294798,0.010122692477740449,201.74555370451841,180.39889219474438,84.62522035876698,70.77934457680527,205.98697336006293,2.3138397564044646,0.0,0.0,0.0,0.0,0.0,0.0,7.8873676772161945,124.77301930676886,102.73514406105602,86.85179888398704,38.03514963678203,2.5772765489732317,0.41116102206238675,0.5206043919897217,0.0,0.0,1.0,,,,,0.06905075077277584,1.4833514066825764,0.01922579390177877,537.26894996982,441.62769475072076,225.60931842593124,172.3038439229672,548.57182805301,2.7392335006157955,0.0,0.0,0.0,0.0,0.0,0.0,7.876302300438173,124.76852851559721,102.75225523324644,86.88863685361171,38.09343745389103,2.5705254087177343,0.41002190106878555,0.516099201843726,0.0,0.0,1.0,,,,,0.06954937327077483,1.4989947509879258,0.02356062191590748,819.2334605306502,629.5601993584226,346.1487532935955,247.10366516834264,836.4690805800963,2.9224498922420774,0.0,0.0,0.0,0.0,0.0,0.0,7.866563780275725,124.75253972971157,102.77054859698084,86.94967257603561,38.193317019846326,2.5600152318308105,0.40824254932762716,0.508303848127888,0.0,0.0,1.0,,,,,0.07270032625517776,1.4857012956514173,0.05371058174740696,2404.1509858405,1743.8213032460978,1025.2976702388723,694.5812111481966,2454.5033850387913,3.3899636353776907,0.0,0.0,0.0,0.0,0.0,0.0,7.866604004653093,124.70147419591346,102.7820744990114,87.07297281715289,38.36221973767787,2.5432337155755365,0.40538627237421876,0.4975020414739269,0.0,0.0,1.0
p25,old_strong,150.0,5.904524940661615,7.118752813027958,A,2.080398496610998,5.501142386796332,0.9999050000000002,5.501142386796332,True,0.9999999999999998,5.542590275804511,150,0.0329895691375474,0.03226885119992608,1800,0.08333333333333333,469.47781378775835,0.9560301344640241,0.9646949321179831,0.668484127377582,0.6277845312428096,0.013928988220692636,0.070806264120812,0.18679546936589544,48278.35492162612,43.279981710442364,50628.165852405655,57.519677642382234,48287.20942146131,4.683832107701453,37333.0,60990.0,4.572104523139882,4.785265754048332,20.904544960366874,24.879710609249457,1.6543664978044728,130.6114497247514,102.70321594726389,90.84898519905025,19.410179684215343,1.1256851589088044,0.05141694036592909,0.596734090216221,37333.0,60990.0,1.0,,,,,0.012137557486143691,0.14452015990363518,0.0036853546442327323,519.6962227970076,77.18714780936845,578.4153364050693,101.99347327847806,519.9987139008836,2.7160022695070296,0.0,0.0,0.0,0.0,0.0,0.0,4.008710034697137,128.18112643180723,102.30707560446726,91.00290408041633,28.102630807570737,1.5517545724017483,0.19082303375192325,0.6081433137955271,0.0,0.0,1.0,,,,,0.010906537683930106,0.28605828757710955,0.001097432379935659,65.72597369004725,53.55474471570356,84.62522035876698,70.77934457680527,65.73349560238773,1.817786727981898,0.0,0.0,0.0,0.0,0.0,0.0,12.29974833242822,120.25335083362462,100.01113592991871,92.08967317390555,36.351926717029805,3.9547887195518423,0.5971232867252855,0.655510172573588,0.0,0.0,1.0,,,,,0.012506119673937159,0.2850417882951357,0.00209385218735626,175.36332231329834,130.41069389587872,225.60931842593124,172.3038439229672,175.3834132025955,2.243988517791648,0.0,0.0,0.0,0.0,0.0,0.0,12.280665121354215,120.27049881668029,100.03692968838958,92.11039146648206,36.46272700405088,3.908409787465655,0.5920000921769754,0.6460903963352603,0.0,0.0,1.0,,,,,0.013340164192432459,0.28439460318372506,0.002342111887211072,268.5870766946125,186.65305631109356,346.1487532935955,247.10366516834264,268.6179228201391,2.429134986449616,0.0,0.0,0.0,0.0,0.0,0.0,12.253455429996263,120.2946749987461,100.0730785470135,92.13674223947876,36.63833366155843,3.841858886707016,0.5845414089770125,0.6319006324743237,0.0,0.0,1.0,,,,,0.014647954182862995,0.2788696643799327,0.005079920004815547,798.3269212972039,526.4566849032061,1025.2976702388723,694.5812111481966,798.4192330374204,2.9022309900796857,0.0,0.0,0.0,0.0,0.0,0.0,12.211728994678518,120.33046400465211,100.12909483084353,92.16936815742802,36.90894090857781,3.747982757840122,0.5737975842989543,0.6128701150736257,0.0,0.0,1.0
p25,old_strong,150.0,5.904524940661615,7.118752813027958,B,2.080398496610998,5.501142386796332,0.9999050000000002,5.501142386796332,True,0.9999999999999956,5.660757954646045,150,0.02071559830732639,0.012657774100881425,1800,0.08333333333333333,469.28721711039543,0.9663995962399848,0.9724028138307467,0.5270026918171582,0.49618462531572455,0.016314054757932954,0.0661592657877124,0.24508403296445716,50639.04666987009,55.97916343966665,50628.165852405655,57.519677642382234,50652.43999410993,4.704600370731924,39467.0,63875.0,4.59624511953028,4.805337712220379,21.283796653792763,25.238858928247925,1.6270352525319516,130.62215369856332,102.70780000185283,90.81449520789369,19.67058907299081,1.1230836866346157,0.050412118941313144,0.595865030004043,39467.0,63875.0,1.0,,,,,0.013400146818338815,0.13102441243870283,0.004714240132207823,582.6377813604643,97.80426031206915,578.4153364050693,101.99347327847806,583.0928752768732,2.765737734875267,0.0,0.0,0.0,0.0,0.0,0.0,4.119616150283432,128.05333887897663,102.29165859613114,90.94517494520525,28.480601151546868,1.583906139978529,0.19972944234365922,0.6054759693257581,0.0,0.0,1.0,,,,,0.011233628340304265,0.18153338988112977,0.001495637331294168,81.85130727789792,67.9881949559082,84.62522035876698,70.77934457680527,81.86373653952039,1.9130915634397228,0.0,0.0,0.0,0.0,0.0,0.0,12.267487944344433,120.22778319828845,100.11325893426466,91.89021111454078,36.57122090618113,3.963604565306267,0.5980903199626182,0.6512321258002799,0.0,0.0,1.0,,,,,0.012904170546802006,0.18017191876966512,0.0027639324901289697,218.32504377217958,165.59319548601079,225.60931842593124,172.3038439229672,218.3582418986124,2.3391695889458624,0.0,0.0,0.0,0.0,0.0,0.0,12.24745726788379,120.24557906534052,100.140028685001,91.9116385894989,36.67685316141094,3.918113935029692,0.5930770607131455,0.642064421256361,0.0,0.0,1.0,,,,,0.013129643432704553,0.17819791014376077,0.002812465398736386,334.1728326874574,236.82136628733264,346.1487532935955,247.10366516834264,334.22380179460913,2.5240373750007428,0.0,0.0,0.0,0.0,0.0,0.0,12.218647616947107,120.27089648572687,100.17813689002641,91.93921863830847,36.8452599028062,3.852301086647042,0.5857202231979011,0.6281331688343637,0.0,0.0,1.0,,,,,0.013614619807600755,0.17355272065507615,0.005450350911922518,991.5034750345757,666.2537032706907,1025.2976702388723,694.5812111481966,991.6559974726152,2.996361042810087,0.0,0.0,0.0,0.0,0.0,0.0,12.173516207417144,120.30928213499271,100.23892924350616,91.9743608917019,37.106663558235454,3.757960358214688,0.5749521945246403,0.609311264020562,0.0,0.0,1.0
p26,old_strong,81.7183088324964,2.72098625039844,2.72098625039844,truth,,,,,,0.8042667374014855,6.891911515943387,,,,,,,1.0,1.0,0.0,0.0,0.0,0.0,0.0,22409.735504350043,456.84744146858355,22409.735504350043,456.84744146858355,22422.81156466746,4.350690067244892,10300.0,27824.0,4.01287938717129,4.444435173006746,13.638181696985855,18.708286933869708,0.6873033779461197,131.47828072877053,102.89855439540476,90.43577944498593,17.008417529006593,1.0693185606031765,0.029107105117363977,0.5424234983646422,10300.0,27824.0,1.0,,,,,0.0,0.0,0.0,5453.596718942901,1486.0206602161174,5453.596718942901,1486.0206602161174,5465.77455144309,3.7376517142422117,0.0,0.0,0.0,0.0,0.0,0.0,3.6088262818414707,128.67580695013905,102.42742756007351,91.28278154835596,23.77684025573245,1.273361359640199,0.10495166699032228,0.6402971335982734,0.0,0.0,1.0,,,,,0.0,0.0,0.0,3320.671977043045,2280.1706737011964,3320.671977043045,2280.1706737011964,3336.8652333558634,3.523338667070802,0.0,0.0,0.0,0.0,0.0,0.0,7.657712295871874,124.82513962880678,101.90108627913047,92.44014853939531,28.64750608399883,1.6342048461772063,0.21330649404977087,0.6323527610964411,0.0,0.0,1.0,,,,,0.0,0.0,0.0,7404.359854448916,4745.207509883648,7404.359854448916,4745.207509883648,7441.1611369833845,3.8716407092069525,0.0,0.0,0.0,0.0,0.0,0.0,7.575522536431284,124.90716717274252,101.91142853463755,92.42801901750286,28.917202737272795,1.6254475148308773,0.21097295083163273,0.6257219957972169,0.0,0.0,1.0,,1.0,,0.0,0.0,0.0,0.0,21738.550506542444,13360.002994419181,21738.550506542444,13360.002994419181,21852.845530958322,4.33950799590283,0.0,13.0,0.0,1.146128035678238,0.0,31.176692132196724,7.344998785327477,125.13184419547052,101.94189459268935,92.37862480189501,29.426060739676934,1.6098070500207693,0.20677382501757355,0.6118689048238835,0.0,13.0,1.0,1.0,1.0,0.0,0.0,0.0,0.0,0.0,88692.69365336244,55242.11096632066,88692.69365336244,55242.11096632066,89273.03111890062,4.950720280778837,147.0,151661.0,2.1702617153949575,5.180876778824727,31.311336377009365,37.54996671103717,6.7285407550875735,125.71021455025674,102.01654863960377,92.17822935220495,30.84779766945726,1.5958146737587402,0.2029824541592675,0.5768952372247697,147.0,151661.0,1.0
p26,old_strong,30.0,0.9989143030269378,2.72098625039844,A,2.6637895118484587,8.208589581228436,0.9999050000000002,8.208589581228436,True,0.9999999999999998,8.122622827579686,150,0.04302535846575977,0.042048084419534656,360,0.08333333333333333,128.55196118354797,0.710727249968707,0.7745970228133533,2.297436841723436,2.516537684358224,0.02526507351952977,0.2653090511780478,0.20512973801668505,15619.951352562597,243.7406926081057,22409.735504350043,456.84744146858355,15645.351305334527,4.194385319368138,5678.0,17588.0,3.754271868683459,4.2452411489044595,11.090536506409418,15.937377450509228,0.16401604753446294,131.87974578009658,102.97814092641138,90.1093726078417,16.05221207049645,1.0226319370728338,0.009719351736806279,0.5061591715206512,5678.0,17588.0,1.0,,,,,0.025962158760031214,0.3541238262700462,0.05901972422640259,3444.381111205672,799.5170868132813,5453.596718942901,1486.0206602161174,3478.8308502603436,3.541433312741712,0.0,0.0,0.0,0.0,0.0,0.0,1.9897665796302144,130.09551808674402,102.59100391559575,90.4060072492409,23.27017817611765,1.1542345520577055,0.06229407079000534,0.6074306510856459,0.0,0.0,1.0,,,,,0.026743768855637878,0.50019985072817,0.07360277629946366,1925.5350564595522,1251.4520923713221,3320.671977043045,2280.1706737011964,1978.553939487454,3.296347894532519,0.0,0.0,0.0,0.0,0.0,0.0,4.61789110443291,127.53970586808765,102.10011206562777,90.78796967885836,28.784573288889387,1.3262813687291064,0.12263566880749145,0.5669969672644256,0.0,0.0,1.0,,,,,0.02819753211420036,0.4783689066812268,0.1097392047821777,4355.906337793984,2659.261986859019,7404.359854448916,4745.207509883648,4475.315369735477,3.6508236449055507,0.0,0.0,0.0,0.0,0.0,0.0,4.619311986765667,127.53999053306104,102.09968131944903,90.79736131041255,29.02997231320973,1.3301989322729322,0.12391659489780114,0.5632284825161534,0.0,0.0,1.0,,0.0,,,0.03023009711051392,0.4351716136005995,0.16004221840534688,13324.197337345633,7856.3776114269185,21738.550506542444,13360.002994419181,13681.597907900767,4.136136822680698,0.0,0.0,0.0,0.0,0.0,0.0,4.590790112573212,127.57003545505916,102.11493815377136,90.81696604373583,29.45986884376541,1.3391294707078778,0.1268225678228777,0.5561310944466739,0.0,0.0,1.0,0.0,0.6834704303402892,,3.1975592498320244,0.0323360226925541,0.30608218411361343,0.21623144535532915,63337.73038825439,37974.26970976498,88692.69365336244,55242.11096632066,64924.17244482795,4.812406422607305,151.0,81379.0,2.1818435879447726,4.9105176855172665,27.964262908219126,32.71085446759225,4.498021823595249,127.6627178861304,102.1810732831198,90.86576164307837,30.56263452340019,1.3737975420526758,0.13792273501762073,0.540108829904717,151.0,81379.0,1.0
p26,old_strong,30.0,0.9989143030269378,2.72098625039844,B,2.6637895118484587,8.208589581228436,0.9999050000000002,8.208589581228436,True,0.999999999999999,9.596431813872393,150,0.18223160928477167,0.011980019966537414,360,0.08333333333333333,131.07413455098867,0.9562761611780726,0.9637150755428829,0.4448073287825302,0.512582912112077,0.0955796977596235,0.11298217192488716,0.10348051732742805,25503.849174550505,1450.4263375857188,22409.735504350043,456.84744146858355,25650.57525781768,4.409097109350152,9529.0,29693.0,3.979092900638326,4.4726687041948,13.076696830622021,18.894443627691185,0.1649294753561442,131.85377887620578,102.97790449812743,90.07302673205483,18.697164067432304,1.024016242998693,0.010306845496017255,0.5254665482700043,9529.0,29693.0,1.0,,,,,0.10003537196028317,0.49140102493357024,0.09865446626494447,8823.47390049314,4071.3173735385194,5453.596718942901,1486.0206602161174,9081.536795400758,3.9581593469008176,0.0,0.0,0.0,0.0,0.0,0.0,2.234280359302666,129.8249459183854,102.55830161486841,90.25700389605889,27.13632882253979,1.1629784898095699,0.06557168218898196,0.5506194063324962,0.0,0.0,1.0,,,,,0.10216400203057627,1.283851038952835,0.1563011756646894,7756.053295844841,6372.510789156807,3320.671977043045,2280.1706737011964,8171.851368659239,3.912320458993431,0.0,0.0,0.0,0.0,0.0,0.0,3.885013672046521,128.21510969254848,102.19411826780947,90.34422554563764,31.570087395365782,1.2501428940169401,0.09695965663704272,0.49931334238903113,0.0,0.0,1.0,,0.0,,,0.10656966574435557,1.2463256068527566,0.28090267199141855,16850.94754785901,13036.64090741929,7404.359854448916,4745.207509883648,17732.190865508826,4.248762397305345,0.0,178.0,0.0,2.2528530309798933,0.0,28.089143810376278,3.8770210334321225,128.22056550777202,102.21560408044158,90.36316670278624,31.77304837628493,1.261810319560922,0.10099407490863758,0.49934354450969043,0.0,178.0,1.0,,0.002344877344877345,,36.5111246232938,0.11186310153214346,1.0569924860793025,0.4595093184874455,45675.32148514189,33550.141241380465,21738.550506542444,13360.002994419181,47888.9866193655,4.68023564701809,40.0,13371.0,1.6127838567197355,4.126196367920531,27.478172870151514,32.69556544854363,3.9037068924544123,128.18650646524367,102.27800382973196,90.41822971282062,32.176571030619634,1.2936714360085801,0.1118239891244936,0.4993260562208002,40.0,13371.0,1.0,0.004516198405505461,0.7576013978661513,27.547496561598138,3.7696378911271853,0.12203286239929918,0.6349104128713431,0.6138131646334689,149420.2003666165,106800.17640232516,88692.69365336244,55242.11096632066,156055.31420431612,5.193278562429826,68653.0,256421.0,4.836665845685227,5.408955283205289,34.19064199455752,41.012193308819754,4.280670307946469,127.79415393986002,102.39989942455958,90.52428666118416,33.44836990505989,1.3803431021993489,0.1399870493516065,0.49044585647702077,68653.0,256421.0,1.0
p26,old_strong,60.0,1.9978286060538757,2.72098625039844,A,1.3000903252230525,7.473138163055146,0.9999050000000002,7.473138163055146,True,1.0,7.362599758904073,150,0.02082742165131626,0.01702592370009342,720,0.08333333333333333,210.98020670562983,0.9375419052039816,0.947356474037643,0.6343174503998349,0.742391871708442,0.010230471535100167,0.06939648579006977,0.056600803826624635,20604.672695254132,362.02588901351317,22409.735504350043,456.84744146858355,20624.61070049182,4.314385759780807,9089.0,25041.0,3.9585638832219674,4.39866901121082,13.038404810405298,18.0,0.4387272384025447,131.66645917025372,102.93265770296544,90.27694244824258,16.69344778050483,1.0482884953882343,0.02048081958761983,0.5302933188566031,9089.0,25041.0,1.0,,,,,0.010372568052721623,0.11646766742439256,0.024476129387959206,4801.5365747381675,1198.2452380515329,5453.596718942901,1486.0206602161174,4823.404082855394,3.683353646662336,0.0,0.0,0.0,0.0,0.0,0.0,2.8853875230087214,129.29991946039164,102.5054117235825,90.88904930931471,23.50142062320413,1.223406964829079,0.08757094859780325,0.6281773467454718,0.0,0.0,1.0,,,,,0.010579194049034762,0.20754993028847804,0.030343900618310257,2781.064846190031,1849.79775064424,3320.671977043045,2280.1706737011964,2812.368782569609,3.449072268600181,0.0,0.0,0.0,0.0,0.0,0.0,6.448001460976982,125.87751811617653,102.00023046555677,91.75852190802784,28.630919120265506,1.5114376654392832,0.17939024075367402,0.6112016568788686,0.0,0.0,1.0,,,,,0.011039633136682199,0.1946058827965739,0.04317859212486186,6240.170904490084,3882.511307598555,7404.359854448916,4745.207509883648,6310.94013684583,3.8000940606436666,0.0,0.0,0.0,0.0,0.0,0.0,6.401794570037113,125.9250512765329,102.0056261230806,91.75760983073673,28.89136072345248,1.5086964525065851,0.17860186915769966,0.6053715996688772,0.0,0.0,1.0,,0.26666666666666666,,1.8905776782617645,0.011739652102825258,0.1699314648258006,0.06024960249340813,18601.528288433958,11143.157761643419,21738.550506542444,13360.002994419181,18816.294973173473,4.274534112655899,0.0,2.0,0.0,0.47712125471966244,0.0,29.512938391072485,6.2594277433753565,126.06713234905015,102.0277107260536,91.74246109816511,29.370573188020703,1.5044874274883002,0.1773885628336472,0.5936705444497319,0.0,2.0,1.0,0.052980132450331126,0.9384705742513337,5.000399637396528,0.8212079325061379,0.012437411471232063,0.10668298935995443,0.12852999260608494,80153.90534404965,48946.63914771802,88692.69365336244,55242.11096632066,81158.14191671305,4.909332095476195,27.0,135615.0,1.4471580313422192,5.132310930694682,29.323123210655698,36.11094017053558,5.8547217443664605,126.45734375029375,102.09378283253415,91.6539343538786,30.687509007089226,1.5111509504908032,0.17930784864796617,0.5648450728005361,27.0,135615.0,1.0
p26,old_strong,60.0,1.9978286060538757,2.72098625039844,B,1.3000903252230525,7.473138163055146,0.9999050000000002,7.473138163055146,True,0.9999999999999969,7.622579142160155,150,0.0063446054533358165,0.0011905359881936306,720,0.08333333333333333,213.50921112298965,0.9880233690360273,0.9865116946477256,0.12616566099835436,0.1984478935698448,0.0198145255917732,0.02755119640434149,0.03683932547087862,22759.002691508198,523.1300622977127,22409.735504350043,456.84744146858355,22790.2488816769,4.357749067933721,10240.0,27928.0,4.010342366139568,4.446055386031947,13.564659966250536,18.601075237738275,0.42474439646955064,131.66680551253484,102.93014030894797,90.25398594335361,17.179021843849398,1.044357680038121,0.018849264818561615,0.5345284159504284,10240.0,27928.0,1.0,,,,,0.01956028258507844,0.059904905839816086,0.018232542918934794,5725.257604124544,1659.7967050194652,5453.596718942901,1486.0206602161174,5762.365516799412,3.760600802867387,0.0,0.0,0.0,0.0,0.0,0.0,2.9455486961718957,129.22410328131392,102.50301649318047,90.85068320934244,24.201747201871722,1.2284708518970844,0.08936485637130337,0.6187076300452056,0.0,0.0,1.0,,,,,0.019305246721998626,0.13000877536688712,0.02883980310367673,3637.608983000866,2561.9936680556557,3320.671977043045,2280.1706737011964,3692.3044062641106,3.567297498559459,0.0,0.0,0.0,0.0,0.0,0.0,6.277484546713284,126.01513982162102,102.01560143427194,91.61840055093606,29.233472188901274,1.4861299621717736,0.17205679016887912,0.5967040706437252,0.0,0.0,1.0,,,,,0.019323845770884595,0.13081017149933977,0.05917957073349136,8110.257638103407,5340.643259735733,7404.359854448916,4745.207509883648,8232.872841139415,3.9155514076721847,0.0,0.0,0.0,0.0,0.0,0.0,6.212125982180805,126.08091845375192,102.02383156502165,91.61309579811714,29.478744179343117,1.4842369849363297,0.1715032493480603,0.5912457197493222,0.0,0.0,1.0,,0.8275862068965517,,2.5793271294024858,0.019027968056131196,0.12500467786405253,0.13561506657026562,23710.507222826276,14959.804609196191,21738.550506542444,13360.002994419181,24071.774479633696,4.381508105992018,0.0,32.0,0.0,1.5185139398778875,0.0,30.374835578705962,6.025715316159093,126.26506104924685,102.05351750702509,91.58867592447946,29.940678315744446,1.4819562255440692,0.1708353755154871,0.5799232563195703,0.0,32.0,1.0,0.7786666666666666,0.9383928322041841,0.8054522442071997,0.9002456628513497,0.01899206732477595,0.10485442381113767,0.24286861588063707,95556.80058329225,60754.20200389853,88692.69365336244,55242.11096632066,97088.97967272259,4.987169937024974,459.0,172632.0,2.6627578316815743,5.2371238177292,31.192947920964443,37.49666651850535,5.600763498986034,126.66845022064803,102.13260698604877,91.48012096843968,31.259306725183038,1.4977605801466058,0.17544239611956133,0.5515600208025562,459.0,172632.0,1.0
p26,old_strong,100.0,3.3297143434231264,2.72098625039844,A,0.556349764876296,6.361624173552185,0.556349764876296,6.361624173552185,True,0.3876813705183134,6.714741428754012,62,0.023406362756582054,0.011142868959587252,1200,0.08333333333333333,134.99023491889238,0.8635109787046232,0.9316746337998426,1.1938637458370525,0.9199466367822825,0.006696419980839772,0.10290748054138821,0.07609153024906934,19998.42119755418,450.8409787735452,22409.735504350043,456.84744146858355,20006.293915088918,4.301166644793293,7826.0,24265.0,3.893595333819883,4.384998193262397,12.569805089976535,18.027756377319946,0.8360793510989143,131.39699479975704,102.90244281332573,90.57087302015609,16.966860678152912,1.0838139097422244,0.03495472047737574,0.541814390524033,7826.0,24265.0,1.0,,,,,0.00638180857107492,0.09150672651714205,0.012010459099535131,5015.125308193057,1433.8430761085376,5453.596718942901,1486.0206602161174,5021.982872335389,3.700875227201493,0.0,0.0,0.0,0.0,0.0,0.0,4.039346320514542,128.33245453094278,102.40529951155175,91.58485338706508,23.90158048061179,1.2969073750427376,0.11290895993583226,0.6464902304861445,0.0,0.0,1.0,,,,,0.006239773467760405,0.0565339683083412,0.008009215576497978,3156.0890411712658,2206.7484590663134,3320.671977043045,2280.1706737011964,3164.8711310904387,3.500356030879205,0.0,0.0,0.0,0.0,0.0,0.0,8.275183373988822,124.31910612129718,101.86838633484336,92.8639098467091,28.696437944283563,1.6870216451087843,0.22712065478296037,0.6396919701991294,0.0,0.0,1.0,,,,,0.006220721802458065,0.05679425390875502,0.016357938458999712,7045.864020269726,4601.217232010272,7404.359854448916,4745.207509883648,7065.910385892649,3.849168125151032,0.0,0.0,0.0,0.0,0.0,0.0,8.188880499620842,124.40444307359091,101.87774651158918,92.84707322043167,28.96858335857946,1.6765113482485194,0.2244064974994233,0.6330572970763007,0.0,0.0,1.0,,0.9166666666666666,,0.17423085626466897,0.006077967998535412,0.0568212151599323,0.04357180372959141,20712.18481989461,12952.92337787371,21738.550506542444,13360.002994419181,20775.317271739896,4.317547664865957,0.0,11.0,0.0,1.0791812460476249,0.0,30.664753730174226,7.945832629336868,124.6383259435249,101.90483914475655,92.78255888721127,29.477445595653787,1.6577658079678712,0.2195231779084221,0.6191781447987358,0.0,11.0,1.0,0.9070631970260223,0.9692548273048681,0.12541833340999406,0.4348384762149622,0.005897522240747629,0.04432279320873142,0.12151858121182957,85810.51553796345,54004.18169198919,88692.69365336244,55242.11096632066,86156.09588432588,4.935286010922359,122.0,142990.0,2.089905111439398,5.1553087033857485,31.31932233511127,37.656340767525464,7.2601851552324925,125.2707619270792,101.97128941708223,92.52376662605806,30.884148684070468,1.6362071116801518,0.21383827596537547,0.5837320550798502,122.0,142990.0,1.0
p26,old_strong,100.0,3.3297143434231264,2.72098625039844,B,0.556349764876296,6.361624173552185,0.556349764876296,6.361624173552185,True,0.5742376947815785,6.52540327156647,59,0.014356563889882601,0.0008283642924358237,1200,0.08333333333333333,128.9411365389824,0.9924013638577691,0.9881763706287452,0.08105147864184009,0.17229031813799753,0.007837062072124704,0.021037647447585774,0.02307227028578901,22564.001008958494,509.85157170008927,22409.735504350043,456.84744146858355,22571.46803332011,4.353559806221605,10230.0,28081.0,4.009918084665902,4.448428035011636,13.638181696985855,18.894443627691185,0.9087297385634857,131.32843780429894,102.88340255855913,90.60099832920257,17.11453951219024,1.0885170344543509,0.036835229804894724,0.5487924480487566,10230.0,28081.0,1.0,,,,,0.007649133775403327,0.051712134593506286,0.011330836287555143,5647.236555807013,1627.5104500067703,5453.596718942901,1486.0206602161174,5653.266583068504,3.7522994653514763,0.0,0.0,0.0,0.0,0.0,0.0,4.180042448296374,128.2070747441999,102.37869649460498,91.64330606633614,23.928216021079578,1.3073121873565736,0.1163793098885227,0.6492189011766698,0.0,0.0,1.0,,,,,0.007604373000921107,0.11100883801491306,0.01479398667328291,3560.1974249588175,2493.513927399106,3320.671977043045,2280.1706737011964,3567.5737748881093,3.5523729627805247,0.0,0.0,0.0,0.0,0.0,0.0,8.5063644647688,124.12101790438652,101.836620258071,92.98771235572517,28.631768814572435,1.7134837193535288,0.23387998234130755,0.644567279866871,0.0,0.0,1.0,,,,,0.007725306069304781,0.10355533298330996,0.020519781869373616,7915.478002102088,5172.343256246537,7404.359854448916,4745.207509883648,7932.323877957418,3.8994004382032252,0.0,0.0,0.0,0.0,0.0,0.0,8.402667031109814,124.22282538031776,101.8482786460559,92.96545208923351,28.910529958066885,1.7004447216772245,0.2305625183853191,0.6375845604076801,0.0,0.0,1.0,,0.5777777777777777,,2.9894203423840238,0.007784147613278044,0.08486842351179896,0.049896434822826984,22989.847078499988,14375.443585082852,21738.550506542444,13360.002994419181,23043.006640309868,4.362539144981382,0.0,32.0,0.0,1.5185139398778875,0.0,31.59130646926354,8.118693304375485,124.49491147934387,101.88043643134323,92.8867637041094,29.440451792532517,1.6770849518138529,0.22455506211088175,0.6228137611887544,0.0,32.0,1.0,0.5414364640883977,0.9768136106946772,1.1116909706377196,0.3787669893906738,0.007988423605684629,0.05188760818797372,0.1433022542268503,91722.99437077476,57833.94923971191,88692.69365336244,55242.11096632066,92017.03605173611,4.963868240153437,396.0,154949.0,2.598790506763115,5.190191580575302,32.155870381627054,38.2099463490856,7.366847408469861,125.18569900508868,101.95565803121536,92.59713159902704,30.923512483239975,1.6500859446080771,0.21750656499995377,0.5850283197655816,396.0,154949.0,1.0
p26,old_strong,150.0,4.994571515134689,2.72098625039844,A,0.2767106779459726,4.609592962213571,0.2767106779459726,4.609592962213571,True,0.055773548399092404,6.175975744873626,83,0.07630469137771882,0.036527551303068576,1800,0.08333333333333333,260.3684542030096,0.5320316397064063,0.7207650398841406,3.659540766819926,3.1006064937304654,0.021950902825749363,0.3231581525837731,0.23907508987293413,14753.019195375271,402.28613619996446,22409.735504350043,456.84744146858355,14754.56864954112,4.168926517403421,3733.0,15677.0,3.5721743136130595,4.195290660110969,10.488088481701515,16.0312195418814,1.1979891317179334,131.281223611065,102.94969541592192,90.95708302212743,16.740607226505247,1.1225302709495197,0.05019806132710045,0.5352638344580135,3733.0,15677.0,1.0,,,,,0.02114108200515273,0.3167231310237591,0.042321883750661794,3873.0204829147715,1229.612848434402,5453.596718942901,1486.0206602161174,3874.102667851315,3.588171125802419,0.0,0.0,0.0,0.0,0.0,0.0,5.065453931918909,127.62118505415665,102.44348746530233,92.48497424638084,24.18361059899664,1.3362443119546725,0.1258858695418438,0.6583608534913027,0.0,0.0,1.0,,,,,0.02075720782300445,0.22185216163755894,0.026947077271535766,2626.2843448474323,1910.7303448182447,3320.671977043045,2280.1706737011964,2627.467157632883,3.4195372962139032,0.0,0.0,0.0,0.0,0.0,0.0,9.599621146790959,123.35211432088778,101.91926737262379,94.02477532677868,28.811690412455825,1.7654223009882566,0.24684860833660818,0.6500526552710811,0.0,0.0,1.0,,,,,0.020722450367529486,0.21975539934373123,0.0389899769804849,5886.3812332325815,4009.16940969025,7404.359854448916,4745.207509883648,5889.094445484988,3.7700485193093214,0.0,0.0,0.0,0.0,0.0,0.0,9.514030008077107,123.43311521467544,101.92066510313411,93.99503294729514,29.08724980718241,1.753314823930738,0.24385990469614452,0.6436135563498178,0.0,0.0,1.0,,0.26666666666666666,,1.8905776782617645,0.020330131669297605,0.2125686628294976,0.0966242450948887,17528.440333479302,11412.183674619966,21738.550506542444,13360.002994419181,17537.161562594447,4.243959302972072,0.0,2.0,0.0,0.47712125471966244,0.0,29.512938391072485,9.265381711630075,123.66021693515927,101.92662181058184,93.8914233843269,29.592836406972648,1.7325434794127679,0.23868414234999152,0.6303096157705644,0.0,2.0,1.0,0.3389830508474576,0.8732052698745781,1.3673273143572555,1.5507053627336358,0.019382294231506784,0.16466833956728835,0.3408616591453377,76350.03274467608,49293.473892640926,88692.69365336244,55242.11096632066,76403.85545086028,4.883115274266617,30.0,117455.0,1.4913616938342726,5.069875206727376,30.98707744768585,37.53664875824692,8.471243125378964,124.34845715670436,101.93823817324315,93.47685404205203,30.941485372715082,1.7040824660149245,0.23149060784184458,0.5962724017048917,30.0,117455.0,1.0
p26,old_strong,150.0,4.994571515134689,2.72098625039844,B,0.2767106779459726,4.609592962213571,0.2767106779459726,4.609592962213571,True,0.1517638061431008,6.015174801534125,65,0.1534380293069617,0.010142805800163801,1800,0.08333333333333333,204.23636224865913,0.9667823500247893,0.9572918854582371,0.35011061946902655,0.6034410114574367,0.03143935287882615,0.0789734411611726,0.07114850230012379,23692.42845204005,859.1549471347075,22409.735504350043,456.84744146858355,23695.073171933436,4.374658054167214,9870.0,29308.0,3.994361151908001,4.467001000905487,13.638181696985855,19.44222209522358,1.4378497640618133,131.01191930111668,102.88412336246294,91.03811419476855,17.74081506694006,1.125470999944945,0.0513343089978927,0.5614253203082488,9870.0,29308.0,1.0,,,,,0.03306227236284387,0.2692652478743844,0.05549366135294993,6853.260368382601,2531.743393384904,5453.596718942901,1486.0206602161174,6854.983676116937,3.8360064249343164,0.0,0.0,0.0,0.0,0.0,0.0,5.567157741839804,127.10818071677303,102.35565572632491,92.57840452213337,24.97493723927186,1.3817463251986137,0.14042831823439073,0.6557723557017798,0.0,0.0,1.0,,,,,0.03412379089362713,0.6329991446464223,0.07128485750122979,5084.498588965809,3876.8677243692,3320.671977043045,2280.1706737011964,5086.2708520242495,3.706399483328386,0.0,0.0,0.0,0.0,0.0,0.0,9.941497499056839,123.02599245886843,101.86546615666639,94.12472958311182,29.211552507316483,1.8096070136800768,0.2575842708244461,0.6484343909439891,0.0,0.0,1.0,,0.0,,,0.0359760544098428,0.5856575956052268,0.09578253304091669,11138.730949463217,7928.015902409706,7404.359854448916,4745.207509883648,11142.79370171334,4.046994090041355,0.0,1.0,0.0,0.3010299956639812,0.0,28.231188426986208,9.766066548532605,123.18851617266459,101.87118551696686,94.0570415888759,29.50714837698195,1.7902276145974911,0.2529082519180375,0.6410760739138408,0.0,1.0,1.0,,0.010301109350237718,,35.38586409712028,0.038126245280589575,0.4699106840077344,0.13953257171404046,31091.114997318713,21024.609586567534,21738.550506542444,13360.002994419181,31104.138674908827,4.492818179512044,0.0,2511.0,0.0,3.4000196350651586,0.0,33.075670817082454,9.30443586297823,123.60598534852187,101.88846076751874,93.85713952219788,30.09142870354704,1.7557686798588021,0.24446729763022673,0.6246568498598044,0.0,2511.0,1.0,0.012546944349607375,0.8907862727036538,16.03371499263889,1.6025087448792497,0.0411577069369281,0.2600284808606895,0.3119342856704118,112064.45084218605,74982.59962690016,88692.69365336244,55242.11096632066,112143.36223023462,5.0497735727732485,23285.0,187394.0,4.367094893123658,5.272757999031064,34.11451253676313,40.422765862815474,8.230705542407481,124.51935651282972,101.92813377622221,93.26122515965984,31.712096313823253,1.7210627101494032,0.23579669495025982,0.5822368736028289,23285.0,187394.0,1.0
p27,old_strong,151.1554543208331,5.077235755034893,5.077235755034893,truth,,,,,,0.7454002801328897,2.150519656692359,,,,,,,1.0,1.0,0.0,0.0,0.0,0.0,0.0,1917.058899261433,0.006937144088343443,1917.058899261433,0.006937144088343443,1917.058899261433,3.282635456243359,1204.0,2271.0,3.080987046910887,3.3564083270389813,6.48074069840786,8.602325267042627,1.078765544034897,132.081061265475,103.23705648193746,91.04927041062251,7.108748672851503,1.3875323894610934,0.1422431297406915,0.3160831851293481,1204.0,2271.0,1.0,,,,,0.0,0.0,0.0,289.17482349768017,0.035535812550437786,289.17482349768017,0.035535812550437786,289.1748234976801,2.4611604791757684,0.0,0.0,0.0,0.0,0.0,0.0,2.3539261075997375,132.1904252801092,103.23081686295936,92.33482973865517,9.251770960212227,1.4738280606182756,0.1684468209177152,0.5022865469192397,0.0,0.0,1.0,,,,,0.0,0.0,0.0,70.86453707116996,0.03950954418676637,70.86453707116996,0.03950954418676637,70.86453707116993,1.8504289544026618,0.0,0.0,0.0,0.0,0.0,0.0,2.4224003103266805,132.1855410904965,103.23554311520358,92.40377145504483,9.46062880810743,1.473320814090488,0.16829732431640776,0.5054695921406144,0.0,0.0,1.0,,,,,0.0,0.0,0.0,160.91873094427862,0.10643603313585075,160.91873094427862,0.10643603313585075,160.9187309442786,2.2066065989298584,0.0,0.0,0.0,0.0,0.0,0.0,2.4920122999806154,132.18160176637386,103.24233060508317,92.47354441632743,9.684479089275687,1.4703480465297776,0.16742014889510154,0.5084922003287706,0.0,0.0,1.0,,,,,0.0,0.0,0.0,282.36267495270056,0.31919392584346895,282.36267495270056,0.31919392584346895,282.36267495270056,2.450807287516373,0.0,0.0,0.0,0.0,0.0,0.0,2.6153622210818197,132.16966515274663,103.25626814454034,92.59724082855236,10.045891066116862,1.4652567176609415,0.1659137211380383,0.5147752384840399,0.0,0.0,1.0,,,,,0.0,0.0,0.0,818.804162468508,2.497505850536004,818.804162468508,2.497505850536004,818.804162468508,2.9131800417732103,0.0,0.0,0.0,0.0,0.0,0.0,2.875581490394857,132.1260432100676,103.29421635167148,92.85771215406774,10.683823870625014,1.456357206357022,0.1632679091275647,0.5307487747644528,0.0,0.0,1.0
p27,old_strong,30.0,1.00768492500276,5.077235755034893,A,8.614589943965726,3.6930871269388996,0.9999050000000002,3.6930871269388996,True,0.9999999999999988,3.417549003158339,150,0.07068855430795416,0.061367686728002455,360,0.08333333333333333,145.7361013442278,0.5537537537537538,0.7376320177876599,1.7645909619644196,1.3598880350053684,0.01991288143572543,0.3838809349250497,0.3650029743920758,1160.560996766611,0.0004030515049239141,1917.058899261433,0.006937144088343443,1160.56099678084,3.0646679710471494,461.0,1327.0,2.6646419755561257,3.1231980750319988,4.69041575982343,6.708203932499369,0.07487172411696084,132.00307471169396,103.0143721344415,90.07341500508643,6.671837830805869,1.039095622478862,0.016655515222279756,0.2241348070957491,461.0,1327.0,1.0,,,,,0.01798632396698715,0.4662371959958738,0.06252224483050922,166.5554412071677,0.0033967268531290996,289.17482349768017,0.035535812550437786,166.55544123176392,2.2215588253089678,0.0,0.0,0.0,0.0,0.0,0.0,0.33048931063732223,132.0323189912439,102.83919286372769,90.28691415471253,9.112816235282313,1.1113135118187285,0.04583659471546863,0.3545910307784056,0.0,0.0,1.0,,,,,0.015556492605483948,0.4585020061362825,0.014084667717388762,41.15150835550612,0.00415709847515188,70.86453707116996,0.03950954418676637,41.1515083820898,1.6143857586251356,0.0,0.0,0.0,0.0,0.0,0.0,0.3726176060492089,132.02956342888345,102.84141036722562,90.33588571328204,9.291934882467924,1.1269317923601496,0.051897631132144094,0.3617000512457007,0.0,0.0,1.0,,,,,0.017391529905539785,0.45118661096703483,0.029297093111034612,94.08882775086163,0.013012822928881741,160.91873094427862,0.10643603313585075,94.08882781235044,1.9735380579915285,0.0,0.0,0.0,0.0,0.0,0.0,0.42022654930019926,132.02581319416882,102.8442273113468,90.38943407813558,9.491977977738317,1.1434157048708797,0.058204152975264115,0.3690734473657813,0.0,0.0,1.0,,,,,0.0183537777594491,0.43616739547587374,0.0433407084118357,167.99628482310123,0.05218866368633225,282.36267495270056,0.31919392584346895,167.9962849364755,2.225299677860219,0.0,0.0,0.0,0.0,0.0,0.0,0.5055885011550431,132.01722726104893,102.85219260756475,90.48319346924234,9.810852203514068,1.1674842750011147,0.06725103970818332,0.3812870857972074,0.0,0.0,1.0,,,,,0.020594266638726173,0.40256945551690027,0.08822487185175809,510.5897738827483,0.5634688668797965,818.804162468508,2.497505850536004,510.5897742655254,2.708072112809544,0.0,0.0,0.0,0.0,0.0,0.0,0.699782938199171,131.9924388405693,102.87812125012465,90.68904612312352,10.364613251270562,1.2051599002767626,0.08104467280363123,0.4061620228460286,0.0,0.0,1.0
p27,old_strong,30.0,1.00768492500276,5.077235755034893,B,8.614589943965726,3.6930871269388996,0.9999050000000002,3.6930871269388996,True,0.9999999999999996,4.446684883745925,150,0.20637764532373948,0.07255147035867882,360,0.08333333333333333,129.03964821249247,0.9167791273054431,0.8539499036608863,0.41031594732878823,0.8612892457697056,0.0481176370318419,0.2949577600198638,0.2553402176895326,2549.5274357897024,0.33127831264908036,1917.058899261433,0.006937144088343443,2549.5277362916486,3.406459741015353,1019.0,2919.0,3.0086001717619175,3.4653828514484184,6.164414002968976,8.660254037844387,0.06646780575330642,131.99498451966994,103.00652248308197,90.06595658703392,8.619622414893588,1.0252199568146942,0.010817051521317603,0.29921330993578826,1019.0,2919.0,1.0,,,,,0.04611411371277308,0.5999014501942862,0.06958075188075086,528.9615648281011,0.9299843998386267,289.17482349768017,0.035535812550437786,528.9620842715693,2.7234245431471344,0.0,0.0,0.0,0.0,0.0,0.0,0.20481223421867586,131.97203845581356,102.92727979167624,90.18941482157874,10.63524369213131,1.0581554920574756,0.024549490365238923,0.402288147350021,0.0,0.0,1.0,,,,,0.04208745781690696,0.6089670182698975,0.016529632395805082,130.40693030868684,0.9400260572170641,70.86453707116996,0.03950954418676637,130.4074917236534,2.115302541708655,0.0,0.0,0.0,0.0,0.0,0.0,0.25095596612836474,131.94183685316548,102.91329782872344,90.22820753445419,10.91481885389291,1.0675053681911746,0.028370067650169663,0.4102404073866075,0.0,0.0,1.0,,,,,0.047734617510666245,0.6174811229814368,0.036219583321423,296.06638509795266,2.172206800669084,160.91873094427862,0.10643603313585075,296.06768366171144,2.471391005925845,0.0,0.0,0.0,0.0,0.0,0.0,0.2911234228974881,131.92886879953326,102.91707686804446,90.2698461670404,11.106628874254904,1.078306659629831,0.032742287423678504,0.41674800365350884,0.0,0.0,1.0,,,,,0.051209432696211685,0.6254946519546457,0.058447570770534474,518.1539687989889,4.5259997646698436,282.36267495270056,0.31919392584346895,518.1563630824846,2.714460835762003,0.0,0.0,0.0,0.0,0.0,0.0,0.36949736688563245,131.90163073525025,102.9257458585751,90.34833620881163,11.442829980831382,1.0949605161682459,0.03939845897575409,0.4290663310468149,0.0,0.0,1.0,,,,,0.05821772056088716,0.6170132341029302,0.13991632241989702,1482.488708738467,20.454296955920906,818.804162468508,2.497505850536004,1482.4967919195215,3.170993762236532,0.0,0.0,0.0,0.0,0.0,0.0,0.5598628508378245,131.82419212126896,102.94872014874461,90.52906368083585,12.122232206229265,1.1224178731558696,0.05015457369311718,0.4574748393580827,0.0,0.0,1.0
p27,old_strong,60.0,2.01536985000552,5.077235755034893,A,4.111714558873587,3.3774021083971326,0.9999050000000002,3.3774021083971326,True,0.9999999999999949,3.050608448986581,150,0.06641700035399305,0.04898302950313299,720,0.08333333333333333,222.9799759015441,0.7529777317452098,0.8605117912694431,1.0949565128256276,0.740327870094322,0.01589460617848952,0.2520963790615296,0.24937747937774496,1428.9568380297717,0.000559977658566585,1917.058899261433,0.006937144088343443,1428.9568380298647,3.1550191110243127,727.0,1715.0,2.862131379313037,3.2345172835126865,5.477225575051661,7.280109889280518,0.21361853149733534,132.0146195184048,103.03552547551023,90.21013587811333,6.759392230732714,1.099475103031448,0.041185399464449025,0.23945689112866098,727.0,1715.0,1.0,,,,,0.014373439723285114,0.33422516307884315,0.044033608382793646,206.60903810915576,0.004520430003474643,289.17482349768017,0.035535812550437786,206.60903810931734,2.3151493158048417,0.0,0.0,0.0,0.0,0.0,0.0,0.6681663826576912,132.06404857727887,102.87595391060327,90.6534192087533,9.083661102583628,1.1966912263746199,0.07798210698082088,0.3805046519416051,0.0,0.0,1.0,,,,,0.01254153890926278,0.32835853186196257,0.01009691356465676,50.87217418537983,0.005490288790900685,70.86453707116996,0.03950954418676637,50.8721741855545,1.706480298995836,0.0,0.0,0.0,0.0,0.0,0.0,0.7209197309778693,132.0614225179469,102.87937257743226,90.7080971386236,9.269365135947806,1.2108150848060015,0.08307782292807504,0.38686229882883905,0.0,0.0,1.0,,,,,0.014020569021723842,0.3228211391959001,0.021165081524003197,115.98088211117815,0.01707948745460514,160.91873094427862,0.10643603313585075,115.98088211158215,2.0643864075225236,0.0,0.0,0.0,0.0,0.0,0.0,0.7784096586037759,132.0579785412337,102.8835394026348,90.76746140920922,9.476168664180399,1.2252457392369218,0.08822320093850446,0.3934564614435596,0.0,0.0,1.0,,,,,0.014749220754141819,0.31201994538570244,0.03145702635411624,205.5327231773439,0.0682172556977963,282.36267495270056,0.31919392584346895,205.53272317808884,2.312880976403316,0.0,0.0,0.0,0.0,0.0,0.0,0.8826154140143392,132.04924535995326,102.89400486791484,90.87484278333483,9.808336033733083,1.2464850101053004,0.09568706016213792,0.40510438971219725,0.0,0.0,1.0,,,,,0.016513877317305387,0.2892036399955039,0.06393812856299942,611.6194861253135,0.7368408209916688,818.804162468508,2.497505850536004,611.6194861278285,2.7864813135339017,0.0,0.0,0.0,0.0,0.0,0.0,1.1186225719791891,132.0207151652256,102.92630730529606,91.1160003258146,10.392658749661955,1.2801494177395525,0.10726066301709919,0.4304642881916503,0.0,0.0,1.0
p27,old_strong,60.0,2.01536985000552,5.077235755034893,B,4.111714558873587,3.3774021083971326,0.9999050000000002,3.3774021083971326,True,0.9999999999999983,3.476258191399148,150,0.05313557890697107,0.04695268129575192,720,0.08333333333333333,263.15053955465555,0.9469103568320278,0.8975,0.2661975089958917,0.663853900411481,0.024773821074275934,0.1883258634037466,0.20525279730572055,2102.132524481594,0.011909117152446995,1917.058899261433,0.006937144088343443,2102.13252456816,3.3226600917466587,1094.0,2529.0,3.0394141191761372,3.403120521175818,6.4031242374328485,8.306623862918075,0.2078209196194212,132.00745241859894,103.02064802617942,90.2066583051885,7.639625539972241,1.0829713341389209,0.034616961158976764,0.2726646021865502,1094.0,2529.0,1.0,,,,,0.0223762706009497,0.35781080526873227,0.05263900587455699,372.9551718961652,0.05833948999633317,289.17482349768017,0.035535812550437786,372.95517204580347,2.5716566342131872,0.0,0.0,0.0,0.0,0.0,0.0,0.5317899484806438,132.01132190012032,102.91524004667501,90.52486961637635,9.715381765087809,1.1478521668947061,0.05988595841379508,0.39119449854934424,0.0,0.0,1.0,,,,,0.01896090205178342,0.35969580582352506,0.012521386077182173,91.41740795125817,0.06366339282823254,70.86453707116996,0.03950954418676637,91.41740811298757,1.9610289039125737,0.0,0.0,0.0,0.0,0.0,0.0,0.5805597490930832,132.00083988047624,102.91854811736104,90.57481693406021,9.904575232721928,1.160362091174573,0.06459353203804907,0.3975662736395464,0.0,0.0,1.0,,,,,0.021165103399069175,0.36115816233687353,0.027429730041793138,207.4834499569175,0.1669688496030872,160.91873094427862,0.10643603313585075,207.48345033100242,2.316983461450214,0.0,0.0,0.0,0.0,0.0,0.0,0.6334208026512215,131.99217900362717,102.92432025231564,90.62883489171442,10.104329557569045,1.1733003859688074,0.06940921353729697,0.404083680843942,0.0,0.0,1.0,,,,,0.022314047557615284,0.35978422577741304,0.04451296066001646,363.0648412869461,0.47064960562814345,282.36267495270056,0.31919392584346895,363.0648419766907,2.5599841952781053,0.0,0.0,0.0,0.0,0.0,0.0,0.7350071305162247,131.9728749783882,102.93778926362684,90.7318671596623,10.441039421874105,1.1931743422539653,0.07670390582199918,0.4164727877539798,0.0,0.0,1.0,,,,,0.024819948469244374,0.343615546176692,0.10217115822706599,1040.5995484612117,3.388292665489477,818.804162468508,2.497505850536004,1040.5995507899447,3.01728363408213,0.0,0.0,0.0,0.0,0.0,0.0,0.977180141884383,131.91454779651403,102.97699447201403,90.97316478373124,11.081184628663694,1.2259452275647154,0.08847106732939522,0.44503697070624876,0.0,0.0,1.0
p27,old_strong,100.0,3.3589497500092,5.077235755034893,A,1.6883410128409795,2.9035808297107057,0.9999050000000002,2.9035808297107057,True,1.0,2.615228754387377,150,0.052611591179455255,0.02830810548881303,1200,0.08333333333333333,344.01724706590176,0.9283489096573209,0.9399309551208286,0.36,0.3661992546127303,0.009185920370540843,0.11057610987248422,0.11690892138142767,1737.6707223556232,0.0014708089085592412,1917.058899261433,0.006937144088343443,1737.6707223556234,3.2399674838432353,1043.0,2074.0,3.0187004986662433,3.3170181010481117,6.164414002968976,7.874007874011811,0.5212826565874356,132.04369920726117,103.08398213768457,90.51261387797594,6.927775321798079,1.2152923390434764,0.08468076020751218,0.2702002404045311,1043.0,2074.0,1.0,,,,,0.008384342211372185,0.1720754530662365,0.02160531031378074,256.68530041383184,0.010006787509062006,289.17482349768017,0.035535812550437786,256.6853004138318,2.40940099865995,0.0,0.0,0.0,0.0,0.0,0.0,1.314257805653372,132.12284095727915,102.96235321423349,91.30796269000955,9.139874047500212,1.3314641836986,0.1243294884382945,0.4290284949440523,0.0,0.0,1.0,,,,,0.007439142426457871,0.169424761939066,0.00485890390076521,62.98349601974248,0.011782100714857427,70.86453707116996,0.03950954418676637,62.9834960197425,1.799226763317735,0.0,0.0,0.0,0.0,0.0,0.0,1.3753029643926231,132.1197386080286,102.96698582289142,91.36968280040466,9.334680538047689,1.340487114525118,0.12726264366948836,0.43411131685977467,0.0,0.0,1.0,,,,,0.008313070229492852,0.16691190689078877,0.010317665421119462,143.1793881472727,0.0349082134124677,160.91873094427862,0.10643603313585075,143.1793881472728,2.155880502202286,0.0,0.0,0.0,0.0,0.0,0.0,1.4405249362693064,132.1162011161185,102.9727906562045,91.4355727234232,9.549754430205805,1.3488630897049125,0.12996787079633035,0.43930659478041273,0.0,0.0,1.0,,,,,0.008729959947634435,0.16196942748513002,0.01551442588800702,251.86625908209268,0.12715805801243124,282.36267495270056,0.31919392584346895,251.86625908209277,2.401169991730208,0.0,0.0,0.0,0.0,0.0,0.0,1.5600748618224352,132.1062883649358,102.98617072335709,91.55638848269868,9.897217172932393,1.3610094423727037,0.13386113824972423,0.4492298542705985,0.0,0.0,1.0,,,,,0.009757097294406571,0.1509485899391605,0.03279484140999907,734.7855770049401,1.2439620536723879,818.804162468508,2.497505850536004,734.7855770049405,2.8661606230166745,0.0,0.0,0.0,0.0,0.0,0.0,1.8273306942454004,132.07105268515414,103.02544965480978,91.8257714252156,10.513077418863535,1.379767156266967,0.13980580286467997,0.4723895849995365,0.0,0.0,1.0
p27,old_strong,100.0,3.3589497500092,5.077235755034893,B,1.6883410128409795,2.9035808297107057,0.9999050000000002,2.9035808297107057,True,0.9999999999985264,2.7009544215262116,150,0.06699210096766983,0.020345772762299985,1200,0.08333333333333333,349.618325792253,0.9630573248407643,0.9445910290237467,0.19206939281288724,0.34966244272840674,0.010121929625221461,0.09715904900681133,0.11824012384089116,1905.9234075966083,0.0026653343432431298,1917.058899261433,0.006937144088343443,1905.9234075966085,3.280105443874965,1151.0,2277.0,3.061452479087193,3.3575537197430814,6.4031242374328485,8.12403840463596,0.5202775937692831,132.0427963067067,103.07107285424767,90.51362038520654,7.125899537724456,1.2082354269185085,0.08215156561762657,0.27748183812379246,1151.0,2277.0,1.0,,,,,0.008993015014773093,0.17362673389989275,0.029733493264623122,296.5366105203866,0.01661737646462768,289.17482349768017,0.035535812550437786,296.53661052038683,2.4720783191689115,0.0,0.0,0.0,0.0,0.0,0.0,1.2475063581278152,132.10505231941548,102.95457076637436,91.24224486655689,9.272344008300118,1.313542215766512,0.11844403508160495,0.4271366884111068,0.0,0.0,1.0,,,,,0.007660361545743579,0.17257285222587385,0.006897321740123493,72.65968762900283,0.019174037788090344,70.86453707116996,0.03950954418676637,72.65968762900306,1.8612935264568928,0.0,0.0,0.0,0.0,0.0,0.0,1.3075274855649832,132.10029794895638,102.9595702713292,91.30304792083125,9.465807440585275,1.3229138390896413,0.121531559662597,0.4322651868395508,0.0,0.0,1.0,,,,,0.008461376201986785,0.1713938123991777,0.014745565954988177,164.95737288950914,0.05499358701413243,160.91873094427862,0.10643603313585075,164.95737288950963,2.217371731422258,0.0,0.0,0.0,0.0,0.0,0.0,1.3714076817052,132.0954663592645,102.96582045701427,91.36765381677166,9.678037250510037,1.3316865703882301,0.12440202005313555,0.4375184616834097,0.0,0.0,1.0,,,,,0.00881898899178453,0.16763112565949323,0.022947497464854028,289.10124491424233,0.18755052685432722,282.36267495270056,0.31919392584346895,289.10124491424324,2.461049961813246,0.0,0.0,0.0,0.0,0.0,0.0,1.490877136346887,132.08298742905237,102.9802085030659,91.48843408283682,10.02526338580612,1.3446971529564598,0.12862448537226326,0.44780218667717453,0.0,0.0,1.0,,,,,0.009685241374838031,0.15507852750091308,0.05306701263611746,834.331328385028,1.7019640367784195,818.804162468508,2.497505850536004,834.3313283850309,2.9213385512540855,0.0,0.0,0.0,0.0,0.0,0.0,1.7631118979419098,132.04065678378362,103.02233867284268,91.76250151043689,10.653497953147754,1.3651423142003034,0.1351779283366042,0.4721688076788107,0.0,0.0,1.0
p27,old_strong,150.0,5.0384246250138,5.077235755034893,A,0.7537837221565273,2.1704152657351425,0.7537837221565272,2.1704152657351425,True,0.8042314239246627,2.150313058975702,59,0.0017872006724062614,0.0004003165360388141,1800,0.08333333333333333,195.8747582733631,0.9913544668587896,0.9951796669588081,0.04495747266099635,0.029275808936825885,0.00012993454352603457,0.008180865127112804,0.00775973755629078,1935.065794763035,0.006744044928736298,1917.058899261433,0.006937144088343443,1935.065794763035,3.286695736185285,1225.0,2293.0,3.0884904701823963,3.360593413565249,6.557438524302,8.602325267042627,1.0768003354478999,132.08168057906823,103.23305646357184,91.04809919865019,7.118484308625641,1.3865549984716055,0.14193710078658775,0.31648424360420835,1225.0,2293.0,1.0,,,,,0.00012370988731853728,0.011642123753444917,0.0014720597009475617,292.7174883772868,0.034862682529194056,289.17482349768017,0.035535812550437786,292.71748837728677,2.466448670089631,0.0,0.0,0.0,0.0,0.0,0.0,2.3426511567221193,132.19013542094467,103.22403783195341,92.32414930967167,9.254344325382103,1.4730479453056813,0.16821688264902573,0.5016424371886152,0.0,0.0,1.0,,,,,0.00012418709220083689,0.011698659153240634,0.00034360471129633516,71.72944698370374,0.03882976406460359,70.86453707116996,0.03950954418676637,71.72944698370375,1.8556974825452979,0.0,0.0,0.0,0.0,0.0,0.0,2.4109609492685786,132.18528200305323,103.22883656763477,92.3929139356767,9.462785266271764,1.4726300512722381,0.16809365867534426,0.5048289502389214,0.0,0.0,1.0,,,,,0.00013841007362980963,0.011624092781029223,0.000733495562092748,162.86110096455553,0.10509147372018132,160.91873094427862,0.10643603313585075,162.8611009645555,2.211817366360141,0.0,0.0,0.0,0.0,0.0,0.0,2.480619577211,132.1812901330638,103.23567600876405,92.46273510418584,9.68661582200228,1.4697878779831894,0.1672546612320079,0.5078715853113216,0.0,0.0,1.0,,,,,0.00014679050795434004,0.011205865975433991,0.001104164661564197,285.6517169385748,0.3177361904030142,282.36267495270056,0.31919392584346895,285.6517169385748,2.4558368387753804,0.0,0.0,0.0,0.0,0.0,0.0,2.6043543320979317,132.16924057526063,103.24979523228252,92.58681685798041,10.048307473930246,1.4648967362964533,0.16580701142236753,0.514216676802322,0.0,0.0,1.0,,,,,0.00016238978908648572,0.00971500856052297,0.0020550513106949997,827.2921222967884,2.506885871595326,818.804162468508,2.497505850536004,827.2921222967884,2.917658888875515,0.0,0.0,0.0,0.0,0.0,0.0,2.8660400459765656,132.12525992542786,103.2883595583386,92.84874433063726,10.687670453409995,1.4562893824113632,0.16324768314789423,0.5303623105334471,0.0,0.0,1.0
p27,old_strong,150.0,5.0384246250138,5.077235755034893,B,0.7537837221565273,2.1704152657351425,0.7537837221565272,2.1704152657351425,True,0.7849104160331031,2.1485528199169797,59,0.00038447001833374905,3.3029377877191735e-06,1800,0.08333333333333333,195.91553739458323,0.9987557030277893,0.9993390614672836,0.007334963325183374,0.0038729666924864447,0.00032199680351963105,0.001492439823019019,0.0014634189345289483,1914.7566299490757,0.0065143903115912685,1917.058899261433,0.006937144088343443,1914.7566299490754,3.2821135819668417,1207.0,2268.0,3.082066934285113,3.355834495884936,6.48074069840786,8.602325267042627,1.0724084880312603,132.08093870704687,103.2350871741811,91.04318881868942,7.09965682456205,1.386223192541151,0.1418331606403373,0.31544084810365697,1207.0,2268.0,1.0,,,,,0.00029819122173010715,0.002410233559794087,0.00029331592138737844,288.3314355140566,0.033722703044614034,289.17482349768017,0.035535812550437786,288.3314355140565,2.4598919941954915,0.0,0.0,0.0,0.0,0.0,0.0,2.3456133233068766,132.19085531861077,103.22741908316424,92.32674808916768,9.242865000255115,1.4735252640675556,0.1683575863692284,0.5017090244292438,0.0,0.0,1.0,,,,,0.00027016208468316294,0.0022952679735025096,7.081115720507236e-05,70.66770209471818,0.037574242888340784,70.86453707116996,0.03950954418676637,70.66770209471818,1.8492209695684492,0.0,0.0,0.0,0.0,0.0,0.0,2.4139130244201525,132.1861505613114,103.23216588760505,92.39550058622854,9.451391732270096,1.473051327846054,0.1682178799125138,0.5049001410497554,0.0,0.0,1.0,,,,,0.00031172928935902113,0.0021843809537688327,0.0001466949725987543,160.47752639893136,0.10176488175243575,160.91873094427862,0.10643603313585075,160.47752639893136,2.2054142215115005,0.0,0.0,0.0,0.0,0.0,0.0,2.483653498815219,132.18227191059836,103.23895194248423,92.46540333859734,9.675467490974352,1.4701667164046428,0.1673665863870391,0.5079475805426891,0.0,0.0,1.0,,,,,0.0003288956320598988,0.0020676997657927917,0.00020761475554952058,281.6008816885583,0.30826119418683223,282.36267495270056,0.31919392584346895,281.6008816885582,2.449634010242362,0.0,0.0,0.0,0.0,0.0,0.0,2.6072261394331777,132.17045195273423,103.2529142411993,92.58932590852355,10.03711755537603,1.4652042389304707,0.16589816643630312,0.514269479559822,0.0,0.0,1.0,,,,,0.00037097089774049,0.001965956999301093,0.0003555559247708229,816.6296214174242,2.439930560623774,818.804162468508,2.497505850536004,816.6296214174242,2.9120251289360066,0.0,0.0,0.0,0.0,0.0,0.0,2.8679149062343625,132.1271159892684,103.29097747302025,92.85028236230524,10.675132724476184,1.4565019484610209,0.1633110699491331,0.5303121532183859,0.0,0.0,1.0
p28,old_strong,51.865171790122986,4.006744550291075,4.006744550291075,truth,,,,,,0.90591193549335,3.2802458127206724,,,,,,,1.0,1.0,0.0,0.0,0.0,0.0,0.0,4682.760364930712,0.8784837637240609,4682.760364930712,0.8784837637240609,4682.76036496413,3.6705019338152653,2758.0,5648.0,3.4407517004791854,3.751971574736327,8.602325267042627,11.357816691600547,1.0605970663516981,131.95992534959882,103.09278841712036,91.0557700834923,9.730968408384612,1.2728285430666888,0.10476990576279273,0.39449586842097367,2758.0,5648.0,1.0,,,,,0.0,0.0,0.0,735.9435283821028,37.80129205726889,735.9435283821028,37.80129205726889,735.9435285436323,2.866844490719545,0.0,0.0,0.0,0.0,0.0,0.0,3.0000827142147104,131.05619770302692,103.2604706356298,92.83582237884055,14.343707139246115,1.3026694640980276,0.1148342329583671,0.6051077067782661,0.0,0.0,1.0,,,,,0.0,0.0,0.0,261.2140098326648,133.6601419634028,261.2140098326648,133.6601419634028,261.214010500173,2.416996467088992,0.0,0.0,0.0,0.0,0.0,0.0,8.258278889827933,126.8306359170072,103.29337889729439,96.43356619786134,20.392696386223616,1.3168676400831132,0.11954212570568398,0.6850915845974892,0.0,0.0,1.0,,,,,0.0,0.0,0.0,1741.2094005190027,822.6315197151398,1741.2094005190027,822.6315197151398,1741.2094050867897,3.2408510043194196,0.0,0.0,0.0,0.0,0.0,0.0,8.281540470689599,126.80407809555163,103.28937126013798,96.4422490175675,20.789598853346664,1.3083521886087246,0.11672466522763515,0.6817071924026937,0.0,0.0,1.0,,1.0,,0.0,0.0,0.0,0.0,21780.52819564082,10785.133642541594,21780.52819564082,10785.133642541594,21780.528274525554,4.338068409117141,0.0,21520.0,0.0,4.332862447495826,0.0,27.748873851023216,8.21593617437567,126.63827903443486,103.24439414820402,96.22043623945761,22.204382616555883,1.318314338195132,0.12001897555918932,0.6785317135678132,0.0,21520.0,1.0,1.0,1.0,0.0,0.0,0.0,0.0,0.0,155065.51244194846,110072.92574585366,155065.51244194846,110072.92574585366,155065.51919123088,5.190515237595817,142926.0,193661.0,5.15511427807985,5.287044412617308,36.68787265568828,40.11234224026316,6.8686348006876425,126.503501550113,102.7177151996269,94.1093751480104,28.510554935382128,1.4764128045799048,0.16920780307352556,0.6045037680386496,142926.0,193661.0,1.0
p28,old_strong,30.0,2.317592564720342,4.006744550291075,A,2.3594493022357717,4.186598328994687,0.9999050000000002,4.186598328994687,True,0.9999999999999974,4.0728403061915674,150,0.020840974238558706,0.018913554315252767,360,0.08333333333333333,162.81705676019192,0.8570244508910071,0.9185567996937506,0.8791090368832009,0.6147820995906715,0.012707088129809776,0.14660390386168293,0.12412813168360876,4019.22637436588,0.41205358941175607,4682.760364930712,0.8784837637240609,4019.226440733826,3.604142474764034,2068.0,4801.0,3.3157604906657347,3.6814221557210085,7.874007874011811,10.344080432788601,0.4037362914068316,131.96180931904354,103.0350599869954,90.40039388381805,9.530629741439094,1.1187777375153838,0.04874381578814014,0.35357387761134323,2068.0,4801.0,1.0,,,,,0.013516523880207838,0.16114717618660324,0.01277279580630843,640.0044139618363,21.137630309863145,735.9435283821028,37.80129205726889,640.004907576973,2.8061833041798674,0.0,0.0,0.0,0.0,0.0,0.0,1.593524158346404,131.31136988091208,103.08692314987083,91.4344170134013,14.012714617668669,1.1941305454411815,0.07705180758530902,0.5594485244406947,0.0,0.0,1.0,,,,,0.015010083042518843,0.3843914524280269,0.00843164196897328,183.92630216834763,74.48806134547505,261.2140098326648,133.6601419634028,183.92841048331138,2.2646488176728106,0.0,0.0,0.0,0.0,0.0,0.0,5.127448681853418,127.95641965605651,102.74207387464253,93.14223839021999,19.844892366749992,1.3187155412767824,0.12015112444925996,0.6382770720642075,0.0,0.0,1.0,,,,,0.0176249989291062,0.35845298884877036,0.035644082703044824,1234.872284534292,465.23823875903366,1741.2094005190027,822.6315197151398,1234.8867382880603,3.091627126670826,0.0,0.0,0.0,0.0,0.0,0.0,5.212863883343848,127.89683804215932,102.73778198670487,93.2045676038279,20.263587391113216,1.3129846838499613,0.11825966001313334,0.639365842161923,0.0,0.0,1.0,,0.5752067200420002,,3.2878831758735125,0.020156589269315288,0.3030525513662216,0.19160021132180827,16447.007756714174,6892.971836133029,21780.52819564082,10785.133642541594,16447.25775797025,4.21609349864718,0.0,8956.0,0.0,3.9521625742144626,0.0,14.866068747318506,5.686314167719701,127.4602393638468,102.66851209609683,93.40805779733994,21.728879811555107,1.3308305804953335,0.12412277174877466,0.6543933802781166,0.0,8956.0,1.0,0.9368539244449274,0.9552111617468811,1.0177579525714282,0.8275407708418523,0.020735862222840098,0.11666439194436806,0.2756906320301612,145009.94764527955,99795.46687288475,155065.51244194846,110072.92574585366,145029.03607884032,5.161454960485977,133164.0,184201.0,5.124390093420965,5.265294341301918,34.942810419312295,38.781438859330635,5.624027725723845,127.16162651891185,102.39682601803754,92.80285766044175,27.998273179954122,1.44502372117379,0.1598749764284306,0.6011063238222794,133164.0,184201.0,1.0
p28,old_strong,30.0,2.317592564720342,4.006744550291075,B,2.3594493022357717,4.186598328994687,0.9999050000000002,4.186598328994687,True,0.9999999999999979,4.3789154683068,150,0.03886520073601052,0.017982338167454204,360,0.08333333333333333,170.83987870067358,0.9676098287416233,0.945479641131815,0.21951219512195122,0.47713476325374343,0.020379396366460942,0.1116595093424786,0.13541105041304713,4967.443914067449,1.3708656653425102,4682.760364930712,0.8784837637240609,4967.444610032524,3.6961330331665847,2614.0,5944.0,3.417471693203293,3.7741518589547103,8.54400374531753,11.180339887498949,0.38260377978108634,131.93592065272944,103.03361654181099,90.37569857289165,10.176579811670278,1.1028859829735895,0.04253061713205647,0.3767025724203686,2614.0,5944.0,1.0,,,,,0.021992539250302725,0.20060121987789314,0.02765229472400395,869.1619172451128,52.40115230502673,735.9435283821028,37.80129205726889,869.1676404166581,2.9391035489300212,0.0,0.0,0.0,0.0,0.0,0.0,1.5900709208860793,131.0640357631175,103.0158771028351,91.2853187924908,14.930510305285404,1.1682184838423673,0.06752407347295979,0.5707748862769026,0.0,0.0,1.0,,,,,0.023614600098734874,0.3202091150947477,0.0074340943584763125,335.1223753999763,184.34304821544424,261.2140098326648,133.6601419634028,335.1469802273724,2.5252353106266656,0.0,0.0,0.0,0.0,0.0,0.0,5.960478941351482,126.97843706976963,102.49128043775599,93.17055505472163,21.725558021816973,1.3763332789472766,0.13872361099381558,0.6607176848773563,0.0,0.0,1.0,,,,,0.02681701862105351,0.30833428189099443,0.035545648012930905,2236.7609483899446,1133.03018466213,1741.2094005190027,822.6315197151398,2236.929528210822,3.349652302383952,0.0,0.0,0.0,0.0,0.0,0.0,5.975529620987588,126.97667771823274,102.4911927644928,93.19598227496589,22.07678065129007,1.3699548918443976,0.13670626748809686,0.6587375770227053,0.0,0.0,1.0,,0.8094018803760752,,1.5318558426737223,0.02980011318058729,0.2937214390041341,0.20727107780915136,27722.90109441382,14569.377827027884,21780.52819564082,10785.133642541594,27725.782562316275,4.442883812988892,0.0,28470.0,0.0,4.454402721339258,0.0,27.60434748368452,5.899631678632934,127.0296880928431,102.46319608389884,93.13264984394395,23.3848540276075,1.3691157764871063,0.13644017491519195,0.6573215681716302,0.0,28470.0,1.0,0.9188202591405409,0.9448364069442984,1.3159223345545161,1.0425235643469828,0.028907920558933865,0.18466588121902835,0.590681410752772,175547.6713777895,128273.96900768115,155065.51244194846,110072.92574585366,175679.81038543014,5.244721854027934,167212.0,215412.0,5.223270038705816,5.333271909072923,37.134889255254286,40.65710270051225,5.406987500783126,127.18907738868772,102.34141097029682,92.37840239479021,29.266370998535756,1.4792394488541252,0.1700384802165678,0.580446662013879,167212.0,215412.0,1.0
p28,old_strong,60.0,4.635185129440684,4.006744550291075,A,0.720800450033383,2.8709168131526543,0.720800450033383,2.8709168131526543,True,0.34489206403818085,3.219396307594196,77,0.016553110155853205,0.005543411145468275,720,0.08333333333333333,135.94158842414618,0.873596079232183,0.9199732287981642,0.8200676197752831,0.6683977675702787,0.0037259613160270785,0.12240389893030451,0.11018939548489415,4037.782398806337,1.0712472780263662,4682.760364930712,0.8784837637240609,4037.782398815265,3.6061429105610174,2139.0,4811.0,3.330413773349191,3.6823256186678073,7.874007874011811,10.816653826391969,1.1584447860971312,131.98624603792217,103.11420349716967,91.15271970235483,9.57166169320134,1.3030475177344893,0.11496025325180308,0.39062451601614945,2139.0,4811.0,1.0,,,,,0.003567943690970503,0.11314123494489388,0.011145296526613162,651.6825381370453,38.34233259773114,735.9435283821028,37.80129205726889,651.6825381782859,2.8140360842387873,0.0,0.0,0.0,0.0,0.0,0.0,3.349687295968225,131.0712213544086,103.2955012754373,93.2047549367275,14.370562157128843,1.3218744158194746,0.12119019712591865,0.6125725198823259,0.0,0.0,1.0,,,,,0.003487756721335207,0.09075189141215866,0.0017432739843371223,248.4254154319324,135.4036728640289,261.2140098326648,133.6601419634028,248.4254156006121,2.3951960250410047,0.0,0.0,0.0,0.0,0.0,0.0,8.96074494667631,126.69099475217226,103.37204281230647,97.20909130360641,20.573742857038095,1.3070172183362387,0.11628130891119484,0.6920613705302319,0.0,0.0,1.0,,,,,0.0036360323791973345,0.08950267623725033,0.010190851823988482,1661.4167089327207,834.4402320844782,1741.2094005190027,822.6315197151398,1661.4167100892016,3.2204785741700497,0.0,0.0,0.0,0.0,0.0,0.0,8.965006253763308,126.6746341995288,103.36875206649736,97.20248832936512,20.95995177337757,1.2983505660005712,0.11339197160416296,0.6877494269592482,0.0,0.0,1.0,,0.9421218008682929,,0.44031477701411714,0.0038163966049235944,0.06228404332003719,0.061156442498207064,21137.320165334822,10887.55830967914,21780.52819564082,10785.133642541594,21137.320185366418,4.32504992608964,0.0,20171.0,0.0,4.304748959487096,0.0,28.071337695236398,8.751632299291952,126.5817829592166,103.33724921910986,96.86441949222105,22.311319009216813,1.3078383810598604,0.11655407842964881,0.680869016039545,0.0,20171.0,1.0,0.9904013625229102,0.9936392877241351,0.18402887764345902,0.13565445188077566,0.0036313833380902973,0.019376449286583428,0.08968895376515157,154797.50651232296,110278.7578953515,155065.51244194846,110072.92574585366,154797.50822313587,5.189763965561008,142427.0,193717.0,5.15359537588876,5.287169976617287,36.823905279043935,40.23679907746142,7.0784640195255735,126.4354255837573,102.78254149966145,94.36953959158694,28.54685118886987,1.4774446384935254,0.16951121635719896,0.6050578887362756,142427.0,193717.0,1.0
p28,old_strong,60.0,4.635185129440684,4.006744550291075,B,0.720800450033383,2.8709168131526543,0.720800450033383,2.8709168131526543,True,0.4744720239926002,3.2628372154862104,95,0.047202240694887654,0.0009536186239718081,720,0.08333333333333333,166.8881061077118,0.9936166332299836,0.9858242912145607,0.04269972451790634,0.12230800487606663,0.007771948861040282,0.026231815466849495,0.023267421257589044,4785.333703314939,1.7092221945416324,4682.760364930712,0.8784837637240609,4785.3337033398075,3.679912228521596,2725.0,5780.0,3.435525851498655,3.7620029693751156,8.602325267042627,11.532562594670797,1.2200973138781435,131.95319627761828,103.11538768841888,91.2137267189385,9.936591678712322,1.2998852667152927,0.11390502135961438,0.40691373310610046,2725.0,5780.0,1.0,,,,,0.009274034489081826,0.056363448234021056,0.0036801667755312975,801.0745621211361,58.66999155708031,735.9435283821028,37.80129205726889,801.0745622400476,2.903672941130859,0.0,0.0,0.0,0.0,0.0,0.0,3.403160459412089,130.86022910698406,103.28912438669467,93.19356078898743,14.820051029844334,1.3093008324051307,0.1170394439861642,0.6167688940526229,0.0,0.0,1.0,,,,,0.0107039674880853,0.368812048024033,0.007437092603623057,346.4397314919403,206.62957796798935,261.2140098326648,133.6601419634028,346.4397319802402,2.539627693940735,0.0,0.0,0.0,0.0,0.0,0.0,9.400960220072811,126.18766787344224,103.35198627770042,97.38044402256982,21.128203855904793,1.320559029221239,0.12075781901668635,0.6996936084513954,0.0,0.0,1.0,,,,,0.0129430046140175,0.3352364685407608,0.03243683249407857,2299.964670405591,1259.2390144626302,1741.2094005190027,822.6315197151398,2299.964673753413,3.36172116553421,0.0,0.0,0.0,0.0,0.0,0.0,9.349328519912,126.20455484104518,103.34656403753306,97.3282093686436,21.506447676221104,1.3132440957264353,0.118345456915319,0.6944035290628712,0.0,0.0,1.0,,0.7845424717462632,,1.6319752068175075,0.01573272432992717,0.2385600671428859,0.11052994096172192,27317.081697364218,15016.794936490958,21780.52819564082,10785.133642541594,27317.08175535236,4.436434302431128,0.0,33340.0,0.0,4.522978621525847,0.0,29.68164415931166,8.755956108486481,126.33997168480025,103.28650110779323,96.67448604464134,22.919635245703542,1.3322283099577206,0.12457865821123702,0.6811954626230785,0.0,33340.0,1.0,0.9519673632503538,0.9637608675096918,0.8309643422228141,0.723932231395772,0.017659042412164008,0.08540683115633371,0.12224845191100792,168466.6280632234,122842.11899766099,155065.51244194846,110072.92574585366,168466.6330155744,5.226513896114223,157349.0,208225.0,5.196866747249239,5.318534956449914,37.69615364994153,41.048751503547585,6.920782679835834,126.40827218692294,102.6950720638562,94.06655037098217,29.121017640142433,1.4997798836597138,0.17602752417122833,0.5968636304022582,157349.0,208225.0,1.0
p28,old_strong,100.0,7.725308549067806,4.006744550291075,A,0.90591193549335,3.2802458127206724,0.90591193549335,3.2802458127206724,False,0.05000000000002078,2.3067299006502853,150,0.16090798047867533,0.031344065976761946,1200,0.08333333333333333,475.42045072466135,0.7809944751381216,0.8522092432706958,1.2033263917204482,1.0246438113000678,0.021059728855249763,0.2568404102780471,0.3742535249484454,3627.8358911503306,3.034186858723645,4682.760364930712,0.8784837637240609,3627.8358911503306,3.559647633079392,1767.0,4197.0,3.2474822606770544,3.623042434246382,7.615773105863909,11.045361017187261,2.3173643732391214,132.06484468174597,103.47460317187752,92.26731661548426,9.552716324281594,1.4685361389002365,0.16688463845285148,0.4383165670655993,1767.0,4197.0,1.0,,,,,0.02283521041892524,0.30898744128394673,0.04565516024364697,631.5371605161537,74.78404521781324,735.9435283821028,37.80129205726889,631.5371605161538,2.80039891012855,0.0,0.0,0.0,0.0,0.0,0.0,6.163539540649114,130.86737807647805,103.99106375269562,95.97697079510979,14.904058057448106,1.3673199564770355,0.1358701525145672,0.6803899814183233,0.0,0.0,1.0,,,,,0.024709202954147875,0.9074381584434142,0.020584246623046427,377.95681568208425,265.63447635226976,261.2140098326648,133.6601419634028,377.95681568208425,2.577442181365358,0.0,0.0,0.0,0.0,0.0,0.0,13.689802161464549,126.26181720293287,104.7583641923586,102.30414957542834,20.353719911290288,1.3330873907044545,0.12485862057415209,0.7337378112032403,0.0,0.0,1.0,,,,,0.028158470979060712,0.8042698061237435,0.0846228707547608,2479.681864227992,1593.9129109141106,1741.2094005190027,822.6315197151398,2479.681864227992,3.3943959657161544,0.0,0.0,0.0,0.0,0.0,0.0,13.515438582942744,126.32465655288699,104.72805846751673,102.1437790979354,20.795963246719285,1.31774007518411,0.11982975392588188,0.7231451838192151,0.0,0.0,1.0,0.0,0.6543239369326326,,2.7103107441029666,0.03164352870366598,0.47991092055453666,0.2845886893038051,27386.98460888003,16709.639386396713,21780.52819564082,10785.133642541594,27386.98460888003,4.437544217729855,200.0,37084.0,2.303196057420489,4.569198283347813,27.224067588449362,31.52776554086889,12.097048743537037,126.7707974499469,104.52846000036203,100.80082584904147,22.49492963129532,1.28096117732573,0.10753596758332434,0.6927130074727089,200.0,37084.0,1.0,0.9162625636954119,0.9342173243576855,1.3546880890707627,1.1713218200372577,0.03220305310535237,0.1708364306074989,0.4702591137838044,161573.79744675203,118420.43751806236,155065.51244194846,110072.92574585366,161573.79744675203,5.2083709322618414,149285.0,199254.0,5.174019081617632,5.2994092281618235,38.84584919911006,42.02380277890139,8.724830415128446,126.08883922006231,103.30973496518611,96.40975102931604,29.01557069904463,1.5257468081863503,0.18348247009937935,0.6054212528316736,149285.0,199254.0,1.0
p28,old_strong,100.0,7.725308549067806,4.006744550291075,B,0.90591193549335,3.2802458127206724,0.90591193549335,3.2802458127206724,False,0.05000000279907474,2.6594749558334927,150,0.6542337738120282,0.03537643447348415,1200,0.08333333333333333,376.2049750685692,0.9433339446176416,0.916460448843758,0.38522060370585565,0.6624314272744698,0.02914420897232328,0.13931685404179064,0.15615397685302107,5103.773237151255,8.629165057784775,4682.760364930712,0.8784837637240609,5103.773237151256,3.7078913702503957,2695.0,6071.0,3.4307198878632823,3.783331762887424,8.717797887081348,12.449899597988733,2.276129918591062,131.98986275476463,103.33998781253402,92.25057168956972,10.428782902658925,1.4350473145392857,0.15686622030664765,0.46068527334648957,2695.0,6071.0,1.0,,,,,0.034942765069506374,0.31585171783494714,0.02299977232256934,1029.8199222175742,187.34849104990587,735.9435283821028,37.80129205726889,1029.8199222175747,3.012761289147334,0.0,0.0,0.0,0.0,0.0,0.0,6.088760548787163,130.1979409675609,103.70314433300872,95.77331588526293,16.32520197208267,1.3527085352884676,0.13120423033597522,0.6705312329936951,0.0,0.0,1.0,,,,,0.04005422228330781,2.8105547116389706,0.056272460977580444,845.3459370542269,658.5081138295456,261.2140098326648,133.6601419634028,845.3459370542281,2.927034469670195,0.0,0.0,0.0,0.0,0.0,0.0,13.434558983448952,125.60652589322773,104.14037175943922,101.76054489282171,21.62541886785362,1.2806956039378161,0.10744591878508711,0.7293068640009457,0.0,0.0,1.0,,,,,0.04722937559100709,2.325402731586891,0.2043511298350359,5297.843165129757,3747.9235144328654,1741.2094005190027,822.6315197151398,5297.843165129765,3.7240990975008708,0.0,0.0,0.0,0.0,0.0,0.0,13.00021084123428,125.77620007416606,104.11346041713374,101.3591373923908,22.152460975364356,1.2721165516004949,0.10452690329201604,0.7174003546857156,0.0,0.0,1.0,0.0,0.47752594026424183,,5.121456593887158,0.0550760149386773,1.0406742617580598,0.4460963763372226,45847.87502960362,30037.77162968578,21780.52819564082,10785.133642541594,45847.87502960377,4.661319211667904,13856.0,67338.0,4.141669216966209,4.828266662724678,30.215889859476256,33.301651610693426,10.529764735772792,126.49050784771026,103.86210739365869,98.93186500437513,24.218249785031897,1.3172577404650363,0.11967075925194355,0.6782353264958966,13856.0,67338.0,1.0,0.8657518606353033,0.895572967905464,2.1928155671008978,1.8523709041510423,0.06107622899590381,0.2760403080294033,0.45097018080987983,196844.84827812694,150735.00244655297,155065.51244194846,110072.92574585366,196844.8482781395,5.294124053143756,186397.0,238344.0,5.2704412481809255,5.3772060457315485,40.422765862815474,43.46262762420146,7.8050760951809925,125.92961488932903,102.87653314566828,94.90452784634682,30.43611141646967,1.5833620633051397,0.19958023521363819,0.5839972136782682,186397.0,238344.0,1.0
p28,old_strong,150.0,11.58796282360171,4.006744550291075,A,0.90591193549335,3.2802458127206724,0.90591193549335,3.2802458127206724,False,0.36237413089253806,0.011762317908706944,111,0.3342023079815548,0.06091944826181317,1800,0.08333333333333333,513.0380179136992,0.6892468024632875,0.7251833205647368,1.6501118200808478,1.84163303740931,0.040920967761307415,0.46381404740454063,0.7220902824900526,3117.785696016583,4.995941529699317,4682.760364930712,0.8784837637240609,3117.785696016583,3.4938462602319,1464.0,3489.0,3.1658376246901283,3.5428254269591797,8.246211251235321,12.0,4.302551817397515,131.8269779259526,104.88551713780336,93.86352696720662,9.24161142879447,1.451704455132481,0.16187820963567337,0.5097668587792237,1464.0,3489.0,1.0,,,,,0.0465327663495314,0.5666745869223889,0.08205417642788575,592.8643670886064,107.65525323003968,735.9435283821028,37.80129205726889,592.8643670886064,2.7729553487395746,0.0,0.0,0.0,0.0,0.0,0.0,9.951483503265711,130.0300295269598,106.66621231700327,99.03936543667601,14.426454241288097,1.9162934965359517,0.2824620257051742,0.7581335822981958,0.0,0.0,1.0,,,,,0.051722193491229466,1.8540089021422101,0.0398110448004973,489.36798426259844,381.8010609186078,261.2140098326648,133.6601419634028,489.36798426259844,2.689635553260756,0.0,0.0,0.0,0.0,0.0,0.0,17.70191373515174,125.12267551582,109.27545515729143,105.0558566808693,18.464461045910316,2.825679539522709,0.4511229069433483,0.7672910462076152,0.0,0.0,1.0,,,,,0.06260694317606444,1.5822099618765249,0.15924988337034215,3115.455389365591,2217.704751097375,1741.2094005190027,822.6315197151398,3115.455389365591,3.4935215369128576,0.0,0.0,0.0,0.0,0.0,0.0,17.468261385173136,125.25362599478932,109.15008882690691,104.89305210572041,19.028465869364428,2.6604224469546613,0.4249506034785386,0.7525632855338925,0.0,0.0,1.0,0.0,0.5413141060731658,,4.192148272902154,0.07565102502901765,0.818952450734213,0.5071112886496693,29045.452978572106,19158.093690691978,21780.52819564082,10785.133642541594,29045.452978572102,4.463078153907798,6692.0,42417.0,3.8256208250035,4.627550187767521,29.5296461204668,33.18132004607411,16.074898362343472,126.04285025509948,108.4690278292042,103.89260446712187,21.07236985643274,2.316418362647449,0.36481699900216324,0.7084026558628861,6692.0,42417.0,1.0,0.7968353036199427,0.8319096207142721,3.2685134911963143,2.869932255371834,0.08483859918036442,0.39418323054034227,0.7727568263546987,142951.37545239663,105169.29376062712,155065.51244194846,110072.92574585366,142951.37545239663,5.155188338417423,129454.0,174742.0,5.112118829050336,5.242399787437672,40.422765862815474,43.393547907494266,13.634749407641126,125.02987289350105,106.4038986521156,101.21325971760862,27.742326975668988,1.5558357892216212,0.1919637574362514,0.6129135797650571,129454.0,174742.0,1.0
p28,old_strong,150.0,11.58796282360171,4.006744550291075,B,0.90591193549335,3.2802458127206724,0.90591193549335,3.2802458127206724,False,0.8817530550452415,0.07708288453348579,97,0.8844252717636064,0.2237494418655408,1800,0.08333333333333333,335.2212480828166,0.7321054834658853,0.7413594470046083,1.4548905124970724,1.7646405865034376,0.042080829699763775,0.42575498534414763,0.6774528065779095,4075.5487485948215,10.1021445211238,4682.760364930712,0.8784837637240609,4075.5487485948215,3.6101860922028357,2020.0,4768.0,3.305566313515304,3.6784273224338673,9.486832980505138,13.45362404707371,4.7263799315036366,131.78870244445628,104.9697571286445,94.29116271587267,9.812888413590837,1.4381349615945658,0.15779964427039256,0.5409617646047759,2020.0,4768.0,1.0,,,,,0.048594801669597225,0.6166291054233841,0.079843995457315,865.4043602904256,206.4692981114677,735.9435283821028,37.80129205726889,865.4043602904256,2.937219079036152,0.0,0.0,0.0,0.0,0.0,0.0,10.571781172791304,129.52006454992394,106.84896806113326,99.52879437249103,15.247885863799468,1.8912438344735276,0.27674752521710455,0.753826477625278,0.0,0.0,1.0,,,,,0.05448078987574065,3.839767579191479,0.07959810204450818,880.0209221320612,720.9491219329886,261.2140098326648,133.6601419634028,880.0209221320612,2.9444929974439082,0.0,0.0,0.0,0.0,0.0,0.0,18.110704678146572,124.86551974705424,109.39112399239522,105.37043752055214,18.724877204974916,3.011379030470051,0.4787654218965923,0.7646695255939018,0.0,0.0,1.0,,0.0,,,0.06480265083645433,3.0169986974792486,0.2803211922498511,5298.1277728536215,3937.8644650407828,1741.2094005190027,822.6315197151398,5298.127772853621,3.7241224277958915,0.0,28.0,0.0,1.462397997898956,0.0,26.892284365781705,17.704250996678425,125.11005990176727,109.19261313367441,105.08710612983143,19.428282235629624,2.7843290938296326,0.4447205654167839,0.7475599830034486,0.0,28.0,1.0,0.0,0.45854893067892805,,5.532993920199078,0.07604170028709309,1.1625088817888038,0.541048730999876,39406.158279166506,26788.285858551935,21780.52819564082,10785.133642541594,39406.1582791665,4.595564097400882,17825.0,58297.0,4.251053902187308,4.765653655893444,31.51190251317746,34.42382895611701,15.814376130701252,126.10511937331725,108.25993583982738,103.6995602032092,21.89775782971523,2.285651368666323,0.359009987996682,0.6959983156643458,17825.0,58297.0,1.0,0.7936334986104311,0.8332495702308511,3.309340190975271,2.856829072784714,0.08351446671599899,0.39275591774878554,0.7600253004553491,160233.89833033996,120256.74050440424,155065.51244194846,110072.92574585366,160233.89833033996,5.204754398767314,147092.0,194338.0,5.167592005605105,5.288559963673231,41.48493702538308,44.429719783046124,13.248608955820156,124.75890797213631,106.08441114336865,100.65732768600601,28.62432658886895,1.514988206009319,0.180409251924126,0.6045831847717735,147092.0,194338.0,1.0
p29,old_strong,157.35865597613156,4.600265134905778,4.600265134905778,truth,,,,,,0.7716203827410937,9.128094864606897,,,,,,,1.0,1.0,0.0,0.0,0.0,0.0,0.0,119268.24657946583,2935.460448204211,119268.24657946583,2935.460448204211,120877.03088153759,5.082343783829307,89225.0,154853.0,4.950491424008457,5.189922428004017,27.65863337187866,33.823069050575526,2.168948317724235,129.98534889931435,102.80771217077846,90.78009174985904,27.093189763454365,1.2222895650323236,0.0871741041049139,0.530953379583763,89225.0,154853.0,1.0,,,,,0.0,0.0,0.0,22321.134762763962,3689.9625661538594,22321.134762763962,3689.9625661538594,22957.89459988731,4.360932057699078,0.0,0.0,0.0,0.0,0.0,0.0,6.551725246221891,125.70434259684791,102.38433693419962,91.7060951185461,35.823213476130945,1.6384443769155395,0.21443170222819677,0.4849056117273105,0.0,0.0,1.0,,,,,0.0,0.0,0.0,9187.34994204204,2548.214282791275,9187.34994204204,2548.214282791275,9417.698462265906,3.9739447810025976,0.0,0.0,0.0,0.0,0.0,0.0,8.070986015482752,124.23713348321591,102.27786927394628,92.08740171485984,37.53531795794032,1.8461939891349308,0.2662773326511537,0.4779587155858835,0.0,0.0,1.0,,,,,0.0,0.0,0.0,18393.21563280845,5200.065871771145,18393.21563280845,5200.065871771145,18855.550191138376,4.275439209321285,0.0,0.0,0.0,0.0,0.0,0.0,8.194044257438824,124.11182553865875,102.26842053777561,92.09376609265728,37.92682117115255,1.8610626548481701,0.2697609944079193,0.46959063698278114,0.0,0.0,1.0,,,,,0.0,0.0,0.0,18910.984842351387,5730.275904633337,18910.984842351387,5730.275904633337,19387.680615088746,4.2875258567157175,0.0,0.0,0.0,0.0,0.0,0.0,8.422460614415096,123.87687681285695,102.24950065672758,92.09510458536563,38.55046401696773,1.8916736035802277,0.276846203739907,0.45793432103017556,0.0,0.0,1.0,,,,,0.0,0.0,0.0,28905.988360845473,9883.350286378683,28905.988360845473,9883.350286378683,29636.040977088185,4.471820186600013,0.0,0.0,0.0,0.0,0.0,0.0,8.837193436329063,123.44597157421559,102.22043803458033,92.07770755017177,39.524934811132155,1.9523494807581852,0.29055756127099674,0.44261224232933405,0.0,0.0,1.0
p29,old_strong,30.0,0.8770280426652007,4.600265134905778,A,11.36683094177308,12.881368855547073,0.9999050000000002,12.881368855547073,True,1.0,12.729250523358166,150,0.2286265250786573,0.2273559563436858,360,0.08333333333333333,151.67223896086216,0.3697090795769097,0.5927812578876116,10.359485312913254,7.5793269905649066,0.09105267397674997,0.5167692360446078,0.5318166408991262,53913.29957193114,740.6763168524287,119268.24657946583,2935.460448204211,55201.310909179345,4.741949391386133,20168.0,64736.0,4.304684365974386,4.811152569740111,16.76305461424021,24.515301344262525,0.5491824727856475,131.45489667036182,102.9787449029614,90.06334010800596,24.199978888316956,1.0841689711917555,0.03509697365751172,0.5132952196584707,20168.0,64736.0,1.0,,,,,0.08493695173168166,0.6581245951506853,0.13259976071676904,7425.02764410466,957.7623869317258,22321.134762763962,3689.9625661538594,8101.009321797875,3.9085391319131086,0.0,0.0,0.0,0.0,0.0,0.0,2.9196905462274683,129.08521458588132,102.93003919133187,89.84597285751683,35.55259945190644,1.289445662880792,0.11040304573084435,0.41646339740672533,0.0,0.0,1.0,,,,,0.08110485751780111,0.6677573953406346,0.0443712031302205,3033.474965974303,678.8449255096441,9187.34994204204,2548.214282791275,3326.4690980741943,3.5219834933319873,0.0,0.0,0.0,0.0,0.0,0.0,3.827209996590661,128.1757040955581,102.93838688219515,89.86398155644623,37.29005023422579,1.36957672530472,0.13658636696098667,0.4027032263913124,0.0,0.0,1.0,,,,,0.08732646018219047,0.6585732810922025,0.08344882454697015,6211.233247601166,1423.7725514822023,18393.21563280845,5200.065871771145,6811.558850432882,3.83324651318565,0.0,0.0,0.0,0.0,0.0,0.0,3.946314220685109,128.05596449613893,102.93403365415674,89.88325963045743,37.64478000929741,1.379486067672674,0.13971731861481804,0.39748489533185916,0.0,0.0,1.0,,,,,0.08688436376616791,0.6419227386840245,0.07528781280329526,6657.864923074545,1641.520047524581,18910.984842351387,5730.275904633337,7301.595626311315,3.863417777377813,0.0,0.0,0.0,0.0,0.0,0.0,4.154048687127725,127.84745518311468,102.92698853710124,89.91537515097926,38.17897248827429,1.3974644727701337,0.14534077578850524,0.3904955725678013,0.0,0.0,1.0,,,,,0.08921113666148438,0.6089306706826975,0.08845525835025962,11027.31125721869,3074.071997703037,28905.988360845473,9883.350286378683,12092.586537849314,4.082519204001445,0.0,0.0,0.0,0.0,0.0,0.0,4.528710582912687,127.47218425982656,102.91550150828347,89.96894888535546,38.97521228334247,1.4307100704591915,0.15555163406935035,0.38188584545972865,0.0,0.0,1.0
p29,old_strong,30.0,0.8770280426652007,4.600265134905778,B,11.36683094177308,12.881368855547073,0.9999050000000002,12.881368855547073,True,0.9999999999999943,18.846009185798668,150,0.47681122934779063,0.06786626591568035,360,0.08333333333333333,148.84567686915398,0.8962274100589991,0.8819629600867467,1.7313273922977144,2.2933381147737477,0.4023138497621504,0.26789117471726165,0.32572507666795414,153499.56205029477,25376.41398816462,119268.24657946583,2935.460448204211,167516.79340689495,5.224058351183981,72625.0,203547.0,4.86109212531566,5.308666839492471,25.495097567963924,36.11094017053558,2.9246472160739834,129.0753704610504,102.99136841758826,89.99462466951668,34.36277003974869,1.2949315528311003,0.11224681319458957,0.43656489941059856,72625.0,203547.0,1.0,,,,,0.3843985017542442,0.8567609010318887,0.15724916120934831,51265.46654402984,25023.919865255386,22321.134762763962,3689.9625661538594,61256.788286040966,4.787154222862084,0.0,0.0,0.0,0.0,0.0,0.0,6.735744576923235,125.26730386316147,103.02454350208644,89.79886484380972,44.31519021707672,1.523148894588837,0.18274235963125748,0.32928971534809975,0.0,0.0,1.0,,,,,0.3637670465143423,1.3898139459194474,0.10174212062939542,26501.7955999068,16886.928461521646,9187.34994204204,2548.214282791275,32549.18473293384,4.512540115164663,0.0,0.0,0.0,0.0,0.0,0.0,8.092506265028616,123.91203790821183,103.08128444926251,89.74131159741299,46.87248380211242,1.6113159608529926,0.207180709010417,0.3026769034429963,0.0,0.0,1.0,,,,,0.3946625157457857,1.353082986666357,0.18246793337315034,52312.54686131279,32786.877275291896,18393.21563280845,5200.065871771145,64320.38184143656,4.808348613960803,0.0,0.0,0.0,0.0,0.0,0.0,8.246732961329887,123.75746238301764,103.08494750379154,89.75107814536462,47.1118807722291,1.6157218328939742,0.20836659354390066,0.3025668752680073,0.0,0.0,1.0,,,,,0.3919741036560345,1.2861455771145134,0.15807699034959335,52147.85601558413,32539.74793835513,18910.984842351387,5730.275904633337,64255.87981141149,4.807912874459571,0.0,0.0,0.0,0.0,0.0,0.0,8.558389991193057,123.44542107322067,103.09314046969683,89.762211270744,47.56156762520311,1.6248691867733713,0.21081840300764298,0.3019836700954531,0.0,0.0,1.0,,,,,0.40954564660970694,1.1801289505550017,0.18518852226150886,75507.8380695651,47768.39620575452,28905.988360845473,9883.350286378683,93456.84688817005,4.970611124407438,0.0,0.0,0.0,0.0,0.0,0.0,9.169419801187274,122.83444743563739,103.11660253286257,89.76060591143214,48.40493234000578,1.6412491370546822,0.2151745107517699,0.3003794497637134,0.0,0.0,1.0
p29,old_strong,60.0,1.7540560853304015,4.600265134905778,A,5.701766688538426,12.102521310254854,0.9999050000000002,12.102521310254854,True,0.9999999999999998,11.792422382473312,150,0.18686370260905638,0.17887115401921355,720,0.08333333333333333,234.66828820854425,0.5694454497928982,0.742686102056297,6.882824489190773,4.75851585702969,0.07124624477986172,0.3788734257818597,0.39305012430666036,70509.16946518645,967.4263992520036,119268.24657946583,2935.460448204211,72114.17560675622,4.8580206431197945,35401.0,91230.0,4.549027797744102,4.96014243527267,20.322401432901575,27.586228448267445,0.737902683197141,131.28110741409455,102.9522100925436,90.15940497026449,24.93717363587774,1.0959047393095636,0.0397728050696765,0.5172732583531963,35401.0,91230.0,1.0,,,,,0.06668125532927277,0.5116751517998617,0.09806314817647722,10510.975557646076,1286.8522577279562,22321.134762763962,3689.9625661538594,11288.2027940555,4.052624802974157,0.0,0.0,0.0,0.0,0.0,0.0,3.4505544743493237,128.55896318837446,102.82984021444139,90.1914092183484,35.299437810231574,1.3232657749164078,0.12164708000569159,0.43530728795651863,0.0,0.0,1.0,,,,,0.06349731055303041,0.5287622030337161,0.03336133432711323,4246.502838208496,911.4596620785378,9187.34994204204,2548.214282791275,4564.4441129810675,3.6593878939480753,0.0,0.0,0.0,0.0,0.0,0.0,4.457761181955077,127.55372598516969,102.80704381851119,90.25504911765296,36.92456223607383,1.4203635441221034,0.15239951691753487,0.4246699726218622,0.0,0.0,1.0,,,,,0.06816882356694137,0.5192755567568471,0.06002184582269848,8646.641266285898,1913.6117498713381,18393.21563280845,5200.065871771145,9294.447787961875,3.9682235920890725,0.0,0.0,0.0,0.0,0.0,0.0,4.591834222247541,127.42079611180226,102.80119738056787,90.27624408305937,37.30534520631881,1.433715008057193,0.15646283143722575,0.4183865961898297,0.0,0.0,1.0,,,,,0.06750183883478847,0.5029122301164919,0.052780695654368895,9166.350018126706,2208.434270143399,18910.984842351387,5730.275904633337,9853.109279788763,3.9935732995304214,0.0,0.0,0.0,0.0,0.0,0.0,4.831625994808954,127.18292082543775,102.79039455819469,90.31052139777778,37.88490413880774,1.4574600391196415,0.16359665603637055,0.4100815013412545,0.0,0.0,1.0,,,,,0.06895532023670475,0.47089194509002164,0.0616401400829583,14867.913712962703,4118.95165777202,28905.988360845473,9883.350286378683,15980.006967848181,4.203576964345767,0.0,0.0,0.0,0.0,0.0,0.0,5.267617468026814,126.74999731229173,102.77195070858274,90.36504669454906,38.756606828160486,1.500566651269909,0.1762552904212277,0.39990440384097375,0.0,0.0,1.0
p29,old_strong,60.0,1.7540560853304015,4.600265134905778,B,5.701766688538426,12.102521310254854,0.9999050000000002,12.102521310254854,True,0.9999999999999993,15.083394395140557,150,0.2725390737740181,0.03367777656999715,720,0.08333333333333333,231.06068103015423,0.9359110485439209,0.9329199136574836,1.1123756223958112,1.3152113387495319,0.25301873071563,0.17156653288471227,0.2740447930923934,135259.20385196494,11555.285878134859,119268.24657946583,2935.460448204211,143140.1753405378,5.1557615448702485,79226.0,181471.0,4.898873211295603,5.258809625605904,26.324893162176366,34.75629439396553,1.8394065073870418,130.16311648027352,102.96167412094077,90.08835361548559,30.732181940277343,1.2068729849637467,0.08166156601121208,0.4694123967446266,79226.0,181471.0,1.0,,,,,0.2388838490165823,0.46605682505766977,0.10719755501834598,35803.00139608735,12119.798176879593,22321.134762763962,3689.9625661538594,40423.73239550495,4.606636410216811,0.0,0.0,0.0,0.0,0.0,0.0,5.139941299170414,126.86047539938265,102.93488098989889,90.0065538607076,40.18317484949597,1.4414321659588119,0.15879420923344792,0.37403778308542474,0.0,0.0,1.0,,,,,0.223815392409451,0.6966994945891913,0.06903071770829677,16787.702444162558,8209.7960989216,9187.34994204204,2548.214282791275,19245.527902609712,4.284329828241521,0.0,0.0,0.0,0.0,0.0,0.0,6.477295156250443,125.5227361327941,102.98617499684048,90.01463574603068,42.582681817469826,1.5522667201505593,0.19096634652093025,0.35094004492431724,0.0,0.0,1.0,,,,,0.24264328735490134,0.6838393835369602,0.12674552179642662,33430.362031177065,16163.463945198102,18393.21563280845,5200.065871771145,38359.85464430313,4.583876952844386,0.0,0.0,0.0,0.0,0.0,0.0,6.602413993246872,125.3976916766698,102.99292455150625,90.0366780579557,42.83663077412291,1.5606672191216238,0.19331030837530677,0.34857801403221284,0.0,0.0,1.0,,,,,0.23868097222797116,0.6612708364198698,0.11253632702027955,33875.34601708379,16576.499373168303,18910.984842351387,5730.275904633337,38936.93338608244,4.590361744155072,0.0,0.0,0.0,0.0,0.0,0.0,6.8533098395218905,125.14709774330177,103.00650204317071,90.07445898241643,43.28458749758744,1.5766627689286867,0.19773881238081997,0.344877073200153,0.0,0.0,1.0,,,,,0.24774120248136683,0.6239390823819697,0.13949585883722246,50411.60340527045,25719.531447988582,28905.988360845473,9883.350286378683,58127.2705697224,4.764379930657434,0.0,0.0,0.0,0.0,0.0,0.0,7.34980324586451,124.65151063731611,103.03799164156075,90.13367301378243,44.073405271379656,1.6060282669139838,0.2057531848136021,0.33949124367323313,0.0,0.0,1.0
p29,old_strong,100.0,2.923426808884002,4.600265134905778,A,2.3722679512431752,10.978440995660202,0.9999050000000002,10.978440995660202,True,0.9999999999999996,10.63529918954572,150,0.12460197000913263,0.1062195886130118,1200,0.08333333333333333,360.83977925777435,0.813184760125442,0.8883499369208683,3.0146387513603354,2.0940978836637627,0.04246084483092698,0.19200151628578943,0.2011205649358056,94055.6538289372,1539.9880431236106,119268.24657946583,2935.460448204211,95976.29200968513,4.982163967196319,61025.0,124000.0,4.785514904695922,5.093425187522967,24.20743687382041,30.757112998459398,1.1921734344203543,130.86495024245025,102.90502759727802,90.35202242591217,25.95786036871912,1.1340943751410713,0.0546491964418719,0.521646804055765,61025.0,124000.0,1.0,,,,,0.03947143575479655,0.2814007839556737,0.047240444103533855,15650.843810357737,2052.6257550485866,22321.134762763962,3689.9625661538594,16492.839141025455,4.217295423209462,0.0,0.0,0.0,0.0,0.0,0.0,4.527502697452342,127.54372354177792,102.65514638102535,90.72177336111415,35.357695696195094,1.4222302553704824,0.15296991323033884,0.457430687679798,0.0,0.0,1.0,,,,,0.03721723266309905,0.30374719633959335,0.022527565466948653,6317.83858202084,1442.7260169708204,9187.34994204204,2548.214282791275,6640.426547454523,3.822195977147531,0.0,0.0,0.0,0.0,0.0,0.0,5.738584365770484,126.34473009547119,102.59101065490579,90.88430794726473,36.96266583033508,1.5554902943857063,0.19186730563573381,0.44970614032069245,0.0,0.0,1.0,,,,,0.03968714961783647,0.29612920743811355,0.035878402836922896,12760.891155525742,3005.2790429667884,18393.21563280845,5200.065871771145,13412.796123769705,4.127519323305749,0.0,0.0,0.0,0.0,0.0,0.0,5.883060749503497,126.20180509900241,102.58289231702646,90.90408011436968,37.359134936088076,1.5705934430985011,0.19606378003080566,0.44243118879461746,0.0,0.0,1.0,,,,,0.03888464474870345,0.28463361468525833,0.030748014621531435,13315.823954649184,3419.1780497242084,18910.984842351387,5730.275904633337,13995.664483215547,4.1459935226337725,0.0,0.0,0.0,0.0,0.0,0.0,6.146626202780155,125.94013737097416,102.5671626099982,90.93366502979174,37.97338641070575,1.5989767443547536,0.20384214737859904,0.43270277506691623,0.0,0.0,1.0,,,,,0.039375484404376125,0.26201782691746067,0.03838970284370074,20982.907735931534,6212.863552087013,28905.988360845473,9883.350286378683,22050.98425273616,4.343427979109625,0.0,0.0,0.0,0.0,0.0,0.0,6.624542622449722,125.46365118214109,102.54150188579612,90.97493003195049,38.91189000733681,1.65239118793327,0.21811287025385884,0.42048376200025633,0.0,0.0,1.0
p29,old_strong,100.0,2.923426808884002,4.600265134905778,B,2.3722679512431752,10.978440995660202,0.9999050000000002,10.978440995660202,True,0.9999999999999827,11.853841340541974,150,0.06774147262440278,0.01053650947082474,1200,0.08333333333333333,343.0932365357876,0.9696196273877479,0.9688850530622682,0.5892031152763367,0.6518447414870204,0.10630339667500624,0.07966062878049837,0.18362668320148728,123573.42238691034,4671.389366253511,119268.24657946583,2935.460448204211,127697.74605259998,5.106183231753962,85589.0,163724.0,4.932423026376739,5.214114999100839,27.09243436828813,33.793490497431605,1.4928019040802216,130.5360822507182,102.89815672685663,90.27391658562182,28.215342426502765,1.1675453422630473,0.0672737556298078,0.500556358788564,85589.0,163724.0,1.0,,,,,0.0977802196295395,0.17549771442548853,0.06169008404414318,26076.70999718665,5445.779866256923,22321.134762763962,3689.9625661538594,27978.04542172831,4.446817370906045,0.0,0.0,0.0,0.0,0.0,0.0,4.816794554191697,127.21328901298669,102.6887573575561,90.43821880564555,37.106448217834206,1.4378903202208129,0.15772576008057398,0.4286602175656644,0.0,0.0,1.0,,,,,0.08953640272845476,0.22055533825298032,0.028712046961907045,11115.667773754276,3727.190724104678,9187.34994204204,2548.214282791275,11919.744113861861,4.07626693232279,0.0,0.0,0.0,0.0,0.0,0.0,6.236386435548896,125.79845836166969,102.6612984092899,90.56451599977689,39.046736518956564,1.5863036659180378,0.20038632787995372,0.4173260966039225,0.0,0.0,1.0,,,,,0.09684668140331355,0.21740905250073644,0.05054819582157965,22241.524787669543,7501.166921373839,18393.21563280845,5200.065871771145,23860.647090599654,4.377682217375648,0.0,0.0,0.0,0.0,0.0,0.0,6.368136730438777,125.66763856497464,102.6629551004375,90.58375063978202,39.37847292310739,1.6006004672655263,0.20428293934215186,0.4118456022711773,0.0,0.0,1.0,,,,,0.092791590242418,0.21165154654407495,0.0467869534204971,22766.281974072735,8046.410853051568,18910.984842351387,5730.275904633337,24443.25032219997,4.388158955381429,0.0,0.0,0.0,0.0,0.0,0.0,6.618898782295077,125.41821912169618,102.66695868310451,90.61568258177572,39.9247454612489,1.6274503925907293,0.21150775941997985,0.4040568169251695,0.0,0.0,1.0,,,,,0.09378103844642016,0.20347618066601852,0.062430056725200106,34574.363564746185,13403.07217828196,28905.988360845473,9883.350286378683,37177.674984465404,4.5702822263990335,0.0,0.0,0.0,0.0,0.0,0.0,7.087107024520843,124.95156666156247,102.68237786900487,90.66767479547839,40.81300327880591,1.676828543833029,0.22448865814933103,0.39361583060130384,0.0,0.0,1.0
p29,old_strong,150.0,4.385140213326004,4.600265134905778,A,0.8801244410743663,9.385898863865792,0.8801244410743663,9.385898863865792,True,0.9999999982893972,9.199499867271584,150,0.022723908176748072,0.007874594094556358,1800,0.08333333333333333,471.34145583957434,0.9875136716689707,0.9941351730756138,0.2653909641132237,0.13973346101667863,0.003515060347971245,0.015341747395690834,0.030888841219820606,121102.42958051467,2924.2880716287164,119268.24657946583,2935.460448204211,122873.77928813272,5.08945921628425,91537.0,156897.0,4.961601419360097,5.1956174076117945,27.85677655436824,33.97057550292606,2.094414045391311,130.04589303432746,102.81509337023859,90.73064745158848,27.1225138753814,1.2166459721965277,0.08516422269246463,0.5293923545536265,91537.0,156897.0,1.0,,,,,0.002946018815288652,0.0182141380441885,0.008888176042394974,22647.395482667725,3692.3946418437763,22321.134762763962,3689.9625661538594,23348.20565723004,4.368253510036735,0.0,0.0,0.0,0.0,0.0,0.0,6.359696272774172,125.86962984319999,102.40252934076653,91.58345420960273,35.80923899192983,1.6185357238389058,0.20912228946296038,0.48222095778226154,0.0,0.0,1.0,,,,,0.002578390760464034,0.017432448621868397,0.0029619924906019307,9302.218663698632,2551.0072307258615,9187.34994204204,2548.214282791275,9556.028988612088,3.980277458530244,0.0,0.0,0.0,0.0,0.0,0.0,7.862229994354948,124.41443213997732,102.29931166112569,91.94495670308908,37.510666508812385,1.8206539096298608,0.2602273980612947,0.4754990451357107,0.0,0.0,1.0,,,,,0.0025975060988464036,0.01696063942879626,0.005522997966627696,18618.143374769657,5210.8256354964215,18393.21563280845,5200.065871771145,19127.081211142744,4.281648701830305,0.0,0.0,0.0,0.0,0.0,0.0,7.989737772022272,124.28527679630612,102.28987482512376,91.9531200147645,37.903196402086195,1.8358699267629508,0.2638419077528944,0.46722646795798334,0.0,0.0,1.0,,,,,0.002349188313904746,0.014292977841576512,0.004809738819838899,19087.672846366844,5735.388175804714,18910.984842351387,5730.275904633337,19610.2259822508,4.292482598373498,0.0,0.0,0.0,0.0,0.0,0.0,8.22615819505867,124.04362529602767,102.27121172499473,91.95822569443233,38.52747623218154,1.866890581494901,0.2711188646842013,0.4557535411927783,0.0,0.0,1.0,,,,,0.002117868273050338,0.01270391201781272,0.005869038133526724,29146.421337489817,9905.539058837307,28905.988360845473,9883.350286378683,29944.09869632606,4.476311245551702,0.0,0.0,0.0,0.0,0.0,0.0,8.655978680040072,123.60020504513636,102.24299461708189,91.94842358736202,39.50518400163192,1.9281505232464113,0.28514093457905343,0.44067426316573804,0.0,0.0,1.0
p29,old_strong,150.0,4.385140213326004,4.600265134905778,B,0.8801244410743663,9.385898863865792,0.8801244410743663,9.385898863865792,True,0.9635809810594061,9.177692732045095,83,0.0011549898829299465,7.48035143072201e-05,1800,0.08333333333333333,260.3937501683831,0.9981642517501361,0.9971998497002172,0.03897866041692365,0.06597026918441141,0.005275454806026883,0.006611773430072608,0.016408018982778938,119101.23554155407,2776.1727242330744,119268.24657946583,2935.460448204211,120794.08033867898,5.082045651675511,89521.0,154391.0,4.951929776148323,5.188624793111974,27.65863337187866,33.734255586866,2.0767137100489554,130.06595195565885,102.8172798118859,90.73403768877422,27.01627814666585,1.2143356278579513,0.08433873713584562,0.530275630722324,89521.0,154391.0,1.0,,,,,0.004695279269445363,0.012887258039010268,0.004860425113975969,22046.692742039264,3527.591226174442,22321.134762763962,3689.9625661538594,22717.314134623768,4.356356983488615,0.0,0.0,0.0,0.0,0.0,0.0,6.353924642123659,125.88066330606544,102.40631733021571,91.604249878183,35.74229950440359,1.6172965134325736,0.20878965029737048,0.4833862161957613,0.0,0.0,1.0,,,,,0.004291642665065485,0.01796304068131337,0.0017946895326857587,9038.605421725584,2440.698973066066,9187.34994204204,2548.214282791275,9281.446984187636,3.967615688315866,0.0,0.0,0.0,0.0,0.0,0.0,7.841980315586776,124.44027470582047,102.30296067545538,91.96503051544526,37.43353140529575,1.817397996608319,0.25945004497630364,0.4766219886619449,0.0,0.0,1.0,,,,,0.004429791537104587,0.017040221399971234,0.0031249399123235155,18102.076330452266,4994.120838040556,18393.21563280845,5200.065871771145,18589.32399515302,4.269263596844902,0.0,0.0,0.0,0.0,0.0,0.0,7.969886865349735,124.31075573590203,102.29322338466207,91.9735972510931,37.82878331317325,1.8325616033122671,0.26305858278323335,0.4682744128869108,0.0,0.0,1.0,,,,,0.004339120409629365,0.0173198849408213,0.002724556909443565,18581.99534982539,5512.609327400709,18910.984842351387,5730.275904633337,19082.878992256916,4.280643896370622,0.0,0.0,0.0,0.0,0.0,0.0,8.206330877616146,124.06909989628805,102.27389439326805,91.97925760469182,38.4555539800261,1.8634526503087878,0.2703183619565773,0.4567216581417217,0.0,0.0,1.0,,,,,0.004237320667002431,0.015824511526278364,0.0029226499056818206,28439.366612706493,9561.002880865619,28905.988360845473,9883.350286378683,29205.530110141088,4.4654650935347835,0.0,0.0,0.0,0.0,0.0,0.0,8.635360927278459,123.6264322989164,102.24401365666591,91.97010328369589,39.434326459095665,1.9244842261531838,0.28431435579293485,0.44157070290649664,0.0,0.0,1.0
p30,old_strong,169.96433991007507,12.672176423699161,12.672176423699161,truth,,,,,,0.669762323051691,3.5008902840504326,,,,,,,1.0,1.0,0.0,0.0,0.0,0.0,0.0,57327.963554286674,0.13115480085894535,57327.963554286674,0.13115480085894535,57327.966826913995,4.758366539515651,51870.0,66934.0,4.714924620661709,4.8256532677243085,24.1039415863879,26.324893162176366,2.6135738677157474,129.9291953163807,102.70212765696576,91.56646365791306,19.3969676991269,1.2008326148737591,0.07948247492753986,0.6364146764316403,51870.0,66934.0,1.0,,,,,0.0,0.0,0.0,8708.08331242673,2.482972630620606,8708.08331242673,2.482972630620606,8708.089346625362,3.9399228763345264,0.0,0.0,0.0,0.0,0.0,0.0,3.8334666054558557,128.87420176323965,102.97489226192405,92.21905862917136,26.662660585952604,1.2810251914780322,0.10755767026953134,0.6040422436810865,0.0,0.0,1.0,,,,,0.0,0.0,0.0,4802.6997350388765,4.799493662847201,4802.6997350388765,4.799493662847201,4802.703666637599,3.681485790904136,0.0,0.0,0.0,0.0,0.0,0.0,3.923858293577344,128.79354607187435,102.97115624939102,92.26152275092117,27.049955375411493,1.28659819944981,0.1094429392844961,0.5955983927358747,0.0,0.0,1.0,,1.0,,0.0,0.0,0.0,0.0,22333.026164484614,58.19718378247991,22333.026164484614,58.19718378247991,22333.051356791748,4.348948064624636,0.0,34615.0,0.0,4.539276882190668,0.0,29.58039891549808,4.099346338553531,128.63161349530472,102.95906149332222,92.33600873223324,27.64064252355332,1.3001951124809963,0.11400852916498826,0.587148135898397,0.0,34615.0,1.0,,1.0,,0.0,0.0,0.0,0.0,32317.457298159134,438.4217052868635,32317.457298159134,438.4217052868635,32317.546303043568,4.509438379716996,0.0,54115.0,0.0,4.733325688107994,0.0,31.68595903550972,4.5875165056765015,128.1441413684634,102.86835176114144,92.48200133857026,29.02310078745161,1.352823868251565,0.13124125703683423,0.5742467467889631,0.0,54115.0,1.0,,1.0,,0.0,0.0,0.0,0.0,71525.80814512177,6866.861817351287,71525.80814512177,6866.861817351287,71526.96566578257,4.854469801689777,0.0,126042.0,0.0,5.1005187314421425,0.0,38.157568056677825,5.742707449625768,126.9146448565564,102.5282991322081,92.62589988544181,31.668972368507664,1.507603527012271,0.17828714480315444,0.55152629428225,0.0,126042.0,1.0
p30,old_strong,30.0,2.236735617083637,12.672176423699161,A,4932.200649681583,5.832077398206902,0.9999050000000002,5.832077398206902,True,0.9999999999999986,7.150564142230927,150,0.18719006596549106,0.10819729062606544,360,0.08333333333333333,124.91562275588512,0.3631285797686858,0.5364019023670257,8.624490786042289,6.583909465590456,0.0672472351445736,0.6664116153465872,0.807488180575196,19736.898132499366,0.295907656043718,57327.963554286674,0.13115480085894535,19753.751488665395,4.295649585841405,11507.0,24531.0,4.060999853218289,4.389732956015456,13.74772708486752,17.72004514666935,0.11219117616622379,131.9124174026599,102.97689610553341,90.06619938604852,15.489503823547478,1.0151401117949699,0.0065259886333734465,0.517820689818204,11507.0,24531.0,1.0,,,,,0.06310910283332782,0.8175784759687433,0.22679270516107347,1913.4763652696427,1.4194451018570369,8708.08331242673,2.482972630620606,1942.3592892153679,3.2883295669165777,0.0,0.0,0.0,0.0,0.0,0.0,5.302878629306708,136.03211068594666,104.22422979543455,86.78070402395139,24.315666973224214,1.3617747166521024,0.13410526660219413,0.3672073296105477,0.0,0.0,1.0,,,,,0.06111090274490959,0.7932218002521758,0.1073809030597757,1167.458975964539,1.751833694945825,4802.6997350388765,4.799493662847201,1185.8177299084616,3.0740179394680824,0.0,0.0,0.0,0.0,0.0,0.0,5.03151672026368,135.81808184219636,104.12970779557,86.92393565587263,24.740474937429656,1.328138690700011,0.12324342854156632,0.3741641069642259,0.0,0.0,1.0,,0.1018931563486019,,11.796342717028914,0.06814029189669908,0.7454590002567917,0.3770590062381545,6477.87591478461,13.649690170131883,22333.026164484614,58.19718378247991,6587.283870862851,3.8187063792291096,0.0,2149.0,0.0,3.3324384599156054,0.0,21.48487537755636,4.42679917622314,135.33785532061958,103.94206386682684,87.249038626945,25.419004013701713,1.2678394409541696,0.10306425802305512,0.39066363677166505,0.0,2149.0,1.0,,0.23205629901605554,,5.487036670867467,0.06851757192027896,0.6039276286737294,0.3022982883072565,13971.341049580567,71.55736515221338,32317.457298159134,438.4217052868635,14251.780867905383,4.153869136118556,0.0,8053.0,0.0,3.9060116252714128,0.0,24.1039415863879,2.5688323814794756,133.7691239188857,103.5317888178336,88.21497870685216,27.033291527706055,1.1735883358343335,0.06951578445148521,0.4343248885037863,0.0,8053.0,1.0,,0.7517761450983245,,2.107376911987039,0.07027487998184924,0.39297865490688144,0.47654851040340857,47923.090788958514,1559.6610113224554,71525.80814512177,6866.861817351287,49241.387196323165,4.692330279093203,0.0,81781.0,0.0,4.9126577271322684,0.0,32.14031735997639,1.091023773519838,130.96663724596522,103.02631953961998,89.65099917651486,29.9022150182334,1.202212802069242,0.07998134835263271,0.4790751947265048,0.0,81781.0,1.0
p30,old_strong,30.0,2.236735617083637,12.672176423699161,B,4932.200649681583,5.832077398206902,0.9999050000000002,5.832077398206902,True,0.999999999999999,10.920331582258093,150,0.7208436495393903,0.11616668715533907,360,0.08333333333333333,131.18086547404528,0.8482854906606309,0.8693690148235603,2.1124679948349345,2.1424984153121005,0.2545658801049443,0.3491296880414331,0.6296463601619492,67576.20813271162,1004.6524688381512,57327.963554286674,0.13115480085894535,68926.07220299724,4.838383530646123,42676.0,86191.0,4.630193882888373,4.9354669582018795,21.307275752662516,26.94438717061496,0.2964844903926888,131.70459782503437,102.99065306396565,90.02352111510446,23.207709839836976,1.0478380375520813,0.020294159715223213,0.5267112753667836,42676.0,86191.0,1.0,,,,,0.26790645815649705,1.13262263698303,0.2587265339826689,26227.245060105597,3038.6693462150743,8708.08331242673,2.482972630620606,27928.968505505163,4.446054896293932,0.0,0.0,0.0,0.0,0.0,0.0,0.9719058927687695,131.66655820213217,103.21264193743421,89.11219313007977,31.581478381542375,1.1597028406160932,0.0643467209393406,0.42322395990199735,0.0,0.0,1.0,,,,,0.2627328928776983,1.2302541542372079,0.1301773414195492,15737.564924548493,3104.739591099841,4802.6997350388765,4.799493662847201,16936.194385825533,4.22881582967166,0.0,0.0,0.0,0.0,0.0,0.0,1.4180475860981747,131.21989709018519,103.2609297385499,88.84491815091847,33.02287240469408,1.2254228069241178,0.0882859589314014,0.4128666985785231,0.0,0.0,1.0,,0.5011582452584334,,3.0156360886499285,0.3102002483948376,1.2620331750102072,0.4801845472588242,72887.26671467412,17157.901883266568,22333.026164484614,58.19718378247991,78890.80627208877,4.897026394616958,0.0,109353.0,0.0,5.038834673483904,0.0,34.02939905434711,1.7094002901810175,130.6083480070267,103.17873590469021,89.02357408939594,34.026366571697494,1.247599934001935,0.09607534311091877,0.4111004196540145,0.0,109353.0,1.0,,0.4569230834181207,,4.688947831670077,0.33101904118359,1.2988541379677756,0.44059609410129713,101461.59025369394,35760.1649568586,32317.457298159134,438.4217052868635,111429.79941987668,5.047001348763869,0.0,196426.0,0.0,5.293201183782272,0.0,39.63584236521283,2.96204326460546,129.079646715027,103.0522016598816,89.50754494718039,36.39410940095047,1.3130060520262357,0.11826672788349384,0.40118180265694403,0.0,196426.0,1.0,,0.523142373901404,,6.751307221953704,0.3807982850763363,1.211313964285028,0.536653856790033,196072.70529660847,105542.92808089919,71525.80814512177,6866.861817351287,221495.1420912015,5.345364205565316,0.0,397260.0,0.0,5.59907593148838,0.0,48.518037882832814,5.235152327511045,126.76570348526188,103.0800617087292,90.05049763202425,40.267672935018155,1.4612810710757715,0.16473375862895048,0.37047461160428374,0.0,397260.0,1.0
p30,old_strong,60.0,4.473471234167274,12.672176423699161,A,657.2068564707249,5.417540712850002,0.9999050000000002,5.417540712850002,True,0.9999999999994105,6.283742434434324,150,0.14324348448919189,0.08729042289775907,720,0.08333333333333333,210.6965215653181,0.6585293319024037,0.747160411205919,4.523196635850334,3.6212465024049285,0.054250767589769475,0.4635248337819197,0.6613008860184064,32713.21424362194,0.1453677620907249,57327.963554286674,0.13115480085894535,32734.45358893515,4.5150050959746535,25469.0,40652.0,4.406028944963615,4.609092600000719,18.0,21.118712081942874,0.39230912949589175,131.66360275258006,102.88870868669754,90.16839711576368,16.87001255459955,1.0385894856668072,0.016443921628958177,0.5610955126560139,25469.0,40652.0,1.0,,,,,0.051352746840068776,0.6697526420055293,0.18605203755664457,3545.423572695426,0.9864805272912461,8708.08331242673,2.482972630620606,3579.2948081414843,3.5537974704705264,0.0,0.0,0.0,0.0,0.0,0.0,3.9748088088199283,134.85385043065352,103.83975850140466,87.3638193450657,24.784783403190094,1.2820355613711643,0.10790007190126011,0.4245997803141432,0.0,0.0,1.0,,,,,0.04935113334560881,0.6385466718688318,0.08721025316767822,2085.7869993754775,1.3878525391746004,4802.6997350388765,4.799493662847201,2106.799295775751,3.323623164517057,0.0,0.0,0.0,0.0,0.0,0.0,3.5798171205155933,134.5319197796946,103.74939094671988,87.58279375011107,25.26180033962841,1.2460809425878658,0.09554625402259662,0.4310752507512889,0.0,0.0,1.0,,0.26742360188428554,,4.862202384524023,0.05460653673855236,0.579770406426738,0.332284998539133,10841.688820133702,12.848927767763136,22333.026164484614,58.19718378247991,10960.99069651936,4.039849809128917,0.0,6792.0,0.0,3.832061614590727,0.0,23.727621035409346,2.7901417426133555,133.8777930389618,103.59278923721605,88.02328930621073,25.99972634034696,1.20773018106752,0.08196991941574167,0.44698373824936755,0.0,6792.0,1.0,,0.4846965734957389,,2.4263945707182377,0.055147994098871105,0.4383608375361142,0.35288764560166236,19913.448775657464,86.19627605504142,32317.457298159134,438.4217052868635,20179.82657696068,4.304917429641593,0.0,19875.0,0.0,4.298328988073495,0.0,26.343879744638983,0.9600765430226972,132.19700730934343,103.31174110874653,89.11357314478568,27.58220339305519,1.1841436583440255,0.07340439346917237,0.4816972071295413,0.0,19875.0,1.0,,0.8351867654561791,,1.4829049077430023,0.05708653741801517,0.2949867728825772,0.4900739572525766,55287.65546997643,2128.4407422115682,71525.80814512177,6866.861817351287,56327.68410904865,4.750721895752719,0.0,96803.0,0.0,4.985893302990589,0.0,34.0147027033899,2.2051992315167004,129.81995267978806,102.89000579607233,90.31336657036273,30.299962656575868,1.2816377066910223,0.10776527618003877,0.5045199457692868,0.0,96803.0,1.0
p30,old_strong,60.0,4.473471234167274,12.672176423699161,B,657.2068564707249,5.417540712850002,0.9999050000000002,5.417540712850002,True,0.9999999999999906,7.913990369581792,150,0.4632724779855718,0.08283765719629277,720,0.08333333333333333,213.23715941607952,0.8943581309289553,0.9020160898139529,1.5293816347209848,1.5876984730689672,0.14180639123686878,0.2651688587531534,0.7300179154479732,62383.25801926335,44.875743045098744,57327.963554286674,0.13115480085894535,62841.964694146525,4.798249754383344,50277.0,77321.0,4.701377993631277,4.888303078901915,22.494443758403985,26.019223662515376,0.29923211258137655,131.72455088550507,102.96405289109343,90.11124499038218,20.783133859431672,1.0305762407353363,0.013080125863771276,0.5566512907442585,50277.0,77321.0,1.0,,,,,0.14186389945420308,0.6982162803978652,0.2646830506667308,15664.31457705916,181.76338382619133,8708.08331242673,2.482972630620606,16156.726102814502,4.2083533626558856,0.0,0.0,0.0,0.0,0.0,0.0,1.1686588204056503,132.63505774981311,103.29256421386931,89.06358594965835,28.097611282666264,1.1102015678453276,0.045401836314247046,0.45317483616348897,0.0,0.0,1.0,,,,,0.1355074953686601,0.6866717366702197,0.12948195916986321,8640.425920997042,205.83529935236615,4802.6997350388765,4.799493662847201,8929.745281480129,3.9508390709349803,0.0,0.0,0.0,0.0,0.0,0.0,0.987452002980028,132.33366240628044,103.2564861865379,89.10672193974123,28.673756452593768,1.1275766470398403,0.05214607272744907,0.4540407782925154,0.0,0.0,1.0,,0.7187308064667243,,1.209280972326709,0.15593939877638974,0.6507013367871656,0.4814708279284757,39295.7764917487,1383.928527436624,22333.026164484614,58.19718378247991,40730.08306593901,4.609915295797811,0.0,62900.0,0.0,4.798657549913149,0.0,30.099833886584822,0.7575760744202911,131.80950653045372,103.16215527179976,89.28491999439096,29.47653195145671,1.145276579487384,0.05891037963672929,0.4581780167902467,0.0,62900.0,1.0,,0.7411490789563788,,1.637278202630192,0.1607754022792585,0.5969394123783386,0.438603644736598,54595.18346770222,4789.873382904552,32317.457298159134,438.4217052868635,57004.14541681733,4.755906439289792,0.0,94986.0,0.0,4.977664171451021,0.0,32.817678162843876,1.5160047383092994,130.5599539434412,102.93123985647044,89.53116125989047,31.42040172323299,1.2109140378864718,0.08311331391378174,0.463476141165773,0.0,94986.0,1.0,,0.7574275275227152,,2.6572156990085354,0.1748359940971093,0.5812013807061861,0.5348648101717481,115271.20539752921,31207.68652320813,71525.80814512177,6866.861817351287,121944.92463566168,5.086163729630522,0.0,217165.0,0.0,5.336791832112829,0.0,41.09744517606904,3.515762845358976,128.5002039686113,102.70870959205294,89.83517881895672,34.79954856448211,1.3510595089322275,0.13067447843114174,0.4503963465093817,0.0,217165.0,1.0
p30,old_strong,100.0,7.455785390278791,12.672176423699161,A,47.59801770312889,4.809564239201163,0.9999050000000002,4.809564239201163,True,0.9999999999999986,5.2555632946228945,150,0.08576062385991476,0.05756811506107346,1200,0.08333333333333333,329.9602120667696,0.8647666555575863,0.8896569629701749,1.8640907009666494,1.6535564678260195,0.03577903943239677,0.24088344241812154,0.5220423544627237,47122.88400525802,0.08524364594948902,57327.963554286674,0.13115480085894535,47135.88624967999,4.673351677105937,41147.0,56318.0,4.614348731162569,4.75065493487096,21.400934559032695,23.853720883753127,1.0272405693629023,131.09818374931137,102.7310878478273,90.4118699937514,18.29618944707935,1.0848472614112397,0.03536859699036239,0.596852916279279,41147.0,56318.0,1.0,,,,,0.03346572213501645,0.4140203611017563,0.20451659662862898,6183.573112738122,1.0230617515249265,8708.08331242673,2.482972630620606,6203.774948173226,3.792656034702608,0.0,0.0,0.0,0.0,0.0,0.0,1.2786988163076443,132.36076251612886,103.24543038725285,88.79804950401613,25.739938123656753,1.2219546183773826,0.08705507713872886,0.5116944042022925,0.0,0.0,1.0,,,,,0.031739863230627725,0.3847408540066754,0.09943477174721921,3501.1118613896224,1.7648983040319113,4802.6997350388765,4.799493662847201,3513.5423620155643,3.5457451940988514,0.0,0.0,0.0,0.0,0.0,0.0,0.9849972847806387,132.0600278628042,103.2190414102513,89.0415443842788,26.18193441091841,1.21755436983501,0.08548836372002798,0.5122027636246412,0.0,0.0,1.0,,0.6453813114089259,,1.1660960167671586,0.034697352113847175,0.33399329099214825,0.3703201029955998,16999.608807190412,20.32153783253004,22333.026164484614,58.19718378247991,17068.987182492,4.232207752274395,0.0,19645.0,0.0,4.293274139710753,0.0,26.645825188948457,0.7378768419929559,131.4992695964338,103.1735788348459,89.48657845293806,26.846088332100262,1.217057780779634,0.08531119719314625,0.5182865834766284,0.0,19645.0,1.0,,0.82003942798135,,0.8909070722477342,0.03486502895566757,0.24337805759633635,0.35894927730255183,26728.44076938217,165.46401135366432,32317.457298159134,438.4217052868635,26875.289101272952,4.429353144715745,0.0,41876.0,0.0,4.621975561972592,0.0,29.171904291629644,1.7771385999772031,130.2651834283145,103.06741601573715,90.37958944526473,28.27953378319796,1.2506838072968345,0.09714752703700785,0.5301909610190714,0.0,41876.0,1.0,,0.9140963397644277,,0.8243845296041353,0.03604661955873888,0.17262338264837307,0.4750724127871947,63339.42388314783,3690.519671030175,71525.80814512177,6866.861817351287,63860.99254726028,4.805235664194788,0.0,111580.0,0.0,5.047590249282056,0.0,36.02776706930364,3.775837076890415,128.42642333642027,102.71168081214365,91.18463813320886,30.90261077546629,1.3959574632721266,0.14487218494355586,0.5294520301632115,0.0,111580.0,1.0
p30,old_strong,100.0,7.455785390278791,12.672176423699161,B,47.59801770312889,4.809564239201163,0.9999050000000002,4.809564239201163,True,0.9999999999999692,5.8004721370921875,146,0.19413192040768568,0.054839955342701474,1200,0.08333333333333333,322.7636437341571,0.9260124091000067,0.9332590722671084,1.1129576222357629,1.0932650499448373,0.06179637265616911,0.197548954413626,0.7591508315325831,60057.891943593684,1.1490463772975756,57327.963554286674,0.13115480085894535,60143.42307997276,4.779188142461483,53053.0,71348.0,4.724718133052417,4.853387890589764,23.194827009486403,25.768197453450252,0.89486577566519,131.19794890108503,102.83736698959012,90.36200731361558,19.751088325894226,1.0739531600362249,0.030985340226288755,0.59022212986486,53053.0,71348.0,1.0,,,,,0.05689784340819489,0.41989225199995894,0.2558449687816065,10963.053719179768,9.31865412641411,8708.08331242673,2.482972630620606,11061.078718612616,4.0437974830894925,0.0,0.0,0.0,0.0,0.0,0.0,0.7041367055969954,131.97529096060424,103.32247383723413,89.37453330397165,26.708158945190718,1.1804628930779075,0.07205233992403093,0.5059201481412992,0.0,0.0,1.0,,,,,0.05190401738882701,0.39536043083757993,0.12404340986788413,5983.896373239081,13.573801670007823,4802.6997350388765,4.799493662847201,6040.66746923357,3.7810849290498085,0.0,0.0,0.0,0.0,0.0,0.0,0.6129310324721678,131.69407196957818,103.28861290659039,89.55413558011536,27.140995630153473,1.1853673692371547,0.07385296782007657,0.5056992279765791,0.0,0.0,1.0,,0.8442017346610986,,0.6165399975021828,0.057599849498762117,0.34852733351202436,0.46128415455355537,27206.190935533195,125.37610365437716,22333.026164484614,58.19718378247991,27490.176491892442,4.439177528101342,0.0,43508.0,0.0,4.6385791016914135,0.0,29.068883707497267,0.8637060574282319,131.1740762801658,103.22015087998282,89.87601712740772,27.821784814500624,1.1989116834746865,0.07878719244641039,0.509214697699731,0.0,43508.0,1.0,,0.8850530343716434,,0.6739748289951563,0.05626011593235414,0.2705477817878947,0.42097412390446576,37810.32659855559,722.9078269652467,32317.457298159134,438.4217052868635,38297.438276981746,4.583169724898669,0.0,65629.0,0.0,4.817102404256923,0.0,31.32091952673165,2.0433258300779737,130.00640112665593,103.0123687472092,90.44787385964976,29.37458624055209,1.262198307493966,0.10112759348530732,0.516008619010201,0.0,65629.0,1.0,,0.9348782327505731,,0.6847378420287591,0.05662874644937095,0.20474112546564005,0.5215114798682307,80610.24175482313,9436.779610287253,71525.80814512177,6866.861817351287,82031.93768365089,4.913982970180476,0.0,143964.0,0.0,5.158256921578406,0.0,38.17066936798463,3.988050682093468,128.1344479274298,102.57085930794707,90.88198281367534,32.19017248259867,1.4339299900363158,0.1565279479265253,0.5111438512060765,0.0,143964.0,1.0
p30,old_strong,150.0,11.183678085418187,12.672176423699161,A,2.115108163728783,3.919133726414788,0.9999050000000002,3.919133726414788,True,1.0,3.960184053005002,150,0.0165995790530284,0.01554203791950753,1800,0.08333333333333333,490.73044760525227,0.9745001308431143,0.9776283499313315,0.4373019355636907,0.40727988409336746,0.009661003983893067,0.0619146894062677,0.3274324113114966,56748.97328940924,0.10766845967984767,57327.963554286674,0.13115480085894535,56749.14233459084,4.753959302302707,51307.0,66315.0,4.710185086066562,4.821618322875186,23.68543856465402,26.019223662515376,2.1455017708422215,130.19886414695347,102.61595432172484,91.1007253992507,19.287436641029092,1.1709143200438907,0.06852511736653838,0.627747416123013,51307.0,66315.0,1.0,,,,,0.008692792347239816,0.11362583020353267,0.11275450951866643,8523.696034590128,2.0330525050868986,8708.08331242673,2.482972630620606,8524.005609736629,3.9306437268559677,0.0,0.0,0.0,0.0,0.0,0.0,2.6403146666206534,129.58288636573894,102.7960296044493,91.0426980845769,26.536545012364385,1.2661634236867418,0.10248976367885643,0.5862342111174563,0.0,0.0,1.0,,,,,0.008118693732683735,0.10370947099443453,0.05416688273120168,4706.476656406416,3.9469975791711325,4802.6997350388765,4.799493662847201,4706.677805997158,3.6727144698454226,0.0,0.0,0.0,0.0,0.0,0.0,2.8082189149859342,129.45301962525326,102.80860757649583,91.16719894849376,26.93058144083262,1.2723555012974221,0.10460847191055507,0.5796222691898417,0.0,0.0,1.0,,0.9491322386489803,,0.23308248134758577,0.008592445761432217,0.08724446481096546,0.19206148691799296,21906.369722199535,48.52310628727078,22333.026164484614,58.19718378247991,21907.647703422525,4.340595748429388,0.0,33837.0,0.0,4.529404686085888,0.0,29.171904291629644,3.124767743248953,129.20447664993443,102.8234387772693,91.38493638233501,27.532132983087266,1.2865939491670604,0.10944150458841587,0.5741237312878011,0.0,33837.0,1.0,,0.9656245632017891,,0.22597301016433918,0.008357425346395699,0.06139243128829511,0.17152015123570172,31775.47992233464,376.9387503213821,32317.457298159134,438.4217052868635,31779.74520704269,4.502150410945024,0.0,53200.0,0.0,4.725919795648436,0.0,31.32091952673165,3.876613396103486,128.5672832167391,102.7776996847785,91.78750370030956,28.921484642670144,1.3399972414367038,0.12710390431253102,0.5660901964900212,0.0,53200.0,1.0,,0.9825763359541445,,0.2047348824922906,0.008295165830884502,0.04121494910118997,0.23583981159021752,70494.55743924498,6272.119439642094,71525.80814512177,6866.861817351287,70530.52019210586,4.848377086959985,0.0,124155.0,0.0,5.093967712242793,0.0,37.8021163428716,5.284464732110212,127.20575881299092,102.45683632921317,92.15540997780928,31.557837521781924,1.4964625462009158,0.17506585169286829,0.5477380108130426,0.0,124155.0,1.0
p30,old_strong,150.0,11.183678085418187,12.672176423699161,B,2.115108163728783,3.919133726414788,0.9999050000000002,3.919133726414788,True,0.9999999999999817,3.9802083543844913,150,0.014065441467528972,0.011709544110493963,1800,0.08333333333333333,483.9134378731251,0.9755265313991036,0.9781801612023695,0.4159792187377579,0.3949860216443871,0.009822386935768658,0.06340159379127965,0.34867656381101175,57304.851495659874,0.11876660914704251,57327.963554286674,0.13115480085894535,57305.054361819864,4.758192928854665,51875.0,66935.0,4.714966481581277,4.8256597559776555,23.790754506740637,26.076809620810597,2.1374391852855434,130.20174939885214,102.615512202549,91.08954585946475,19.344711141948583,1.1698521735271934,0.06813098629528411,0.6274106968892189,51875.0,66935.0,1.0,,,,,0.008655401719996823,0.11639187681385371,0.12052859630278036,8715.663146181916,2.2095822239131593,8708.08331242673,2.482972630620606,8716.034159273959,3.9403189236342357,0.0,0.0,0.0,0.0,0.0,0.0,2.6194111394374326,129.5973129284049,102.79790059356004,91.02350641586426,26.564523025455937,1.2659168704093564,0.10240518758665926,0.5852967035245744,0.0,0.0,1.0,,,,,0.007986331246969586,0.10624038872460231,0.0575102282385713,4804.091172461594,4.258783733799223,4802.6997350388765,4.799493662847201,4804.332108259525,3.6816330211703385,0.0,0.0,0.0,0.0,0.0,0.0,2.7893255161621813,129.4654193261656,102.81006445687918,91.14898308621058,26.959255048449037,1.2722912120280463,0.1045865274301718,0.578789564695854,0.0,0.0,1.0,,0.9509964016821052,,0.2240791309161917,0.008333975001569289,0.08911019041307397,0.20548694880113766,22294.850304752003,51.867624898331876,22333.026164484614,58.19718378247991,22296.3786516666,4.348234331240455,0.0,34584.0,0.0,4.5388877800147,0.0,29.223278392404914,3.109709422274272,129.21306261689782,102.82388799445854,91.36830452573727,27.56354517311278,1.2868537707941017,0.1095291994721404,0.5733806883100433,0.0,34584.0,1.0,,0.9667634601512938,,0.21768063303602966,0.007943477893873367,0.06211407310826512,0.18115071688398987,32176.893078819197,397.28412965650637,32317.457298159134,438.4217052868635,32181.94632633629,4.507612306177759,0.0,54019.0,0.0,4.732554579851432,0.0,31.38470965295043,3.870563548666955,128.56675418716216,102.77449145800293,91.77291603591009,28.959569953327833,1.3412179856019517,0.12749936864233896,0.565444826364414,0.0,54019.0,1.0,,0.9841641295047062,,0.18620448996469519,0.0076404487000857986,0.04052080134839819,0.24966289597810357,71089.1003133284,6473.720597130622,71525.80814512177,6866.861817351287,71129.83906677448,4.8520518260957015,0.0,125250.0,0.0,5.097781201946455,0.0,37.881393849751625,5.293433392923586,127.19086150830262,102.44954024548537,92.14233940160116,31.60138810094368,1.4992937674688565,0.17588673564406254,0.5471653816259422,0.0,125250.0,1.0
p31,old_strong,127.11034219712019,5.879627245565828,5.879627245565828,truth,,,,,,0.7811463106423616,4.527265394970676,,,,,,,1.0,1.0,0.0,0.0,0.0,0.0,0.0,21315.248946404623,2.2413864854945165,21315.248946404623,2.2413864854945165,21315.30007277874,4.328691450942085,15960.0,26453.0,4.20306009759596,4.422491349209967,15.7797338380595,18.708286933869708,1.1020227743681135,131.25510577748855,102.91356543854425,90.80753690880418,14.775973615804828,1.1521830608964294,0.06152148604995418,0.5571597508523614,15960.0,26453.0,1.0,,,,,0.0,0.0,0.0,1996.6409242355478,14.830018470340283,1996.6409242355478,14.830018470340283,1996.6596006905434,3.3003040307481784,0.0,0.0,0.0,0.0,0.0,0.0,2.388948394821484,129.89410118315038,102.17058598663927,90.76441938800136,19.676063962981278,1.188480613658838,0.07499210196688438,0.6901321652774677,0.0,0.0,1.0,,,,,0.0,0.0,0.0,396.96708736864696,26.021988576093957,396.96708736864696,26.021988576093957,396.970868417196,2.5987586373679776,0.0,0.0,0.0,0.0,0.0,0.0,3.089967407964727,129.29245297645548,101.75209507374399,90.81229366155685,20.877985166978682,1.2840896856612602,0.10859535755491588,0.6898417237641408,0.0,0.0,1.0,,,,,0.0,0.0,0.0,1234.4223563726368,76.72729440406194,1234.4223563726368,76.72729440406194,1234.434341038956,3.0914679949704107,0.0,0.0,0.0,0.0,0.0,0.0,3.1405813734397157,129.24681435765996,101.7397345197484,90.83363727201663,21.1615223213265,1.2840713691839993,0.10858916265916553,0.6838829266363823,0.0,0.0,1.0,,,,,0.0,0.0,0.0,5195.1207250199905,351.7960708433875,5195.1207250199905,351.7960708433875,5195.176419729079,3.715600300076817,0.0,0.0,0.0,0.0,0.0,0.0,3.287915791535564,129.11301868821417,101.70791619385595,90.89791346772871,21.740584748586397,1.293432789346176,0.11174386639276519,0.6760079357522144,0.0,0.0,1.0,1.0,1.0,0.0,0.0,0.0,0.0,0.0,32311.043560062073,4031.370181452471,32311.043560062073,4031.370181452471,32311.695690858727,4.509359750028137,5870.0,43788.0,3.7687120803776635,4.641365027415445,18.681541692269406,25.337718918639855,3.9822505218346356,128.4636720164601,101.61432415227308,91.19691522528169,23.78054130760996,1.3789114716433621,0.1395363846595732,0.6632496361566511,5870.0,43788.0,1.0
p31,old_strong,30.0,1.387682656800928,5.879627245565828,A,32.314076246933375,5.8509324442603265,0.9999050000000002,5.8509324442603265,True,0.9999999999999996,6.350537791144598,150,0.09659000536894302,0.07129202138859818,360,0.08333333333333333,172.77984879165888,0.41650957436253594,0.5769158350593109,5.40109971851814,4.5798152488502035,0.0347614261281607,0.5396760770343371,0.5386590733923176,9150.810140766094,1.1749043505375494,21315.248946404623,2.2413864854945165,9152.022396057006,3.9615170742190617,4198.0,10724.0,3.6231458746379395,4.0303973008567615,9.899494936611665,13.45362404707371,0.09427921971148782,131.9509023663511,102.99683180771049,90.08042360472587,12.789924583351677,1.019748766628643,0.008493188716566995,0.44893061847378296,4198.0,10724.0,1.0,,,,,0.0363138823955235,0.6787584457344217,0.06811227901424911,626.7090102840865,5.850860456907949,1996.6409242355478,14.830018470340283,627.3319277682081,2.7974973913165355,0.0,0.0,0.0,0.0,0.0,0.0,1.1942447812483232,131.64631235900012,102.37477840641294,89.04594360279108,19.26459162826647,1.1054894785868985,0.04355461356928164,0.6134826772231116,0.0,0.0,1.0,,,,,0.03760040544986116,0.6751140944673286,0.01182601601488793,128.49926284210795,10.510633459504842,396.96708736864696,26.021988576093957,128.99837398852733,2.110584236095678,0.0,0.0,0.0,0.0,0.0,0.0,1.6017989010954243,131.35845308593144,102.1351141620123,88.8141881414626,20.849371639937257,1.174002024302128,0.0696688457552805,0.6059447442067551,0.0,0.0,1.0,,,,,0.04134110002982755,0.6707042820512785,0.03405597983273116,404.6705775362196,30.998817396272347,1234.4223563726368,76.72729440406194,406.25284226761863,2.608796412452961,0.0,0.0,0.0,0.0,0.0,0.0,1.6178893245415236,131.3177454656011,102.11891571283448,88.82706134189908,21.112622827042287,1.1738190645588549,0.0696011588199754,0.6029587103275488,0.0,0.0,1.0,,,,,0.04500569303529195,0.6480549358745568,0.11795926410571808,1805.5298605761539,138.87452454386292,5195.1207250199905,351.7960708433875,1812.8444390281625,3.2583605386954915,0.0,0.0,0.0,0.0,0.0,0.0,1.6373552872985118,131.2220157163939,102.09308979101775,88.88054179883746,21.572637956311222,1.173883879736148,0.0696251387480302,0.6000634550395222,0.0,0.0,1.0,0.0,0.5001284488516673,,2.522817832205574,0.04829167770125255,0.5054715487992184,0.3085114649723605,15494.7554519717,1629.3176621572861,32311.043560062073,4031.370181452471,15578.141679570743,4.192515649328637,0.0,14601.0,0.0,4.164412344104769,0.0,19.849433241279208,1.7493769452919767,130.76942032318843,102.0467019123824,89.201741826298,23.00082644005381,1.189904574285953,0.07551213406246698,0.6031671102441858,0.0,14601.0,1.0
p31,old_strong,30.0,1.387682656800928,5.879627245565828,B,32.314076246933375,5.8509324442603265,0.9999050000000002,5.8509324442603265,True,0.9999999999999991,9.152957829115191,150,0.5691932234337194,0.07167708009374774,360,0.08333333333333333,146.9191202148795,0.8913353012675812,0.8942866801893171,1.0795920740678848,1.3535062783023943,0.16990307837741334,0.27435063728263276,0.29598580032309296,27068.04791971557,550.5063005763244,21315.248946404623,2.2413864854945165,27202.417818578288,4.434607506923908,12835.0,32707.0,4.108429708423467,4.5146539890800685,14.317821063276353,19.467922333931785,0.08259187848122869,131.92435646836523,102.98800588356615,90.03091303420645,18.173102943449123,1.0132247356204334,0.005705783578372165,0.5288900176396643,12835.0,32707.0,1.0,,,,,0.1906499409985141,0.9597269598824492,0.0763899589924864,5999.276366997925,2077.4056178651313,1996.6409242355478,14.830018470340283,6196.592455195879,3.792152933897005,0.0,0.0,0.0,0.0,0.0,0.0,1.4115787866991,131.28237055861717,102.43957186799614,88.92135132467604,26.894491899573218,1.1464886686111648,0.05936976671186902,0.5299178139694176,0.0,0.0,1.0,,,,,0.20263607808509518,6.801042193965308,0.12156973443535697,4697.295675097712,3822.162852851907,396.96708736864696,26.021988576093957,5036.737511508944,3.7021493182840266,0.0,0.0,0.0,0.0,0.0,0.0,2.8875659895556463,130.5748690855541,101.89158524305084,87.74645702341704,32.338707233582234,1.242438897016283,0.09427503938429858,0.45554405492595634,0.0,0.0,1.0,,,,,0.22453570967434675,6.06129067599413,0.29152284126872147,13870.891671121142,10612.428002027465,1234.4223563726368,76.72729440406194,14842.131973660658,4.171496288941202,0.0,99.0,0.0,2.0,0.0,30.23243291566195,2.8284616240743463,130.3755944676883,101.94317930338741,87.93974956845831,32.42442723591529,1.245959055685549,0.09550377090902595,0.45973131603437667,0.0,99.0,1.0,,0.0,,,0.24960344609364385,4.583280386762299,0.5823396804562767,48242.23170916122,34078.28313725523,5195.1207250199905,351.7960708433875,51261.48332407943,4.709791168959853,147.0,47578.0,2.1702617153949575,4.677415309936518,30.364452901377952,34.88552708502482,2.8027806354558447,129.74744797286203,102.11765741482971,88.58470490076525,32.60590135022106,1.2642557333942734,0.10183493183264182,0.4735926989440416,147.0,47578.0,1.0,0.07319065104767367,0.2866907605279698,11.543574119904834,10.667574313447702,0.2812021105904143,2.4883091564456814,0.8413373145055458,174297.74181161224,113779.49506550042,32311.043560062073,4031.370181452471,184657.77875692275,5.266367607140268,161565.0,274985.0,5.208349972985857,5.439310583730195,37.92097045171708,41.72529209005013,3.339309108797179,128.69448658688177,102.56434630446654,89.81352679184587,33.600231258973,1.312852886604514,0.1182160633968613,0.4768976970689503,161565.0,274985.0,1.0
p31,old_strong,60.0,2.775365313601856,5.879627245565828,A,9.838936803621671,5.476275666390854,0.9999050000000002,5.476275666390854,True,0.9999999999999986,5.757821531149276,150,0.06340314099384878,0.04980459536222103,720,0.08333333333333333,239.45471093803644,0.6786438713416401,0.7748419516939536,2.9678715047846533,2.4770907186262607,0.02428416152330958,0.33975756059858786,0.3594067402439521,13561.309052129129,1.1404589619830938,21315.248946404623,2.2413864854945165,13562.153559366801,4.1323286574284035,8197.0,16730.0,3.913707913980483,4.223521899211224,12.36931687685298,15.670027056871282,0.28581673635388366,131.82307177306996,102.98051309770487,90.22362439476568,13.537408506602704,1.049741829645574,0.021082503120740715,0.48819548822567793,8197.0,16730.0,1.0,,,,,0.025144552652174346,0.4572019336463898,0.04524362658922059,1061.5399444099405,6.502711651406226,1996.6409242355478,14.830018470340283,1061.8967369687753,3.0260822862886676,0.0,0.0,0.0,0.0,0.0,0.0,1.2213037545823273,131.14616882219818,102.29272064668817,89.4878368451858,19.26999715776537,1.102254377292908,0.04228183218003944,0.6393938138988801,0.0,0.0,1.0,,,,,0.025899669960893323,0.4547661105242012,0.007942469209329842,210.63208428745654,11.51076653558993,396.96708736864696,26.021988576093957,210.80518566627953,2.3238812900250907,0.0,0.0,0.0,0.0,0.0,0.0,1.6492771033558409,130.7848208761724,102.05935456543558,89.40113371517462,20.40639903508463,1.1708236994607955,0.06849150470886532,0.637199266703891,0.0,0.0,1.0,,,,,0.028755648517659934,0.45037389930633526,0.023092805956458243,660.1997796167198,33.942854948840086,1234.4223563726368,76.72729440406194,660.7486469096029,2.8200362824502943,0.0,0.0,0.0,0.0,0.0,0.0,1.6840549151174535,130.7395725493563,102.04485870029556,89.42114881325682,20.688408451314533,1.1721015565353607,0.0689652426821563,0.6331008970544337,0.0,0.0,1.0,,,,,0.0315548996493023,0.42904700882349156,0.07844060048928972,2875.0823291360734,154.54964578803273,5195.1207250199905,351.7960708433875,2877.6227420567852,3.459033857084134,0.0,0.0,0.0,0.0,0.0,0.0,1.7658568952283848,130.6196761868497,102.01983011636034,89.4977811786864,21.203016846996924,1.1771976609847303,0.07084939051351125,0.629187743496242,0.0,0.0,1.0,0.11979500320307496,0.7789740518406062,7.820208645398359,1.4825222539526224,0.03431970824044237,0.3158270719663429,0.19504466479841215,21348.00985180539,1870.4301455120699,32311.043560062073,4031.370181452471,21377.417140859226,4.329955231778565,374.0,28009.0,2.574031267727719,4.447313108823568,16.1245154965971,22.135943621178654,2.1935496245013444,130.05932881522807,101.98421115488199,89.8832595619345,22.865231072641954,1.2246643499747747,0.08801707569803949,0.6299544879374666,374.0,28009.0,1.0
p31,old_strong,60.0,2.775365313601856,5.879627245565828,B,9.838936803621671,5.476275666390854,0.9999050000000002,5.476275666390854,True,0.999999999999997,6.924407438027807,150,0.31252628043009356,0.03451205638796284,720,0.08333333333333333,218.98371782898903,0.9360657347693718,0.941796467498831,0.6987446946075382,0.7521822032769445,0.08299733642842295,0.15594941542876595,0.2492758954981146,23212.14806495849,42.04848335413225,21315.248946404623,2.2413864854945165,23230.397453837955,4.366056640300967,14587.0,29145.0,4.163995754641744,4.464578960565791,15.0,18.788294228055936,0.23316256550325465,131.81199382668896,102.94738872251858,90.1274775048029,16.017783544454094,1.0277569376481404,0.011890417072076479,0.5333967602354901,14587.0,29145.0,1.0,,,,,0.09095658869079727,0.341235305639126,0.050540783272634476,2927.862829647353,183.15302028327307,1996.6409242355478,14.830018470340283,2939.690535696182,3.4683016141831136,0.0,0.0,0.0,0.0,0.0,0.0,1.0311769276691507,131.2600921370667,102.46145028415471,89.52478803246382,21.623268359095164,1.1058907176544848,0.04371221280543756,0.6100130716734466,0.0,0.0,1.0,,,,,0.09586489475755952,0.7615392991934595,0.01982993770003051,862.1845632554032,331.1665456166436,396.96708736864696,26.021988576093957,875.5920183394624,2.942301794002647,0.0,0.0,0.0,0.0,0.0,0.0,2.8306214151455777,129.96879705825918,101.59213742420272,88.61994377903882,26.369790288901775,1.3555183340634165,0.13210539600630503,0.5865645750460955,0.0,0.0,1.0,,,,,0.10607806077069067,0.7251146248110422,0.0472264918855976,2688.01287562922,966.9326766925028,1234.4223563726368,76.72729440406194,2730.1573326821854,3.4361876751531533,0.0,0.0,0.0,0.0,0.0,0.0,2.842351324890067,129.93254513793107,101.59874801388294,88.6431343770237,26.547215754388958,1.3552313408989165,0.13201343653892728,0.5829513894376479,0.0,0.0,1.0,,,,,0.11716930933402216,0.7293445935886775,0.14358640840211398,11397.569276218013,4045.3333251084287,5195.1207250199905,351.7960708433875,11582.989832155323,4.063820675109077,0.0,0.0,0.0,0.0,0.0,0.0,2.8832979491604736,129.80223973433957,101.63541252874033,88.72675300448094,27.015938793921183,1.357365189958936,0.1326967073848441,0.5773175971027815,0.0,0.0,1.0,0.6491919808963181,0.5375959927073166,0.8273603561069289,4.916908313787965,0.13063788482873812,0.8601829315417258,0.5528442124269287,72731.29161064139,30777.591596305112,32311.043560062073,4031.370181452471,74155.81856248403,4.870145233185557,12169.0,120722.0,4.085290578230065,5.0817900192398415,19.6468827043885,34.61213659975356,3.0777789958941577,129.2199676956341,101.92247824616268,89.23639617323077,28.912750678187297,1.3676584280882313,0.13597764612738933,0.5596113942370988,12169.0,120722.0,1.0
p31,old_strong,100.0,4.625608856003093,5.879627245565828,A,2.1164543113290253,4.932664065557936,0.9999050000000002,4.932664065557936,True,0.9999999999999998,4.99342116662423,150,0.02135219426541657,0.019451088042419767,1200,0.08333333333333333,351.2719907388091,0.9237305280194213,0.9475734329663341,0.8354759260441265,0.7104833563042839,0.00948420514422594,0.09770911699681706,0.11634172456081343,19149.35694742053,1.5942330077247717,21315.248946404623,2.2413864854945165,19149.60470876628,4.28215981357496,13698.0,23865.0,4.136688865672258,4.377779636287982,14.7648230602334,17.916472867168917,0.7196031220349044,131.5033748896706,102.92591816959414,90.51546487313531,14.426056643674592,1.1062913167776334,0.04386950365025279,0.5351339716838255,13698.0,23865.0,1.0,,,,,0.009502228881325181,0.14068526235805773,0.014162544809763374,1719.5807846357752,10.379807540116659,1996.6409242355478,14.830018470340283,1719.6732633628199,3.2354459391179278,0.0,0.0,0.0,0.0,0.0,0.0,1.8057772025535448,130.40028533851668,102.18398992312179,90.1893986840784,19.5046831449672,1.144935489170049,0.058781017255164894,0.6710356002931732,0.0,0.0,1.0,,,,,0.009647686836378249,0.14099730615185488,0.002432586264564591,338.75326020808933,18.237124145972587,396.96708736864696,26.021988576093957,338.7761319074814,2.5299128050057162,0.0,0.0,0.0,0.0,0.0,0.0,2.3717432048275393,129.92875340023312,101.86012995231901,90.1892078935972,20.5757563649469,1.2249427008153373,0.08811577416853154,0.6702021797363658,0.0,0.0,1.0,,,,,0.010909235329526564,0.13874127589491206,0.007073381004116336,1055.7356766205287,53.86654260498012,1234.4223563726368,76.72729440406194,1055.8082041640582,3.0235850323659585,0.0,0.0,0.0,0.0,0.0,0.0,2.420475879706734,129.882130218624,101.8475120506989,90.21237372740585,20.861739870659004,1.2259261356583777,0.08846430391619502,0.6649032567930275,0.0,0.0,1.0,,,,,0.012197177565291512,0.13221328923562517,0.023795165974064586,4468.221028625266,247.6559034436851,5195.1207250199905,351.7960708433875,4468.556900885291,3.6501672924448685,0.0,0.0,0.0,0.0,0.0,0.0,2.5581007428893883,129.74872070762717,101.82067296187974,90.2912193257032,21.42267087874125,1.2346457468025174,0.09154236465751299,0.6587633474841265,0.0,0.0,1.0,0.5723247677645071,0.9434846336833506,1.6269010683329448,0.4762279953122907,0.013495441405573705,0.10028101523692627,0.07374070135613542,28836.974843781543,2953.6651916447736,32311.043560062073,4031.370181452471,28840.88983645414,4.460008655669449,2419.0,39446.0,3.383815365980431,4.596013980093284,17.46710984536927,24.351591323771842,3.200212027725828,129.12121862041027,101.7615418357855,90.64822539785091,23.346482662238408,1.3099831941110398,0.11726572408961422,0.6516995713535813,2419.0,39446.0,1.0
p31,old_strong,100.0,4.625608856003093,5.879627245565828,B,2.1164543113290253,4.932664065557936,0.9999050000000002,4.932664065557936,True,0.9999999999999937,5.203594888341398,150,0.04905642777471508,0.008596292317673004,1200,0.08333333333333333,325.52745167165995,0.9731099357045577,0.976112676056338,0.32624693376941943,0.3470542209007734,0.01777026027873438,0.054639435196366735,0.11854906700118267,21455.065786922714,3.395645603133356,21315.248946404623,2.2413864854945165,21455.71509769453,4.331542993714057,15613.0,26797.0,4.193514175028669,4.428102382783436,15.394804318340652,18.49324200890693,0.6905322279264426,131.4882198273119,102.89277071577509,90.45101850655267,14.92656218135336,1.0944224180039837,0.039184980497851206,0.5443492982605321,15613.0,26797.0,1.0,,,,,0.01798053009086257,0.10222756188017966,0.02254020769958024,2109.9431780163522,20.479928401140462,1996.6409242355478,14.830018470340283,2110.1901807608197,3.324321597825165,0.0,0.0,0.0,0.0,0.0,0.0,1.7003540913175645,130.49847092941462,102.20925295373412,90.10645935782816,19.84401526589238,1.134071801002835,0.05464055172811753,0.6625719133552043,0.0,0.0,1.0,,,,,0.018251111930526857,0.10568369250837298,0.004041378708249424,427.95676509759363,35.98178235665071,396.96708736864696,26.021988576093957,428.02819137314304,2.631472374047261,0.0,0.0,0.0,0.0,0.0,0.0,2.5246899178608575,129.8047781835378,101.75580458937203,90.08389361149058,21.307625312991107,1.2617120756749696,0.10096025965290457,0.663949183350925,0.0,0.0,1.0,,,,,0.020564671246440427,0.10463083752865526,0.01199552047250907,1331.6568983367602,105.74744470425489,1234.4223563726368,76.72729440406194,1331.8833705689997,3.124466196503986,0.0,0.0,0.0,0.0,0.0,0.0,2.573153641654057,129.7566199895725,101.74428043708225,90.10739726103353,21.57990166133914,1.2631799917934314,0.10146523802420578,0.6589613256971089,0.0,0.0,1.0,,,,,0.02245467554516935,0.09896899281973896,0.044675750982715146,5590.730156138064,476.0885383600043,5195.1207250199905,351.7960708433875,5591.778228156344,3.747549938810972,0.0,0.0,0.0,0.0,0.0,0.0,2.7277154242125854,129.6013395760058,101.7149878785542,90.18868877441075,22.160925048471967,1.2759090143942284,0.10581970576807052,0.6532407889781144,0.0,0.0,1.0,0.855404323458767,0.9663305645626971,0.3548247065459828,0.31078916224189634,0.02451459402394511,0.08882600589725984,0.1732900161658223,35000.15972601554,5240.210409655412,32311.043560062073,4031.370181452471,35012.27230789741,4.544220297533295,6620.0,46264.0,3.8209235878813175,4.665252566503482,18.57417562100671,25.475478405713993,3.467352512225134,128.84900605639325,101.6585193257146,90.5424022602334,24.30457812266181,1.3696252819968566,0.13660176407547506,0.6452908156226997,6620.0,46264.0,1.0
p31,old_strong,150.0,6.93841328400464,5.879627245565828,A,0.3506904845722121,4.154292875487234,0.3506904845722121,4.154292875487234,True,0.19451184730328136,4.429156065357415,64,0.020052273312985678,0.010588473825360128,1800,0.08333333333333333,199.17638108879328,0.9320485797450567,0.9542202016208737,0.7836731760176392,0.6359863064947412,0.005163828969498992,0.08678532269409786,0.1293426979702308,19411.91902259832,2.643559287170772,21315.248946404623,2.2413864854945165,19411.938336882544,4.288068903084512,13929.0,24137.0,4.143951116423963,4.382701282954905,15.297058540778355,18.35755975068582,1.3004873443890046,131.22886919939572,102.97753025923932,91.04695736877177,14.548932329449697,1.1796949896073257,0.07176973488805208,0.5546283242703909,13929.0,24137.0,1.0,,,,,0.004954653312950942,0.11741478794005354,0.017786999346607227,1773.2162473120236,16.16619489239998,1996.6409242355478,14.830018470340283,1773.2232963711365,3.24876342836775,0.0,0.0,0.0,0.0,0.0,0.0,2.7518035754142134,129.65915594998512,102.24902650850368,91.23649135308024,19.67361716586676,1.213396963967325,0.084002903963982,0.7008292636061834,0.0,0.0,1.0,,,,,0.004945274831592886,0.11555126963549422,0.003147778783589905,358.5836136005905,28.408235694997533,396.96708736864696,26.021988576093957,358.58501358304625,2.554592135047161,0.0,0.0,0.0,0.0,0.0,0.0,3.5667337024912804,128.91930295346367,101.78275374430653,91.32257573127202,21.06717300895292,1.3156623231650555,0.11914443790699375,0.7007282683909233,0.0,0.0,1.0,,,,,0.005389421121095419,0.11407549260536794,0.009254619287982536,1117.902903338212,83.66474557143407,1234.4223563726368,76.72729440406194,1117.9073431859224,3.048405808907594,0.0,0.0,0.0,0.0,0.0,0.0,3.6168541043380795,128.87413999465517,101.76988863673559,91.34069342991624,21.348901321379337,1.3148109685051474,0.11886331842555174,0.6944161809334862,0.0,0.0,1.0,,,,,0.0058103789142460996,0.1066065781374885,0.03289383413008429,4739.986903319494,378.74567914233216,5195.1207250199905,351.7960708433875,4740.007476140485,3.67577902666227,0.0,0.0,0.0,0.0,0.0,0.0,3.7566243569743545,128.74492462096504,101.73367366120945,91.38315886285658,21.915418757686794,1.323035648482836,0.1215715461760163,0.6856032588777361,0.0,0.0,1.0,0.5086382113821138,0.9653608052549502,1.120516943706792,0.317019567251707,0.006403185300016405,0.06254993141510594,0.0939934794468863,30928.865256050452,4264.778708705279,32311.043560062073,4031.370181452471,30929.106892461437,4.490367379515763,2002.0,40856.0,3.3016809492935764,4.611266474599957,18.35755975068582,25.019992006393608,4.43671213471562,128.09921109896564,101.60972776942343,91.59229508596479,23.916302353084344,1.4083049197480069,0.1486966964445336,0.6703673648585853,2002.0,40856.0,1.0
p31,old_strong,150.0,6.93841328400464,5.879627245565828,B,0.3506904845722121,4.154292875487234,0.3506904845722121,4.154292875487234,True,0.1791552596663934,4.663028253599367,67,0.02295868845738258,0.0016959790369449612,1800,0.08333333333333333,210.12837907671928,0.9883044632696928,0.988329031534059,0.14250863996747307,0.16760722347629797,0.01504905544910925,0.030228909298629134,0.036931771160703675,21638.90534926223,5.1914462161670105,21315.248946404623,2.2413864854945165,21638.982346143795,4.335236832596892,15676.0,27013.0,4.195262958342061,4.431588895527995,15.7797338380595,18.894443627691185,1.2240415551069252,131.19406352279344,102.918935548652,90.91769966659257,15.033829692195171,1.1598320931924093,0.06439512174581763,0.5619655606549563,15676.0,27013.0,1.0,,,,,0.016229300543369983,0.06022448478952389,0.00630333090268332,2159.6400922872785,29.893834175749767,1996.6409242355478,14.830018470340283,2159.668342976438,3.3343870623201854,0.0,0.0,0.0,0.0,0.0,0.0,2.5628301431420595,129.76542180367136,102.19425094845715,90.9620431866751,20.01025152488029,1.1945604308245363,0.07720812487684026,0.6896597295669266,0.0,0.0,1.0,,,,,0.01731865858473413,0.10141838922504048,0.0036876871250714647,453.2212575484776,52.5217511203842,396.96708736864696,26.021988576093957,453.2272025830197,2.6563159682195088,0.0,0.0,0.0,0.0,0.0,0.0,3.7410024053804216,128.72277654154635,101.54466586801585,91.06625886383428,21.84280589029205,1.3665886186028915,0.13563779945520088,0.6927328616127119,0.0,0.0,1.0,,,,,0.019593160249204874,0.09687264293800305,0.009323683273620995,1410.9260499327465,153.9980481248985,1234.4223563726368,76.72729440406194,1410.9449031161212,3.149510055044335,0.0,0.0,0.0,0.0,0.0,0.0,3.7923908638056885,128.67581864242675,101.53311100994134,91.08640851279985,22.10961563684544,1.3664981649430432,0.13560905281927924,0.6869003437226141,0.0,0.0,1.0,,,,,0.022259446895574252,0.09733191194705174,0.03162309876846733,5938.320927898003,684.2952986012344,5195.1207250199905,351.7960708433875,5938.408268474546,3.7736700522446096,0.0,0.0,0.0,0.0,0.0,0.0,3.959379869545284,128.52051496684766,101.49685603494184,91.14474061504714,22.69104559075274,1.3792274461302918,0.1396358908706721,0.6789133729972948,0.0,0.0,1.0,0.8573723800481998,0.942772251647074,0.34850355734627136,0.5116471418944801,0.026193439076850848,0.12920007856756635,0.12302442676025294,37592.1233316769,7093.651304273863,32311.043560062073,4031.370181452471,37593.14625852732,4.575108674358046,7823.0,49104.0,3.893428841779545,4.691125715378636,19.05255888325765,26.70205984563738,4.7606673173374725,127.74471404761874,101.41258943154261,91.42710281934474,24.86147184125239,1.4779022484987019,0.16964570987643685,0.6640255019376903,7823.0,49104.0,1.0
