qoi,factor,S1,S1_conf,ST,ST_conf,S1_half,ST_half,n_blocks_used
ses01_dice_core,front_speed_mm_per_day,0.028428132111946728,0.045301271227144925,0.29149813451072065,0.04278707013769233,0.04413138620865583,0.3294733748887705,1024
ses01_dice_core,front_width_mm,0.13651286018953698,0.05659102435419635,0.5004632706079788,0.06219199565343795,0.13684878062540576,0.5005545988724259,1024
ses01_dice_core,seed_peak_density,0.013149689994442715,0.021004539203344254,0.07331100404087644,0.020610821932504013,0.024735008549934275,0.08577123117719007,1024
ses01_dice_core,seed_sigma_mm,0.09043801514622683,0.05985233196990723,0.525788193253949,0.057851930045543724,0.08084533537752837,0.5314812007648243,1024
ses01_dice_core,preop_time,0.0364330798739954,0.04334781834763136,0.23168213702836843,0.04156258722938838,0.039732248553194884,0.26981880225172267,1024
ses01_dice_core,diffusivity_ratio,0.010839941057267008,0.011864330430140877,0.020432303448520032,0.010227325968097117,-0.004262739375236947,0.028216461687592977,1024
ses01_dice_core,chemo_kill_rate,0.0,0.0,0.0,0.0,0.0,0.0,1024
ses01_dice_core,rt_alpha,0.0,0.0,0.0,0.0,0.0,0.0,1024
ses01_dice_core,rt_alpha_beta_ratio,0.0,0.0,0.0,0.0,0.0,0.0,1024
ses01_dice_core,gaussian_seed_x_fraction,0.009900907937981263,0.027682248380299,0.11498179118766358,0.019737134934537593,0.028127198529401952,0.1036613354863387,1024
ses01_dice_core,gaussian_seed_y_fraction,0.0355584704168986,0.029015357384143948,0.11002374787638065,0.019868081799235604,0.037814576960568766,0.10221147440963729,1024
ses01_dice_core,gaussian_seed_z_fraction,0.007700136903649517,0.02376269731858582,0.08231752912192147,0.01331907377703189,0.00367156355412953,0.08466330485723329,1024
ses01_dice_core,core_threshold,0.03849610383879095,0.03144598176900412,0.12528603802529995,0.02680461017154649,0.023814899460680872,0.14116366331127125,1024
ses01_dice_core,edema_threshold_ratio,0.0,0.0,0.0,0.0,0.0,0.0,1024
ses01_dice_whole,front_speed_mm_per_day,0.1642422856179684,0.04389827761771538,0.22673125163447566,0.030062660578492252,0.18638887674021007,0.24188577809416278,1024
ses01_dice_whole,front_width_mm,0.06178299261740042,0.028733066485093644,0.10925033756101805,0.01806740088491634,0.07127874585526647,0.1123193655231105,1024
ses01_dice_whole,seed_peak_density,0.011016276981492514,0.009898682875159253,0.011817655025492273,0.0016268644073967101,0.01383830395773433,0.01159150157074537,1024
ses01_dice_whole,seed_sigma_mm,0.3742892755078811,0.057853605459570086,0.48233043478240556,0.04594707407203003,0.3402626487227151,0.4723958943370902,1024
ses01_dice_whole,preop_time,0.09320804705328711,0.031491821803093054,0.14229214398864487,0.0220441092731782,0.07169575031255664,0.15032613536723607,1024
ses01_dice_whole,diffusivity_ratio,-0.0034170634703468207,0.0075892788671708,0.0060769168710039494,0.0018458082068655614,-0.007878040562459752,0.0042190690921982705,1024
ses01_dice_whole,chemo_kill_rate,0.0,0.0,0.0,0.0,0.0,0.0,1024
ses01_dice_whole,rt_alpha,0.0,0.0,0.0,0.0,0.0,0.0,1024
ses01_dice_whole,rt_alpha_beta_ratio,0.0,0.0,0.0,0.0,0.0,0.0,1024
ses01_dice_whole,gaussian_seed_x_fraction,0.08312066419778483,0.029572762505434377,0.12736341009548607,0.01593391377228617,0.08936509200196491,0.13245560990107863,1024
ses01_dice_whole,gaussian_seed_y_fraction,0.017043625845911292,0.015967106069978088,0.03960389143963076,0.00587647202569385,0.00829671199468258,0.037973986874068645,1024
ses01_dice_whole,gaussian_seed_z_fraction,0.0711606100525081,0.027046873907593652,0.09777166788142763,0.012691727480104246,0.061523585060180096,0.09449596684892678,1024
ses01_dice_whole,core_threshold,0.0071629935854310035,0.00923163415387265,0.00983788461850376,0.001774088627311977,0.009245790220614855,0.010881256230402618,1024
ses01_dice_whole,edema_threshold_ratio,0.01158926648257178,0.01366464207859368,0.02527179953109142,0.00418351723010771,0.01192426224615437,0.023908840448997323,1024
ses01_log10_V_core,front_speed_mm_per_day,0.08585671646598263,0.03542079844112747,0.14322115677659286,0.03172894040280178,0.05650903245387656,0.15470014291809706,1024
ses01_log10_V_core,front_width_mm,0.22378709470975658,0.0504102870836449,0.37508961844367245,0.06846579468242044,0.2324186314867796,0.37684610145499886,1024
ses01_log10_V_core,seed_peak_density,0.025818203504746118,0.026838026428542154,0.09167800793768636,0.02734751700974709,0.022878960488744594,0.09051382334411405,1024
ses01_log10_V_core,seed_sigma_mm,0.2512829257458904,0.05419754897064094,0.37567246323748504,0.06401047222782877,0.25800802140979473,0.39741502424791014,1024
ses01_log10_V_core,preop_time,0.059292426063908915,0.029266326177351094,0.11457354415500796,0.029652307156272706,0.02471181655198893,0.1158797406885909,1024
ses01_log10_V_core,diffusivity_ratio,-0.011812513831919448,0.01983204174254004,0.05957108767544329,0.02202149896872432,-0.02593412989683619,0.06880691929281599,1024
ses01_log10_V_core,chemo_kill_rate,0.0,0.0,0.0,0.0,0.0,0.0,1024
ses01_log10_V_core,rt_alpha,0.0,0.0,0.0,0.0,0.0,0.0,1024
ses01_log10_V_core,rt_alpha_beta_ratio,0.0,0.0,0.0,0.0,0.0,0.0,1024
ses01_log10_V_core,gaussian_seed_x_fraction,-0.0006439993458254723,0.014329926975322255,0.05631880668227912,0.019931389229150775,0.004296274589211242,0.053605712590241314,1024
ses01_log10_V_core,gaussian_seed_y_fraction,0.009536774560439483,0.02573657666563405,0.033398109089129185,0.014627224876297336,0.010245826188302477,0.04105386722673873,1024
ses01_log10_V_core,gaussian_seed_z_fraction,-0.0018217503453182978,0.013793727685235499,0.05492035017381636,0.021170222978224847,-0.0075557732875338275,0.05356126623302072,1024
ses01_log10_V_core,core_threshold,0.049492003500562154,0.031888022924173184,0.1556249281619456,0.038847666187459454,0.0529782243899755,0.17136171894437582,1024
ses01_log10_V_core,edema_threshold_ratio,0.0,0.0,0.0,0.0,0.0,0.0,1024
ses01_log10_V_whole,front_speed_mm_per_day,0.09492506003369854,0.03613992358924026,0.1369542976298586,0.02142371294161554,0.08189311260337083,0.14222442626982507,1024
ses01_log10_V_whole,front_width_mm,0.058939331030619053,0.02441306282598693,0.11589946466608482,0.06632218554856276,0.06312659597098284,0.0861739214388874,1024
ses01_log10_V_whole,seed_peak_density,0.007591110810479345,0.012497689765818996,0.01895412504528946,0.006049283823481714,0.006421130886697509,0.021604627456015473,1024
ses01_log10_V_whole,seed_sigma_mm,0.6650780030197466,0.0768520111064443,0.7072787336489285,0.061387421021334564,0.6458172553859013,0.7114420032082877,1024
ses01_log10_V_whole,preop_time,0.05524806662990787,0.02850199607725198,0.08426315556799004,0.015082961391937672,0.050931965770803125,0.09180042839094196,1024
ses01_log10_V_whole,diffusivity_ratio,-0.012114524358749308,0.017729813076313754,0.03152977781606843,0.03549105947796282,-0.008965466441480606,0.021013789667804286,1024
ses01_log10_V_whole,chemo_kill_rate,0.0,0.0,0.0,0.0,0.0,0.0,1024
ses01_log10_V_whole,rt_alpha,0.0,0.0,0.0,0.0,0.0,0.0,1024
ses01_log10_V_whole,rt_alpha_beta_ratio,0.0,0.0,0.0,0.0,0.0,0.0,1024
ses01_log10_V_whole,gaussian_seed_x_fraction,0.003216010098231893,0.009285002004437978,0.01039304236341024,0.004508935586788366,0.007738328775015049,0.012050842193960621,1024
ses01_log10_V_whole,gaussian_seed_y_fraction,0.0033700646662036013,0.007270845611039853,0.006403695054217272,0.005548483729895711,0.004847259664030313,0.010436563305813362,1024
ses01_log10_V_whole,gaussian_seed_z_fraction,0.005814507091949578,0.006336495361581057,0.005737873262894373,0.003717694828194741,0.010812951058895771,0.008339301228155148,1024
ses01_log10_V_whole,core_threshold,0.0018798891573263987,0.014273209166764536,0.02005778365482701,0.013783400624783409,-0.0008316057182035868,0.023027967736420827,1024
ses01_log10_V_whole,edema_threshold_ratio,0.04392991394418922,0.03471045149663544,0.090226944878877,0.07738951665355473,0.029263252477712297,0.04097542434407755,1024
ses01_log_vol_ratio_core,front_speed_mm_per_day,0.08585671646598263,0.03542079844112747,0.14322115677659286,0.03172894040280178,0.05650903245387655,0.15470014291809706,1024
ses01_log_vol_ratio_core,front_width_mm,0.22378709470975658,0.0504102870836449,0.37508961844367245,0.06846579468242044,0.2324186314867796,0.37684610145499886,1024
ses01_log_vol_ratio_core,seed_peak_density,0.025818203504746118,0.026838026428542154,0.09167800793768636,0.02734751700974709,0.022878960488744597,0.09051382334411405,1024
ses01_log_vol_ratio_core,seed_sigma_mm,0.2512829257458904,0.05419754897064095,0.37567246323748504,0.06401047222782875,0.25800802140979473,0.39741502424791014,1024
ses01_log_vol_ratio_core,preop_time,0.059292426063908915,0.029266326177351094,0.11457354415500796,0.02965230715627271,0.024711816551988935,0.11587974068859089,1024
ses01_log_vol_ratio_core,diffusivity_ratio,-0.011812513831919448,0.01983204174254004,0.05957108767544329,0.02202149896872432,-0.025934129896836185,0.06880691929281599,1024
ses01_log_vol_ratio_core,chemo_kill_rate,0.0,0.0,0.0,0.0,0.0,0.0,1024
ses01_log_vol_ratio_core,rt_alpha,0.0,0.0,0.0,0.0,0.0,0.0,1024
ses01_log_vol_ratio_core,rt_alpha_beta_ratio,0.0,0.0,0.0,0.0,0.0,0.0,1024
ses01_log_vol_ratio_core,gaussian_seed_x_fraction,-0.0006439993458254723,0.014329926975322255,0.05631880668227912,0.019931389229150775,0.00429627458921124,0.05360571259024132,1024
ses01_log_vol_ratio_core,gaussian_seed_y_fraction,0.009536774560439486,0.02573657666563405,0.033398109089129185,0.014627224876297338,0.010245826188302479,0.04105386722673874,1024
ses01_log_vol_ratio_core,gaussian_seed_z_fraction,-0.0018217503453182983,0.013793727685235499,0.05492035017381635,0.021170222978224847,-0.0075557732875338275,0.05356126623302072,1024
ses01_log_vol_ratio_core,core_threshold,0.049492003500562154,0.031888022924173184,0.1556249281619456,0.038847666187459454,0.0529782243899755,0.17136171894437582,1024
ses01_log_vol_ratio_core,edema_threshold_ratio,0.0,0.0,0.0,0.0,0.0,0.0,1024
ses01_log_vol_ratio_whole,front_speed_mm_per_day,0.09492506003369854,0.03613992358924026,0.1369542976298586,0.021423712941615543,0.08189311260337083,0.14222442626982507,1024
ses01_log_vol_ratio_whole,front_width_mm,0.05893933103061905,0.02441306282598693,0.11589946466608482,0.06632218554856276,0.06312659597098284,0.08617392143888741,1024
ses01_log_vol_ratio_whole,seed_peak_density,0.007591110810479342,0.012497689765818996,0.01895412504528946,0.006049283823481713,0.00642113088669751,0.021604627456015477,1024
ses01_log_vol_ratio_whole,seed_sigma_mm,0.6650780030197466,0.0768520111064443,0.7072787336489285,0.061387421021334564,0.6458172553859012,0.7114420032082875,1024
ses01_log_vol_ratio_whole,preop_time,0.05524806662990787,0.028501996077251984,0.08426315556799004,0.015082961391937674,0.05093196577080313,0.09180042839094195,1024
ses01_log_vol_ratio_whole,diffusivity_ratio,-0.01211452435874931,0.017729813076313758,0.03152977781606843,0.03549105947796282,-0.008965466441480616,0.021013789667804282,1024
ses01_log_vol_ratio_whole,chemo_kill_rate,0.0,0.0,0.0,0.0,0.0,0.0,1024
ses01_log_vol_ratio_whole,rt_alpha,0.0,0.0,0.0,0.0,0.0,0.0,1024
ses01_log_vol_ratio_whole,rt_alpha_beta_ratio,0.0,0.0,0.0,0.0,0.0,0.0,1024
ses01_log_vol_ratio_whole,gaussian_seed_x_fraction,0.0032160100982318927,0.009285002004437975,0.01039304236341024,0.004508935586788365,0.007738328775015048,0.012050842193960616,1024
ses01_log_vol_ratio_whole,gaussian_seed_y_fraction,0.0033700646662036017,0.007270845611039852,0.006403695054217272,0.005548483729895711,0.004847259664030313,0.010436563305813355,1024
ses01_log_vol_ratio_whole,gaussian_seed_z_fraction,0.00581450709194958,0.006336495361581057,0.005737873262894373,0.0037176948281947416,0.010812951058895771,0.008339301228155146,1024
ses01_log_vol_ratio_whole,core_threshold,0.0018798891573263972,0.014273209166764538,0.02005778365482701,0.013783400624783409,-0.000831605718203591,0.02302796773642082,1024
ses01_log_vol_ratio_whole,edema_threshold_ratio,0.04392991394418922,0.03471045149663544,0.090226944878877,0.07738951665355473,0.02926325247771229,0.040975424344077555,1024
ses01_msd_core,front_speed_mm_per_day,0.021380022362693613,0.0734123222325811,0.35865963465553247,0.06158843693537741,-0.0014984173359637208,0.3669873673500026,850
ses01_msd_core,front_width_mm,-0.061619193576814696,0.06504462313027023,0.45153481396163575,0.06666806708533989,-0.053966618115365156,0.45330735190391785,850
ses01_msd_core,seed_peak_density,-0.003001842199289696,0.028532503088332946,0.07732029334019362,0.018780842156229362,0.012537165345092251,0.07025793029149643,850
ses01_msd_core,seed_sigma_mm,0.12574448861364293,0.09149360465175237,0.6536533693867471,0.08389951801596655,0.1903842625110973,0.6307089688832921,850
ses01_msd_core,preop_time,0.04337902023628619,0.05351367704260661,0.25272051345096475,0.042290039293142026,0.06763556558100273,0.2619603985612771,850
ses01_msd_core,diffusivity_ratio,0.013579831640736399,0.015142306335015805,0.02225158967040773,0.006582472471083998,0.006512955772872264,0.02175702458165233,850
ses01_msd_core,chemo_kill_rate,0.0,0.0,0.0,0.0,0.0,0.0,850
ses01_msd_core,rt_alpha,0.0,0.0,0.0,0.0,0.0,0.0,850
ses01_msd_core,rt_alpha_beta_ratio,0.0,0.0,0.0,0.0,0.0,0.0,850
ses01_msd_core,gaussian_seed_x_fraction,0.005343716992355909,0.03217353725075963,0.08867456048112302,0.015653992200612865,0.004847132980093169,0.07746189087957385,850
ses01_msd_core,gaussian_seed_y_fraction,0.042662327484111966,0.026124779210671634,0.06934291948570805,0.011482684372453212,0.0618582163059285,0.06566315814130311,850
ses01_msd_core,gaussian_seed_z_fraction,0.00856516504510268,0.020328767548072037,0.04293665580827134,0.006876280548680824,0.004297164416709741,0.04271375297207616,850
ses01_msd_core,core_threshold,0.023252372748187818,0.0356841436312492,0.11431825471877258,0.023850158344232052,-0.013206757096661805,0.12170758118874103,850
ses01_msd_core,edema_threshold_ratio,0.0,0.0,0.0,0.0,0.0,0.0,850
ses01_msd_whole,front_speed_mm_per_day,0.14905044062020878,0.04253857833998736,0.20752212389839955,0.029932532657084263,0.17276053089593701,0.22985344755314097,1019
ses01_msd_whole,front_width_mm,0.059348757336355105,0.027893357220916497,0.10990188739601021,0.01685287411098972,0.06426810939822458,0.11401715746538803,1019
ses01_msd_whole,seed_peak_density,0.00877428799988548,0.009989475611910848,0.013865930768057092,0.0019751752381142787,0.011774945154922611,0.014468141743627802,1019
ses01_msd_whole,seed_sigma_mm,0.3741316846215244,0.059232432813059274,0.49898961487417737,0.04835440166976775,0.3424592857415484,0.5135282402038714,1019
ses01_msd_whole,preop_time,0.08953984679048799,0.03082017202664584,0.1271702257302422,0.02039535984379859,0.07555124299655062,0.13983934923483324,1019
ses01_msd_whole,diffusivity_ratio,-0.0017698159382001735,0.00893310175584388,0.006193566325371107,0.0031738793168787265,-0.003997241888937296,0.0032648625131095287,1019
ses01_msd_whole,chemo_kill_rate,0.0,0.0,0.0,0.0,0.0,0.0,1019
ses01_msd_whole,rt_alpha,0.0,0.0,0.0,0.0,0.0,0.0,1019
ses01_msd_whole,rt_alpha_beta_ratio,0.0,0.0,0.0,0.0,0.0,0.0,1019
ses01_msd_whole,gaussian_seed_x_fraction,0.06486556109785929,0.030569419267293563,0.11488414932996587,0.013462992861795416,0.06453528728840749,0.12412827535572163,1019
ses01_msd_whole,gaussian_seed_y_fraction,0.04234712681472378,0.022343379004984232,0.06595601557645461,0.009004428510509865,0.04233349771818451,0.06683484992434097,1019
ses01_msd_whole,gaussian_seed_z_fraction,0.05176795766776244,0.02157036953202973,0.06270016230678192,0.007627000536812992,0.05431667849374167,0.06493861870385792,1019
ses01_msd_whole,core_threshold,0.006760252416063045,0.009790144845883725,0.011423626823889177,0.0023198316156595234,0.008665819986392848,0.011350683008305412,1019
ses01_msd_whole,edema_threshold_ratio,0.017190943929551422,0.01566879603566696,0.030269698206125597,0.005170851018076869,0.016492568957636147,0.03458896165631044,1019
ses01_hd95_core,front_speed_mm_per_day,-0.006574314440532912,0.06654934294339569,0.3706471925142879,0.06181209445968726,-0.023272851904611425,0.376118521143945,850
ses01_hd95_core,front_width_mm,-0.04006134585413408,0.06440606651712491,0.4413357903420193,0.061004601995220384,-0.023116646836880785,0.4465085905968153,850
ses01_hd95_core,seed_peak_density,-0.000739624143156728,0.026781442105793907,0.05554549524598452,0.010583641160802064,0.015112494955929907,0.051982830327586965,850
ses01_hd95_core,seed_sigma_mm,0.08401342078831264,0.07823855269959898,0.5528728533174474,0.06379001711888226,0.1281319356721436,0.5550737778224428,850
ses01_hd95_core,preop_time,0.05083367152493484,0.05601853842130259,0.2689797414475759,0.0416391068171525,0.08053081805783023,0.28819093656055145,850
ses01_hd95_core,diffusivity_ratio,0.01151099781353985,0.013251840514251252,0.017857217825391597,0.005904160412879539,0.0006635209912282489,0.020413174528290303,850
ses01_hd95_core,chemo_kill_rate,0.0,0.0,0.0,0.0,0.0,0.0,850
ses01_hd95_core,rt_alpha,0.0,0.0,0.0,0.0,0.0,0.0,850
ses01_hd95_core,rt_alpha_beta_ratio,0.0,0.0,0.0,0.0,0.0,0.0,850
ses01_hd95_core,gaussian_seed_x_fraction,0.015139856507473246,0.038738245905106244,0.149003931859119,0.021840123670461446,0.014769058313653093,0.1444957580248198,850
ses01_hd95_core,gaussian_seed_y_fraction,0.08377039285026633,0.04061288108167664,0.17329996419609242,0.02807501656437496,0.095483353597024,0.1678350827571695,850
ses01_hd95_core,gaussian_seed_z_fraction,0.019396783105502163,0.02781847715729419,0.08872086236882248,0.013917117872872023,0.024777049878822975,0.08882370720720459,850
ses01_hd95_core,core_threshold,0.02118866276568838,0.031782845634410375,0.09932528448000726,0.017950305123890974,-0.003792256056055942,0.09599360857127474,850
ses01_hd95_core,edema_threshold_ratio,0.0,0.0,0.0,0.0,0.0,0.0,850
ses01_hd95_whole,front_speed_mm_per_day,0.15684773225713994,0.04265978553977485,0.2008326830566174,0.027239404848212717,0.18292396660666108,0.21487998756838853,1019
ses01_hd95_whole,front_width_mm,0.06454967160568212,0.026444963348814434,0.09273290882169234,0.011795689728540537,0.07337758241723337,0.09819101885681489,1019
ses01_hd95_whole,seed_peak_density,0.006401524413466843,0.00853796100598608,0.010323062080767158,0.0012677634780482573,0.006180217141700893,0.01119738697749781,1019
ses01_hd95_whole,seed_sigma_mm,0.35785948086199,0.053879083179199594,0.44680914306365377,0.04137143568609326,0.32517384887857553,0.46271342175337915,1019
ses01_hd95_whole,preop_time,0.08272854694970824,0.02991929662229516,0.12496721192567505,0.020103438123005468,0.07916398883781817,0.13067708660625932,1019
ses01_hd95_whole,diffusivity_ratio,-0.0010956217832936948,0.006363306708709244,0.0032954874686209525,0.001707477945740519,-0.000910622872546207,0.0020708305460110953,1019
ses01_hd95_whole,chemo_kill_rate,0.0,0.0,0.0,0.0,0.0,0.0,1019
ses01_hd95_whole,rt_alpha,0.0,0.0,0.0,0.0,0.0,0.0,1019
ses01_hd95_whole,rt_alpha_beta_ratio,0.0,0.0,0.0,0.0,0.0,0.0,1019
ses01_hd95_whole,gaussian_seed_x_fraction,0.03679774211683996,0.02850960720379827,0.10605013267982265,0.012446842975301653,0.03353313993539876,0.11207897292960331,1019
ses01_hd95_whole,gaussian_seed_y_fraction,0.13110804478330537,0.0370755846422236,0.1877970257422329,0.022522180117083627,0.1329788905648417,0.19410068756725865,1019
ses01_hd95_whole,gaussian_seed_z_fraction,0.035179170214408306,0.02053116603529142,0.05102518726508077,0.006239631031468262,0.039603107867763936,0.053391710034351295,1019
ses01_hd95_whole,core_threshold,0.0046101968755421965,0.007880498117218164,0.007859642237573438,0.0011608020759646292,0.004604812089518618,0.007826331138505897,1019
ses01_hd95_whole,edema_threshold_ratio,0.00894610759903174,0.01292472726311492,0.02114972495341151,0.0030601503155386436,0.007762552255013826,0.023245563486313268,1019
ses01_dice_star_core,front_speed_mm_per_day,0.02954245138659556,0.04748799905507429,0.2594364890794434,0.04015000867108423,0.03737952189284494,0.27904860409335963,1024
ses01_dice_star_core,front_width_mm,-0.019416780366922824,0.04707954416330129,0.27600463781186846,0.05039317829470729,-0.007192476007477939,0.25720840313935084,1024
ses01_dice_star_core,seed_peak_density,-0.0005162234790184954,0.01344187470139846,0.027073781952398103,0.007629123107875024,-0.006771477118874333,0.0274275660482097,1024
ses01_dice_star_core,seed_sigma_mm,0.07450324026941264,0.06300355978799951,0.42653412933907275,0.05511506786186927,0.13282480485672055,0.40521497871596834,1024
ses01_dice_star_core,preop_time,0.042883758258002246,0.03732135668911471,0.16167668917996914,0.0321733861607884,0.05205311338300986,0.16409399633281183,1024
ses01_dice_star_core,diffusivity_ratio,0.006336699792704173,0.011707317289156333,0.018403195363151482,0.0083185820768242,0.006100783490574347,0.015681424773731897,1024
ses01_dice_star_core,chemo_kill_rate,0.0,0.0,0.0,0.0,0.0,0.0,1024
ses01_dice_star_core,rt_alpha,0.0,0.0,0.0,0.0,0.0,0.0,1024
ses01_dice_star_core,rt_alpha_beta_ratio,0.0,0.0,0.0,0.0,0.0,0.0,1024
ses01_dice_star_core,gaussian_seed_x_fraction,0.05476391242627636,0.043249389055759084,0.24908436274090406,0.034929944811334976,0.07732185361593906,0.2507652857983427,1024
ses01_dice_star_core,gaussian_seed_y_fraction,0.08697909014579641,0.046291250139761916,0.27779254937812925,0.041882572323461535,0.11954089055586292,0.27611846802011897,1024
ses01_dice_star_core,gaussian_seed_z_fraction,0.07564092813567581,0.032990197836756635,0.18362700918798286,0.02978869180079221,0.07780160537190568,0.17570926890445593,1024
ses01_dice_star_core,core_threshold,0.0,0.0,0.0,0.0,0.0,0.0,1024
ses01_dice_star_core,edema_threshold_ratio,0.0,0.0,0.0,0.0,0.0,0.0,1024
ses01_dice_star_whole,front_speed_mm_per_day,0.18150567026576933,0.04480210912019595,0.24933167596445738,0.03302998733893683,0.19663801406637746,0.26965012943287936,1024
ses01_dice_star_whole,front_width_mm,0.007095238530547375,0.015594458541967544,0.03173501862718939,0.005958030165118024,0.012136043873467978,0.03137978521360541,1024
ses01_dice_star_whole,seed_peak_density,0.007428744037591499,0.00843051376513057,0.009219424832073627,0.0013456062313430698,0.012290823513397805,0.009825278778787597,1024
ses01_dice_star_whole,seed_sigma_mm,0.3487706494212602,0.057909961936716235,0.45377990815665026,0.04285393284969236,0.32871137195821143,0.44684379175228156,1024
ses01_dice_star_whole,preop_time,0.11335502549065697,0.03226945657544067,0.1534244551812734,0.024043300148001778,0.09666649086181762,0.16355490414823817,1024
ses01_dice_star_whole,diffusivity_ratio,-0.0017055011483993045,0.007838772730312896,0.006753761506576042,0.0014669522401032976,-0.005309777353806506,0.006237361054370573,1024
ses01_dice_star_whole,chemo_kill_rate,0.0,0.0,0.0,0.0,0.0,0.0,1024
ses01_dice_star_whole,rt_alpha,0.0,0.0,0.0,0.0,0.0,0.0,1024
ses01_dice_star_whole,rt_alpha_beta_ratio,0.0,0.0,0.0,0.0,0.0,0.0,1024
ses01_dice_star_whole,gaussian_seed_x_fraction,0.11693663358337031,0.034181033708197354,0.1662864259283661,0.018791216805781157,0.10777839565549571,0.1702938023930619,1024
ses01_dice_star_whole,gaussian_seed_y_fraction,0.0313763256700244,0.02082867294468364,0.058607113748986625,0.008448889438240473,0.030481679377807165,0.05594497775004226,1024
ses01_dice_star_whole,gaussian_seed_z_fraction,0.09815927359087924,0.0306193868919661,0.12448511852037387,0.015346527307338341,0.09339881628176808,0.12630075074362046,1024
ses01_dice_star_whole,core_threshold,0.0,0.0,0.0,0.0,0.0,0.0,1024
ses01_dice_star_whole,edema_threshold_ratio,0.0,0.0,0.0,0.0,0.0,0.0,1024
ses01_core_threshold_star,front_speed_mm_per_day,0.13553638942770274,0.04813630510602795,0.2866118771422003,0.04347137103651234,0.1418675353939942,0.2686953570917115,1024
ses01_core_threshold_star,front_width_mm,0.1458658167216471,0.04660009350484052,0.30578479571770634,0.038980159714946346,0.17971603513763826,0.3125660738157245,1024
ses01_core_threshold_star,seed_peak_density,0.012044745759632476,0.014122289729418761,0.030697341331133606,0.010842846016692173,0.013928105696534116,0.03579196003124606,1024
ses01_core_threshold_star,seed_sigma_mm,0.38870483983665594,0.0631496037691239,0.5736371864908806,0.06025571457831407,0.35357687911285474,0.5625984803197149,1024
ses01_core_threshold_star,preop_time,0.0886405028560989,0.03799870921750273,0.20844735060459157,0.035811238756522756,0.11454555695345707,0.210252199497834,1024
ses01_core_threshold_star,diffusivity_ratio,0.0055484140115768105,0.009731492170745691,0.010826755907192745,0.00407997523846066,0.0033153501370460593,0.007567442978034881,1024
ses01_core_threshold_star,chemo_kill_rate,0.0,0.0,0.0,0.0,0.0,0.0,1024
ses01_core_threshold_star,rt_alpha,0.0,0.0,0.0,0.0,0.0,0.0,1024
ses01_core_threshold_star,rt_alpha_beta_ratio,0.0,0.0,0.0,0.0,0.0,0.0,1024
ses01_core_threshold_star,gaussian_seed_x_fraction,0.04432928674112517,0.028621190009278347,0.11777649982096548,0.027134205975160742,0.05941320559544978,0.11192657215485377,1024
ses01_core_threshold_star,gaussian_seed_y_fraction,0.010865694968082895,0.020836485556326643,0.07253151272431989,0.019170766468867256,-0.0003308059921972719,0.08595183544646375,1024
ses01_core_threshold_star,gaussian_seed_z_fraction,0.01968333096555245,0.02194932026130706,0.06687265939812607,0.01908348410705395,0.01238143164244951,0.07787307875369678,1024
ses01_core_threshold_star,core_threshold,0.0,0.0,0.0,0.0,0.0,0.0,1024
ses01_core_threshold_star,edema_threshold_ratio,0.0,0.0,0.0,0.0,0.0,0.0,1024
ses01_edema_threshold_star,front_speed_mm_per_day,0.06226459385207003,0.05529038211339738,0.3868837552959724,0.08861671546919224,0.07639415329402752,0.4174966729369303,1024
ses01_edema_threshold_star,front_width_mm,0.006832355247248749,0.03374874852345483,0.24749816232670688,0.0674858809100443,0.035547619736929215,0.22545953301071686,1024
ses01_edema_threshold_star,seed_peak_density,0.008597999429200618,0.01553230624164917,0.049211843904496365,0.03041561226134145,0.0063665059853943,0.06212410917966987,1024
ses01_edema_threshold_star,seed_sigma_mm,0.200861391351832,0.08896824949571044,0.6955849515623842,0.13008961116363513,0.247203413787069,0.8112011338476041,1024
ses01_edema_threshold_star,preop_time,0.05471548395670113,0.061962412627745996,0.22802446970952797,0.06666052756486494,0.14086735248022703,0.2585042719360731,1024
ses01_edema_threshold_star,diffusivity_ratio,0.0009030045285010259,0.012827696674397746,0.0791418542323772,0.038124014136969274,-0.0035620827110552883,0.07817441094341437,1024
ses01_edema_threshold_star,chemo_kill_rate,0.0,0.0,0.0,0.0,0.0,0.0,1024
ses01_edema_threshold_star,rt_alpha,0.0,0.0,0.0,0.0,0.0,0.0,1024
ses01_edema_threshold_star,rt_alpha_beta_ratio,0.0,0.0,0.0,0.0,0.0,0.0,1024
ses01_edema_threshold_star,gaussian_seed_x_fraction,0.019840758869955878,0.051068184962113676,0.326927805119929,0.0880067003239599,0.03366561859032101,0.3780318133060762,1024
ses01_edema_threshold_star,gaussian_seed_y_fraction,-0.0012834671888954903,0.03197301062836639,0.18351317229883343,0.06779328713412866,0.01796890659716453,0.17976337975393838,1024
ses01_edema_threshold_star,gaussian_seed_z_fraction,0.014039013617823075,0.04548238323781551,0.24366098151544008,0.07426557265473023,0.03976326726905701,0.28418475475806426,1024
ses01_edema_threshold_star,core_threshold,0.0,0.0,0.0,0.0,0.0,0.0,1024
ses01_edema_threshold_star,edema_threshold_ratio,0.0,0.0,0.0,0.0,0.0,0.0,1024
ses01_dice_core_fixed,front_speed_mm_per_day,0.0242984991575093,0.043275465709470606,0.29380188902847876,0.04269723622077107,0.06485623977559038,0.3267597079672956,1024
ses01_dice_core_fixed,front_width_mm,0.13734268736372157,0.05829677669950701,0.5101807607312785,0.06259267833664313,0.13859056509631004,0.5063957606596664,1024
ses01_dice_core_fixed,seed_peak_density,0.0181961304370625,0.0209500641858639,0.06943016809939197,0.017633248086826262,0.024807836945801822,0.07314476865492453,1024
ses01_dice_core_fixed,seed_sigma_mm,0.09182627872492723,0.06340984740671735,0.5545675435674725,0.0622673664671594,0.09891594465505232,0.5598456191725959,1024
ses01_dice_core_fixed,preop_time,0.03611794882344357,0.04107414545377967,0.2078283728589951,0.035956969711902945,0.03389808524610623,0.24604775375612373,1024
ses01_dice_core_fixed,diffusivity_ratio,0.009380817000787092,0.011593055249419459,0.0224948831779015,0.012643654134136066,-0.00530820750344432,0.02914182242524786,1024
ses01_dice_core_fixed,chemo_kill_rate,0.0,0.0,0.0,0.0,0.0,0.0,1024
ses01_dice_core_fixed,rt_alpha,0.0,0.0,0.0,0.0,0.0,0.0,1024
ses01_dice_core_fixed,rt_alpha_beta_ratio,0.0,0.0,0.0,0.0,0.0,0.0,1024
ses01_dice_core_fixed,gaussian_seed_x_fraction,0.013484755225424933,0.028343731539273075,0.11717001946726062,0.018970690721766183,0.031547452140831815,0.1088630953641706,1024
ses01_dice_core_fixed,gaussian_seed_y_fraction,0.033320161374113345,0.03171094898204054,0.11663360700665051,0.020758261330763365,0.04500423148123787,0.10057360922574968,1024
ses01_dice_core_fixed,gaussian_seed_z_fraction,0.020705529364708212,0.023842718082155066,0.08911459769424893,0.015932248965665734,0.021819834375117714,0.08573206838153569,1024
ses01_dice_core_fixed,core_threshold,0.0,0.0,0.0,0.0,0.0,0.0,1024
ses01_dice_core_fixed,edema_threshold_ratio,0.0,0.0,0.0,0.0,0.0,0.0,1024
ses01_dice_whole_fixed,front_speed_mm_per_day,0.1591815099754009,0.04296175342885515,0.2180746435481213,0.0293432709938653,0.18368877030039116,0.2318675737139858,1024
ses01_dice_whole_fixed,front_width_mm,0.07846428144074928,0.031470403608429606,0.12856083170431487,0.019422877899707192,0.08902935322803551,0.1292553684709796,1024
ses01_dice_whole_fixed,seed_peak_density,0.00977113957137557,0.009943400098362712,0.012503939695419427,0.0016818220252710133,0.013784386351796083,0.012408491885592017,1024
ses01_dice_whole_fixed,seed_sigma_mm,0.3861339231448793,0.05820794408746501,0.4878106793542895,0.04566218336849085,0.34781357419320236,0.4708816778149291,1024
ses01_dice_whole_fixed,preop_time,0.08903910231017052,0.030831586534197788,0.1386336997462466,0.021369945653920527,0.06492811313588577,0.1472366774225623,1024
ses01_dice_whole_fixed,diffusivity_ratio,-0.003452949974999569,0.007158469439241647,0.005648726950598672,0.0015642556965899945,-0.006258155825425414,0.004672169320506954,1024
ses01_dice_whole_fixed,chemo_kill_rate,0.0,0.0,0.0,0.0,0.0,0.0,1024
ses01_dice_whole_fixed,rt_alpha,0.0,0.0,0.0,0.0,0.0,0.0,1024
ses01_dice_whole_fixed,rt_alpha_beta_ratio,0.0,0.0,0.0,0.0,0.0,0.0,1024
ses01_dice_whole_fixed,gaussian_seed_x_fraction,0.07478612549879889,0.028913349471526503,0.1217015123597012,0.015403180233372548,0.07712717985681117,0.1231841411860505,1024
ses01_dice_whole_fixed,gaussian_seed_y_fraction,0.011343060036895596,0.015650600403787244,0.036844932598596704,0.005644404422991133,0.003607040098985762,0.035489943687553524,1024
ses01_dice_whole_fixed,gaussian_seed_z_fraction,0.0647727004071384,0.027046885864906466,0.09408578661685002,0.01239393461652505,0.05461209982604089,0.08947151721584425,1024
ses01_dice_whole_fixed,core_threshold,0.0,0.0,0.0,0.0,0.0,0.0,1024
ses01_dice_whole_fixed,edema_threshold_ratio,0.0,0.0,0.0,0.0,0.0,0.0,1024
ses01_log10_V_core_fixed,front_speed_mm_per_day,0.0823560829297606,0.046386874295521456,0.1494906977629643,0.032163606264508066,0.04835610254791036,0.1511541453206778,1024
ses01_log10_V_core_fixed,front_width_mm,0.24349004144226588,0.0617223875966953,0.4367968149525402,0.07413844505689539,0.21843441888852458,0.4034717567988413,1024
ses01_log10_V_core_fixed,seed_peak_density,0.008146439805133266,0.020574691571174693,0.07744697081296718,0.023243931821421437,0.0024983552590579577,0.07832865619840865,1024
ses01_log10_V_core_fixed,seed_sigma_mm,0.31407205887225326,0.06818155777001479,0.44321932820143,0.06665178237359161,0.30919194356950336,0.4687946202363092,1024
ses01_log10_V_core_fixed,preop_time,0.06874022107072103,0.03610744852627893,0.10735409957644078,0.025817134316918233,0.015971978514704544,0.09525859414337033,1024
ses01_log10_V_core_fixed,diffusivity_ratio,-0.021434749862174512,0.022074738255424824,0.08586816598773418,0.032918059657280466,-0.03259173951612647,0.11516114492198712,1024
ses01_log10_V_core_fixed,chemo_kill_rate,0.0,0.0,0.0,0.0,0.0,0.0,1024
ses01_log10_V_core_fixed,rt_alpha,0.0,0.0,0.0,0.0,0.0,0.0,1024
ses01_log10_V_core_fixed,rt_alpha_beta_ratio,0.0,0.0,0.0,0.0,0.0,0.0,1024
ses01_log10_V_core_fixed,gaussian_seed_x_fraction,-0.00814091439977154,0.022380640949957526,0.06423027058124517,0.022277576939666095,-0.017755142037201112,0.05745951587305513,1024
ses01_log10_V_core_fixed,gaussian_seed_y_fraction,0.009156544248998092,0.015206477623968484,0.03534295229911817,0.016234765080974933,0.016063487944339466,0.049504490547689954,1024
ses01_log10_V_core_fixed,gaussian_seed_z_fraction,-0.005974049871773999,0.014632378356161126,0.060619323902076236,0.023867184927237328,-0.003598210107175166,0.06580102757482309,1024
ses01_log10_V_core_fixed,core_threshold,0.0,0.0,0.0,0.0,0.0,0.0,1024
ses01_log10_V_core_fixed,edema_threshold_ratio,0.0,0.0,0.0,0.0,0.0,0.0,1024
ses01_log10_V_whole_fixed,front_speed_mm_per_day,0.0902779694983915,0.03503047324386296,0.13073242599972143,0.025031891361376978,0.0812543854685598,0.14311416586223816,1024
ses01_log10_V_whole_fixed,front_width_mm,0.08546842168646057,0.032448634537564906,0.16430343106891443,0.08897877075472835,0.08641185539862244,0.08904239170586833,1024
ses01_log10_V_whole_fixed,seed_peak_density,0.007117313007738817,0.017894906851482664,0.041758985956249405,0.027444150091220827,0.0091990063080548,0.021085409393403542,1024
ses01_log10_V_whole_fixed,seed_sigma_mm,0.6263130709863889,0.08847553431656745,0.7060172936482764,0.09877026299032103,0.6310275708254184,0.6448770176575379,1024
ses01_log10_V_whole_fixed,preop_time,0.05568374672808321,0.030413803480767186,0.09703592530992744,0.027989101630138097,0.04474823324837229,0.09397272973255907,1024
ses01_log10_V_whole_fixed,diffusivity_ratio,-0.015849861243825328,0.01617861548184905,0.031814565453803643,0.027176481360785036,-0.002463728436636853,0.014531124327736001,1024
ses01_log10_V_whole_fixed,chemo_kill_rate,0.0,0.0,0.0,0.0,0.0,0.0,1024
ses01_log10_V_whole_fixed,rt_alpha,0.0,0.0,0.0,0.0,0.0,0.0,1024
ses01_log10_V_whole_fixed,rt_alpha_beta_ratio,0.0,0.0,0.0,0.0,0.0,0.0,1024
ses01_log10_V_whole_fixed,gaussian_seed_x_fraction,-0.0005508254957628658,0.010950728807756698,0.019490573233436198,0.015174291940560287,0.00798603033718782,0.014116950326008723,1024
ses01_log10_V_whole_fixed,gaussian_seed_y_fraction,0.004017065408772845,0.008290648501274598,0.007416607969382732,0.008219727099440645,0.00819448810349182,0.010713736539641977,1024
ses01_log10_V_whole_fixed,gaussian_seed_z_fraction,0.004245347205279094,0.007873909634533037,0.006981902105780974,0.005546750685573366,0.008076643280364046,0.007011494968599026,1024
ses01_log10_V_whole_fixed,core_threshold,0.0,0.0,0.0,0.0,0.0,0.0,1024
ses01_log10_V_whole_fixed,edema_threshold_ratio,0.0,0.0,0.0,0.0,0.0,0.0,1024
ses01_log_vol_ratio_core_fixed,front_speed_mm_per_day,0.0823560829297606,0.046386874295521456,0.1494906977629643,0.032163606264508066,0.048356102547910354,0.15115414532067778,1024
ses01_log_vol_ratio_core_fixed,front_width_mm,0.24349004144226588,0.06172238759669529,0.43679681495254014,0.07413844505689539,0.21843441888852455,0.40347175679884123,1024
ses01_log_vol_ratio_core_fixed,seed_peak_density,0.008146439805133264,0.020574691571174693,0.07744697081296717,0.02324393182142144,0.0024983552590579607,0.07832865619840863,1024
ses01_log_vol_ratio_core_fixed,seed_sigma_mm,0.31407205887225326,0.06818155777001479,0.44321932820143,0.06665178237359162,0.3091919435695033,0.4687946202363091,1024
ses01_log_vol_ratio_core_fixed,preop_time,0.06874022107072103,0.036107448526278944,0.10735409957644078,0.025817134316918237,0.015971978514704537,0.09525859414337032,1024
ses01_log_vol_ratio_core_fixed,diffusivity_ratio,-0.021434749862174515,0.022074738255424824,0.08586816598773417,0.03291805965728047,-0.03259173951612647,0.11516114492198709,1024
ses01_log_vol_ratio_core_fixed,chemo_kill_rate,0.0,0.0,0.0,0.0,0.0,0.0,1024
ses01_log_vol_ratio_core_fixed,rt_alpha,0.0,0.0,0.0,0.0,0.0,0.0,1024
ses01_log_vol_ratio_core_fixed,rt_alpha_beta_ratio,0.0,0.0,0.0,0.0,0.0,0.0,1024
ses01_log_vol_ratio_core_fixed,gaussian_seed_x_fraction,-0.00814091439977154,0.022380640949957523,0.06423027058124516,0.022277576939666092,-0.017755142037201105,0.05745951587305512,1024
ses01_log_vol_ratio_core_fixed,gaussian_seed_y_fraction,0.009156544248998096,0.015206477623968484,0.03534295229911818,0.016234765080974933,0.01606348794433946,0.04950449054768995,1024
ses01_log_vol_ratio_core_fixed,gaussian_seed_z_fraction,-0.005974049871773998,0.014632378356161126,0.06061932390207625,0.023867184927237325,-0.003598210107175165,0.06580102757482308,1024
ses01_log_vol_ratio_core_fixed,core_threshold,0.0,0.0,0.0,0.0,0.0,0.0,1024
ses01_log_vol_ratio_core_fixed,edema_threshold_ratio,0.0,0.0,0.0,0.0,0.0,0.0,1024
ses01_log_vol_ratio_whole_fixed,front_speed_mm_per_day,0.0902779694983915,0.03503047324386295,0.13073242599972143,0.025031891361376974,0.08125438546855979,0.14311416586223816,1024
ses01_log_vol_ratio_whole_fixed,front_width_mm,0.08546842168646056,0.03244863453756491,0.16430343106891443,0.08897877075472835,0.08641185539862244,0.08904239170586833,1024
ses01_log_vol_ratio_whole_fixed,seed_peak_density,0.007117313007738816,0.01789490685148266,0.041758985956249405,0.027444150091220827,0.009199006308054803,0.021085409393403542,1024
ses01_log_vol_ratio_whole_fixed,seed_sigma_mm,0.626313070986389,0.08847553431656743,0.7060172936482764,0.09877026299032103,0.6310275708254183,0.644877017657538,1024
ses01_log_vol_ratio_whole_fixed,preop_time,0.05568374672808321,0.030413803480767186,0.09703592530992745,0.027989101630138097,0.04474823324837228,0.09397272973255905,1024
ses01_log_vol_ratio_whole_fixed,diffusivity_ratio,-0.015849861243825328,0.016178615481849044,0.031814565453803643,0.027176481360785036,-0.002463728436636851,0.014531124327736001,1024
ses01_log_vol_ratio_whole_fixed,chemo_kill_rate,0.0,0.0,0.0,0.0,0.0,0.0,1024
ses01_log_vol_ratio_whole_fixed,rt_alpha,0.0,0.0,0.0,0.0,0.0,0.0,1024
ses01_log_vol_ratio_whole_fixed,rt_alpha_beta_ratio,0.0,0.0,0.0,0.0,0.0,0.0,1024
ses01_log_vol_ratio_whole_fixed,gaussian_seed_x_fraction,-0.0005508254957628716,0.010950728807756696,0.019490573233436198,0.015174291940560287,0.007986030337187809,0.014116950326008716,1024
ses01_log_vol_ratio_whole_fixed,gaussian_seed_y_fraction,0.004017065408772846,0.0082906485012746,0.0074166079693827325,0.008219727099440645,0.008194488103491817,0.01071373653964197,1024
ses01_log_vol_ratio_whole_fixed,gaussian_seed_z_fraction,0.0042453472052790915,0.007873909634533034,0.006981902105780973,0.005546750685573367,0.008076643280364042,0.0070114949685990266,1024
ses01_log_vol_ratio_whole_fixed,core_threshold,0.0,0.0,0.0,0.0,0.0,0.0,1024
ses01_log_vol_ratio_whole_fixed,edema_threshold_ratio,0.0,0.0,0.0,0.0,0.0,0.0,1024
ses01_msd_core_fixed,front_speed_mm_per_day,0.03145938490525066,0.06907736434652006,0.3853627231170938,0.06183341437256932,0.033289721344109915,0.4186148291389242,892
ses01_msd_core_fixed,front_width_mm,-0.014238836094844387,0.06523837847561074,0.47295578373712827,0.06852859031826575,-0.020542694389057554,0.4689108856031344,892
ses01_msd_core_fixed,seed_peak_density,0.021345105376952594,0.02463717164447796,0.07033160814144047,0.014846138593296837,0.03020627420459309,0.06904905959602456,892
ses01_msd_core_fixed,seed_sigma_mm,0.12208027616755894,0.08856566410749965,0.7200708526509845,0.0900652909377679,0.2155722816885841,0.7206143935199718,892
ses01_msd_core_fixed,preop_time,0.06433741627016715,0.050599114201880416,0.25383842240558185,0.041240028907655435,0.09231819814741625,0.27608094683362516,892
ses01_msd_core_fixed,diffusivity_ratio,0.014395884572843852,0.014610612235584058,0.04105999625457272,0.029288488682228907,-0.000153673448496223,0.04894806428514448,892
ses01_msd_core_fixed,chemo_kill_rate,0.0,0.0,0.0,0.0,0.0,0.0,892
ses01_msd_core_fixed,rt_alpha,0.0,0.0,0.0,0.0,0.0,0.0,892
ses01_msd_core_fixed,rt_alpha_beta_ratio,0.0,0.0,0.0,0.0,0.0,0.0,892
ses01_msd_core_fixed,gaussian_seed_x_fraction,0.004675104038490423,0.02776991998200325,0.09481444858923498,0.017216920292138754,0.006716535825713495,0.09405792978716411,892
ses01_msd_core_fixed,gaussian_seed_y_fraction,0.03218791439191256,0.024433164188338862,0.0723857299727684,0.01136793897056095,0.05258476152511127,0.07074498860014473,892
ses01_msd_core_fixed,gaussian_seed_z_fraction,0.009548412857781482,0.021883923098494337,0.04798537513523331,0.0074996709580655374,0.008013464827614955,0.04825788385111024,892
ses01_msd_core_fixed,core_threshold,0.0,0.0,0.0,0.0,0.0,0.0,892
ses01_msd_core_fixed,edema_threshold_ratio,0.0,0.0,0.0,0.0,0.0,0.0,892
ses01_msd_whole_fixed,front_speed_mm_per_day,0.14719657007587916,0.038950621670061476,0.19793238143676053,0.027367136451831194,0.17270712399373606,0.22318853961995833,1015
ses01_msd_whole_fixed,front_width_mm,0.07824561839024888,0.032073767839256785,0.12583596008899298,0.01815380455754853,0.08066827911325154,0.13295820100184522,1015
ses01_msd_whole_fixed,seed_peak_density,0.008178758438427325,0.010485237823423905,0.014958606931473687,0.002082422010785756,0.013830576324301003,0.016468270099770713,1015
ses01_msd_whole_fixed,seed_sigma_mm,0.40270315987436617,0.06128496455715605,0.5083822943402081,0.04859520795400997,0.3709875707038911,0.5168650933424432,1015
ses01_msd_whole_fixed,preop_time,0.08837212283189316,0.02892009563001857,0.12255216631382805,0.019750230679763253,0.07182647076491874,0.13693058633930694,1015
ses01_msd_whole_fixed,diffusivity_ratio,-0.00018106119798950656,0.007405216006684038,0.0047754374398413044,0.001665721567930068,-0.0007089961422456135,0.004400193129522732,1015
ses01_msd_whole_fixed,chemo_kill_rate,0.0,0.0,0.0,0.0,0.0,0.0,1015
ses01_msd_whole_fixed,rt_alpha,0.0,0.0,0.0,0.0,0.0,0.0,1015
ses01_msd_whole_fixed,rt_alpha_beta_ratio,0.0,0.0,0.0,0.0,0.0,0.0,1015
ses01_msd_whole_fixed,gaussian_seed_x_fraction,0.060253826633545234,0.028946528540081635,0.11018688564318183,0.012784186371236305,0.05430500797791623,0.11687506598153205,1015
ses01_msd_whole_fixed,gaussian_seed_y_fraction,0.0409788280197341,0.022544808198355856,0.061807530211612303,0.0080220993428307,0.042499681050106326,0.06316237187591592,1015
ses01_msd_whole_fixed,gaussian_seed_z_fraction,0.04837624845406536,0.020850268790487528,0.059194338911022076,0.007125416673709738,0.04930597378972687,0.06142983697247423,1015
ses01_msd_whole_fixed,core_threshold,0.0,0.0,0.0,0.0,0.0,0.0,1015
ses01_msd_whole_fixed,edema_threshold_ratio,0.0,0.0,0.0,0.0,0.0,0.0,1015
ses01_hd95_core_fixed,front_speed_mm_per_day,0.0027619381083672204,0.06491489020533019,0.3957225693271493,0.061589546079483366,-0.000714401701961468,0.4256791587830994,892
ses01_hd95_core_fixed,front_width_mm,-0.006065541747095345,0.061359139802754384,0.45751007433813473,0.06124764804771479,-0.013433544141670202,0.45523599418269944,892
ses01_hd95_core_fixed,seed_peak_density,0.012632558934069468,0.02354261269745759,0.055989741943731665,0.009867098663042199,0.024455254161404035,0.05595594584561304,892
ses01_hd95_core_fixed,seed_sigma_mm,0.07459255597743997,0.0774646257080141,0.5897872533529633,0.06795711210209823,0.1299199827180772,0.5893491880037418,892
ses01_hd95_core_fixed,preop_time,0.052510902675737194,0.05428916771958624,0.2695290166762182,0.04021961426582058,0.07117052948914744,0.29832312031283154,892
ses01_hd95_core_fixed,diffusivity_ratio,0.012161084499824698,0.01295102869582524,0.029291429214678033,0.02255578758893702,-0.002303329937315735,0.03804046535182646,892
ses01_hd95_core_fixed,chemo_kill_rate,0.0,0.0,0.0,0.0,0.0,0.0,892
ses01_hd95_core_fixed,rt_alpha,0.0,0.0,0.0,0.0,0.0,0.0,892
ses01_hd95_core_fixed,rt_alpha_beta_ratio,0.0,0.0,0.0,0.0,0.0,0.0,892
ses01_hd95_core_fixed,gaussian_seed_x_fraction,0.013792288786654104,0.03477891998157765,0.1495641902232424,0.020530739804269137,0.019289378409016594,0.15693392543136156,892
ses01_hd95_core_fixed,gaussian_seed_y_fraction,0.0710161940088614,0.03761130356150818,0.18226540045704206,0.028392048492462952,0.08124105020882084,0.18215510403033297,892
ses01_hd95_core_fixed,gaussian_seed_z_fraction,0.02807278985022644,0.028126408538559845,0.09403212711090045,0.014233751887279005,0.03513854423689957,0.0990206464338773,892
ses01_hd95_core_fixed,core_threshold,0.0,0.0,0.0,0.0,0.0,0.0,892
ses01_hd95_core_fixed,edema_threshold_ratio,0.0,0.0,0.0,0.0,0.0,0.0,892
ses01_hd95_whole_fixed,front_speed_mm_per_day,0.15814226063364545,0.03918473047188872,0.1970336476082255,0.025582725262225305,0.18331893171791253,0.21209389873800066,1015
ses01_hd95_whole_fixed,front_width_mm,0.08188693425617205,0.029118333189516694,0.10882956529211064,0.013031851848971945,0.09095613645166799,0.11793525688959254,1015
ses01_hd95_whole_fixed,seed_peak_density,0.007902664999948005,0.009020179448713575,0.010998408073147052,0.001303480322435738,0.007699405707192688,0.012305053081675312,1015
ses01_hd95_whole_fixed,seed_sigma_mm,0.36391402376618986,0.054618793880499554,0.4432760379058676,0.04220762648503622,0.3334442457365151,0.46128173820267726,1015
ses01_hd95_whole_fixed,preop_time,0.0851058730830335,0.028402454485798496,0.12284973863226265,0.019691337101479828,0.08490166172370694,0.12953549989561616,1015
ses01_hd95_whole_fixed,diffusivity_ratio,-0.00016210018095234806,0.005553633862179208,0.002557975131111826,0.0008946228647006443,0.0006614325833934704,0.002192380284624763,1015
ses01_hd95_whole_fixed,chemo_kill_rate,0.0,0.0,0.0,0.0,0.0,0.0,1015
ses01_hd95_whole_fixed,rt_alpha,0.0,0.0,0.0,0.0,0.0,0.0,1015
ses01_hd95_whole_fixed,rt_alpha_beta_ratio,0.0,0.0,0.0,0.0,0.0,0.0,1015
ses01_hd95_whole_fixed,gaussian_seed_x_fraction,0.03664741494241455,0.027185989771766114,0.1060030480199515,0.012488267944418652,0.030940962362089413,0.11060658187354117,1015
ses01_hd95_whole_fixed,gaussian_seed_y_fraction,0.13544027443333062,0.03842505946023704,0.18657490929137108,0.021301901533994746,0.14021660604514782,0.19507617707020958,1015
ses01_hd95_whole_fixed,gaussian_seed_z_fraction,0.032795986559716134,0.01960623797488127,0.048999308752928517,0.006002279719803409,0.03896892171979359,0.051516678304814045,1015
ses01_hd95_whole_fixed,core_threshold,0.0,0.0,0.0,0.0,0.0,0.0,1015
ses01_hd95_whole_fixed,edema_threshold_ratio,0.0,0.0,0.0,0.0,0.0,0.0,1015
ses01_log10_mass,front_speed_mm_per_day,0.14944549334110874,0.03576515530074342,0.1675258408799003,0.019714658840653602,0.15705509787816427,0.17473838554390297,1024
ses01_log10_mass,front_width_mm,0.08402870277544815,0.02388019649739118,0.08728241638465528,0.009210429090959846,0.09034185760027337,0.0860421487188363,1024
ses01_log10_mass,seed_peak_density,0.012416283322905355,0.010493933445645256,0.01437473212494774,0.001389403782005203,0.015012418931804675,0.014327847524131857,1024
ses01_log10_mass,seed_sigma_mm,0.6414932808398125,0.06389802763723816,0.6499206948742714,0.05078972663788234,0.6407571303916119,0.6490540664629918,1024
ses01_log10_mass,preop_time,0.08742724263021066,0.028284194027653604,0.10059216365237644,0.011913197746648778,0.08341808256778281,0.10453945799827685,1024
ses01_log10_mass,diffusivity_ratio,0.0010548492127534213,0.00574195457878821,0.003543918748706819,0.00084413902978486,0.0013543852383171725,0.0036552224853325546,1024
ses01_log10_mass,chemo_kill_rate,0.0,0.0,0.0,0.0,0.0,0.0,1024
ses01_log10_mass,rt_alpha,0.0,0.0,0.0,0.0,0.0,0.0,1024
ses01_log10_mass,rt_alpha_beta_ratio,0.0,0.0,0.0,0.0,0.0,0.0,1024
ses01_log10_mass,gaussian_seed_x_fraction,0.003814977525246846,0.006529130356890101,0.006092160199368472,0.0009380133004593898,0.0023228168702667897,0.005830003074990156,1024
ses01_log10_mass,gaussian_seed_y_fraction,0.00221664768193424,0.0031125022711477983,0.0013759323536583718,0.0004008880058070922,0.002806340155378786,0.0014937729412546476,1024
ses01_log10_mass,gaussian_seed_z_fraction,0.0010390169170868355,0.003618900485874611,0.0012742540156728864,0.0003037292863146293,-0.000611888620823872,0.0013266880221379416,1024
ses01_log10_mass,core_threshold,0.0,0.0,0.0,0.0,0.0,0.0,1024
ses01_log10_mass,edema_threshold_ratio,0.0,0.0,0.0,0.0,0.0,0.0,1024
ses01_centroid_drift,front_speed_mm_per_day,0.3322504021362385,0.0776141899425998,0.5509764244524902,0.08700710733425603,0.3236806933855479,0.5278413161239784,1024
ses01_centroid_drift,front_width_mm,0.029060429629563414,0.02589908315404188,0.11817733771657753,0.03302595767202475,0.022481645904128905,0.11344665139479759,1024
ses01_centroid_drift,seed_peak_density,0.0005310260006145378,0.0037689399521470815,0.002421154435594572,0.00057634423141634,-0.0012969930279151,0.0026909780614061806,1024
ses01_centroid_drift,seed_sigma_mm,0.05114275591828868,0.0351416643435407,0.12044930898491511,0.023066032782424518,0.08257039799130794,0.12994855466714345,1024
ses01_centroid_drift,preop_time,0.16065588693876764,0.05889469043957132,0.33447206115977024,0.06818927511267164,0.2017935110700579,0.3470934585172836,1024
ses01_centroid_drift,diffusivity_ratio,0.008010208646584492,0.013219298938496953,0.02293994590538866,0.005844467480583928,-0.005492325520724786,0.01996985085495365,1024
ses01_centroid_drift,chemo_kill_rate,0.0,0.0,0.0,0.0,0.0,0.0,1024
ses01_centroid_drift,rt_alpha,0.0,0.0,0.0,0.0,0.0,0.0,1024
ses01_centroid_drift,rt_alpha_beta_ratio,0.0,0.0,0.0,0.0,0.0,0.0,1024
ses01_centroid_drift,gaussian_seed_x_fraction,0.11059409036099183,0.04061533684005946,0.19325442326819223,0.03502388687109295,0.11324825205329316,0.17868999716684889,1024
ses01_centroid_drift,gaussian_seed_y_fraction,-0.010201359347627517,0.00940842192154749,0.011242099781291894,0.004273998210095864,-0.012869268499573587,0.011339625942986839,1024
ses01_centroid_drift,gaussian_seed_z_fraction,-0.004162415977859682,0.013445530914515799,0.022717594760872182,0.007042943078309668,0.007290359323734815,0.0167663645089011,1024
ses01_centroid_drift,core_threshold,0.0,0.0,0.0,0.0,0.0,0.0,1024
ses01_centroid_drift,edema_threshold_ratio,0.0,0.0,0.0,0.0,0.0,0.0,1024
ses01_R_g,front_speed_mm_per_day,0.14470098347384758,0.03968973601005046,0.17972979957604873,0.023560171748599968,0.14402440354442828,0.1784185520140038,1024
ses01_R_g,front_width_mm,0.006728038088683505,0.011218175468492264,0.018775963851446913,0.003279871340175218,0.01296757877035468,0.018760517107402255,1024
ses01_R_g,seed_peak_density,0.007604107979193203,0.007930774171752343,0.008080550962935383,0.000938409245698517,0.008242356463391186,0.008077573878887625,1024
ses01_R_g,seed_sigma_mm,0.695676967990226,0.07037356096058164,0.7024740987303547,0.05566710299762779,0.6960368342387538,0.7010642039668538,1024
ses01_R_g,preop_time,0.07722643018934754,0.03062609139674951,0.10643900568697069,0.014716731298259149,0.10445296112634807,0.10941481301018884,1024
ses01_R_g,diffusivity_ratio,0.014815791260050814,0.0118084020242137,0.018218943950665215,0.0034467893073249563,0.012700479643573015,0.018328292054129523,1024
ses01_R_g,chemo_kill_rate,0.0,0.0,0.0,0.0,0.0,0.0,1024
ses01_R_g,rt_alpha,0.0,0.0,0.0,0.0,0.0,0.0,1024
ses01_R_g,rt_alpha_beta_ratio,0.0,0.0,0.0,0.0,0.0,0.0,1024
ses01_R_g,gaussian_seed_x_fraction,0.009241171576231439,0.009404173837252236,0.013467752000711573,0.0021292648083245003,0.005125838123269091,0.012656217127761016,1024
ses01_R_g,gaussian_seed_y_fraction,0.004829241265547779,0.0065300464837841025,0.005699873564440336,0.0011745404939717036,0.005193970924742832,0.005598452761660674,1024
ses01_R_g,gaussian_seed_z_fraction,0.0008525470506575566,0.00623887562599296,0.004557156018736041,0.0008513704011034892,-0.0003373686265445149,0.004743433815425995,1024
ses01_R_g,core_threshold,0.0,0.0,0.0,0.0,0.0,0.0,1024
ses01_R_g,edema_threshold_ratio,0.0,0.0,0.0,0.0,0.0,0.0,1024
ses01_log10_anisotropy,front_speed_mm_per_day,0.2755501714115388,0.05864050371272963,0.44036501362690744,0.058770033631801256,0.3160303853303953,0.4392891043904663,1024
ses01_log10_anisotropy,front_width_mm,0.0026473782281506864,0.019945337103343213,0.047985794322801464,0.008610525964341227,0.021806174604567154,0.04556293959356882,1024
ses01_log10_anisotropy,seed_peak_density,-0.0006604956460157364,0.005066181054854084,0.003685769609280695,0.0006411418387231837,0.002244627136871539,0.0038769958755020405,1024
ses01_log10_anisotropy,seed_sigma_mm,-0.0029865417871115215,0.04334768140136591,0.27180429568590464,0.040748154748858435,0.01871817625894146,0.26416380948459506,1024
ses01_log10_anisotropy,preop_time,0.1440211675110514,0.04358954650387133,0.2697649765574393,0.050141727193383216,0.1267812040664856,0.2681340212860451,1024
ses01_log10_anisotropy,diffusivity_ratio,0.0022253726665362097,0.0160257762681195,0.03936683912804171,0.010489246363333761,0.00897636056486978,0.03988395230780963,1024
ses01_log10_anisotropy,chemo_kill_rate,0.0,0.0,0.0,0.0,0.0,0.0,1024
ses01_log10_anisotropy,rt_alpha,0.0,0.0,0.0,0.0,0.0,0.0,1024
ses01_log10_anisotropy,rt_alpha_beta_ratio,0.0,0.0,0.0,0.0,0.0,0.0,1024
ses01_log10_anisotropy,gaussian_seed_x_fraction,0.10019019179261038,0.052850241290115035,0.3415064341800003,0.051433555334929174,0.11468283930848204,0.34004199282435543,1024
ses01_log10_anisotropy,gaussian_seed_y_fraction,0.0016137060447978073,0.013764640402803357,0.028066013552138558,0.0069178146491612035,-0.0016488805281915419,0.028902072120928615,1024
ses01_log10_anisotropy,gaussian_seed_z_fraction,0.003962477247474754,0.01735872488286606,0.03832214490212051,0.00821134909480551,0.015436902838516873,0.03534451865949476,1024
ses01_log10_anisotropy,core_threshold,0.0,0.0,0.0,0.0,0.0,0.0,1024
ses01_log10_anisotropy,edema_threshold_ratio,0.0,0.0,0.0,0.0,0.0,0.0,1024
ses01_wm_fraction,front_speed_mm_per_day,-0.014514514650913213,0.020920717751569094,0.058986814247705945,0.01077775834764828,0.008461516522932908,0.05912784631260748,1024
ses01_wm_fraction,front_width_mm,0.006243819305993208,0.011782780975348267,0.018063548754234385,0.0035281045155006645,0.00047135137437947236,0.01799372518437791,1024
ses01_wm_fraction,seed_peak_density,0.003038993881262178,0.004136990993698429,0.0021924657757051696,0.00031449764754442293,0.002791846045534412,0.00206912897332734,1024
ses01_wm_fraction,seed_sigma_mm,0.1476765224218241,0.047912705458536285,0.27613959913292696,0.03548667107746163,0.13435297831884016,0.2546152284286602,1024
ses01_wm_fraction,preop_time,-0.006837580063651193,0.01773174748382692,0.040444095134895046,0.007853355859773977,-0.02141768533586481,0.04264013017979043,1024
ses01_wm_fraction,diffusivity_ratio,0.01012959443329632,0.009501176239031846,0.015360400619875775,0.0035867880294195584,0.012891077179961385,0.015092250310416885,1024
ses01_wm_fraction,chemo_kill_rate,0.0,0.0,0.0,0.0,0.0,0.0,1024
ses01_wm_fraction,rt_alpha,0.0,0.0,0.0,0.0,0.0,0.0,1024
ses01_wm_fraction,rt_alpha_beta_ratio,0.0,0.0,0.0,0.0,0.0,0.0,1024
ses01_wm_fraction,gaussian_seed_x_fraction,0.26492073330749305,0.05515162218224078,0.46369470863404066,0.06670930248201877,0.28435781627078055,0.4617644010538791,1024
ses01_wm_fraction,gaussian_seed_y_fraction,0.1599791543569525,0.03996375154547973,0.24733938601305167,0.03268687023681572,0.158550537150561,0.239452557820212,1024
ses01_wm_fraction,gaussian_seed_z_fraction,0.16403107185726312,0.043223006918545234,0.232880510556767,0.036263340413197925,0.16006926790634177,0.2350420917639497,1024
ses01_wm_fraction,core_threshold,0.0,0.0,0.0,0.0,0.0,0.0,1024
ses01_wm_fraction,edema_threshold_ratio,0.0,0.0,0.0,0.0,0.0,0.0,1024
ses02_dice_core,front_speed_mm_per_day,-0.006474230165183407,0.04784382594804328,0.32563236449138483,0.0488809022430215,-0.028296818108155333,0.342586946779521,1024
ses02_dice_core,front_width_mm,0.08291929016495789,0.058181268400376934,0.5264676718913885,0.08339950535100023,0.06676649155285792,0.4916602954265287,1024
ses02_dice_core,seed_peak_density,0.010214798202729712,0.020886610036807772,0.0689957957059662,0.019893445254466444,0.010811785245741062,0.08564307537824101,1024
ses02_dice_core,seed_sigma_mm,0.02065779199648389,0.060924226175080094,0.548154133118485,0.07566772583594715,0.03486946947684193,0.5443854059700761,1024
ses02_dice_core,preop_time,0.013611581913000053,0.044824342779726085,0.25295310406053584,0.05128515131839775,-0.0010762512031572545,0.2676143401494019,1024
ses02_dice_core,diffusivity_ratio,0.012239018723671157,0.012501811567497825,0.021071241181075877,0.006751522615823734,-0.0006603069283025896,0.02395902860100522,1024
ses02_dice_core,chemo_kill_rate,0.0,0.0,0.0,0.0,0.0,0.0,1024
ses02_dice_core,rt_alpha,0.0,0.0,0.0,0.0,0.0,0.0,1024
ses02_dice_core,rt_alpha_beta_ratio,0.0,0.0,0.0,0.0,0.0,0.0,1024
ses02_dice_core,gaussian_seed_x_fraction,0.10116937116088671,0.055602466208909504,0.3661188046776428,0.06166333862890735,0.1108644372819498,0.3673184843936685,1024
ses02_dice_core,gaussian_seed_y_fraction,0.027279785161059618,0.033845629809032184,0.20079173056515578,0.034683090882685154,0.019841002322941892,0.20308196379100105,1024
ses02_dice_core,gaussian_seed_z_fraction,-0.00045707907300821286,0.031745352918008916,0.1794584280974759,0.035485102107038535,-0.000713802739453554,0.1935896324922091,1024
ses02_dice_core,core_threshold,0.017533550713025845,0.03339414307262974,0.14256678032886677,0.03292268532493255,0.003217592874967191,0.14891140886088255,1024
ses02_dice_core,edema_threshold_ratio,0.0,0.0,0.0,0.0,0.0,0.0,1024
ses02_dice_whole,front_speed_mm_per_day,0.1952715427722666,0.0474646641307123,0.2541416170919244,0.032541166116385585,0.21983230556574684,0.2683347202089602,1024
ses02_dice_whole,front_width_mm,0.06479741774144294,0.027950978082263166,0.10671463734813545,0.016917291268552744,0.07832865564793705,0.1105217548404311,1024
ses02_dice_whole,seed_peak_density,0.009925411222451618,0.00869447816051628,0.009587840078313713,0.0013376514445973882,0.012365765218819354,0.009455258184107706,1024
ses02_dice_whole,seed_sigma_mm,0.33475429258614814,0.054694413920949564,0.42907897813135515,0.041557206074926537,0.3001706629139024,0.41796627627787536,1024
ses02_dice_whole,preop_time,0.085524331068829,0.029991373582953604,0.1327773023930286,0.02135061538849358,0.06747224768958193,0.13911083344299854,1024
ses02_dice_whole,diffusivity_ratio,-0.0038085101696787387,0.008411188492061471,0.0076150545916385225,0.0017233934434199144,-0.0077238856487191155,0.0061068993902341825,1024
ses02_dice_whole,chemo_kill_rate,0.0,0.0,0.0,0.0,0.0,0.0,1024
ses02_dice_whole,rt_alpha,0.0,0.0,0.0,0.0,0.0,0.0,1024
ses02_dice_whole,rt_alpha_beta_ratio,0.0,0.0,0.0,0.0,0.0,0.0,1024
ses02_dice_whole,gaussian_seed_x_fraction,0.08317313748125993,0.030068540062410318,0.12880611231443306,0.01570440454198036,0.0808982347306496,0.1309820670793093,1024
ses02_dice_whole,gaussian_seed_y_fraction,0.030236714240678295,0.019815894651209965,0.05885228758853484,0.007757401592991492,0.02080194196380099,0.05645319953464749,1024
ses02_dice_whole,gaussian_seed_z_fraction,0.08310731044983158,0.03001222804412426,0.11836034683216273,0.015209700551108193,0.07508494241484083,0.11430848735877765,1024
ses02_dice_whole,core_threshold,0.005171747621642033,0.00810290139682331,0.007676003643908555,0.001408157255802423,0.007334142145022017,0.008331525766274503,1024
ses02_dice_whole,edema_threshold_ratio,0.00554730153794914,0.011929840750242483,0.01961284756566827,0.0032003022606376967,0.007636664426894271,0.018799548602235067,1024
ses02_log10_V_core,front_speed_mm_per_day,0.10855001765404482,0.03931362189968606,0.16570955312208754,0.03409404812682054,0.07745306298005486,0.17568937028740553,1024
ses02_log10_V_core,front_width_mm,0.23152438713311438,0.05275899944891028,0.3708542616889237,0.0643754145523526,0.2477361435264743,0.3481022832237169,1024
ses02_log10_V_core,seed_peak_density,0.01888286703170104,0.025735813022253994,0.07772560445541726,0.02240097976971377,0.012605345108559459,0.0758328334457757,1024
ses02_log10_V_core,seed_sigma_mm,0.26844141297335666,0.053525047494631495,0.3875048121863006,0.06095669015396079,0.2818960266240729,0.40947286708655506,1024
ses02_log10_V_core,preop_time,0.05356774446121243,0.02526082344095736,0.09658181575896799,0.02335511224348785,0.018682807739021326,0.09583763404053815,1024
ses02_log10_V_core,diffusivity_ratio,-0.012504904387033923,0.019365867327990522,0.051945288108012994,0.020799879666024427,-0.02482748691488549,0.05111618822482403,1024
ses02_log10_V_core,chemo_kill_rate,0.0,0.0,0.0,0.0,0.0,0.0,1024
ses02_log10_V_core,rt_alpha,0.0,0.0,0.0,0.0,0.0,0.0,1024
ses02_log10_V_core,rt_alpha_beta_ratio,0.0,0.0,0.0,0.0,0.0,0.0,1024
ses02_log10_V_core,gaussian_seed_x_fraction,0.006008474705709301,0.0161481982127342,0.061277674045860014,0.019423972752264887,0.01120191709745806,0.056772025413514546,1024
ses02_log10_V_core,gaussian_seed_y_fraction,0.006181230164166919,0.024922784195602395,0.04409714531913582,0.017010871167895167,-0.0004546378071671902,0.05162989817722649,1024
ses02_log10_V_core,gaussian_seed_z_fraction,-0.0023772646563518427,0.01589387456747672,0.07215788590067665,0.024188622507664233,-0.00966154027014248,0.06730373641717143,1024
ses02_log10_V_core,core_threshold,0.035208321266544135,0.027168834205947366,0.12588441963267646,0.033263323781332246,0.028716803303484,0.1317343819494912,1024
ses02_log10_V_core,edema_threshold_ratio,0.0,0.0,0.0,0.0,0.0,0.0,1024
ses02_log10_V_whole,front_speed_mm_per_day,0.11606287800244432,0.03519153703889338,0.14577657404935293,0.02336838837270195,0.11089036533463009,0.1426682275173277,1024
ses02_log10_V_whole,front_width_mm,0.06120263092981329,0.027051662087000296,0.12188571720272642,0.06504760066262376,0.0678302699098316,0.1095592481643144,1024
ses02_log10_V_whole,seed_peak_density,0.005975076043980279,0.011663471569311598,0.017254058058841087,0.005629753055932645,0.0058866442022509295,0.019866863543554998,1024
ses02_log10_V_whole,seed_sigma_mm,0.6370988713539545,0.07583356574972475,0.7203473698295929,0.08112589971444996,0.6181138061144957,0.761445780458938,1024
ses02_log10_V_whole,preop_time,0.05350290609265386,0.02395649889841667,0.06847488154800317,0.010940067141751225,0.05732911554839254,0.06959464171815428,1024
ses02_log10_V_whole,diffusivity_ratio,-0.014824095950731812,0.01798721827869556,0.03094343360842403,0.03709613662456194,-0.011475613596902412,0.01771964642328066,1024
ses02_log10_V_whole,chemo_kill_rate,0.0,0.0,0.0,0.0,0.0,0.0,1024
ses02_log10_V_whole,rt_alpha,0.0,0.0,0.0,0.0,0.0,0.0,1024
ses02_log10_V_whole,rt_alpha_beta_ratio,0.0,0.0,0.0,0.0,0.0,0.0,1024
ses02_log10_V_whole,gaussian_seed_x_fraction,-0.003263525056376003,0.011817529250669949,0.015406547036613132,0.004259866761784788,0.006682733357812763,0.016087804309685778,1024
ses02_log10_V_whole,gaussian_seed_y_fraction,0.003540443409849293,0.010315435168935443,0.010985035226946297,0.004795713701457478,0.0031374521652473984,0.013858655359298859,1024
ses02_log10_V_whole,gaussian_seed_z_fraction,-0.0011082080230158922,0.011831836282878849,0.014818173829429048,0.012965922977242824,0.007206574180821065,0.009051015623720736,1024
ses02_log10_V_whole,core_threshold,0.004471680611735953,0.010257682837372047,0.024929991055523522,0.032183616583553724,0.006984213558498063,0.008421667771363248,1024
ses02_log10_V_whole,edema_threshold_ratio,0.042113807168767455,0.033439858032562435,0.07427486460632096,0.05928490940131254,0.030944654218564766,0.042083847080257746,1024
ses02_log_vol_ratio_core,front_speed_mm_per_day,0.10855001765404482,0.03931362189968606,0.16570955312208754,0.03409404812682054,0.07745306298005485,0.17568937028740553,1024
ses02_log_vol_ratio_core,front_width_mm,0.23152438713311438,0.05275899944891029,0.37085426168892366,0.06437541455235261,0.2477361435264743,0.3481022832237169,1024
ses02_log_vol_ratio_core,seed_peak_density,0.01888286703170104,0.025735813022253994,0.07772560445541726,0.022400979769713766,0.012605345108559455,0.07583283344577571,1024
ses02_log_vol_ratio_core,seed_sigma_mm,0.2684414129733567,0.053525047494631495,0.3875048121863007,0.06095669015396079,0.2818960266240729,0.40947286708655506,1024
ses02_log_vol_ratio_core,preop_time,0.05356774446121242,0.02526082344095736,0.09658181575896799,0.023355112243487845,0.01868280773902132,0.09583763404053815,1024
ses02_log_vol_ratio_core,diffusivity_ratio,-0.012504904387033923,0.019365867327990522,0.051945288108012994,0.02079987966602443,-0.024827486914885497,0.05111618822482404,1024
ses02_log_vol_ratio_core,chemo_kill_rate,0.0,0.0,0.0,0.0,0.0,0.0,1024
ses02_log_vol_ratio_core,rt_alpha,0.0,0.0,0.0,0.0,0.0,0.0,1024
ses02_log_vol_ratio_core,rt_alpha_beta_ratio,0.0,0.0,0.0,0.0,0.0,0.0,1024
ses02_log_vol_ratio_core,gaussian_seed_x_fraction,0.0060084747057093,0.0161481982127342,0.061277674045860014,0.019423972752264887,0.011201917097458061,0.056772025413514546,1024
ses02_log_vol_ratio_core,gaussian_seed_y_fraction,0.00618123016416692,0.024922784195602395,0.044097145319135826,0.017010871167895167,-0.0004546378071671937,0.05162989817722649,1024
ses02_log_vol_ratio_core,gaussian_seed_z_fraction,-0.002377264656351842,0.01589387456747672,0.07215788590067665,0.024188622507664233,-0.009661540270142486,0.06730373641717143,1024
ses02_log_vol_ratio_core,core_threshold,0.03520832126654413,0.027168834205947366,0.1258844196326765,0.033263323781332246,0.028716803303483994,0.1317343819494912,1024
ses02_log_vol_ratio_core,edema_threshold_ratio,0.0,0.0,0.0,0.0,0.0,0.0,1024
ses02_log_vol_ratio_whole,front_speed_mm_per_day,0.11606287800244433,0.03519153703889338,0.14577657404935296,0.02336838837270195,0.1108903653346301,0.1426682275173277,1024
ses02_log_vol_ratio_whole,front_width_mm,0.0612026309298133,0.02705166208700028,0.12188571720272644,0.06504760066262376,0.06783026990983161,0.10955924816431438,1024
ses02_log_vol_ratio_whole,seed_peak_density,0.005975076043980278,0.011663471569311598,0.017254058058841084,0.0056297530559326426,0.005886644202250928,0.019866863543555,1024
ses02_log_vol_ratio_whole,seed_sigma_mm,0.6370988713539546,0.07583356574972475,0.7203473698295929,0.08112589971444996,0.6181138061144957,0.761445780458938,1024
ses02_log_vol_ratio_whole,preop_time,0.05350290609265387,0.023956498898416688,0.06847488154800317,0.010940067141751227,0.05732911554839255,0.06959464171815428,1024
ses02_log_vol_ratio_whole,diffusivity_ratio,-0.014824095950731812,0.017987218278695566,0.030943433608424033,0.03709613662456194,-0.011475613596902412,0.01771964642328066,1024
ses02_log_vol_ratio_whole,chemo_kill_rate,0.0,0.0,0.0,0.0,0.0,0.0,1024
ses02_log_vol_ratio_whole,rt_alpha,0.0,0.0,0.0,0.0,0.0,0.0,1024
ses02_log_vol_ratio_whole,rt_alpha_beta_ratio,0.0,0.0,0.0,0.0,0.0,0.0,1024
ses02_log_vol_ratio_whole,gaussian_seed_x_fraction,-0.003263525056376,0.011817529250669949,0.015406547036613134,0.004259866761784788,0.006682733357812765,0.016087804309685778,1024
ses02_log_vol_ratio_whole,gaussian_seed_y_fraction,0.003540443409849296,0.010315435168935448,0.010985035226946301,0.004795713701457478,0.003137452165247402,0.013858655359298857,1024
ses02_log_vol_ratio_whole,gaussian_seed_z_fraction,-0.0011082080230158896,0.011831836282878849,0.01481817382942905,0.012965922977242824,0.00720657418082107,0.009051015623720734,1024
ses02_log_vol_ratio_whole,core_threshold,0.0044716806117359575,0.01025768283737204,0.024929991055523522,0.032183616583553724,0.006984213558498067,0.008421667771363248,1024
ses02_log_vol_ratio_whole,edema_threshold_ratio,0.04211380716876747,0.033439858032562435,0.07427486460632096,0.05928490940131253,0.030944654218564766,0.042083847080257746,1024
ses02_msd_core,front_speed_mm_per_day,0.018772082095739398,0.07218929815494239,0.3764460384203019,0.06805709996747,0.004496907804309369,0.37880951262840445,855
ses02_msd_core,front_width_mm,-0.058249046869971975,0.07010638763712904,0.46515753826680833,0.07024979013448124,-0.07006050044001134,0.45879355215301065,855
ses02_msd_core,seed_peak_density,-0.006178319593570505,0.023030259504057647,0.06605679768914056,0.016631229868198462,-0.0010143300536565381,0.05677895062660907,855
ses02_msd_core,seed_sigma_mm,0.08949478544890706,0.08470573737763652,0.6064596711301149,0.08328456901648358,0.12327501667946762,0.5718415120051868,855
ses02_msd_core,preop_time,0.05208142510366539,0.050282386172013124,0.21980476840550642,0.03703953330240199,0.06608522606203632,0.22521915907347942,855
ses02_msd_core,diffusivity_ratio,0.018089343516860097,0.018401900733663153,0.03142940375859431,0.014115930616353505,0.008005353792509122,0.0317005812044364,855
ses02_msd_core,chemo_kill_rate,0.0,0.0,0.0,0.0,0.0,0.0,855
ses02_msd_core,rt_alpha,0.0,0.0,0.0,0.0,0.0,0.0,855
ses02_msd_core,rt_alpha_beta_ratio,0.0,0.0,0.0,0.0,0.0,0.0,855
ses02_msd_core,gaussian_seed_x_fraction,0.01540987550238368,0.03607409260754809,0.11484728848976253,0.018330759396624485,0.01721005623651092,0.10552801013372201,855
ses02_msd_core,gaussian_seed_y_fraction,0.04174445383269067,0.027422057661388097,0.08132569944310154,0.013352489086796744,0.06036940236708194,0.07692427279778291,855
ses02_msd_core,gaussian_seed_z_fraction,0.0030427396556059355,0.021240670464271,0.047389724529356275,0.0078842631617299,-0.001829651768099739,0.050349995504139405,855
ses02_msd_core,core_threshold,0.01794685764233078,0.03173520203868907,0.10259466097928957,0.021373426397428476,-0.009606099936415018,0.110590843228062,855
ses02_msd_core,edema_threshold_ratio,0.0,0.0,0.0,0.0,0.0,0.0,855
ses02_msd_whole,front_speed_mm_per_day,0.1642570243922044,0.04326333935757868,0.22186556365089424,0.030103064448403286,0.19424675991580634,0.2458966511605918,1016
ses02_msd_whole,front_width_mm,0.06098213843999136,0.026712774456217454,0.10598879338083224,0.016200006022254028,0.06856042959856325,0.10953102414643565,1016
ses02_msd_whole,seed_peak_density,0.0070763482850342355,0.009217089929835838,0.011885718481022638,0.0017331035109275882,0.009976561039502755,0.012490290190618111,1016
ses02_msd_whole,seed_sigma_mm,0.4018515006523247,0.058282498399202194,0.5003936148716207,0.049022529578584446,0.3808423309753408,0.5206430782981771,1016
ses02_msd_whole,preop_time,0.07930110507793114,0.028939713191924923,0.10726597197091349,0.016343778615678033,0.0665560269577475,0.11894849832433833,1016
ses02_msd_whole,diffusivity_ratio,-0.0003649641441194511,0.006367095261633182,0.003732845577471139,0.0010776040989103868,-0.0049356492406604285,0.0029489711646167867,1016
ses02_msd_whole,chemo_kill_rate,0.0,0.0,0.0,0.0,0.0,0.0,1016
ses02_msd_whole,rt_alpha,0.0,0.0,0.0,0.0,0.0,0.0,1016
ses02_msd_whole,rt_alpha_beta_ratio,0.0,0.0,0.0,0.0,0.0,0.0,1016
ses02_msd_whole,gaussian_seed_x_fraction,0.05673792720296159,0.027827832688472484,0.1042059590189935,0.013287433003150823,0.05769743587406836,0.11367332573692962,1016
ses02_msd_whole,gaussian_seed_y_fraction,0.038973333073060966,0.022195718934273852,0.062250540508217655,0.008926893634501085,0.040874134391415434,0.06398539154523808,1016
ses02_msd_whole,gaussian_seed_z_fraction,0.03404969713139961,0.017932355904336898,0.046368404037280986,0.006114234034097318,0.03874682662599032,0.049034454639938906,1016
ses02_msd_whole,core_threshold,0.007247680999427793,0.008356684998787426,0.009236604658812347,0.0014372563712910609,0.009109167667358945,0.009699617606745096,1016
ses02_msd_whole,edema_threshold_ratio,0.014949770338559609,0.014260194453358405,0.02621858339950961,0.004629929906292127,0.013204214151355238,0.029988984059639914,1016
ses02_hd95_core,front_speed_mm_per_day,-0.0001493440270201571,0.07069616487354266,0.40201702208744156,0.07138943997473775,-0.015531687797559614,0.3932325583426159,855
ses02_hd95_core,front_width_mm,-0.06073015273842146,0.05978558086159035,0.42242930217332253,0.06717556031859619,-0.04801006102223451,0.4064486046056383,855
ses02_hd95_core,seed_peak_density,-0.006408470944695304,0.02141728036134759,0.044761846096073,0.009479199421413294,0.00023184284557643605,0.042565663117213264,855
ses02_hd95_core,seed_sigma_mm,0.12799325311140583,0.0800237560798278,0.5788761692693415,0.07194526624570553,0.19798142406548289,0.5688504867073333,855
ses02_hd95_core,preop_time,0.06402503320549716,0.05269279006177795,0.23548875075171283,0.03877417488785224,0.10190784178298999,0.24810950899782322,855
ses02_hd95_core,diffusivity_ratio,0.014254960251427569,0.01390848383470977,0.01932455012686151,0.006567356290214185,0.004986575965750586,0.01851832833618873,855
ses02_hd95_core,chemo_kill_rate,0.0,0.0,0.0,0.0,0.0,0.0,855
ses02_hd95_core,rt_alpha,0.0,0.0,0.0,0.0,0.0,0.0,855
ses02_hd95_core,rt_alpha_beta_ratio,0.0,0.0,0.0,0.0,0.0,0.0,855
ses02_hd95_core,gaussian_seed_x_fraction,-0.011605980619871226,0.035731314387536,0.128378922239943,0.01851005793915863,0.007088562265570969,0.12284253450843514,855
ses02_hd95_core,gaussian_seed_y_fraction,0.06241549116628476,0.03636595387702829,0.14335044845454392,0.02455601484075837,0.08271321981908768,0.13050058572880502,855
ses02_hd95_core,gaussian_seed_z_fraction,0.004427877382895672,0.025178670821299768,0.07624545669279886,0.01284958574471591,0.009624583097381262,0.07739100517776411,855
ses02_hd95_core,core_threshold,0.006992385084308667,0.027306007023568037,0.07567772119161123,0.012865324669118444,-0.005745718428765183,0.0729557415504934,855
ses02_hd95_core,edema_threshold_ratio,0.0,0.0,0.0,0.0,0.0,0.0,855
ses02_hd95_whole,front_speed_mm_per_day,0.17685297031521977,0.04540861196605459,0.21933381635865093,0.027278271443015586,0.2030045865858335,0.23397016621732655,1016
ses02_hd95_whole,front_width_mm,0.06664263484559516,0.02707386011840953,0.09049885699367047,0.011380259483719077,0.074829979221163,0.09502592036694293,1016
ses02_hd95_whole,seed_peak_density,0.007009731145545304,0.007872333568472967,0.00852871638210727,0.0011268001828794079,0.007378562620981344,0.009078160002903086,1016
ses02_hd95_whole,seed_sigma_mm,0.35017897124953606,0.05115015784697805,0.41541667363079665,0.039347535919556406,0.3225655581738305,0.43121249722520977,1016
ses02_hd95_whole,preop_time,0.07834113865330807,0.02969569035484517,0.11280304868307547,0.0167916946948931,0.07539024819270362,0.12038800826499144,1016
ses02_hd95_whole,diffusivity_ratio,0.00013403954071189504,0.005467082735255246,0.0027089663873065273,0.0011931090185334984,-0.0018386565253179317,0.0019932184917132337,1016
ses02_hd95_whole,chemo_kill_rate,0.0,0.0,0.0,0.0,0.0,0.0,1016
ses02_hd95_whole,rt_alpha,0.0,0.0,0.0,0.0,0.0,0.0,1016
ses02_hd95_whole,rt_alpha_beta_ratio,0.0,0.0,0.0,0.0,0.0,0.0,1016
ses02_hd95_whole,gaussian_seed_x_fraction,0.036661447659627956,0.02481379194564286,0.08785541011615393,0.01050574369493905,0.035141141360093726,0.0924392838266762,1016
ses02_hd95_whole,gaussian_seed_y_fraction,0.14173794043286295,0.03803493634948817,0.19050158844887674,0.022068783760277492,0.1445656675567702,0.19705041457619257,1016
ses02_hd95_whole,gaussian_seed_z_fraction,0.03344322969297604,0.020565050772601574,0.049583510609167686,0.005985851312661553,0.03615671179505609,0.05217408606526874,1016
ses02_hd95_whole,core_threshold,0.00392770523075184,0.006945623631257673,0.006438653416902385,0.0009597338517369318,0.0042659767074622315,0.006503772860887849,1016
ses02_hd95_whole,edema_threshold_ratio,0.00806101157651424,0.011761908328652301,0.017542067044653435,0.0025368583595162045,0.008293110873288847,0.019130628273632495,1016
ses02_dice_star_core,front_speed_mm_per_day,-0.01462346223733238,0.04689737509303359,0.27760227308152996,0.04820739643775242,0.001059677744836536,0.30068832289324077,1024
ses02_dice_star_core,front_width_mm,-0.022840571836841107,0.042878124680073765,0.29617185833596377,0.06789427762764791,-0.02150784922749497,0.2647632857752666,1024
ses02_dice_star_core,seed_peak_density,-0.0036672580172778858,0.012300756974728875,0.02947060816180414,0.014803986262471315,-0.001294647729296221,0.02954274711137749,1024
ses02_dice_star_core,seed_sigma_mm,0.024942763394517915,0.05689715038833547,0.3612177203366182,0.06070228367058771,0.07194305396624942,0.3410160401701041,1024
ses02_dice_star_core,preop_time,0.03393054658731973,0.030180445883644096,0.1360010515863773,0.02880573485312809,0.05907739476717681,0.1378641823894087,1024
ses02_dice_star_core,diffusivity_ratio,0.004045726671584486,0.013434904030863433,0.028973948584417125,0.015581300782457886,0.010994475358349345,0.020272124249182184,1024
ses02_dice_star_core,chemo_kill_rate,0.0,0.0,0.0,0.0,0.0,0.0,1024
ses02_dice_star_core,rt_alpha,0.0,0.0,0.0,0.0,0.0,0.0,1024
ses02_dice_star_core,rt_alpha_beta_ratio,0.0,0.0,0.0,0.0,0.0,0.0,1024
ses02_dice_star_core,gaussian_seed_x_fraction,0.1593631244135489,0.06032672657988729,0.48549416146462876,0.06810304743686223,0.15170658666651884,0.49573099721722436,1024
ses02_dice_star_core,gaussian_seed_y_fraction,0.09493920183040962,0.05045321459281235,0.31344824216982936,0.04787103928463925,0.07240327858992127,0.2789935207844515,1024
ses02_dice_star_core,gaussian_seed_z_fraction,0.06769061406103898,0.037233747682001654,0.20218609898758066,0.033199895892741395,0.08749016858024683,0.19870036380928002,1024
ses02_dice_star_core,core_threshold,0.0,0.0,0.0,0.0,0.0,0.0,1024
ses02_dice_star_core,edema_threshold_ratio,0.0,0.0,0.0,0.0,0.0,0.0,1024
ses02_dice_star_whole,front_speed_mm_per_day,0.21738988439376203,0.0478387350463812,0.2759086734306419,0.035482011716684636,0.23810039691287366,0.294401975884212,1024
ses02_dice_star_whole,front_width_mm,0.010688124757074934,0.015230646078721516,0.030972832984046614,0.005369685403437285,0.01806673842750877,0.03047390099279467,1024
ses02_dice_star_whole,seed_peak_density,0.008358213672121442,0.007788982615280288,0.007957046811314688,0.0010962349373770668,0.012803278030655871,0.008248227965744951,1024
ses02_dice_star_whole,seed_sigma_mm,0.32862014708339815,0.05406623088998499,0.41619273226461007,0.03922508810182906,0.30398936960102796,0.41371172095627984,1024
ses02_dice_star_whole,preop_time,0.10102513576459905,0.03009264119434211,0.137252983828546,0.022125888824029355,0.08584223034832783,0.14400240183363391,1024
ses02_dice_star_whole,diffusivity_ratio,-0.00020996903584308356,0.00954630462798141,0.009805848619081018,0.0019783134109095605,-0.004039755198639694,0.009062000059912997,1024
ses02_dice_star_whole,chemo_kill_rate,0.0,0.0,0.0,0.0,0.0,0.0,1024
ses02_dice_star_whole,rt_alpha,0.0,0.0,0.0,0.0,0.0,0.0,1024
ses02_dice_star_whole,rt_alpha_beta_ratio,0.0,0.0,0.0,0.0,0.0,0.0,1024
ses02_dice_star_whole,gaussian_seed_x_fraction,0.10774981299462369,0.03332337590543376,0.1551110521148969,0.01722850917276114,0.09889244790093232,0.15853418334097238,1024
ses02_dice_star_whole,gaussian_seed_y_fraction,0.04785533848267453,0.02358311118208297,0.07782732268463545,0.009964895227476425,0.0446192660461255,0.07385922563108514,1024
ses02_dice_star_whole,gaussian_seed_z_fraction,0.0935321879244355,0.031000619388881503,0.13010110253112062,0.016184577956785885,0.08974963904104116,0.12927533937427532,1024
ses02_dice_star_whole,core_threshold,0.0,0.0,0.0,0.0,0.0,0.0,1024
ses02_dice_star_whole,edema_threshold_ratio,0.0,0.0,0.0,0.0,0.0,0.0,1024
ses02_core_threshold_star,front_speed_mm_per_day,0.14154459450848533,0.0504912501058655,0.2973253739870977,0.04025629671414346,0.17101367548053684,0.31366339132912124,1024
ses02_core_threshold_star,front_width_mm,0.14100620586108858,0.05090442807216191,0.34417707418273064,0.04252621423959224,0.1480951793045972,0.33672204159751445,1024
ses02_core_threshold_star,seed_peak_density,0.012022995097690479,0.0189839752451336,0.03868510660989546,0.010068557554818761,0.009490853569609162,0.03428271832164373,1024
ses02_core_threshold_star,seed_sigma_mm,0.3013112513102734,0.059994498523760986,0.5045349840714615,0.05213797928384468,0.2573177772074591,0.4799110938751745,1024
ses02_core_threshold_star,preop_time,0.04981452326411625,0.03650089276607452,0.18544776243682037,0.031050964820983806,0.04277634984075817,0.20508579576797015,1024
ses02_core_threshold_star,diffusivity_ratio,0.006788816290978601,0.010542390933571996,0.013760474163251405,0.00672885865133349,-0.005666334565062775,0.013337386305954551,1024
ses02_core_threshold_star,chemo_kill_rate,0.0,0.0,0.0,0.0,0.0,0.0,1024
ses02_core_threshold_star,rt_alpha,0.0,0.0,0.0,0.0,0.0,0.0,1024
ses02_core_threshold_star,rt_alpha_beta_ratio,0.0,0.0,0.0,0.0,0.0,0.0,1024
ses02_core_threshold_star,gaussian_seed_x_fraction,0.045107917042775,0.04128089639670435,0.2191998688749842,0.03246363159870864,0.09665862737411217,0.22668860457338946,1024
ses02_core_threshold_star,gaussian_seed_y_fraction,-0.0014254843685545572,0.03542592108460122,0.1615852592137549,0.03064352386842717,-0.007691597890570843,0.1746070503011937,1024
ses02_core_threshold_star,gaussian_seed_z_fraction,0.027051541606924297,0.03168275653895894,0.13680224399692134,0.025096185345887433,0.008856858093797944,0.12407526274764762,1024
ses02_core_threshold_star,core_threshold,0.0,0.0,0.0,0.0,0.0,0.0,1024
ses02_core_threshold_star,edema_threshold_ratio,0.0,0.0,0.0,0.0,0.0,0.0,1024
ses02_edema_threshold_star,front_speed_mm_per_day,0.07722577144972523,0.06891526142868924,0.5062821709638267,0.11806926941901397,0.09896486316562561,0.4384634786866275,1024
ses02_edema_threshold_star,front_width_mm,0.0036043212868329716,0.02076616792329711,0.2855624701116913,0.08630055701874031,0.02287543212807314,0.23881659965281388,1024
ses02_edema_threshold_star,seed_peak_density,-0.02478698788984551,0.04792843276900729,0.05314564225587132,0.03157033031475386,-0.006835227525630948,0.014718319262897078,1024
ses02_edema_threshold_star,seed_sigma_mm,0.13225639092203717,0.08731995175150398,0.6396548473427955,0.14665818490778496,0.21383709328031578,0.6765679016009141,1024
ses02_edema_threshold_star,preop_time,0.05598710743376832,0.07430273203324528,0.3094652948583511,0.09380319650400225,0.12781532366949064,0.36605884360302093,1024
ses02_edema_threshold_star,diffusivity_ratio,-1.5520347268349156e-06,0.008536479353914467,0.10921556626266375,0.05722355323356176,0.005787363313995769,0.11062478671790384,1024
ses02_edema_threshold_star,chemo_kill_rate,0.0,0.0,0.0,0.0,0.0,0.0,1024
ses02_edema_threshold_star,rt_alpha,0.0,0.0,0.0,0.0,0.0,0.0,1024
ses02_edema_threshold_star,rt_alpha_beta_ratio,0.0,0.0,0.0,0.0,0.0,0.0,1024
ses02_edema_threshold_star,gaussian_seed_x_fraction,0.013987247365219287,0.0692662892205068,0.3464638161417448,0.10967930458276688,0.053676264670098964,0.3387587352928086,1024
ses02_edema_threshold_star,gaussian_seed_y_fraction,0.006616075714958757,0.021675202864446547,0.21881256057979548,0.08311030988414998,-0.001227763023190268,0.22362349589756528,1024
ses02_edema_threshold_star,gaussian_seed_z_fraction,-0.0025444057311800063,0.05283501372473653,0.25136108789439615,0.08761347478853826,0.011634306517900856,0.265404531224499,1024
ses02_edema_threshold_star,core_threshold,0.0,0.0,0.0,0.0,0.0,0.0,1024
ses02_edema_threshold_star,edema_threshold_ratio,0.0,0.0,0.0,0.0,0.0,0.0,1024
ses02_dice_core_fixed,front_speed_mm_per_day,-0.006482314834271614,0.04628628857214992,0.33974428536675166,0.05088074101877726,-0.007669056846906264,0.3486392769991281,1024
ses02_dice_core_fixed,front_width_mm,0.05842957605746234,0.06291993559602253,0.5144630382894194,0.08139183446057009,0.016713861162044655,0.48825370203403373,1024
ses02_dice_core_fixed,seed_peak_density,0.01587850148080915,0.019773346107775938,0.05639895120499192,0.017821524863018273,0.023980309365390078,0.07139331553714855,1024
ses02_dice_core_fixed,seed_sigma_mm,0.0387104311694834,0.061823370935152486,0.5564871821155457,0.07765067941269509,0.04727111069026735,0.5761358648130311,1024
ses02_dice_core_fixed,preop_time,0.017629342052341596,0.04079746314283853,0.21000256010483115,0.03979745453291725,0.019060077450273487,0.2369364734642975,1024
ses02_dice_core_fixed,diffusivity_ratio,0.010391378355741434,0.014589325085951826,0.031938207082730936,0.013970109677735884,-8.273883410169528e-05,0.03486662446015423,1024
ses02_dice_core_fixed,chemo_kill_rate,0.0,0.0,0.0,0.0,0.0,0.0,1024
ses02_dice_core_fixed,rt_alpha,0.0,0.0,0.0,0.0,0.0,0.0,1024
ses02_dice_core_fixed,rt_alpha_beta_ratio,0.0,0.0,0.0,0.0,0.0,0.0,1024
ses02_dice_core_fixed,gaussian_seed_x_fraction,0.11645711541222718,0.05313765470927506,0.3853836472003093,0.06528877015965175,0.11060607580556542,0.3841149560560875,1024
ses02_dice_core_fixed,gaussian_seed_y_fraction,0.024476660083533015,0.036389671707181895,0.20747471965493694,0.03529983322225234,0.031169172254377212,0.17728973910967916,1024
ses02_dice_core_fixed,gaussian_seed_z_fraction,0.007991428848656473,0.03366265172084449,0.17678928826388796,0.03663518529358024,0.011606688065278668,0.20093178127753075,1024
ses02_dice_core_fixed,core_threshold,0.0,0.0,0.0,0.0,0.0,0.0,1024
ses02_dice_core_fixed,edema_threshold_ratio,0.0,0.0,0.0,0.0,0.0,0.0,1024
ses02_dice_whole_fixed,front_speed_mm_per_day,0.19060618492567166,0.04746181338580986,0.24773142448909222,0.03239503142074691,0.21611886250943874,0.25969787908384667,1024
ses02_dice_whole_fixed,front_width_mm,0.07913212043115356,0.03066140799549016,0.12599875699841487,0.018565711898017073,0.09673389454898232,0.12867957855015844,1024
ses02_dice_whole_fixed,seed_peak_density,0.009491395385470437,0.00879545260030754,0.010017393100736731,0.0014193283132916093,0.012482792936719883,0.010027355878438884,1024
ses02_dice_whole_fixed,seed_sigma_mm,0.3387276886911326,0.05432982122159278,0.4287385041533144,0.04160864681447928,0.3027506588531865,0.4154596825922893,1024
ses02_dice_whole_fixed,preop_time,0.08324528855062518,0.029907978014277463,0.1298185183110322,0.020914594701762938,0.06576223039798441,0.1357967954129031,1024
ses02_dice_whole_fixed,diffusivity_ratio,-0.0032336045109159993,0.008163035081897372,0.00713544640604028,0.0017084884880726842,-0.006071781278156067,0.005856840748203387,1024
ses02_dice_whole_fixed,chemo_kill_rate,0.0,0.0,0.0,0.0,0.0,0.0,1024
ses02_dice_whole_fixed,rt_alpha,0.0,0.0,0.0,0.0,0.0,0.0,1024
ses02_dice_whole_fixed,rt_alpha_beta_ratio,0.0,0.0,0.0,0.0,0.0,0.0,1024
ses02_dice_whole_fixed,gaussian_seed_x_fraction,0.07572203715702419,0.02945296247410822,0.12425843898905369,0.015378226720063403,0.07057989739958591,0.12454671056256043,1024
ses02_dice_whole_fixed,gaussian_seed_y_fraction,0.023239605923045418,0.019851495152757904,0.05594939776287043,0.007504022978115196,0.01395636034585235,0.053923654466140974,1024
ses02_dice_whole_fixed,gaussian_seed_z_fraction,0.07973367694708648,0.030131068706900004,0.11716200209635677,0.015176886693516595,0.07347754532584272,0.11228128000966255,1024
ses02_dice_whole_fixed,core_threshold,0.0,0.0,0.0,0.0,0.0,0.0,1024
ses02_dice_whole_fixed,edema_threshold_ratio,0.0,0.0,0.0,0.0,0.0,0.0,1024
ses02_log10_V_core_fixed,front_speed_mm_per_day,0.09742353670200762,0.04738321604382574,0.16673079476350655,0.03414773328293664,0.06617903044366327,0.16020609254729792,1024
ses02_log10_V_core_fixed,front_width_mm,0.2277053159737844,0.05526660711524631,0.40473738592984954,0.06939626194106778,0.21487968129258508,0.37379670296123707,1024
ses02_log10_V_core_fixed,seed_peak_density,0.009290528314235998,0.01825650922944127,0.06606956426120417,0.020357231732604803,0.004549223140556042,0.06803416049013138,1024
ses02_log10_V_core_fixed,seed_sigma_mm,0.3148445524115821,0.06465024433334315,0.4418043908322457,0.06286315857894283,0.3178247969154418,0.47578677454708523,1024
ses02_log10_V_core_fixed,preop_time,0.0610401416923015,0.029026055440485036,0.096808896564104,0.02434435765548716,0.021529150467874413,0.0972935489005748,1024
ses02_log10_V_core_fixed,diffusivity_ratio,-0.018512478468257026,0.019991504774959326,0.07152560836233862,0.028884863343202775,-0.028573271208144263,0.09415208131694616,1024
ses02_log10_V_core_fixed,chemo_kill_rate,0.0,0.0,0.0,0.0,0.0,0.0,1024
ses02_log10_V_core_fixed,rt_alpha,0.0,0.0,0.0,0.0,0.0,0.0,1024
ses02_log10_V_core_fixed,rt_alpha_beta_ratio,0.0,0.0,0.0,0.0,0.0,0.0,1024
ses02_log10_V_core_fixed,gaussian_seed_x_fraction,-0.00020187479117410821,0.023923298723968017,0.0828762427583607,0.024347874463428246,-0.0011447424605048023,0.07395215649845999,1024
ses02_log10_V_core_fixed,gaussian_seed_y_fraction,0.006594705105026427,0.018452307120036968,0.05786706841713265,0.01983203216578445,0.00983952418293922,0.07724417954688445,1024
ses02_log10_V_core_fixed,gaussian_seed_z_fraction,-0.01269787157710021,0.017550867079477547,0.07508543629352928,0.026761687307152712,-0.010959402875925159,0.08128290520696217,1024
ses02_log10_V_core_fixed,core_threshold,0.0,0.0,0.0,0.0,0.0,0.0,1024
ses02_log10_V_core_fixed,edema_threshold_ratio,0.0,0.0,0.0,0.0,0.0,0.0,1024
ses02_log10_V_whole_fixed,front_speed_mm_per_day,0.10863351101319654,0.03344175109040891,0.1355256455726523,0.022079900258545098,0.1083668163066745,0.1358863436096073,1024
ses02_log10_V_whole_fixed,front_width_mm,0.08424071911381804,0.031531741315267016,0.18209386795394517,0.0856332980449257,0.08825569282339771,0.11959015290234813,1024
ses02_log10_V_whole_fixed,seed_peak_density,0.011476792535256327,0.012740786434787372,0.026290733462821864,0.014621421607478379,0.01012868384829931,0.020230008421988462,1024
ses02_log10_V_whole_fixed,seed_sigma_mm,0.5917489236331794,0.08445761298146323,0.6934668574526466,0.08795494201953911,0.6056435717663357,0.6755071168438499,1024
ses02_log10_V_whole_fixed,preop_time,0.05168087358290444,0.024196868014540837,0.07118687902687393,0.01659153956356384,0.05215787707429943,0.06625109111296086,1024
ses02_log10_V_whole_fixed,diffusivity_ratio,-0.016610253437511227,0.015729772223054796,0.028539875246120658,0.01897763445131686,-0.0038108361840818554,0.014780160360457125,1024
ses02_log10_V_whole_fixed,chemo_kill_rate,0.0,0.0,0.0,0.0,0.0,0.0,1024
ses02_log10_V_whole_fixed,rt_alpha,0.0,0.0,0.0,0.0,0.0,0.0,1024
ses02_log10_V_whole_fixed,rt_alpha_beta_ratio,0.0,0.0,0.0,0.0,0.0,0.0,1024
ses02_log10_V_whole_fixed,gaussian_seed_x_fraction,-0.009590498583901657,0.009372570051778207,0.017179662996025212,0.007778135548077463,-0.003772709733713594,0.013131394409066102,1024
ses02_log10_V_whole_fixed,gaussian_seed_y_fraction,0.00401079098315185,0.011346684382549847,0.02353873971818959,0.0229580252028567,0.004642965071166364,0.01512944856655833,1024
ses02_log10_V_whole_fixed,gaussian_seed_z_fraction,0.0015394620441631932,0.01398037421364873,0.027779785925862492,0.021882876025505194,0.009682065485859892,0.01863551924802962,1024
ses02_log10_V_whole_fixed,core_threshold,0.0,0.0,0.0,0.0,0.0,0.0,1024
ses02_log10_V_whole_fixed,edema_threshold_ratio,0.0,0.0,0.0,0.0,0.0,0.0,1024
ses02_log_vol_ratio_core_fixed,front_speed_mm_per_day,0.09742353670200762,0.04738321604382575,0.16673079476350655,0.03414773328293664,0.06617903044366324,0.16020609254729787,1024
ses02_log_vol_ratio_core_fixed,front_width_mm,0.22770531597378438,0.055266607115246315,0.40473738592984954,0.06939626194106778,0.21487968129258503,0.37379670296123696,1024
ses02_log_vol_ratio_core_fixed,seed_peak_density,0.009290528314236001,0.01825650922944127,0.06606956426120417,0.020357231732604803,0.004549223140556043,0.06803416049013138,1024
ses02_log_vol_ratio_core_fixed,seed_sigma_mm,0.31484455241158205,0.06465024433334315,0.44180439083224576,0.06286315857894283,0.3178247969154418,0.4757867745470851,1024
ses02_log_vol_ratio_core_fixed,preop_time,0.06104014169230151,0.029026055440485036,0.096808896564104,0.02434435765548716,0.02152915046787442,0.09729354890057478,1024
ses02_log_vol_ratio_core_fixed,diffusivity_ratio,-0.018512478468257026,0.019991504774959326,0.07152560836233862,0.028884863343202772,-0.028573271208144263,0.09415208131694615,1024
ses02_log_vol_ratio_core_fixed,chemo_kill_rate,0.0,0.0,0.0,0.0,0.0,0.0,1024
ses02_log_vol_ratio_core_fixed,rt_alpha,0.0,0.0,0.0,0.0,0.0,0.0,1024
ses02_log_vol_ratio_core_fixed,rt_alpha_beta_ratio,0.0,0.0,0.0,0.0,0.0,0.0,1024
ses02_log_vol_ratio_core_fixed,gaussian_seed_x_fraction,-0.00020187479117410998,0.023923298723968013,0.0828762427583607,0.024347874463428242,-0.0011447424605048092,0.07395215649845997,1024
ses02_log_vol_ratio_core_fixed,gaussian_seed_y_fraction,0.006594705105026428,0.018452307120036964,0.05786706841713265,0.01983203216578445,0.00983952418293922,0.07724417954688444,1024
ses02_log_vol_ratio_core_fixed,gaussian_seed_z_fraction,-0.012697871577100209,0.017550867079477547,0.07508543629352928,0.026761687307152712,-0.010959402875925155,0.08128290520696214,1024
ses02_log_vol_ratio_core_fixed,core_threshold,0.0,0.0,0.0,0.0,0.0,0.0,1024
ses02_log_vol_ratio_core_fixed,edema_threshold_ratio,0.0,0.0,0.0,0.0,0.0,0.0,1024
ses02_log_vol_ratio_whole_fixed,front_speed_mm_per_day,0.10863351101319654,0.033441751090408915,0.1355256455726523,0.022079900258545098,0.1083668163066745,0.1358863436096073,1024
ses02_log_vol_ratio_whole_fixed,front_width_mm,0.08424071911381803,0.03153174131526704,0.18209386795394517,0.08563329804492571,0.08825569282339768,0.11959015290234813,1024
ses02_log_vol_ratio_whole_fixed,seed_peak_density,0.011476792535256325,0.012740786434787365,0.026290733462821857,0.01462142160747837,0.010128683848299319,0.020230008421988466,1024
ses02_log_vol_ratio_whole_fixed,seed_sigma_mm,0.5917489236331794,0.08445761298146322,0.6934668574526466,0.08795494201953916,0.6056435717663357,0.6755071168438498,1024
ses02_log_vol_ratio_whole_fixed,preop_time,0.05168087358290443,0.02419686801454085,0.07118687902687393,0.016591539563563833,0.05215787707429942,0.06625109111296086,1024
ses02_log_vol_ratio_whole_fixed,diffusivity_ratio,-0.01661025343751123,0.015729772223054796,0.028539875246120654,0.018977634451316852,-0.0038108361840818645,0.014780160360457128,1024
ses02_log_vol_ratio_whole_fixed,chemo_kill_rate,0.0,0.0,0.0,0.0,0.0,0.0,1024
ses02_log_vol_ratio_whole_fixed,rt_alpha,0.0,0.0,0.0,0.0,0.0,0.0,1024
ses02_log_vol_ratio_whole_fixed,rt_alpha_beta_ratio,0.0,0.0,0.0,0.0,0.0,0.0,1024
ses02_log_vol_ratio_whole_fixed,gaussian_seed_x_fraction,-0.009590498583901657,0.009372570051778209,0.017179662996025212,0.007778135548077463,-0.003772709733713595,0.013131394409066102,1024
ses02_log_vol_ratio_whole_fixed,gaussian_seed_y_fraction,0.004010790983151844,0.011346684382549845,0.023538739718189587,0.022958025202856697,0.004642965071166374,0.015129448566558328,1024
ses02_log_vol_ratio_whole_fixed,gaussian_seed_z_fraction,0.0015394620441631884,0.013980374213648726,0.02777978592586249,0.021882876025505187,0.009682065485859889,0.01863551924802962,1024
ses02_log_vol_ratio_whole_fixed,core_threshold,0.0,0.0,0.0,0.0,0.0,0.0,1024
ses02_log_vol_ratio_whole_fixed,edema_threshold_ratio,0.0,0.0,0.0,0.0,0.0,0.0,1024
ses02_msd_core_fixed,front_speed_mm_per_day,0.03205880235237849,0.06862133083686174,0.40574731937614456,0.06766093254320732,0.04342750998467832,0.43560536207432576,881
ses02_msd_core_fixed,front_width_mm,3.53433320691294e-05,0.0631323742633108,0.5036524250073728,0.08061547702467745,-0.005449556516171347,0.4854397318798732,881
ses02_msd_core_fixed,seed_peak_density,0.016238207749922854,0.020293998595978902,0.056515085354141265,0.012586645328284074,0.01909190777318346,0.05212391472851017,881
ses02_msd_core_fixed,seed_sigma_mm,0.11282650835191577,0.08298939186937747,0.6483662546627275,0.08360326206014838,0.19509522178400726,0.6466424913698099,881
ses02_msd_core_fixed,preop_time,0.06392605170138571,0.045632039962941046,0.21396562782689732,0.03565999018590939,0.08975794657922667,0.23626004917122093,881
ses02_msd_core_fixed,diffusivity_ratio,0.01780135220214128,0.016707383783062323,0.04019363839469239,0.017238622200218,-0.002497377783386255,0.04002358327585893,881
ses02_msd_core_fixed,chemo_kill_rate,0.0,0.0,0.0,0.0,0.0,0.0,881
ses02_msd_core_fixed,rt_alpha,0.0,0.0,0.0,0.0,0.0,0.0,881
ses02_msd_core_fixed,rt_alpha_beta_ratio,0.0,0.0,0.0,0.0,0.0,0.0,881
ses02_msd_core_fixed,gaussian_seed_x_fraction,0.01422734564863816,0.03295985250125108,0.12682022576545543,0.02017618308202336,0.006084991760540977,0.12632577659144317,881
ses02_msd_core_fixed,gaussian_seed_y_fraction,0.03592590239473731,0.027069401221591672,0.08793845276258958,0.014194570090250122,0.05777771980838854,0.08487534144148288,881
ses02_msd_core_fixed,gaussian_seed_z_fraction,0.015699654194180075,0.022025597141650526,0.053040775328495694,0.008600384407127702,0.01466537550420952,0.056562613087607225,881
ses02_msd_core_fixed,core_threshold,0.0,0.0,0.0,0.0,0.0,0.0,881
ses02_msd_core_fixed,edema_threshold_ratio,0.0,0.0,0.0,0.0,0.0,0.0,881
ses02_msd_whole_fixed,front_speed_mm_per_day,0.16407269359463522,0.04032911574656613,0.21493188387777337,0.028338101624689378,0.19419795609704352,0.23980745541712642,1014
ses02_msd_whole_fixed,front_width_mm,0.0814031085041746,0.030974405693172082,0.12149808864722594,0.01743957185909753,0.08722022670556386,0.13011800456751899,1014
ses02_msd_whole_fixed,seed_peak_density,0.00838494101056881,0.009670236752282095,0.012763104588709174,0.0017521701508035165,0.012905989001297994,0.014014538025559744,1014
ses02_msd_whole_fixed,seed_sigma_mm,0.42036487979302845,0.05976813734523417,0.5074119709992767,0.048117321607423984,0.3921852645666205,0.5227445426004718,1014
ses02_msd_whole_fixed,preop_time,0.08091760752058624,0.02722169241993018,0.10503827084205629,0.016452083428631997,0.06581624745966444,0.11704415207148698,1014
ses02_msd_whole_fixed,diffusivity_ratio,-0.00035367735040350227,0.006651264995765156,0.004400566558254427,0.0016479948446289684,-0.0009852615251230439,0.0040266667284290765,1014
ses02_msd_whole_fixed,chemo_kill_rate,0.0,0.0,0.0,0.0,0.0,0.0,1014
ses02_msd_whole_fixed,rt_alpha,0.0,0.0,0.0,0.0,0.0,0.0,1014
ses02_msd_whole_fixed,rt_alpha_beta_ratio,0.0,0.0,0.0,0.0,0.0,0.0,1014
ses02_msd_whole_fixed,gaussian_seed_x_fraction,0.052460083467272836,0.028286026728251788,0.10034288752001609,0.011820142998231576,0.046525469081121776,0.10678624329372549,1014
ses02_msd_whole_fixed,gaussian_seed_y_fraction,0.03747288920586949,0.021453973515456914,0.05855819619710205,0.00762956914678337,0.040162248188160755,0.060172180457528056,1014
ses02_msd_whole_fixed,gaussian_seed_z_fraction,0.02912729496443419,0.01826453539302292,0.04412768576991135,0.005567435253072631,0.03380257478316977,0.047203203787458355,1014
ses02_msd_whole_fixed,core_threshold,0.0,0.0,0.0,0.0,0.0,0.0,1014
ses02_msd_whole_fixed,edema_threshold_ratio,0.0,0.0,0.0,0.0,0.0,0.0,1014
ses02_hd95_core_fixed,front_speed_mm_per_day,0.008639958819369143,0.06804178563322338,0.43189186212265573,0.07317231050361268,0.0037349927642632876,0.44986667047517737,881
ses02_hd95_core_fixed,front_width_mm,-0.023374402556224486,0.052472748174930896,0.44956268992158965,0.07399171013002795,-0.005085569340704064,0.4366030959235263,881
ses02_hd95_core_fixed,seed_peak_density,0.0077235850769113105,0.01938931692408911,0.043011010949857806,0.008384439810608801,0.012147383986629888,0.041804556240940094,881
ses02_hd95_core_fixed,seed_sigma_mm,0.12743295157843595,0.08098470350700755,0.596022657018092,0.07231489563760277,0.20438378108818456,0.6085957017042283,881
ses02_hd95_core_fixed,preop_time,0.06534592708511752,0.05076577596468975,0.24424619100207437,0.040334841097881866,0.10318116915204636,0.2645682347652026,881
ses02_hd95_core_fixed,diffusivity_ratio,0.013659969615500993,0.01335783261548845,0.02372514378117737,0.008293264633391164,0.0031252594981291963,0.024911062384673405,881
ses02_hd95_core_fixed,chemo_kill_rate,0.0,0.0,0.0,0.0,0.0,0.0,881
ses02_hd95_core_fixed,rt_alpha,0.0,0.0,0.0,0.0,0.0,0.0,881
ses02_hd95_core_fixed,rt_alpha_beta_ratio,0.0,0.0,0.0,0.0,0.0,0.0,881
ses02_hd95_core_fixed,gaussian_seed_x_fraction,-0.009778245601799459,0.03245370377433862,0.1371813361903951,0.020633282325726494,-0.0009596376856541616,0.1391747970357408,881
ses02_hd95_core_fixed,gaussian_seed_y_fraction,0.053726240243131954,0.03469301392840134,0.15500349055390175,0.025149623526414665,0.07385876030080588,0.1479057560023923,881
ses02_hd95_core_fixed,gaussian_seed_z_fraction,0.016329641046405167,0.025036490020095857,0.08351449861301931,0.013845155518799189,0.015012896995542096,0.08736602638248367,881
ses02_hd95_core_fixed,core_threshold,0.0,0.0,0.0,0.0,0.0,0.0,881
ses02_hd95_core_fixed,edema_threshold_ratio,0.0,0.0,0.0,0.0,0.0,0.0,881
ses02_hd95_whole_fixed,front_speed_mm_per_day,0.1777074358747537,0.042190142280405775,0.21578488038268873,0.026235298619901194,0.20145174319829262,0.2304156937594546,1014
ses02_hd95_whole_fixed,front_width_mm,0.08257031237145146,0.02977756850613047,0.10560272608157248,0.012659613229315135,0.0922376673659622,0.11463386225355901,1014
ses02_hd95_whole_fixed,seed_peak_density,0.007499389629432471,0.008373799636197466,0.008949354081932825,0.0011400843279556951,0.007956602140889252,0.009727449716663726,1014
ses02_hd95_whole_fixed,seed_sigma_mm,0.3508020227924185,0.05218853895746179,0.40994922597320665,0.039124240012716326,0.32200816424996864,0.4254597974998666,1014
ses02_hd95_whole_fixed,preop_time,0.08104119160846507,0.02819141253459339,0.11096083627452814,0.01703494691216679,0.08138938097273092,0.11802466076456586,1014
ses02_hd95_whole_fixed,diffusivity_ratio,-0.00022269476652474082,0.005685210014541577,0.0027640670040212133,0.0009438344896289736,-2.168536897997346e-05,0.002320028731874902,1014
ses02_hd95_whole_fixed,chemo_kill_rate,0.0,0.0,0.0,0.0,0.0,0.0,1014
ses02_hd95_whole_fixed,rt_alpha,0.0,0.0,0.0,0.0,0.0,0.0,1014
ses02_hd95_whole_fixed,rt_alpha_beta_ratio,0.0,0.0,0.0,0.0,0.0,0.0,1014
ses02_hd95_whole_fixed,gaussian_seed_x_fraction,0.03451721889661135,0.024795326640039778,0.0872875802225909,0.009911079612013426,0.03087148004777721,0.0908513663676034,1014
ses02_hd95_whole_fixed,gaussian_seed_y_fraction,0.14298152906872072,0.0381765958556369,0.18938895926385757,0.02131934175274123,0.14702729027466882,0.19698834550614908,1014
ses02_hd95_whole_fixed,gaussian_seed_z_fraction,0.027925388470878446,0.02018029393948023,0.04862933447326896,0.00588657964678524,0.032613115856309584,0.05049378904056721,1014
ses02_hd95_whole_fixed,core_threshold,0.0,0.0,0.0,0.0,0.0,0.0,1014
ses02_hd95_whole_fixed,edema_threshold_ratio,0.0,0.0,0.0,0.0,0.0,0.0,1014
ses02_log10_mass,front_speed_mm_per_day,0.17105533855363225,0.03786479064055219,0.1890774582430733,0.02244407447456726,0.18202049286662858,0.19695451587397128,1024
ses02_log10_mass,front_width_mm,0.08055252345592577,0.023443925532856416,0.0833333511265026,0.008836855078290027,0.08614842243284547,0.08178619339496869,1024
ses02_log10_mass,seed_peak_density,0.011314161549387521,0.009861751844112867,0.012841166084185365,0.0012510047628037674,0.014202442566705085,0.01275221201758369,1024
ses02_log10_mass,seed_sigma_mm,0.6280675806267431,0.06449835650783237,0.641802573440632,0.051684660669788315,0.6283123877562683,0.648042913855396,1024
ses02_log10_mass,preop_time,0.07734089415330188,0.026905322095070287,0.08728678399306299,0.01068543071943754,0.07447389315417331,0.09111463572612774,1024
ses02_log10_mass,diffusivity_ratio,0.002281142650430426,0.006689640675841007,0.005039910397320806,0.0010869858992075927,0.0027424639512134415,0.005184381259213088,1024
ses02_log10_mass,chemo_kill_rate,0.0,0.0,0.0,0.0,0.0,0.0,1024
ses02_log10_mass,rt_alpha,0.0,0.0,0.0,0.0,0.0,0.0,1024
ses02_log10_mass,rt_alpha_beta_ratio,0.0,0.0,0.0,0.0,0.0,0.0,1024
ses02_log10_mass,gaussian_seed_x_fraction,-0.0025176934047708853,0.007838045926738757,0.008558524118039338,0.0016038092203372219,-0.0007963711171933478,0.008349986157428541,1024
ses02_log10_mass,gaussian_seed_y_fraction,0.0009259104026689294,0.006505009922297212,0.004810676323421569,0.001014823916443007,0.0026076613636328793,0.004534719647699661,1024
ses02_log10_mass,gaussian_seed_z_fraction,-0.002466315809502947,0.006098998691954231,0.004108043855509318,0.000875063279555663,-0.00354719531031612,0.004369853291465695,1024
ses02_log10_mass,core_threshold,0.0,0.0,0.0,0.0,0.0,0.0,1024
ses02_log10_mass,edema_threshold_ratio,0.0,0.0,0.0,0.0,0.0,0.0,1024
ses02_centroid_drift,front_speed_mm_per_day,0.35019569864592826,0.0927843396255376,0.661311295481732,0.1074401773845619,0.32613007821397677,0.6255882311760066,1024
ses02_centroid_drift,front_width_mm,0.05238778378001385,0.02833226717138343,0.1528115772566993,0.041798538799875794,0.03165962799825788,0.14389321762618665,1024
ses02_centroid_drift,seed_peak_density,0.000454213022166063,0.0037351892754361794,0.0026013097831560383,0.0006537819095382886,-0.003146327059600814,0.0027801515261417216,1024
ses02_centroid_drift,seed_sigma_mm,0.03339256385915348,0.035541294664256574,0.12168363671034896,0.02289457564499362,0.062232815125473906,0.13833654621281494,1024
ses02_centroid_drift,preop_time,0.1272161925137381,0.064336688242168,0.35990208952876357,0.07889043338171195,0.16854648612563414,0.3670454483305716,1024
ses02_centroid_drift,diffusivity_ratio,0.01333663736373706,0.015017708582278081,0.03192333709338571,0.00794805350944145,-0.0020731451503814245,0.028302227527242232,1024
ses02_centroid_drift,chemo_kill_rate,0.0,0.0,0.0,0.0,0.0,0.0,1024
ses02_centroid_drift,rt_alpha,0.0,0.0,0.0,0.0,0.0,0.0,1024
ses02_centroid_drift,rt_alpha_beta_ratio,0.0,0.0,0.0,0.0,0.0,0.0,1024
ses02_centroid_drift,gaussian_seed_x_fraction,0.012813120371896247,0.03172284762127251,0.12191166899123225,0.023915179607540932,0.018646122060315802,0.10827820221942759,1024
ses02_centroid_drift,gaussian_seed_y_fraction,-0.0018824911641888253,0.013955533354032788,0.023672535824876925,0.005279057854900763,-0.006777411184176262,0.024977789716345143,1024
ses02_centroid_drift,gaussian_seed_z_fraction,0.0008369461397398046,0.0187854113150522,0.02864747176861355,0.007316215028331994,0.016133935119301838,0.02275802156902064,1024
ses02_centroid_drift,core_threshold,0.0,0.0,0.0,0.0,0.0,0.0,1024
ses02_centroid_drift,edema_threshold_ratio,0.0,0.0,0.0,0.0,0.0,0.0,1024
ses02_R_g,front_speed_mm_per_day,0.18137123801986038,0.042901029986667005,0.21485303565279718,0.026453555648849592,0.18513839878214555,0.21479323895015048,1024
ses02_R_g,front_width_mm,0.007529912523891012,0.01174760689194118,0.019721599335576427,0.0033739979230464354,0.013302843147597177,0.01973694228649455,1024
ses02_R_g,seed_peak_density,0.007320679103310666,0.00772443081930927,0.007726691411427017,0.0008859528918221748,0.007863684134020514,0.0077744155853208905,1024
ses02_R_g,seed_sigma_mm,0.650842188277133,0.06804709401116883,0.6597187292138353,0.053669300482116225,0.6516777266821311,0.6613597693635572,1024
ses02_R_g,preop_time,0.07524124419878402,0.0301475384039465,0.1039786571948631,0.014473927902846379,0.10346603422425807,0.10755641754135914,1024
ses02_R_g,diffusivity_ratio,0.017310764010315446,0.012719701051601312,0.02102562304468241,0.0035698880754624737,0.014841245430609577,0.020829122380349452,1024
ses02_R_g,chemo_kill_rate,0.0,0.0,0.0,0.0,0.0,0.0,1024
ses02_R_g,rt_alpha,0.0,0.0,0.0,0.0,0.0,0.0,1024
ses02_R_g,rt_alpha_beta_ratio,0.0,0.0,0.0,0.0,0.0,0.0,1024
ses02_R_g,gaussian_seed_x_fraction,0.019350495360662683,0.011937692256322746,0.021439591688734362,0.0028646896205545874,0.015747520205478555,0.0204385668530074,1024
ses02_R_g,gaussian_seed_y_fraction,0.006786576899292234,0.007381692782645384,0.007210565970634297,0.0013267048539956831,0.008831245458631877,0.007114155464909603,1024
ses02_R_g,gaussian_seed_z_fraction,0.0027438021524942564,0.006832650661003963,0.005352166440328549,0.0009158286494181636,0.0020743359731500337,0.0054712139828003515,1024
ses02_R_g,core_threshold,0.0,0.0,0.0,0.0,0.0,0.0,1024
ses02_R_g,edema_threshold_ratio,0.0,0.0,0.0,0.0,0.0,0.0,1024
ses02_log10_anisotropy,front_speed_mm_per_day,0.04549548705139937,0.049400152414118076,0.2668797746413252,0.04595725086145903,0.06377478104673882,0.2624743607851908,1024
ses02_log10_anisotropy,front_width_mm,0.013215312419156003,0.021089478022185745,0.05665264649998855,0.01033844946781214,0.014874593093176987,0.051130200574511,1024
ses02_log10_anisotropy,seed_peak_density,-0.0007868733895820009,0.006052556653509633,0.005592475330689287,0.0009001286196395071,-0.003982510280540482,0.00534342104456309,1024
ses02_log10_anisotropy,seed_sigma_mm,0.09975587875119729,0.05746955926331969,0.4788642833452952,0.05751765421829497,0.12102686139370045,0.5060397765495701,1024
ses02_log10_anisotropy,preop_time,-0.002940299614069718,0.03665113866558807,0.16417744799083991,0.03481624241698985,-0.01591270319994401,0.15241819701355244,1024
ses02_log10_anisotropy,diffusivity_ratio,-0.010306909777761,0.01846614710163683,0.054237176073922165,0.013217179063984159,0.0030499625481885157,0.05484160121787374,1024
ses02_log10_anisotropy,chemo_kill_rate,0.0,0.0,0.0,0.0,0.0,0.0,1024
ses02_log10_anisotropy,rt_alpha,0.0,0.0,0.0,0.0,0.0,0.0,1024
ses02_log10_anisotropy,rt_alpha_beta_ratio,0.0,0.0,0.0,0.0,0.0,0.0,1024
ses02_log10_anisotropy,gaussian_seed_x_fraction,0.1364386474515255,0.06492956103562701,0.5451376372025325,0.06908720717014442,0.13852432258525169,0.5484530341682298,1024
ses02_log10_anisotropy,gaussian_seed_y_fraction,-0.004331947427984332,0.024519690199169285,0.08303993514050231,0.01649576932113984,-0.0017735461238924648,0.09092485690262031,1024
ses02_log10_anisotropy,gaussian_seed_z_fraction,0.015126175833297005,0.023683686413680266,0.09852183061844458,0.019848610549052417,0.0365508956367084,0.10048037790020768,1024
ses02_log10_anisotropy,core_threshold,0.0,0.0,0.0,0.0,0.0,0.0,1024
ses02_log10_anisotropy,edema_threshold_ratio,0.0,0.0,0.0,0.0,0.0,0.0,1024
ses02_wm_fraction,front_speed_mm_per_day,0.00386926931242344,0.023131678145457475,0.0731878609514038,0.013021479545478757,0.01894292920873877,0.0731648261801549,1024
ses02_wm_fraction,front_width_mm,0.009288521053086704,0.014451563235667588,0.024378590321204912,0.004800016874884255,0.0035421018675891552,0.02315834134514898,1024
ses02_wm_fraction,seed_peak_density,0.0015423389402263526,0.003686084981040669,0.0016032762160797863,0.00027520187833894724,0.0020561467269080216,0.0014916864725792482,1024
ses02_wm_fraction,seed_sigma_mm,0.07483934543571735,0.03814156389000885,0.1746077611955825,0.027157953160299154,0.06583682905779711,0.15206409482967262,1024
ses02_wm_fraction,preop_time,-0.0045031334895890025,0.018513287533247755,0.03981027918133741,0.007798640616946578,-0.016294054547463722,0.04165316654407739,1024
ses02_wm_fraction,diffusivity_ratio,0.009918425735452053,0.00998965691996159,0.018052369797792057,0.0042754050231992215,0.012270562418907527,0.016460434392300643,1024
ses02_wm_fraction,chemo_kill_rate,0.0,0.0,0.0,0.0,0.0,0.0,1024
ses02_wm_fraction,rt_alpha,0.0,0.0,0.0,0.0,0.0,0.0,1024
ses02_wm_fraction,rt_alpha_beta_ratio,0.0,0.0,0.0,0.0,0.0,0.0,1024
ses02_wm_fraction,gaussian_seed_x_fraction,0.18077889096721506,0.047426676590263235,0.34350408565496426,0.05272862261890235,0.19231110015731204,0.3421646214345904,1024
ses02_wm_fraction,gaussian_seed_y_fraction,0.2513792426587693,0.047023754800618704,0.3862968430489452,0.04913152049787913,0.25358655901845106,0.36923818101468486,1024
ses02_wm_fraction,gaussian_seed_z_fraction,0.19441358087849975,0.04835497794717216,0.2882710761139359,0.04619369272431749,0.1885525884180353,0.29089191925292657,1024
ses02_wm_fraction,core_threshold,0.0,0.0,0.0,0.0,0.0,0.0,1024
ses02_wm_fraction,edema_threshold_ratio,0.0,0.0,0.0,0.0,0.0,0.0,1024
ses03_dice_core,front_speed_mm_per_day,-0.01761622862392607,0.04509167156783664,0.3318261461987146,0.04512014507834051,-0.008896835861959048,0.34384143623844654,1024
ses03_dice_core,front_width_mm,0.10322309720052424,0.05850007142762599,0.5119972748382106,0.07795750066275461,0.12014003804513193,0.4718178569548056,1024
ses03_dice_core,seed_peak_density,0.012500849291608059,0.015825822058344072,0.041060103032262235,0.01022806105784098,0.012680468683158478,0.04117179133517101,1024
ses03_dice_core,seed_sigma_mm,0.060960476654671816,0.05752077172160056,0.5001479856206621,0.07432251457439196,0.07520576935345014,0.5113977566945416,1024
ses03_dice_core,preop_time,0.016061005742714993,0.03442464606633779,0.1725086375544094,0.037429799553368885,-0.0025211867312530042,0.17515532399417202,1024
ses03_dice_core,diffusivity_ratio,0.016625341402624047,0.015534229388565107,0.03691976266641402,0.017518706426937616,0.003636847058000129,0.04091282753015163,1024
ses03_dice_core,chemo_kill_rate,0.0,0.0,0.0,0.0,0.0,0.0,1024
ses03_dice_core,rt_alpha,0.0,0.0,0.0,0.0,0.0,0.0,1024
ses03_dice_core,rt_alpha_beta_ratio,0.0,0.0,0.0,0.0,0.0,0.0,1024
ses03_dice_core,gaussian_seed_x_fraction,0.04282429789356021,0.0380135354808317,0.22335524452105437,0.03891369323584595,0.04837656092317709,0.21392251555418149,1024
ses03_dice_core,gaussian_seed_y_fraction,0.0490787044491171,0.03810687824996498,0.2185312830256143,0.035671519701068834,0.06219740093759638,0.19869862875822072,1024
ses03_dice_core,gaussian_seed_z_fraction,0.06756204598745864,0.037457594486320224,0.2047538359078486,0.03709803265247626,0.06984541527810485,0.21755075816919492,1024
ses03_dice_core,core_threshold,0.012207688627763101,0.02945667007053579,0.10477863780335031,0.028534921138006097,-0.004330401057035997,0.11433700236215297,1024
ses03_dice_core,edema_threshold_ratio,0.0,0.0,0.0,0.0,0.0,0.0,1024
ses03_dice_whole,front_speed_mm_per_day,0.15482241809905103,0.05183695700427498,0.3629846996811077,0.04743220853051345,0.20562398795077033,0.3765797872462551,1024
ses03_dice_whole,front_width_mm,0.052613440833082795,0.033077330032629276,0.15510445311375654,0.0259592838358296,0.07540375613401244,0.1426200653398077,1024
ses03_dice_whole,seed_peak_density,0.006884082326151598,0.009701305793414687,0.012463715204927615,0.002172082214878928,0.014671302838127703,0.011823493011523148,1024
ses03_dice_whole,seed_sigma_mm,0.1917806560501156,0.06096862464880497,0.4410421085487418,0.044113614516585985,0.168327312418391,0.4688391451748894,1024
ses03_dice_whole,preop_time,0.060511694418234126,0.031500613696763984,0.12896638661567186,0.02208280237370669,0.050325364440628885,0.13824710715472757,1024
ses03_dice_whole,diffusivity_ratio,0.00201496651497923,0.010344316321973879,0.011078471541125642,0.002796873302061328,0.0005488855193168503,0.011069583159068416,1024
ses03_dice_whole,chemo_kill_rate,0.0,0.0,0.0,0.0,0.0,0.0,1024
ses03_dice_whole,rt_alpha,0.0,0.0,0.0,0.0,0.0,0.0,1024
ses03_dice_whole,rt_alpha_beta_ratio,0.0,0.0,0.0,0.0,0.0,0.0,1024
ses03_dice_whole,gaussian_seed_x_fraction,0.020845124268032377,0.02785024451220667,0.1072491135171784,0.01469227750029038,0.02709787286235824,0.11364296607981014,1024
ses03_dice_whole,gaussian_seed_y_fraction,0.08958315527827829,0.03417521559772977,0.16868552537191592,0.023816213791761815,0.09346146192349165,0.15511337447390086,1024
ses03_dice_whole,gaussian_seed_z_fraction,0.10197993356037731,0.033715348315180055,0.15215326916527555,0.020835503484975017,0.11170089521277185,0.15335197627384944,1024
ses03_dice_whole,core_threshold,0.004858152810797718,0.008329263052760234,0.009655159386547953,0.0019130540168996863,0.0072419257006946175,0.009439479795364594,1024
ses03_dice_whole,edema_threshold_ratio,0.00790314501470891,0.015285814837851311,0.029018969074123803,0.006335042698063086,0.0016238030145200356,0.02838711055185165,1024
ses03_log10_V_core,front_speed_mm_per_day,0.12853178230126844,0.04195798347101675,0.2030271452701139,0.04116402630597244,0.10267489568103409,0.20550114975827613,1024
ses03_log10_V_core,front_width_mm,0.22947814558050833,0.05143818813067033,0.37250156826133324,0.06584744187832721,0.24677267404141245,0.35639883353310703,1024
ses03_log10_V_core,seed_peak_density,0.009507899408003784,0.023685715199964562,0.06389180666420109,0.02121879651456411,0.004338871005521978,0.07281093508410016,1024
ses03_log10_V_core,seed_sigma_mm,0.27087080926466134,0.055360407566159245,0.3965973767878579,0.06521305179646464,0.2735964844254772,0.4271807418827794,1024
ses03_log10_V_core,preop_time,0.036262397732632276,0.022675403362147826,0.08027859846660111,0.022396000988912635,0.007853716640804547,0.08227614776478308,1024
ses03_log10_V_core,diffusivity_ratio,-0.017532615945196544,0.022083048788105117,0.04456519887828794,0.017825207064628108,-0.02880714794742811,0.047103075736193406,1024
ses03_log10_V_core,chemo_kill_rate,0.0,0.0,0.0,0.0,0.0,0.0,1024
ses03_log10_V_core,rt_alpha,0.0,0.0,0.0,0.0,0.0,0.0,1024
ses03_log10_V_core,rt_alpha_beta_ratio,0.0,0.0,0.0,0.0,0.0,0.0,1024
ses03_log10_V_core,gaussian_seed_x_fraction,0.0040036796323417116,0.01582412839527175,0.06158570476436419,0.02069763552792732,0.01398651310086758,0.06144927279060503,1024
ses03_log10_V_core,gaussian_seed_y_fraction,-0.0011954605489455663,0.023924229379311362,0.041420689073860754,0.017682242914109945,-0.007370485168166459,0.05381320358117413,1024
ses03_log10_V_core,gaussian_seed_z_fraction,-0.0036187725894437817,0.0136684991494249,0.060349850086327,0.023308543791841017,-0.0014511655441697476,0.05582277030710429,1024
ses03_log10_V_core,core_threshold,0.016045296839203537,0.02799241676823582,0.10867042617752773,0.030801622336579588,0.010059362079254444,0.1178506342817888,1024
ses03_log10_V_core,edema_threshold_ratio,0.0,0.0,0.0,0.0,0.0,0.0,1024
ses03_log10_V_whole,front_speed_mm_per_day,0.1573985697356168,0.04020637829899719,0.1881948706594156,0.0292256432003763,0.1534573016907057,0.18577739736906476,1024
ses03_log10_V_whole,front_width_mm,0.068734602066644,0.029578410216041996,0.13593828701536137,0.07213366660950613,0.07677899571168453,0.12455496344530789,1024
ses03_log10_V_whole,seed_peak_density,0.004838826989535114,0.01146643230811957,0.016599709229993036,0.006215453977816376,0.005822607870342589,0.019894145214604073,1024
ses03_log10_V_whole,seed_sigma_mm,0.5925023967279298,0.07265740624059511,0.688966529742633,0.0822641943029625,0.5783085230551731,0.7410255721712283,1024
ses03_log10_V_whole,preop_time,0.04726650415189384,0.021939794173174626,0.060974732998049085,0.00945867176531822,0.05344048220970946,0.06266577649889743,1024
ses03_log10_V_whole,diffusivity_ratio,-0.016155697889659107,0.01988050677369163,0.03235562524251253,0.03724455677335937,-0.011506701119315413,0.018269488729635814,1024
ses03_log10_V_whole,chemo_kill_rate,0.0,0.0,0.0,0.0,0.0,0.0,1024
ses03_log10_V_whole,rt_alpha,0.0,0.0,0.0,0.0,0.0,0.0,1024
ses03_log10_V_whole,rt_alpha_beta_ratio,0.0,0.0,0.0,0.0,0.0,0.0,1024
ses03_log10_V_whole,gaussian_seed_x_fraction,-0.00854937476591112,0.011506863581199752,0.016455353853986453,0.005361434416325841,-0.002940897129587637,0.017468575042260678,1024
ses03_log10_V_whole,gaussian_seed_y_fraction,0.004183924019721161,0.011662505804676475,0.0131376951966405,0.007020400920897645,0.004874193017115677,0.017026466723920854,1024
ses03_log10_V_whole,gaussian_seed_z_fraction,-0.0052457848264615805,0.01838821818270847,0.027753432393171587,0.03602094378698211,0.007723038364876715,0.010448326440128724,1024
ses03_log10_V_whole,core_threshold,0.0055837924784618315,0.011432538891725299,0.023589568192094387,0.030023397914707147,0.005663852047682882,0.007064988850400669,1024
ses03_log10_V_whole,edema_threshold_ratio,0.04002195921917199,0.03211812763957151,0.07035843806602533,0.058969807415283626,0.029212900691821128,0.03778644871465597,1024
ses03_log_vol_ratio_core,front_speed_mm_per_day,0.1285317823012684,0.04195798347101676,0.20302714527011387,0.04116402630597244,0.1026748956810341,0.20550114975827616,1024
ses03_log_vol_ratio_core,front_width_mm,0.22947814558050827,0.05143818813067034,0.37250156826133324,0.0658474418783272,0.24677267404141248,0.3563988335331071,1024
ses03_log_vol_ratio_core,seed_peak_density,0.009507899408003785,0.023685715199964562,0.06389180666420108,0.02121879651456411,0.004338871005521971,0.07281093508410016,1024
ses03_log_vol_ratio_core,seed_sigma_mm,0.2708708092646612,0.05536040756615923,0.3965973767878579,0.06521305179646464,0.2735964844254771,0.4271807418827794,1024
ses03_log_vol_ratio_core,preop_time,0.03626239773263227,0.022675403362147833,0.0802785984666011,0.02239600098891264,0.007853716640804562,0.08227614776478309,1024
ses03_log_vol_ratio_core,diffusivity_ratio,-0.017532615945196544,0.022083048788105117,0.04456519887828793,0.017825207064628108,-0.0288071479474281,0.0471030757361934,1024
ses03_log_vol_ratio_core,chemo_kill_rate,0.0,0.0,0.0,0.0,0.0,0.0,1024
ses03_log_vol_ratio_core,rt_alpha,0.0,0.0,0.0,0.0,0.0,0.0,1024
ses03_log_vol_ratio_core,rt_alpha_beta_ratio,0.0,0.0,0.0,0.0,0.0,0.0,1024
ses03_log_vol_ratio_core,gaussian_seed_x_fraction,0.004003679632341707,0.015824128395271753,0.061585704764364174,0.020697635527927312,0.013986513100867582,0.061449272790605025,1024
ses03_log_vol_ratio_core,gaussian_seed_y_fraction,-0.0011954605489455617,0.023924229379311362,0.041420689073860754,0.017682242914109945,-0.007370485168166449,0.05381320358117413,1024
ses03_log_vol_ratio_core,gaussian_seed_z_fraction,-0.003618772589443781,0.013668499149424905,0.060349850086327005,0.023308543791841014,-0.0014511655441697415,0.05582277030710429,1024
ses03_log_vol_ratio_core,core_threshold,0.016045296839203537,0.027992416768235814,0.10867042617752772,0.03080162233657958,0.010059362079254446,0.11785063428178881,1024
ses03_log_vol_ratio_core,edema_threshold_ratio,0.0,0.0,0.0,0.0,0.0,0.0,1024
ses03_log_vol_ratio_whole,front_speed_mm_per_day,0.1573985697356168,0.0402063782989972,0.18819487065941562,0.02922564320037631,0.1534573016907057,0.18577739736906476,1024
ses03_log_vol_ratio_whole,front_width_mm,0.068734602066644,0.029578410216041996,0.13593828701536134,0.07213366660950613,0.07677899571168453,0.12455496344530789,1024
ses03_log_vol_ratio_whole,seed_peak_density,0.004838826989535115,0.011466432308119572,0.016599709229993036,0.006215453977816378,0.005822607870342588,0.019894145214604073,1024
ses03_log_vol_ratio_whole,seed_sigma_mm,0.5925023967279298,0.07265740624059511,0.688966529742633,0.08226419430296254,0.5783085230551731,0.7410255721712283,1024
ses03_log_vol_ratio_whole,preop_time,0.04726650415189384,0.021939794173174626,0.06097473299804908,0.009458671765318219,0.05344048220970946,0.06266577649889743,1024
ses03_log_vol_ratio_whole,diffusivity_ratio,-0.0161556978896591,0.01988050677369163,0.03235562524251252,0.037244556773359375,-0.011506701119315408,0.018269488729635814,1024
ses03_log_vol_ratio_whole,chemo_kill_rate,0.0,0.0,0.0,0.0,0.0,0.0,1024
ses03_log_vol_ratio_whole,rt_alpha,0.0,0.0,0.0,0.0,0.0,0.0,1024
ses03_log_vol_ratio_whole,rt_alpha_beta_ratio,0.0,0.0,0.0,0.0,0.0,0.0,1024
ses03_log_vol_ratio_whole,gaussian_seed_x_fraction,-0.008549374765911116,0.011506863581199752,0.01645535385398645,0.0053614344163258445,-0.0029408971295876254,0.017468575042260674,1024
ses03_log_vol_ratio_whole,gaussian_seed_y_fraction,0.004183924019721164,0.01166250580467647,0.013137695196640499,0.007020400920897643,0.004874193017115678,0.01702646672392086,1024
ses03_log_vol_ratio_whole,gaussian_seed_z_fraction,-0.0052457848264615805,0.01838821818270847,0.02775343239317158,0.03602094378698211,0.007723038364876715,0.010448326440128726,1024
ses03_log_vol_ratio_whole,core_threshold,0.0055837924784618255,0.011432538891725302,0.023589568192094384,0.030023397914707144,0.005663852047682895,0.0070649888504006695,1024
ses03_log_vol_ratio_whole,edema_threshold_ratio,0.04002195921917199,0.0321181276395715,0.07035843806602532,0.058969807415283626,0.02921290069182112,0.037786448714655974,1024
ses03_msd_core,front_speed_mm_per_day,0.014165602576178942,0.07723841682799981,0.46593370890547664,0.0795828906780186,0.010685544902595035,0.4678017845143165,870
ses03_msd_core,front_width_mm,-0.05300059266343894,0.07057326463954382,0.4726114184001047,0.07138969278681961,-0.05068398456233857,0.4486726492106161,870
ses03_msd_core,seed_peak_density,-0.005360649050996658,0.019771370003179592,0.04819522306814874,0.011459675500754343,0.0013867569825845704,0.04081256217366474,870
ses03_msd_core,seed_sigma_mm,0.10073578139840317,0.0818464421551813,0.5747735787487814,0.07972365421233514,0.1518150253143201,0.5318833601332124,870
ses03_msd_core,preop_time,0.03137823551065671,0.04600513297954751,0.1929296467378408,0.034539861686822666,0.03790843155365997,0.19811285112687693,870
ses03_msd_core,diffusivity_ratio,0.017411434124499272,0.019454632450884194,0.036824882214146884,0.011991644923471618,0.006812579711676838,0.03143515609506557,870
ses03_msd_core,chemo_kill_rate,0.0,0.0,0.0,0.0,0.0,0.0,870
ses03_msd_core,rt_alpha,0.0,0.0,0.0,0.0,0.0,0.0,870
ses03_msd_core,rt_alpha_beta_ratio,0.0,0.0,0.0,0.0,0.0,0.0,870
ses03_msd_core,gaussian_seed_x_fraction,0.012537315334403516,0.030887589191268328,0.09989276798456521,0.017687181018299556,0.018313995885710747,0.08985713938007069,870
ses03_msd_core,gaussian_seed_y_fraction,0.037791417516127884,0.026646505743276584,0.07950595145614257,0.014829956313992481,0.0681354140990892,0.07365001278425269,870
ses03_msd_core,gaussian_seed_z_fraction,0.011664138812362843,0.021808723261271677,0.04521786072288801,0.00784927138249217,0.013177336651591553,0.046590617536246395,870
ses03_msd_core,core_threshold,0.007847744727653044,0.024928099646817935,0.08183200956961192,0.018278953484162527,-0.010341560582233407,0.08397790016629501,870
ses03_msd_core,edema_threshold_ratio,0.0,0.0,0.0,0.0,0.0,0.0,870
ses03_msd_whole,front_speed_mm_per_day,0.2143616706988644,0.04518714490449015,0.2422831371525076,0.02914607119717654,0.23897304058387658,0.26307172359462166,1016
ses03_msd_whole,front_width_mm,0.0729448686541078,0.026274963899564997,0.09592838043912183,0.013368092252214568,0.08097504051841788,0.09602204285685695,1016
ses03_msd_whole,seed_peak_density,0.007596217216766879,0.0076096926350587,0.008320362424683096,0.0011508932990675251,0.009471250911954316,0.008475613331141569,1016
ses03_msd_whole,seed_sigma_mm,0.4098383985469895,0.05369852244338035,0.4482771217021701,0.042596252202945724,0.39213898153600985,0.4631980678966884,1016
ses03_msd_whole,preop_time,0.06737240342780774,0.02503084843815803,0.07828461701333556,0.011615953112911673,0.06916888618880869,0.0856201517494453,1016
ses03_msd_whole,diffusivity_ratio,-0.0019229373018100889,0.00500805614286401,0.002710548285526517,0.0005137720879464922,-0.005530772938968002,0.0027116422040004058,1016
ses03_msd_whole,chemo_kill_rate,0.0,0.0,0.0,0.0,0.0,0.0,1016
ses03_msd_whole,rt_alpha,0.0,0.0,0.0,0.0,0.0,0.0,1016
ses03_msd_whole,rt_alpha_beta_ratio,0.0,0.0,0.0,0.0,0.0,0.0,1016
ses03_msd_whole,gaussian_seed_x_fraction,0.07957443138270077,0.02788463922696174,0.10707782515261097,0.012315959813260356,0.07529604903379246,0.11488646428688014,1016
ses03_msd_whole,gaussian_seed_y_fraction,0.034899636760639535,0.020064329209970713,0.05204911912842905,0.006979981082472676,0.03626722418556713,0.05261107890083297,1016
ses03_msd_whole,gaussian_seed_z_fraction,0.029019938828258957,0.01726928183033271,0.04046994581498041,0.005351973726009603,0.03125158678543012,0.04255722846693478,1016
ses03_msd_whole,core_threshold,0.004050616496518244,0.006641309880121494,0.006151641649570098,0.0009750680060058012,0.005518587507345558,0.0060653280166291755,1016
ses03_msd_whole,edema_threshold_ratio,0.010527773906347055,0.010923546969671077,0.01732221658861842,0.002999027459519019,0.009949583999808179,0.018823306049840123,1016
ses03_hd95_core,front_speed_mm_per_day,0.018070001953885417,0.07586598445656505,0.47618512647616845,0.07797949971980679,0.007043197953116617,0.4616767177449123,870
ses03_hd95_core,front_width_mm,-0.04721273500125633,0.059503700354875046,0.4453881791599224,0.07088234350460118,-0.02983886859494579,0.42327609170040364,870
ses03_hd95_core,seed_peak_density,-0.002404920554669462,0.018543706001309956,0.03275392897000304,0.006129496353898005,0.005996160995395842,0.02880839891402603,870
ses03_hd95_core,seed_sigma_mm,0.11489402430987906,0.07807471203349015,0.5461910036135502,0.07088098232933657,0.17611933381079373,0.5259100734669511,870
ses03_hd95_core,preop_time,0.05323772264195273,0.050979714951898084,0.21564013611607932,0.036681038643047593,0.08751366158034368,0.2183111718198453,870
ses03_hd95_core,diffusivity_ratio,0.014436045240573651,0.013611831015243145,0.02182888510408954,0.006593399776645523,0.00555112827453013,0.0218800852556606,870
ses03_hd95_core,chemo_kill_rate,0.0,0.0,0.0,0.0,0.0,0.0,870
ses03_hd95_core,rt_alpha,0.0,0.0,0.0,0.0,0.0,0.0,870
ses03_hd95_core,rt_alpha_beta_ratio,0.0,0.0,0.0,0.0,0.0,0.0,870
ses03_hd95_core,gaussian_seed_x_fraction,0.01305734265615834,0.0342518156522644,0.13634119724435367,0.022295360671235873,0.01641741655834672,0.1255463368590028,870
ses03_hd95_core,gaussian_seed_y_fraction,0.05257376987821247,0.031096071420671265,0.11975956008743845,0.020986970149909176,0.08025980362886957,0.10734484625654792,870
ses03_hd95_core,gaussian_seed_z_fraction,0.009211083989517364,0.025959582904649142,0.07010910289042545,0.013186953413940737,0.01707763635270017,0.07067059135396006,870
ses03_hd95_core,core_threshold,-0.0017283146095008928,0.023003700937558033,0.06142515978714108,0.011037779641073902,-0.011058138839482704,0.058864982979645805,870
ses03_hd95_core,edema_threshold_ratio,0.0,0.0,0.0,0.0,0.0,0.0,870
ses03_hd95_whole,front_speed_mm_per_day,0.21934101835558042,0.04781983078347782,0.2421964150250123,0.02737507454611144,0.2222093511357262,0.2468840832001828,1016
ses03_hd95_whole,front_width_mm,0.07360465322968636,0.025953719144397914,0.09140268694990648,0.012031023499498795,0.08000338911000768,0.09161747515797235,1016
ses03_hd95_whole,seed_peak_density,0.005936472254252763,0.006428374605467018,0.0055169357327177915,0.0006314646991359412,0.006343757418992998,0.005498445272543919,1016
ses03_hd95_whole,seed_sigma_mm,0.2877584154288456,0.04307960144486903,0.2903432518200363,0.02774945878616906,0.2747024440513947,0.2954336369769455,1016
ses03_hd95_whole,preop_time,0.06457120515695135,0.028837127990402018,0.08549714085169934,0.012066353807885483,0.08393453763137088,0.08890615629897727,1016
ses03_hd95_whole,diffusivity_ratio,-0.0018205963484640296,0.005780333398299082,0.002913674692945089,0.0008029506808356942,-0.003100428460896929,0.0026655630099817335,1016
ses03_hd95_whole,chemo_kill_rate,0.0,0.0,0.0,0.0,0.0,0.0,1016
ses03_hd95_whole,rt_alpha,0.0,0.0,0.0,0.0,0.0,0.0,1016
ses03_hd95_whole,rt_alpha_beta_ratio,0.0,0.0,0.0,0.0,0.0,0.0,1016
ses03_hd95_whole,gaussian_seed_x_fraction,0.1995698822447174,0.038463336210260914,0.21598647857567593,0.022372177012136694,0.1869295232913378,0.2195377254500288,1016
ses03_hd95_whole,gaussian_seed_y_fraction,0.053283005393678785,0.023347761416642146,0.07101735885512378,0.008808115293179004,0.05438052350748258,0.0707381864832298,1016
ses03_hd95_whole,gaussian_seed_z_fraction,0.035489354065187904,0.01912159508610988,0.04623887421569828,0.0056281359077277595,0.03389199094787542,0.04634733499101939,1016
ses03_hd95_whole,core_threshold,0.0020071053269848085,0.005183466949917236,0.003834736939649975,0.0005489409456478208,0.0021279491608637248,0.003711522774981296,1016
ses03_hd95_whole,edema_threshold_ratio,0.007062289085525155,0.008455546592389632,0.010537044499855914,0.0015649859685754797,0.009576544475152885,0.010786981013182375,1016
ses03_dice_star_core,front_speed_mm_per_day,-0.03126974963570425,0.043692448426316984,0.2775212579809043,0.043244500997132895,-0.008972579350873788,0.2999365341222254,1024
ses03_dice_star_core,front_width_mm,-0.02415698764752926,0.044031617054453936,0.28795681164438564,0.05772390257997641,0.0004954938327627458,0.26387482605410995,1024
ses03_dice_star_core,seed_peak_density,0.0003996422740672234,0.010956550998843595,0.021440750785668018,0.010407868213566181,0.0025995524059624826,0.018528275934371598,1024
ses03_dice_star_core,seed_sigma_mm,0.04981799355810573,0.051732417224462895,0.3518227031412565,0.05748583436544105,0.09953246235269154,0.34014004892900446,1024
ses03_dice_star_core,preop_time,0.01970753847430367,0.023925767041977415,0.09290962070783834,0.01874901460038874,0.03520559808281136,0.09225244031498682,1024
ses03_dice_star_core,diffusivity_ratio,0.010345186887743375,0.014432633955649867,0.03152028295529851,0.014157427720882554,0.012144169688928105,0.023288694366864236,1024
ses03_dice_star_core,chemo_kill_rate,0.0,0.0,0.0,0.0,0.0,0.0,1024
ses03_dice_star_core,rt_alpha,0.0,0.0,0.0,0.0,0.0,0.0,1024
ses03_dice_star_core,rt_alpha_beta_ratio,0.0,0.0,0.0,0.0,0.0,0.0,1024
ses03_dice_star_core,gaussian_seed_x_fraction,0.06655407416102622,0.04387729183756132,0.2781054937471838,0.038628941333698284,0.07483705281481415,0.2775467639074745,1024
ses03_dice_star_core,gaussian_seed_y_fraction,0.1469174349221162,0.05393996955498879,0.36002634636881636,0.05109268382851556,0.14921450085485163,0.31209670017890284,1024
ses03_dice_star_core,gaussian_seed_z_fraction,0.10822253472828701,0.04524926209368039,0.25347656894834814,0.039788866205324326,0.1285768435741153,0.2651361312518297,1024
ses03_dice_star_core,core_threshold,0.0,0.0,0.0,0.0,0.0,0.0,1024
ses03_dice_star_core,edema_threshold_ratio,0.0,0.0,0.0,0.0,0.0,0.0,1024
ses03_dice_star_whole,front_speed_mm_per_day,0.166510578118857,0.05383313888508879,0.36320558021645644,0.047706978194307255,0.21500906124787783,0.3884564275889,1024
ses03_dice_star_whole,front_width_mm,-0.004517619944420242,0.01992101544577628,0.05847685222479062,0.012041707668581585,0.008689503021830662,0.05382678350855232,1024
ses03_dice_star_whole,seed_peak_density,0.0024400966174453124,0.008539149596094312,0.009889372061597458,0.001902188563764156,0.010417375007954583,0.010633463734622354,1024
ses03_dice_star_whole,seed_sigma_mm,0.15314347507063736,0.05814139370895556,0.3979121448564604,0.04110457213850617,0.15873719786256296,0.4279345270849417,1024
ses03_dice_star_whole,preop_time,0.06257223845581215,0.03077065391492635,0.12074849864815118,0.02117981177241877,0.05235087843492114,0.12727972597857387,1024
ses03_dice_star_whole,diffusivity_ratio,0.0032897323919403006,0.010307680976660146,0.010203921216455945,0.0024576466720339133,-0.0036698907066041223,0.01051425469781488,1024
ses03_dice_star_whole,chemo_kill_rate,0.0,0.0,0.0,0.0,0.0,0.0,1024
ses03_dice_star_whole,rt_alpha,0.0,0.0,0.0,0.0,0.0,0.0,1024
ses03_dice_star_whole,rt_alpha_beta_ratio,0.0,0.0,0.0,0.0,0.0,0.0,1024
ses03_dice_star_whole,gaussian_seed_x_fraction,0.01729013591064683,0.0312492358021457,0.13040160547964602,0.01759830912249932,0.019463184268298007,0.1385539238333505,1024
ses03_dice_star_whole,gaussian_seed_y_fraction,0.12995258576811256,0.03812985317703341,0.2106421711184264,0.02851935626800382,0.14642101734855356,0.20449265977972877,1024
ses03_dice_star_whole,gaussian_seed_z_fraction,0.1067704293825134,0.036495162308186224,0.1752190265044502,0.025144696397604662,0.12183226890564387,0.18875552896483577,1024
ses03_dice_star_whole,core_threshold,0.0,0.0,0.0,0.0,0.0,0.0,1024
ses03_dice_star_whole,edema_threshold_ratio,0.0,0.0,0.0,0.0,0.0,0.0,1024
ses03_core_threshold_star,front_speed_mm_per_day,0.1853052319747829,0.054043670244264104,0.34651186331059713,0.0457373612062832,0.22845754062786663,0.3514069233932833,1024
ses03_core_threshold_star,front_width_mm,0.15105146146253703,0.047205250103617355,0.3316136347402379,0.041613589431845635,0.17683525235812814,0.32280246289402226,1024
ses03_core_threshold_star,seed_peak_density,0.0019460117326029226,0.0153387884591742,0.029751918340807055,0.008329601184268344,0.002262173623145295,0.02459533138991574,1024
ses03_core_threshold_star,seed_sigma_mm,0.26883949644232746,0.058154965331409104,0.4843594490363425,0.05211390612850349,0.2316180027035755,0.48064502917655844,1024
ses03_core_threshold_star,preop_time,0.04534044122270794,0.034790975988684025,0.16089641467988847,0.028028721051738485,0.035880157058829396,0.1595543292730431,1024
ses03_core_threshold_star,diffusivity_ratio,-0.0066671435522383145,0.010310533336023168,0.013027598974080935,0.005362260054949232,-0.009741634732776124,0.015135588547640452,1024
ses03_core_threshold_star,chemo_kill_rate,0.0,0.0,0.0,0.0,0.0,0.0,1024
ses03_core_threshold_star,rt_alpha,0.0,0.0,0.0,0.0,0.0,0.0,1024
ses03_core_threshold_star,rt_alpha_beta_ratio,0.0,0.0,0.0,0.0,0.0,0.0,1024
ses03_core_threshold_star,gaussian_seed_x_fraction,0.003919395363173845,0.02777781147841893,0.11132473037851384,0.021254314921515725,0.006329722275340897,0.10099401643991042,1024
ses03_core_threshold_star,gaussian_seed_y_fraction,0.041496294792660746,0.03342329568307854,0.16058464308050877,0.02929145993369393,0.01826824855175181,0.1689690257208314,1024
ses03_core_threshold_star,gaussian_seed_z_fraction,0.04442917911631782,0.030368064556771802,0.11911902036300671,0.02329523274422514,0.048592214390572215,0.09842637195414998,1024
ses03_core_threshold_star,core_threshold,0.0,0.0,0.0,0.0,0.0,0.0,1024
ses03_core_threshold_star,edema_threshold_ratio,0.0,0.0,0.0,0.0,0.0,0.0,1024
ses03_edema_threshold_star,front_speed_mm_per_day,0.15353097149980333,0.06804507689089756,0.40970855240699455,0.06238528794724983,0.17461933455464568,0.41237322327812986,1024
ses03_edema_threshold_star,front_width_mm,0.03903277430590034,0.037496474787056526,0.22717204921913622,0.04311509493822579,0.08210676826984027,0.2552822951135286,1024
ses03_edema_threshold_star,seed_peak_density,-0.001877501704000931,0.012045401181609768,0.028658269780290496,0.012966976616990887,-0.00040287586572955344,0.026016516029203015,1024
ses03_edema_threshold_star,seed_sigma_mm,0.16750919940851725,0.06794609681449142,0.48172263492661493,0.06632196573460733,0.16872122368463793,0.47012836296759225,1024
ses03_edema_threshold_star,preop_time,0.03749693908489223,0.04151369350709861,0.20747191248248192,0.04499088319935252,0.07051096931013137,0.21057356082287482,1024
ses03_edema_threshold_star,diffusivity_ratio,-0.012671558942526449,0.025031057297947943,0.05479585277341065,0.019062486779520497,-0.008766093800245395,0.054855938489727175,1024
ses03_edema_threshold_star,chemo_kill_rate,0.0,0.0,0.0,0.0,0.0,0.0,1024
ses03_edema_threshold_star,rt_alpha,0.0,0.0,0.0,0.0,0.0,0.0,1024
ses03_edema_threshold_star,rt_alpha_beta_ratio,0.0,0.0,0.0,0.0,0.0,0.0,1024
ses03_edema_threshold_star,gaussian_seed_x_fraction,0.030647168722639707,0.03273269766975156,0.19277436952344254,0.0426046822630591,0.03787292048326776,0.1869984773829225,1024
ses03_edema_threshold_star,gaussian_seed_y_fraction,0.008889354764018496,0.031206327328588017,0.1819935860336986,0.042048068923774225,0.014273417501960262,0.19394130130860426,1024
ses03_edema_threshold_star,gaussian_seed_z_fraction,0.003868218449321671,0.0369141864721933,0.1394521490256084,0.0341711331041511,0.022527352866582206,0.13313437088257848,1024
ses03_edema_threshold_star,core_threshold,0.0,0.0,0.0,0.0,0.0,0.0,1024
ses03_edema_threshold_star,edema_threshold_ratio,0.0,0.0,0.0,0.0,0.0,0.0,1024
ses03_dice_core_fixed,front_speed_mm_per_day,-0.025982709108515908,0.047078250147120575,0.3532726513397089,0.04771053644426246,-0.0046674668879221,0.3897826450356697,1024
ses03_dice_core_fixed,front_width_mm,0.07260423967211108,0.056990706645282385,0.5042071875536933,0.07861260949617606,0.08661753819746508,0.48005815254656237,1024
ses03_dice_core_fixed,seed_peak_density,0.01945462788983535,0.015611988878043569,0.03878963806116724,0.01027083640413734,0.02437656618607199,0.04919785663066509,1024
ses03_dice_core_fixed,seed_sigma_mm,0.062035411766329956,0.0568651822497337,0.5158007190681585,0.07217550041839284,0.08515021333953413,0.5470767472463245,1024
ses03_dice_core_fixed,preop_time,0.008065631373143544,0.03419541765665157,0.15573072005054697,0.029560060384773674,0.001905120641858118,0.1660074622726,1024
ses03_dice_core_fixed,diffusivity_ratio,0.010643808284332631,0.01510115697328733,0.03559007100943098,0.01742970123847197,0.0024497343923294795,0.04623013682009044,1024
ses03_dice_core_fixed,chemo_kill_rate,0.0,0.0,0.0,0.0,0.0,0.0,1024
ses03_dice_core_fixed,rt_alpha,0.0,0.0,0.0,0.0,0.0,0.0,1024
ses03_dice_core_fixed,rt_alpha_beta_ratio,0.0,0.0,0.0,0.0,0.0,0.0,1024
ses03_dice_core_fixed,gaussian_seed_x_fraction,0.04089752393105761,0.03893866124817107,0.22780839968147565,0.03833950492380039,0.0546008515713588,0.21894159915066347,1024
ses03_dice_core_fixed,gaussian_seed_y_fraction,0.035863240244635504,0.03819492933078217,0.22025839373080439,0.03668611290510176,0.04458586539626813,0.1863871343744865,1024
ses03_dice_core_fixed,gaussian_seed_z_fraction,0.06699283462929771,0.03655481323824889,0.20629788987410433,0.0378662405850349,0.07997568124520393,0.22744705972838067,1024
ses03_dice_core_fixed,core_threshold,0.0,0.0,0.0,0.0,0.0,0.0,1024
ses03_dice_core_fixed,edema_threshold_ratio,0.0,0.0,0.0,0.0,0.0,0.0,1024
ses03_dice_whole_fixed,front_speed_mm_per_day,0.15559859215732944,0.05011890253229458,0.3386768246248129,0.044217793229401954,0.21792375170890865,0.3609670533959978,1024
ses03_dice_whole_fixed,front_width_mm,0.06389058939764539,0.03805492942161519,0.1881289274040396,0.03273535145210875,0.08362714539089759,0.16663118936156907,1024
ses03_dice_whole_fixed,seed_peak_density,0.00858525023531668,0.009781574177140148,0.013287155831404851,0.0023214278031734293,0.017198357121316947,0.01339665412122857,1024
ses03_dice_whole_fixed,seed_sigma_mm,0.2091544276473306,0.059476366463043856,0.4366407892990872,0.0433956962484833,0.17762782949092154,0.45365946833558335,1024
ses03_dice_whole_fixed,preop_time,0.05913761885890654,0.030495967716044185,0.12673042459162157,0.021148962206750038,0.04531791671261113,0.1372887500746737,1024
ses03_dice_whole_fixed,diffusivity_ratio,0.0020107564710255344,0.009952358592783421,0.01178441485715947,0.0037206945184831476,-0.0008645085577337376,0.010750331967982061,1024
ses03_dice_whole_fixed,chemo_kill_rate,0.0,0.0,0.0,0.0,0.0,0.0,1024
ses03_dice_whole_fixed,rt_alpha,0.0,0.0,0.0,0.0,0.0,0.0,1024
ses03_dice_whole_fixed,rt_alpha_beta_ratio,0.0,0.0,0.0,0.0,0.0,0.0,1024
ses03_dice_whole_fixed,gaussian_seed_x_fraction,0.01887659082253011,0.02744157923072632,0.10308049469397548,0.013931364902648196,0.022187630836319226,0.10740997302963111,1024
ses03_dice_whole_fixed,gaussian_seed_y_fraction,0.08154222415525389,0.0338548448334859,0.1569777197035951,0.022110608803932324,0.08834057192795744,0.14183158754994737,1024
ses03_dice_whole_fixed,gaussian_seed_z_fraction,0.09721626273328271,0.03369237896808505,0.15086602539854113,0.020992588215911295,0.1040907371012192,0.15047862436739584,1024
ses03_dice_whole_fixed,core_threshold,0.0,0.0,0.0,0.0,0.0,0.0,1024
ses03_dice_whole_fixed,edema_threshold_ratio,0.0,0.0,0.0,0.0,0.0,0.0,1024
ses03_log10_V_core_fixed,front_speed_mm_per_day,0.12795657572170385,0.05490903050156512,0.2014613168303114,0.04221823321463484,0.09877667490502341,0.20754901241214918,1024
ses03_log10_V_core_fixed,front_width_mm,0.22959122448919717,0.05449445392455771,0.4236155484483578,0.07419597267676016,0.22949528304287742,0.3880297934428486,1024
ses03_log10_V_core_fixed,seed_peak_density,0.013265860762550234,0.015555055054180686,0.05157535559478825,0.016832650541193213,0.014792456799199436,0.043749895579665764,1024
ses03_log10_V_core_fixed,seed_sigma_mm,0.3169515565617151,0.06413496830414794,0.44397550643134653,0.06773942181665635,0.32136470821216134,0.47415080123949754,1024
ses03_log10_V_core_fixed,preop_time,0.05553769761751309,0.023671976901862655,0.07531285614281541,0.021371427552906268,0.03804758767248642,0.07423546397308954,1024
ses03_log10_V_core_fixed,diffusivity_ratio,-0.011507830771855606,0.020714793046797304,0.06675642709105138,0.0274562772925889,-0.0184309010818311,0.09249650699069038,1024
ses03_log10_V_core_fixed,chemo_kill_rate,0.0,0.0,0.0,0.0,0.0,0.0,1024
ses03_log10_V_core_fixed,rt_alpha,0.0,0.0,0.0,0.0,0.0,0.0,1024
ses03_log10_V_core_fixed,rt_alpha_beta_ratio,0.0,0.0,0.0,0.0,0.0,0.0,1024
ses03_log10_V_core_fixed,gaussian_seed_x_fraction,0.003707337700029684,0.023774085297739698,0.07523125286016091,0.02383753314659881,0.007866261327920105,0.05731855404870789,1024
ses03_log10_V_core_fixed,gaussian_seed_y_fraction,0.01068750395484407,0.017471425937161725,0.06277826609626766,0.023148358292346457,0.015515505605726643,0.07635321366413841,1024
ses03_log10_V_core_fixed,gaussian_seed_z_fraction,-0.005739045122461522,0.017398731579218122,0.07093995650151931,0.02695525698641644,-0.0006269996248263143,0.0675895801637786,1024
ses03_log10_V_core_fixed,core_threshold,0.0,0.0,0.0,0.0,0.0,0.0,1024
ses03_log10_V_core_fixed,edema_threshold_ratio,0.0,0.0,0.0,0.0,0.0,0.0,1024
ses03_log10_V_whole_fixed,front_speed_mm_per_day,0.13590666146053643,0.03846245518605564,0.1642587073475161,0.029770595877903767,0.13899533724306204,0.17012191501188823,1024
ses03_log10_V_whole_fixed,front_width_mm,0.08633947724950701,0.033347451574668986,0.19646075743388594,0.09163201712331703,0.09011227097382084,0.1297789505472733,1024
ses03_log10_V_whole_fixed,seed_peak_density,0.009822172915182727,0.012812711493711595,0.029780579879416045,0.017225710536126787,0.010267243459744004,0.02725007526753685,1024
ses03_log10_V_whole_fixed,seed_sigma_mm,0.5403852660047017,0.08141117947706168,0.6376453086877112,0.09322749291237574,0.5643076486050461,0.6451691477820511,1024
ses03_log10_V_whole_fixed,preop_time,0.03826603084564729,0.02145712166291631,0.057150498285849186,0.011032490706880109,0.04414087969422034,0.056891050112865806,1024
ses03_log10_V_whole_fixed,diffusivity_ratio,-0.019380372157057443,0.018340402115768886,0.04221118219536243,0.034535566726664746,-0.004589157703769925,0.01847585459265726,1024
ses03_log10_V_whole_fixed,chemo_kill_rate,0.0,0.0,0.0,0.0,0.0,0.0,1024
ses03_log10_V_whole_fixed,rt_alpha,0.0,0.0,0.0,0.0,0.0,0.0,1024
ses03_log10_V_whole_fixed,rt_alpha_beta_ratio,0.0,0.0,0.0,0.0,0.0,0.0,1024
ses03_log10_V_whole_fixed,gaussian_seed_x_fraction,-0.011085507865397932,0.011014658911938011,0.024046053340966853,0.013978501650259,-0.004706242500720956,0.02020589314700074,1024
ses03_log10_V_whole_fixed,gaussian_seed_y_fraction,0.003959681136447067,0.012362437689310047,0.027007305735943128,0.024089883303879487,0.006178877601933122,0.019497713015756417,1024
ses03_log10_V_whole_fixed,gaussian_seed_z_fraction,-0.004555536405567272,0.014213805645850425,0.03029958197146288,0.023466416795483704,0.005812011495100053,0.01369832643845212,1024
ses03_log10_V_whole_fixed,core_threshold,0.0,0.0,0.0,0.0,0.0,0.0,1024
ses03_log10_V_whole_fixed,edema_threshold_ratio,0.0,0.0,0.0,0.0,0.0,0.0,1024
ses03_log_vol_ratio_core_fixed,front_speed_mm_per_day,0.12795657572170388,0.05490903050156511,0.20146131683031143,0.04221823321463483,0.09877667490502341,0.20754901241214918,1024
ses03_log_vol_ratio_core_fixed,front_width_mm,0.22959122448919722,0.05449445392455773,0.42361554844835786,0.07419597267676015,0.22949528304287742,0.3880297934428486,1024
ses03_log_vol_ratio_core_fixed,seed_peak_density,0.013265860762550236,0.015555055054180686,0.051575355594788264,0.016832650541193216,0.01479245679919944,0.043749895579665764,1024
ses03_log_vol_ratio_core_fixed,seed_sigma_mm,0.3169515565617152,0.06413496830414792,0.44397550643134653,0.06773942181665633,0.32136470821216134,0.4741508012394976,1024
ses03_log_vol_ratio_core_fixed,preop_time,0.05553769761751311,0.023671976901862662,0.07531285614281542,0.021371427552906264,0.038047587672486415,0.07423546397308954,1024
ses03_log_vol_ratio_core_fixed,diffusivity_ratio,-0.011507830771855613,0.0207147930467973,0.06675642709105141,0.027456277292588892,-0.0184309010818311,0.09249650699069038,1024
ses03_log_vol_ratio_core_fixed,chemo_kill_rate,0.0,0.0,0.0,0.0,0.0,0.0,1024
ses03_log_vol_ratio_core_fixed,rt_alpha,0.0,0.0,0.0,0.0,0.0,0.0,1024
ses03_log_vol_ratio_core_fixed,rt_alpha_beta_ratio,0.0,0.0,0.0,0.0,0.0,0.0,1024
ses03_log_vol_ratio_core_fixed,gaussian_seed_x_fraction,0.0037073377000296816,0.0237740852977397,0.07523125286016093,0.02383753314659881,0.007866261327920105,0.057318554048707906,1024
ses03_log_vol_ratio_core_fixed,gaussian_seed_y_fraction,0.01068750395484407,0.017471425937161725,0.06277826609626767,0.023148358292346464,0.015515505605726645,0.07635321366413841,1024
ses03_log_vol_ratio_core_fixed,gaussian_seed_z_fraction,-0.005739045122461518,0.017398731579218122,0.07093995650151931,0.02695525698641644,-0.0006269996248263152,0.06758958016377861,1024
ses03_log_vol_ratio_core_fixed,core_threshold,0.0,0.0,0.0,0.0,0.0,0.0,1024
ses03_log_vol_ratio_core_fixed,edema_threshold_ratio,0.0,0.0,0.0,0.0,0.0,0.0,1024
ses03_log_vol_ratio_whole_fixed,front_speed_mm_per_day,0.13590666146053643,0.038462455186055615,0.1642587073475161,0.029770595877903764,0.13899533724306204,0.17012191501188823,1024
ses03_log_vol_ratio_whole_fixed,front_width_mm,0.086339477249507,0.03334745157466903,0.19646075743388594,0.09163201712331703,0.09011227097382081,0.1297789505472733,1024
ses03_log_vol_ratio_whole_fixed,seed_peak_density,0.009822172915182732,0.012812711493711607,0.02978057987941604,0.01722571053612678,0.010267243459744004,0.02725007526753685,1024
ses03_log_vol_ratio_whole_fixed,seed_sigma_mm,0.5403852660047018,0.08141117947706165,0.6376453086877112,0.09322749291237574,0.5643076486050461,0.6451691477820513,1024
ses03_log_vol_ratio_whole_fixed,preop_time,0.0382660308456473,0.021457121662916308,0.057150498285849186,0.011032490706880107,0.044140879694220335,0.056891050112865806,1024
ses03_log_vol_ratio_whole_fixed,diffusivity_ratio,-0.019380372157057443,0.018340402115768886,0.04221118219536242,0.03453556672666473,-0.004589157703769923,0.018475854592657256,1024
ses03_log_vol_ratio_whole_fixed,chemo_kill_rate,0.0,0.0,0.0,0.0,0.0,0.0,1024
ses03_log_vol_ratio_whole_fixed,rt_alpha,0.0,0.0,0.0,0.0,0.0,0.0,1024
ses03_log_vol_ratio_whole_fixed,rt_alpha_beta_ratio,0.0,0.0,0.0,0.0,0.0,0.0,1024
ses03_log_vol_ratio_whole_fixed,gaussian_seed_x_fraction,-0.011085507865397944,0.011014658911938013,0.024046053340966864,0.013978501650259,-0.0047062425007209745,0.020205893147000737,1024
ses03_log_vol_ratio_whole_fixed,gaussian_seed_y_fraction,0.0039596811364470555,0.012362437689310047,0.027007305735943125,0.024089883303879487,0.0061788776019331216,0.019497713015756417,1024
ses03_log_vol_ratio_whole_fixed,gaussian_seed_z_fraction,-0.004555536405567271,0.01421380564585042,0.030299581971462878,0.0234664167954837,0.005812011495100064,0.013698326438452124,1024
ses03_log_vol_ratio_whole_fixed,core_threshold,0.0,0.0,0.0,0.0,0.0,0.0,1024
ses03_log_vol_ratio_whole_fixed,edema_threshold_ratio,0.0,0.0,0.0,0.0,0.0,0.0,1024
ses03_msd_core_fixed,front_speed_mm_per_day,0.027698162184298745,0.07821592906860989,0.48200741200668745,0.07855144727779292,0.04257438501627448,0.49841803730932577,890
ses03_msd_core_fixed,front_width_mm,-0.009029175685445102,0.06236218765729797,0.5127922423965314,0.08407518970271913,0.030166585301851095,0.5196250051818082,890
ses03_msd_core_fixed,seed_peak_density,0.01660170942669256,0.019432893714759904,0.04467311992282886,0.009464651992052564,0.025120976489044936,0.042981809956848506,890
ses03_msd_core_fixed,seed_sigma_mm,0.11714173969757996,0.07518992716805113,0.6071902023634406,0.08157921225068912,0.22159477350398624,0.6029858133543026,890
ses03_msd_core_fixed,preop_time,0.03740090005775638,0.04366256233645986,0.18477205357630822,0.03349795735547593,0.06190007281428299,0.20184800142116577,890
ses03_msd_core_fixed,diffusivity_ratio,0.020443258884758696,0.01757238116218351,0.03635418088385243,0.011231667506030753,0.002665714178556616,0.03004257439603163,890
ses03_msd_core_fixed,chemo_kill_rate,0.0,0.0,0.0,0.0,0.0,0.0,890
ses03_msd_core_fixed,rt_alpha,0.0,0.0,0.0,0.0,0.0,0.0,890
ses03_msd_core_fixed,rt_alpha_beta_ratio,0.0,0.0,0.0,0.0,0.0,0.0,890
ses03_msd_core_fixed,gaussian_seed_x_fraction,0.009830380435583937,0.030146822520351665,0.11240298012872327,0.020985540122746938,0.0033045063607247322,0.10322119549781573,890
ses03_msd_core_fixed,gaussian_seed_y_fraction,0.02882508657653952,0.025483102212070587,0.08261152228584404,0.014024133642320203,0.05818035933808745,0.07989642973520568,890
ses03_msd_core_fixed,gaussian_seed_z_fraction,0.021041260045189053,0.023040506274398114,0.05069796717365152,0.00800299306029805,0.024821694456413728,0.056941190048789704,890
ses03_msd_core_fixed,core_threshold,0.0,0.0,0.0,0.0,0.0,0.0,890
ses03_msd_core_fixed,edema_threshold_ratio,0.0,0.0,0.0,0.0,0.0,0.0,890
ses03_msd_whole_fixed,front_speed_mm_per_day,0.21128587703699073,0.046017752214630295,0.23815881293098431,0.028115992743550564,0.24014211675745142,0.2598684423291132,1011
ses03_msd_whole_fixed,front_width_mm,0.09126871166370817,0.02731261412673556,0.10927766776145381,0.014413264641147326,0.09906068780065536,0.11459248439117826,1011
ses03_msd_whole_fixed,seed_peak_density,0.008841694599937453,0.008194011139377249,0.009092688857748303,0.0012440313271248498,0.012506522859401526,0.00963586508498906,1011
ses03_msd_whole_fixed,seed_sigma_mm,0.4183809790451712,0.05448619431474868,0.44930320012341135,0.04209681424298177,0.39238592227141544,0.4571321762667825,1011
ses03_msd_whole_fixed,preop_time,0.06981954024209691,0.024939207140669824,0.0786972597357005,0.011881232962102622,0.07084043242495376,0.08572120031460032,1011
ses03_msd_whole_fixed,diffusivity_ratio,-7.873699091537215e-05,0.004853284272748227,0.0027795233483108883,0.0005578455585890374,-0.0011054769125167531,0.003124876760680163,1011
ses03_msd_whole_fixed,chemo_kill_rate,0.0,0.0,0.0,0.0,0.0,0.0,1011
ses03_msd_whole_fixed,rt_alpha,0.0,0.0,0.0,0.0,0.0,0.0,1011
ses03_msd_whole_fixed,rt_alpha_beta_ratio,0.0,0.0,0.0,0.0,0.0,0.0,1011
ses03_msd_whole_fixed,gaussian_seed_x_fraction,0.07761527439968333,0.02879936667957213,0.10576148345897339,0.01150267185817099,0.06794607985256834,0.11197439494957905,1011
ses03_msd_whole_fixed,gaussian_seed_y_fraction,0.03466773147714085,0.020344891158432823,0.05007758009494024,0.006546642373342437,0.037147133162506694,0.05046469013316962,1011
ses03_msd_whole_fixed,gaussian_seed_z_fraction,0.026206903056750597,0.016913255989183987,0.040208328991837794,0.0053090323130076805,0.027613473675942895,0.0433053226815993,1011
ses03_msd_whole_fixed,core_threshold,0.0,0.0,0.0,0.0,0.0,0.0,1011
ses03_msd_whole_fixed,edema_threshold_ratio,0.0,0.0,0.0,0.0,0.0,0.0,1011
ses03_hd95_core_fixed,front_speed_mm_per_day,0.02877211409893207,0.07919654963721398,0.498396032971538,0.08178220565393286,0.03644759582283523,0.49465765111789445,890
ses03_hd95_core_fixed,front_width_mm,-0.022819731718767305,0.0563552193856869,0.47218148805296983,0.07818577154974017,0.016044858342045845,0.47179846227346994,890
ses03_hd95_core_fixed,seed_peak_density,0.007366779429310343,0.01783445732738309,0.03266420523869779,0.005962687341081859,0.014504504586982683,0.031626656447484455,890
ses03_hd95_core_fixed,seed_sigma_mm,0.11656629235832276,0.07370976880660421,0.565784646895889,0.07113693542576828,0.2037427321498268,0.5735077985834937,890
ses03_hd95_core_fixed,preop_time,0.05422523433701647,0.05158236453245909,0.2137081602245468,0.0356785281348798,0.10070800479864515,0.23060085964235916,890
ses03_hd95_core_fixed,diffusivity_ratio,0.01402199686263742,0.013308105098286083,0.021703812163593718,0.006457829542488799,0.004201472667374259,0.021173164659144525,890
ses03_hd95_core_fixed,chemo_kill_rate,0.0,0.0,0.0,0.0,0.0,0.0,890
ses03_hd95_core_fixed,rt_alpha,0.0,0.0,0.0,0.0,0.0,0.0,890
ses03_hd95_core_fixed,rt_alpha_beta_ratio,0.0,0.0,0.0,0.0,0.0,0.0,890
ses03_hd95_core_fixed,gaussian_seed_x_fraction,0.01429258203100394,0.03546896366125544,0.14488494114242545,0.02361427221597529,0.018544642492254425,0.14190457860926073,890
ses03_hd95_core_fixed,gaussian_seed_y_fraction,0.03944888600200741,0.030406808603937758,0.12504652034297672,0.020572676590028302,0.07217519322524882,0.11546143899422795,890
ses03_hd95_core_fixed,gaussian_seed_z_fraction,0.018313502067055797,0.02689650104612397,0.07612181111951126,0.01336487168171151,0.02450556757021794,0.08082830383663943,890
ses03_hd95_core_fixed,core_threshold,0.0,0.0,0.0,0.0,0.0,0.0,890
ses03_hd95_core_fixed,edema_threshold_ratio,0.0,0.0,0.0,0.0,0.0,0.0,890
ses03_hd95_whole_fixed,front_speed_mm_per_day,0.21597407440304864,0.04933095415253056,0.23905950517023766,0.02717361332151271,0.21904144732344213,0.24621264505188248,1011
ses03_hd95_whole_fixed,front_width_mm,0.08963570245182301,0.026416921454422863,0.1062169048956863,0.013418379305918075,0.09869937109355591,0.10925815517444991,1011
ses03_hd95_whole_fixed,seed_peak_density,0.007054143554222161,0.006877661405344436,0.0058317749207074405,0.00071057362266963,0.008349309309762812,0.006055156915455739,1011
ses03_hd95_whole_fixed,seed_sigma_mm,0.28610120827023233,0.04415079973664478,0.28823494701725433,0.02767434170830354,0.2678191606575863,0.29237302256104925,1011
ses03_hd95_whole_fixed,preop_time,0.06612027531189488,0.02842795081601172,0.08570142780995244,0.0124661174180932,0.08722548781796975,0.08953475339725768,1011
ses03_hd95_whole_fixed,diffusivity_ratio,-0.0014392813311303538,0.005957812239273417,0.003005341756511082,0.0008247758377097794,-0.0014881601991213308,0.0029270413462231483,1011
ses03_hd95_whole_fixed,chemo_kill_rate,0.0,0.0,0.0,0.0,0.0,0.0,1011
ses03_hd95_whole_fixed,rt_alpha,0.0,0.0,0.0,0.0,0.0,0.0,1011
ses03_hd95_whole_fixed,rt_alpha_beta_ratio,0.0,0.0,0.0,0.0,0.0,0.0,1011
ses03_hd95_whole_fixed,gaussian_seed_x_fraction,0.202246048766399,0.039700321396252944,0.21921949814372188,0.021960697793512698,0.18956859736940215,0.22304498217614538,1011
ses03_hd95_whole_fixed,gaussian_seed_y_fraction,0.05217647552442537,0.024135416162841254,0.07048119259525773,0.00884867098854608,0.054353409046617035,0.07057565942342721,1011
ses03_hd95_whole_fixed,gaussian_seed_z_fraction,0.03311664284577451,0.018491518585552272,0.04697129104629458,0.0056864066505107795,0.031217118530333154,0.048705155285908915,1011
ses03_hd95_whole_fixed,core_threshold,0.0,0.0,0.0,0.0,0.0,0.0,1011
ses03_hd95_whole_fixed,edema_threshold_ratio,0.0,0.0,0.0,0.0,0.0,0.0,1011
ses03_log10_mass,front_speed_mm_per_day,0.21693785117110617,0.04205495073929717,0.23590203258359482,0.027010716330318086,0.22925916903284882,0.2461443345134401,1024
ses03_log10_mass,front_width_mm,0.0910269169692634,0.025180511988013632,0.09438954195826756,0.009989948084357424,0.09657133684334114,0.09202311004774864,1024
ses03_log10_mass,seed_peak_density,0.010007227803263762,0.00920488667970989,0.011372918775306953,0.001129809044212677,0.013359968364035548,0.011292430573829226,1024
ses03_log10_mass,seed_sigma_mm,0.5805933566000894,0.06262753642045851,0.5975684200494443,0.04964577393011579,0.5813089236982452,0.6050223800304816,1024
ses03_log10_mass,preop_time,0.06484587886503242,0.0246780766900075,0.07268050170594942,0.008949641598866678,0.06309138595963525,0.07619004574691321,1024
ses03_log10_mass,diffusivity_ratio,0.003156612105924734,0.00771025693168375,0.006783185559212894,0.0013289804921635946,0.0035409727974899355,0.006892426475297744,1024
ses03_log10_mass,chemo_kill_rate,0.0,0.0,0.0,0.0,0.0,0.0,1024
ses03_log10_mass,rt_alpha,0.0,0.0,0.0,0.0,0.0,0.0,1024
ses03_log10_mass,rt_alpha_beta_ratio,0.0,0.0,0.0,0.0,0.0,0.0,1024
ses03_log10_mass,gaussian_seed_x_fraction,-0.0019712377018088795,0.00785699122408374,0.009048162611885737,0.0015373474067157124,-0.0007417485243219416,0.008714180458146642,1024
ses03_log10_mass,gaussian_seed_y_fraction,0.0013930424886551673,0.006634187730476581,0.005245720899979848,0.0009983623405356327,0.0026486852301258693,0.004961269802963223,1024
ses03_log10_mass,gaussian_seed_z_fraction,-0.002585620970239073,0.006299692398055839,0.004474126705563694,0.0008449346475261196,-0.00359030436380846,0.004680082804233493,1024
ses03_log10_mass,core_threshold,0.0,0.0,0.0,0.0,0.0,0.0,1024
ses03_log10_mass,edema_threshold_ratio,0.0,0.0,0.0,0.0,0.0,0.0,1024
ses03_centroid_drift,front_speed_mm_per_day,0.4379141529578766,0.0919606799679741,0.6973340658333415,0.10114226646845546,0.41256728195935083,0.6603872231746604,1024
ses03_centroid_drift,front_width_mm,0.060118730536880896,0.029460068157563354,0.14971451831900234,0.03764512264662572,0.04276671721155052,0.14003225550649412,1024
ses03_centroid_drift,seed_peak_density,0.00042738621341780744,0.0032988576810474785,0.0020181262039286993,0.0004857587857113075,-0.003073357721164825,0.0021007538244505234,1024
ses03_centroid_drift,seed_sigma_mm,0.026240442671394318,0.030896466658469568,0.0951538916774696,0.017408959218383355,0.05226305098363456,0.10720626680546388,1024
ses03_centroid_drift,preop_time,0.1091514612000506,0.0534515036150317,0.2843873314056105,0.059330907707732146,0.14569392262294162,0.28355347779019585,1024
ses03_centroid_drift,diffusivity_ratio,0.016025808935396162,0.014655761157716626,0.029919154014174932,0.007176488929239127,0.0008441668020430308,0.027226246743803237,1024
ses03_centroid_drift,chemo_kill_rate,0.0,0.0,0.0,0.0,0.0,0.0,1024
ses03_centroid_drift,rt_alpha,0.0,0.0,0.0,0.0,0.0,0.0,1024
ses03_centroid_drift,rt_alpha_beta_ratio,0.0,0.0,0.0,0.0,0.0,0.0,1024
ses03_centroid_drift,gaussian_seed_x_fraction,0.01335769258823511,0.025626355698312123,0.09147825786205795,0.01728703480264777,0.015696363435345036,0.08282908882755596,1024
ses03_centroid_drift,gaussian_seed_y_fraction,-0.0028451920700525266,0.01161774325373869,0.018404807324162574,0.004012190642979036,-0.006315767936725333,0.019722259998651067,1024
ses03_centroid_drift,gaussian_seed_z_fraction,-0.003589913589344199,0.016487995911360433,0.024217011968041255,0.006044814124565765,0.009391831067763763,0.01918038204822805,1024
ses03_centroid_drift,core_threshold,0.0,0.0,0.0,0.0,0.0,0.0,1024
ses03_centroid_drift,edema_threshold_ratio,0.0,0.0,0.0,0.0,0.0,0.0,1024
ses03_R_g,front_speed_mm_per_day,0.25088417504884686,0.04910532688037148,0.2852485410628829,0.03282383219535685,0.25591962423081754,0.28587053204189905,1024
ses03_R_g,front_width_mm,0.011226701628417464,0.013214713281402236,0.024720811045442447,0.0041428385594898705,0.018196818184362248,0.025005201472745854,1024
ses03_R_g,seed_peak_density,0.006699566123511327,0.007430767954796669,0.007213438352443675,0.0008394314644443648,0.007039197465323677,0.00726479487050586,1024
ses03_R_g,seed_sigma_mm,0.5746016319715013,0.06459570356010441,0.5836604489888766,0.050064001433617354,0.5758780832928737,0.5856179511528301,1024
ses03_R_g,preop_time,0.07023303293568325,0.029224371934176686,0.0989808975639218,0.013746362989018256,0.09734891683496223,0.10267176366064514,1024
ses03_R_g,diffusivity_ratio,0.021040295823939528,0.014102313279837202,0.02550780142984978,0.004078889371625984,0.017600944615398965,0.02513731444179411,1024
ses03_R_g,chemo_kill_rate,0.0,0.0,0.0,0.0,0.0,0.0,1024
ses03_R_g,rt_alpha,0.0,0.0,0.0,0.0,0.0,0.0,1024
ses03_R_g,rt_alpha_beta_ratio,0.0,0.0,0.0,0.0,0.0,0.0,1024
ses03_R_g,gaussian_seed_x_fraction,0.019970093866261883,0.012304700847433368,0.02304679639460643,0.0030773243637748984,0.015455633737807535,0.022149429904374646,1024
ses03_R_g,gaussian_seed_y_fraction,0.007826304340124626,0.00793311664170297,0.008399890878670456,0.0015011778572817645,0.010258045356195794,0.00832406496573253,1024
ses03_R_g,gaussian_seed_z_fraction,0.0026707999088695956,0.007412482458264995,0.006195433856777177,0.001003631425934399,0.002374209445084343,0.006259882859257533,1024
ses03_R_g,core_threshold,0.0,0.0,0.0,0.0,0.0,0.0,1024
ses03_R_g,edema_threshold_ratio,0.0,0.0,0.0,0.0,0.0,0.0,1024
ses03_log10_anisotropy,front_speed_mm_per_day,0.11287790306449609,0.052485403751772394,0.3358363593550019,0.0507995065507926,0.12902247079289092,0.3325380658822633,1024
ses03_log10_anisotropy,front_width_mm,0.011614703269556853,0.023608125425077973,0.06268263252532827,0.011358248146854318,0.009662013435102215,0.05780537339659525,1024
ses03_log10_anisotropy,seed_peak_density,-0.001686198791045689,0.006407296786303988,0.005764608904776609,0.0010562937819840906,-0.005300625986063893,0.005270396323863196,1024
ses03_log10_anisotropy,seed_sigma_mm,0.10682255877213034,0.053774963699143384,0.4398824459829186,0.05394475905724949,0.12258818959909429,0.4576091050218953,1024
ses03_log10_anisotropy,preop_time,-9.844995374514995e-05,0.03505504847998268,0.15052605823096157,0.0338296043764779,-0.016903819426217177,0.14411878392387487,1024
ses03_log10_anisotropy,diffusivity_ratio,-0.006882830440999178,0.020495468676568006,0.06437590516630923,0.014556630593765765,-0.003618616590075622,0.06439680421304607,1024
ses03_log10_anisotropy,chemo_kill_rate,0.0,0.0,0.0,0.0,0.0,0.0,1024
ses03_log10_anisotropy,rt_alpha,0.0,0.0,0.0,0.0,0.0,0.0,1024
ses03_log10_anisotropy,rt_alpha_beta_ratio,0.0,0.0,0.0,0.0,0.0,0.0,1024
ses03_log10_anisotropy,gaussian_seed_x_fraction,0.11318617679623148,0.05935820435155444,0.47079919488002725,0.06287195830364115,0.12725666571830727,0.4749652828913426,1024
ses03_log10_anisotropy,gaussian_seed_y_fraction,-0.000809728343914565,0.024671238772054172,0.08221563822363238,0.01646380600144547,0.006439844637807591,0.09108083032002028,1024
ses03_log10_anisotropy,gaussian_seed_z_fraction,0.012387256127247176,0.024688844465842432,0.09831283800471569,0.019390387776231824,0.034921428618987595,0.09828810171087927,1024
ses03_log10_anisotropy,core_threshold,0.0,0.0,0.0,0.0,0.0,0.0,1024
ses03_log10_anisotropy,edema_threshold_ratio,0.0,0.0,0.0,0.0,0.0,0.0,1024
ses03_wm_fraction,front_speed_mm_per_day,0.021902542295353555,0.027774001657284723,0.10486776220728414,0.01712952464423015,0.033778536440983074,0.1037465492829924,1024
ses03_wm_fraction,front_width_mm,0.018059490001685177,0.016765754158427938,0.03497287375904219,0.006314927680719755,0.009390546870577065,0.03293163128207681,1024
ses03_wm_fraction,seed_peak_density,0.0012917607611073875,0.0036730073159073353,0.0015588768969227063,0.0002631886659592947,0.001740139857482582,0.0014050083247162356,1024
ses03_wm_fraction,seed_sigma_mm,0.06409759692333927,0.03621419955488928,0.1606291772206303,0.025510697103520528,0.053628134209719985,0.14194128011320703,1024
ses03_wm_fraction,preop_time,-0.002318580343488913,0.018783438974085173,0.04078674679925004,0.00779395122223239,-0.01210824868244829,0.040628469097504165,1024
ses03_wm_fraction,diffusivity_ratio,0.009946369578336748,0.011166632333850068,0.021665627113384992,0.004679488392062617,0.013149997773862788,0.018779854233918203,1024
ses03_wm_fraction,chemo_kill_rate,0.0,0.0,0.0,0.0,0.0,0.0,1024
ses03_wm_fraction,rt_alpha,0.0,0.0,0.0,0.0,0.0,0.0,1024
ses03_wm_fraction,rt_alpha_beta_ratio,0.0,0.0,0.0,0.0,0.0,0.0,1024
ses03_wm_fraction,gaussian_seed_x_fraction,0.1597181031033884,0.04524689569867706,0.31972960006947965,0.050641050519595054,0.1685613489538831,0.3194283236154108,1024
ses03_wm_fraction,gaussian_seed_y_fraction,0.25160266307683793,0.04712984426223515,0.38753151429785915,0.0493949117806867,0.2556593271426951,0.3683716978800162,1024
ses03_wm_fraction,gaussian_seed_z_fraction,0.19170282883443757,0.04825663001163936,0.2816198306608274,0.04419409392553213,0.18455236718573556,0.28292921959776857,1024
ses03_wm_fraction,core_threshold,0.0,0.0,0.0,0.0,0.0,0.0,1024
ses03_wm_fraction,edema_threshold_ratio,0.0,0.0,0.0,0.0,0.0,0.0,1024
ses04_dice_core,front_speed_mm_per_day,0.03092401046898841,0.04591969234928387,0.26600485158130643,0.04355993348604323,0.10358871385865814,0.2691307790125378,1024
ses04_dice_core,front_width_mm,0.028284347943531903,0.055981972323356465,0.367930421613293,0.06283132558510751,0.031595303761255016,0.3462041040355368,1024
ses04_dice_core,seed_peak_density,-0.004452810387806771,0.01082090176648149,0.018252833476236484,0.005381954470511502,-0.010250566873952918,0.02385787578456378,1024
ses04_dice_core,seed_sigma_mm,0.0003546774820270888,0.03824457305283046,0.2254605084927185,0.04418436414371866,-0.013947073716908521,0.21736312398194602,1024
ses04_dice_core,preop_time,-0.004711420500373823,0.022544147776060314,0.07798281724531723,0.019738398215554964,-0.0015187006281165655,0.1001401261779488,1024
ses04_dice_core,diffusivity_ratio,0.013735437619352937,0.01009585316530316,0.013980271896019398,0.003812960581751907,0.005161764740795158,0.014139424514124178,1024
ses04_dice_core,chemo_kill_rate,0.07942553217178364,0.04767052673038348,0.3056651964439018,0.06913067096890765,0.05983328921782589,0.2943139707688072,1024
ses04_dice_core,rt_alpha,0.1806436999451297,0.06572456162684975,0.5489762005628142,0.07848775807904892,0.19763757627317524,0.5542201475950761,1024
ses04_dice_core,rt_alpha_beta_ratio,0.0029363640798932083,0.0035446355016745005,0.0027094634531416744,0.0018318525274716385,0.002123312399812748,0.0030859075028704984,1024
ses04_dice_core,gaussian_seed_x_fraction,0.018236033180150945,0.029745963358918538,0.09124195720304297,0.017941425652829152,0.025134536560514946,0.09923836024843187,1024
ses04_dice_core,gaussian_seed_y_fraction,0.009003666863027657,0.023128294096271103,0.09033087944280124,0.021294658260033402,-0.0021814580122425597,0.08327460651763095,1024
ses04_dice_core,gaussian_seed_z_fraction,0.011775743574701411,0.02001915201021011,0.05795003536239449,0.013931020711916516,-0.0060316769935890215,0.05821204320867853,1024
ses04_dice_core,core_threshold,0.028787432831518866,0.03729801421590744,0.18141084506662977,0.050022944648774895,0.02660079796530953,0.1707896350683043,1024
ses04_dice_core,edema_threshold_ratio,0.0,0.0,0.0,0.0,0.0,0.0,1024
ses04_dice_whole,front_speed_mm_per_day,0.19035141742776973,0.05175231392010176,0.31309705225309725,0.041619323798935993,0.2141371994596825,0.31991170761039944,1024
ses04_dice_whole,front_width_mm,0.10799045029405535,0.04273110961793674,0.22074598429598274,0.037185136575271456,0.12042485353594572,0.2062265601875884,1024
ses04_dice_whole,seed_peak_density,0.0037397858643850156,0.007363428853786388,0.007007565205696168,0.001047725805110067,0.010364158966974502,0.006614924856957329,1024
ses04_dice_whole,seed_sigma_mm,0.13451712357869303,0.04434423078377685,0.2569391927281457,0.030093507257372094,0.10722808059422151,0.2465769439056074,1024
ses04_dice_whole,preop_time,0.028976120776716414,0.025396738919253894,0.10370980926603093,0.01887596656001754,0.01038881930810673,0.10775624251444237,1024
ses04_dice_whole,diffusivity_ratio,-0.0035560533098827588,0.008960388880040438,0.008939566284138304,0.001983382834869428,-0.0006471653132779138,0.007935975402825795,1024
ses04_dice_whole,chemo_kill_rate,0.027909772965367532,0.02043100313498302,0.0527324884318737,0.015580849274035292,0.028329485102593522,0.05712779003668311,1024
ses04_dice_whole,rt_alpha,0.21586348932862487,0.051455744204727,0.3162951952147908,0.0507990079894526,0.23554021574679845,0.31125828539455075,1024
ses04_dice_whole,rt_alpha_beta_ratio,0.006495254891386719,0.008762323846303604,0.00849165212828544,0.009744690667582942,0.003656090694708845,0.0025282197561790577,1024
ses04_dice_whole,gaussian_seed_x_fraction,0.042762197535556004,0.024983288666510638,0.09709973845550778,0.013726060319605602,0.04362319062146014,0.08983823224547316,1024
ses04_dice_whole,gaussian_seed_y_fraction,0.010825548171081023,0.01823214716100912,0.04550917426031756,0.007606984397762373,0.0014915522180960386,0.043635911529537184,1024
ses04_dice_whole,gaussian_seed_z_fraction,0.05187825382624326,0.022748407304761492,0.07165999381835812,0.010723799548204321,0.0449444488549257,0.06870849070446644,1024
ses04_dice_whole,core_threshold,0.009335966046334146,0.017833494841776945,0.03406633881232204,0.014618014332417401,-0.009982949600198828,0.032060468111984035,1024
ses04_dice_whole,edema_threshold_ratio,0.002668131941375458,0.019769586584469225,0.051903624353033403,0.01367006619526804,0.006393007789955764,0.04874812445743797,1024
ses04_log10_V_core,front_speed_mm_per_day,0.11031063465923954,0.04017057550824659,0.20847802918709862,0.03310568659125175,0.14491219178801695,0.2239933634269114,1024
ses04_log10_V_core,front_width_mm,0.10168840685156882,0.040040412823728846,0.2341150648037342,0.037094401850950955,0.10163180962082909,0.21293315918416988,1024
ses04_log10_V_core,seed_peak_density,-0.0015430459083793252,0.013578117830721761,0.027354665610612124,0.008513547997351616,0.0014278325799619504,0.03129926985746941,1024
ses04_log10_V_core,seed_sigma_mm,0.07615090038996188,0.036900295055522864,0.18527754711603908,0.027284076795563685,0.07771325287854647,0.1754297578053028,1024
ses04_log10_V_core,preop_time,0.016064127116941038,0.020023933271104015,0.05126988079145193,0.01198933426112581,0.023024728135856924,0.06540212106988519,1024
ses04_log10_V_core,diffusivity_ratio,-0.0020019185665516104,0.008795443991146358,0.009511273385521398,0.004090889282402566,-0.006708813483955299,0.009181046605497678,1024
ses04_log10_V_core,chemo_kill_rate,0.23386059328250064,0.06189974778277975,0.4322713913380076,0.052474964959378284,0.2368270377956964,0.4552691082866186,1024
ses04_log10_V_core,rt_alpha,0.045571187875479424,0.033378492800368406,0.13816461063118893,0.023799773986243264,0.05440650006271845,0.15263752976387493,1024
ses04_log10_V_core,rt_alpha_beta_ratio,0.0013460788059167024,0.001988980949869131,0.0005698635454238031,0.0008338076445924824,0.00287088525420686,0.0010137956084477716,1024
ses04_log10_V_core,gaussian_seed_x_fraction,0.012954414015207777,0.019256458703145605,0.06094105670393739,0.014589756024297088,0.03020227344597152,0.07126943698532413,1024
ses04_log10_V_core,gaussian_seed_y_fraction,-0.002549681376444417,0.015629414781561053,0.030365822139060236,0.008755085539186065,0.012798794531367197,0.0317106486383576,1024
ses04_log10_V_core,gaussian_seed_z_fraction,0.011480001580449647,0.022539867618939065,0.07267369148596206,0.01622681508798004,0.01078703804395612,0.07269098729266611,1024
ses04_log10_V_core,core_threshold,0.04043987923300252,0.03528156746855023,0.16083615751112626,0.03062487608431705,0.05563158396714255,0.17682365687740176,1024
ses04_log10_V_core,edema_threshold_ratio,0.0,0.0,0.0,0.0,0.0,0.0,1024
ses04_log10_V_whole,front_speed_mm_per_day,0.0920931559069981,0.032158352089438534,0.18858444125094986,0.0439486621678373,0.090556087061273,0.1720647812084576,1024
ses04_log10_V_whole,front_width_mm,0.12327299359194847,0.056330502979167314,0.20762499016641467,0.05609897458042946,0.11676822954255046,0.19483525534001506,1024
ses04_log10_V_whole,seed_peak_density,-0.002457884623872576,0.013611569759791829,0.026056546234910008,0.013839770671170752,-0.01006217993416603,0.012754412648891465,1024
ses04_log10_V_whole,seed_sigma_mm,0.25763824387511464,0.06983026058426203,0.4250564491870206,0.07084205174247997,0.2361752713177996,0.4503354024966348,1024
ses04_log10_V_whole,preop_time,0.02225455964494737,0.015170791525604533,0.05769859672636959,0.020267374829902027,0.021011958499443945,0.06339756859693282,1024
ses04_log10_V_whole,diffusivity_ratio,-0.011128819406179751,0.01570572928135196,0.017986831541133515,0.012445499029434646,-0.01609151637876687,0.014791839430617203,1024
ses04_log10_V_whole,chemo_kill_rate,0.09409311457199228,0.057335110882187484,0.1640297912079591,0.048713952834371334,0.11970309561199394,0.1258998782499456,1024
ses04_log10_V_whole,rt_alpha,0.06455466208396714,0.06021933112427361,0.2581313403367902,0.055901202587915706,0.042667136083241006,0.2504311412917263,1024
ses04_log10_V_whole,rt_alpha_beta_ratio,0.004958845971467303,0.0078756245604191,0.0036152556656282643,0.002530111962122512,0.00020120085900374675,0.002726713450227061,1024
ses04_log10_V_whole,gaussian_seed_x_fraction,0.012323385428553197,0.043617714805370716,0.1047016196518741,0.03437573690851579,0.010372611714963915,0.10082326943169705,1024
ses04_log10_V_whole,gaussian_seed_y_fraction,-0.005174166186072422,0.022947319776099668,0.048194369095738876,0.016763758257763106,-0.002907185686975073,0.052691761183246644,1024
ses04_log10_V_whole,gaussian_seed_z_fraction,0.012688490143841545,0.031231680042389867,0.10128689055360351,0.032658319428127705,0.01193499266475223,0.09817415007415915,1024
ses04_log10_V_whole,core_threshold,0.002945286757987558,0.021148988321255835,0.05946156541953266,0.027170238929717698,-0.01142845674670981,0.0686261051068763,1024
ses04_log10_V_whole,edema_threshold_ratio,0.03485427472524816,0.036385121490704525,0.14238760840548267,0.04897850741188379,0.04685088231458922,0.15435568814613645,1024
ses04_log_vol_ratio_core,front_speed_mm_per_day,0.11031063465923954,0.04017057550824659,0.20847802918709862,0.03310568659125175,0.14491219178801695,0.22399336342691145,1024
ses04_log_vol_ratio_core,front_width_mm,0.10168840685156882,0.040040412823728846,0.2341150648037342,0.037094401850950955,0.1016318096208291,0.21293315918416986,1024
ses04_log_vol_ratio_core,seed_peak_density,-0.0015430459083793254,0.013578117830721761,0.027354665610612124,0.008513547997351616,0.001427832579961953,0.03129926985746941,1024
ses04_log_vol_ratio_core,seed_sigma_mm,0.07615090038996188,0.036900295055522864,0.18527754711603905,0.027284076795563685,0.07771325287854645,0.1754297578053028,1024
ses04_log_vol_ratio_core,preop_time,0.016064127116941038,0.020023933271104015,0.051269880791451936,0.011989334261125811,0.023024728135856924,0.06540212106988519,1024
ses04_log_vol_ratio_core,diffusivity_ratio,-0.0020019185665516104,0.008795443991146358,0.009511273385521397,0.004090889282402568,-0.0067088134839552935,0.00918104660549768,1024
ses04_log_vol_ratio_core,chemo_kill_rate,0.2338605932825006,0.06189974778277975,0.4322713913380076,0.05247496495937829,0.23682703779569636,0.45526910828661854,1024
ses04_log_vol_ratio_core,rt_alpha,0.045571187875479424,0.03337849280036841,0.1381646106311889,0.023799773986243264,0.05440650006271845,0.15263752976387496,1024
ses04_log_vol_ratio_core,rt_alpha_beta_ratio,0.0013460788059167018,0.001988980949869131,0.000569863545423803,0.0008338076445924824,0.0028708852542068627,0.0010137956084477716,1024
ses04_log_vol_ratio_core,gaussian_seed_x_fraction,0.012954414015207775,0.019256458703145605,0.06094105670393739,0.014589756024297086,0.030202273445971525,0.07126943698532416,1024
ses04_log_vol_ratio_core,gaussian_seed_y_fraction,-0.002549681376444417,0.015629414781561053,0.030365822139060236,0.008755085539186065,0.012798794531367199,0.031710648638357604,1024
ses04_log_vol_ratio_core,gaussian_seed_z_fraction,0.011480001580449649,0.022539867618939065,0.07267369148596206,0.01622681508798004,0.010787038043956126,0.07269098729266611,1024
ses04_log_vol_ratio_core,core_threshold,0.04043987923300252,0.03528156746855023,0.16083615751112626,0.03062487608431705,0.055631583967142545,0.17682365687740176,1024
ses04_log_vol_ratio_core,edema_threshold_ratio,0.0,0.0,0.0,0.0,0.0,0.0,1024
ses04_log_vol_ratio_whole,front_speed_mm_per_day,0.0920931559069981,0.032158352089438534,0.1885844412509499,0.04394866216783729,0.090556087061273,0.1720647812084576,1024
ses04_log_vol_ratio_whole,front_width_mm,0.12327299359194849,0.05633050297916731,0.2076249901664147,0.05609897458042946,0.11676822954255046,0.19483525534001508,1024
ses04_log_vol_ratio_whole,seed_peak_density,-0.0024578846238725734,0.013611569759791827,0.026056546234910005,0.01383977067117075,-0.01006217993416603,0.012754412648891461,1024
ses04_log_vol_ratio_whole,seed_sigma_mm,0.25763824387511464,0.06983026058426203,0.4250564491870207,0.07084205174247997,0.23617527131779964,0.4503354024966348,1024
ses04_log_vol_ratio_whole,preop_time,0.022254559644947373,0.015170791525604533,0.057698596726369594,0.020267374829902027,0.021011958499443942,0.06339756859693284,1024
ses04_log_vol_ratio_whole,diffusivity_ratio,-0.011128819406179755,0.015705729281351964,0.017986831541133515,0.012445499029434648,-0.01609151637876687,0.014791839430617203,1024
ses04_log_vol_ratio_whole,chemo_kill_rate,0.09409311457199225,0.057335110882187505,0.16402979120795913,0.04871395283437132,0.11970309561199394,0.1258998782499456,1024
ses04_log_vol_ratio_whole,rt_alpha,0.06455466208396715,0.06021933112427361,0.25813134033679025,0.0559012025879157,0.042667136083241006,0.25043114129172633,1024
ses04_log_vol_ratio_whole,rt_alpha_beta_ratio,0.004958845971467303,0.0078756245604191,0.0036152556656282647,0.002530111962122512,0.00020120085900374721,0.0027267134502270613,1024
ses04_log_vol_ratio_whole,gaussian_seed_x_fraction,0.012323385428553204,0.043617714805370716,0.1047016196518741,0.03437573690851579,0.010372611714963915,0.10082326943169705,1024
ses04_log_vol_ratio_whole,gaussian_seed_y_fraction,-0.005174166186072418,0.022947319776099664,0.048194369095738876,0.0167637582577631,-0.0029071856869750763,0.052691761183246644,1024
ses04_log_vol_ratio_whole,gaussian_seed_z_fraction,0.012688490143841543,0.031231680042389867,0.10128689055360351,0.0326583194281277,0.011934992664752234,0.09817415007415918,1024
ses04_log_vol_ratio_whole,core_threshold,0.0029452867579875582,0.02114898832125584,0.05946156541953265,0.027170238929717688,-0.01142845674670981,0.0686261051068763,1024
ses04_log_vol_ratio_whole,edema_threshold_ratio,0.03485427472524816,0.036385121490704525,0.1423876084054827,0.04897850741188379,0.046850882314589226,0.15435568814613645,1024
ses04_msd_core,front_speed_mm_per_day,0.026427010803775065,0.08783566735111249,0.34984449494877484,0.07816771002733611,0.12902267087202499,0.33424746464194754,381
ses04_msd_core,front_width_mm,0.1440272629503752,0.10053224646598542,0.4115195667197569,0.08951932496928043,0.1485983072939378,0.4361039750901732,381
ses04_msd_core,seed_peak_density,0.008823204459021062,0.02129711834717477,0.026906644323556494,0.011697576085563237,0.008172465864548412,0.03505335638308732,381
ses04_msd_core,seed_sigma_mm,-0.017931949893275588,0.08385225127244751,0.3266416121979949,0.0759583499028535,-0.07159457059842277,0.37155470492552267,381
ses04_msd_core,preop_time,-0.01521885718717553,0.05141905785019222,0.12769826258798203,0.03659390262305831,-0.016354018012394094,0.1650748689266153,381
ses04_msd_core,diffusivity_ratio,0.011176931218374661,0.03126672785129156,0.021035083121501843,0.007833091944114932,-0.010513789609600664,0.01469054173081526,381
ses04_msd_core,chemo_kill_rate,-0.015561806342230013,0.030861770807486325,0.06404854729114773,0.029464719011736248,-0.022130176057275183,0.05754989231884029,381
ses04_msd_core,rt_alpha,0.3098010134486104,0.11608167972314808,0.3983700030141747,0.08193931869385104,0.32386787952664814,0.39276775914224693,381
ses04_msd_core,rt_alpha_beta_ratio,0.0035540993091669193,0.007174715873102201,0.0030426074763007225,0.0026594701042048944,-0.00352825446559392,0.0027601633348917757,381
ses04_msd_core,gaussian_seed_x_fraction,0.0365647672480464,0.03921125311116328,0.07400493407444086,0.01960965735772507,0.04856331095209521,0.08590553591866507,381
ses04_msd_core,gaussian_seed_y_fraction,0.02480501200720004,0.04621924911575636,0.07858240275948161,0.020573554744426573,-0.00044741111030456696,0.07825707552357213,381
ses04_msd_core,gaussian_seed_z_fraction,-0.009342739954610782,0.02605995068605488,0.030067840420961667,0.008557306883741022,-0.01588087046887329,0.03530376998520368,381
ses04_msd_core,core_threshold,0.04936646815056653,0.045900054722931426,0.07680734907601894,0.029442052292914814,0.03724999195998779,0.057267163611174544,381
ses04_msd_core,edema_threshold_ratio,0.0,0.0,0.0,0.0,0.0,0.0,381
ses04_msd_whole,front_speed_mm_per_day,0.23432002417653577,0.05125434346091247,0.2754970113354375,0.038148024226991914,0.2465765115346089,0.29373363163136706,888
ses04_msd_whole,front_width_mm,0.12785353189601298,0.03930935215156243,0.17899695549120623,0.028314852987657867,0.14432026256257727,0.1798245985468823,888
ses04_msd_whole,seed_peak_density,0.005124278223985202,0.008350285884811253,0.008278509511571936,0.001400111749329949,0.006344853496054899,0.007464910942186435,888
ses04_msd_whole,seed_sigma_mm,0.3087580017439971,0.057449551270202494,0.3691545951590825,0.03896296216984035,0.28984257970738275,0.3604342239305715,888
ses04_msd_whole,preop_time,0.04142859904709114,0.026152793265317664,0.07005858712396594,0.011666328227836639,0.03585751203375804,0.07680589878258583,888
ses04_msd_whole,diffusivity_ratio,0.0013664434439354645,0.005952577764241907,0.003391984860346908,0.0007527850484287843,0.0009637573089365526,0.0027029182410537927,888
ses04_msd_whole,chemo_kill_rate,0.023852550262869584,0.02064169711904793,0.04798562655969442,0.012242435420660489,0.03512597849552101,0.04871303688220827,888
ses04_msd_whole,rt_alpha,0.1507596240204173,0.04443102778564906,0.1892617133408567,0.03296886709204375,0.14497082300907074,0.18833803152367412,888
ses04_msd_whole,rt_alpha_beta_ratio,0.0024348210549515114,0.003950879055474043,0.0020337825282875453,0.001151684015781069,0.0007705707530727922,0.0021685475107612387,888
ses04_msd_whole,gaussian_seed_x_fraction,0.05535194892676763,0.024636583426570845,0.06325783967415652,0.008588358563217857,0.05516898569360884,0.06528960080750118,888
ses04_msd_whole,gaussian_seed_y_fraction,0.03098918514678258,0.019445570884392156,0.03994160497573118,0.005939391267330079,0.019467550436010856,0.04002922542503238,888
ses04_msd_whole,gaussian_seed_z_fraction,0.019288456445252986,0.013994751505730771,0.025012910604099516,0.0038582392760682614,0.017194946674640776,0.026141851038585035,888
ses04_msd_whole,core_threshold,0.010817164145697042,0.01508394669111253,0.022729196376673023,0.006178632035841628,-0.004723689635775392,0.024810194977045886,888
ses04_msd_whole,edema_threshold_ratio,0.014709267264640849,0.018765565609017567,0.05112786679576916,0.012573345408167883,0.011074900237142703,0.05607314017950931,888
ses04_hd95_core,front_speed_mm_per_day,0.024172930961082476,0.0970091694625665,0.45427214605732796,0.08891765765228907,0.1477390126791089,0.4341514616029365,381
ses04_hd95_core,front_width_mm,0.020945027513739365,0.08899255715190667,0.4520572255360616,0.10126509386264844,0.055579684009561904,0.4480424178877107,381
ses04_hd95_core,seed_peak_density,0.012512984452348254,0.027438937362231824,0.026948655479883597,0.009750946827608511,0.022038936838974173,0.02995233650831952,381
ses04_hd95_core,seed_sigma_mm,-0.024997279283353213,0.09522281028147725,0.4224546767914205,0.08974996990876312,-0.08548111626754942,0.46157144883711126,381
ses04_hd95_core,preop_time,-0.0063644847507074945,0.06858088483978148,0.21224650487360858,0.06401297705122548,0.013109562195166834,0.24710077892978236,381
ses04_hd95_core,diffusivity_ratio,0.01736008792037822,0.03431685038302138,0.033378116015695625,0.013896655327380268,-0.0108943007803106,0.02063984251953316,381
ses04_hd95_core,chemo_kill_rate,-0.02706009908529678,0.027135311376488426,0.05275157970484393,0.022286955152540804,-0.023084345789216656,0.041261721230240765,381
ses04_hd95_core,rt_alpha,0.1459971150367056,0.08818327857333633,0.2800061655564584,0.06946536517416876,0.16566567729626433,0.26154247709322503,381
ses04_hd95_core,rt_alpha_beta_ratio,0.0011567153650162009,0.0061278179282454786,0.0029548327801058893,0.0036223624840732243,-0.005318949335679198,0.004394059549778618,381
ses04_hd95_core,gaussian_seed_x_fraction,-0.0017387432454699498,0.045502010108753946,0.13401128860662964,0.030405205580223832,0.012161698622606028,0.15222378692208063,381
ses04_hd95_core,gaussian_seed_y_fraction,0.06904179895870255,0.05516933963482086,0.16501560222780215,0.04031622925828436,0.041177243330296695,0.15176815199502575,381
ses04_hd95_core,gaussian_seed_z_fraction,-0.00309948226333582,0.03179578662383545,0.062286076898256534,0.01863393074192938,0.005483716219617563,0.07157946057525255,381
ses04_hd95_core,core_threshold,0.02716064227800781,0.04097064352399998,0.07002503805383677,0.021051938533209413,0.014209844449020969,0.0584171950215635,381
ses04_hd95_core,edema_threshold_ratio,0.0,0.0,0.0,0.0,0.0,0.0,381
ses04_hd95_whole,front_speed_mm_per_day,0.24659131188503347,0.05364156847679505,0.276053019502315,0.03327619249699846,0.24500687610879462,0.2711638577649096,888
ses04_hd95_whole,front_width_mm,0.10746941089525364,0.03399268131803201,0.15565723114316082,0.02317864255793234,0.12030515058307023,0.15837953556066858,888
ses04_hd95_whole,seed_peak_density,0.006980945880666629,0.007191736995511245,0.005534417974283629,0.0009106978275153806,0.005062195920443582,0.004796948495644195,888
ses04_hd95_whole,seed_sigma_mm,0.24135737270676527,0.046758703881644874,0.2502996237076479,0.024602568293683586,0.24749001021738518,0.2498462954671557,888
ses04_hd95_whole,preop_time,0.05177484708708821,0.029831807283457155,0.08280213336564662,0.013255166180109756,0.07600053186124853,0.0855571163634446,888
ses04_hd95_whole,diffusivity_ratio,0.001996091616826808,0.0068977166307407495,0.0035785462052927183,0.000891791997637301,0.0009566169987460574,0.0030560543693645952,888
ses04_hd95_whole,chemo_kill_rate,0.010140574128121155,0.014254228555514406,0.026264127351318774,0.006878550720667733,0.020133150897779926,0.028005739617665715,888
ses04_hd95_whole,rt_alpha,0.08359784936680575,0.03032251576886443,0.10379161077263534,0.01952778913380994,0.0769718325810397,0.11022775456143702,888
ses04_hd95_whole,rt_alpha_beta_ratio,0.00041487203122171694,0.0020898016925254646,0.0008491109489185487,0.0006168275917169316,-0.0012966864380985711,0.0010465968065647418,888
ses04_hd95_whole,gaussian_seed_x_fraction,0.17389049599587322,0.03832312895653595,0.1671459204320125,0.019023004912840983,0.16986532174323088,0.16020669905482446,888
ses04_hd95_whole,gaussian_seed_y_fraction,0.04636876927157878,0.024354361309114145,0.06066466790584709,0.008220518998137723,0.04149151284714623,0.05908546565221407,888
ses04_hd95_whole,gaussian_seed_z_fraction,0.03243585149675085,0.016835292262546885,0.03933986561105761,0.005767074945451721,0.02958173365105958,0.03885835529639088,888
ses04_hd95_whole,core_threshold,0.0037258992776396864,0.01055201957170776,0.0120577121159934,0.0033632917454572923,-0.006954797541244575,0.013381574822216833,888
ses04_hd95_whole,edema_threshold_ratio,0.009992850747688823,0.014566070110802451,0.027148201226778895,0.006603218079762565,0.013037500892345974,0.027462497786345557,888
ses04_dice_star_core,front_speed_mm_per_day,0.03967612694222143,0.03795504455467476,0.20868195798430517,0.034769359776954785,0.027745523117803324,0.20394263246578231,1024
ses04_dice_star_core,front_width_mm,0.04384174627834712,0.04294705783724636,0.2760948211851325,0.0490884730857699,0.04158233387670852,0.22278747135672566,1024
ses04_dice_star_core,seed_peak_density,0.008341225094490272,0.007678447299303222,0.011307834015239576,0.0034334595005154496,0.0054042357901959055,0.010301500874232641,1024
ses04_dice_star_core,seed_sigma_mm,0.03323801171393661,0.03731321653478126,0.2482771459824887,0.04226312106591495,0.02913399543574942,0.21933489278765547,1024
ses04_dice_star_core,preop_time,0.000504652699242086,0.022417417388396046,0.0649449228689786,0.018015180429036427,0.014098706174946815,0.0691608276906245,1024
ses04_dice_star_core,diffusivity_ratio,0.011497371449147857,0.012545671266805341,0.018273352104937444,0.005672057286855066,0.011413301476225355,0.020192714581478876,1024
ses04_dice_star_core,chemo_kill_rate,0.0343007660023474,0.028855668476985768,0.09716226828529965,0.0271261188454389,0.02608613882677449,0.08286989659472484,1024
ses04_dice_star_core,rt_alpha,0.3065423604606323,0.061069012930368,0.46082106275351237,0.06651589101335893,0.3064135017117603,0.4523914250896015,1024
ses04_dice_star_core,rt_alpha_beta_ratio,-0.0031340659742314196,0.0069354883115586895,0.004928260017363222,0.002828539542334031,-0.007596793376585765,0.0035727566251390844,1024
ses04_dice_star_core,gaussian_seed_x_fraction,0.037033559458658646,0.03081914088394775,0.13856834495297232,0.018623493728601996,0.034640357960893826,0.12827583089540395,1024
ses04_dice_star_core,gaussian_seed_y_fraction,0.04125770775303586,0.034032394043248655,0.17105935023997237,0.02735265577178981,0.018423016060780152,0.15120049939195557,1024
ses04_dice_star_core,gaussian_seed_z_fraction,0.04693704085449558,0.027631032112704294,0.09956035468360425,0.016572545002864866,0.06023500673455827,0.10591731851753142,1024
ses04_dice_star_core,core_threshold,0.0,0.0,0.0,0.0,0.0,0.0,1024
ses04_dice_star_core,edema_threshold_ratio,0.0,0.0,0.0,0.0,0.0,0.0,1024
ses04_dice_star_whole,front_speed_mm_per_day,0.23950325440050266,0.05325376157580885,0.37092231317911845,0.04661493100588387,0.2666590235160184,0.3853037438172991,1024
ses04_dice_star_whole,front_width_mm,0.04159111716102788,0.032742678802192476,0.13089566151023196,0.02581426189014549,0.04441115042033769,0.11930601532061416,1024
ses04_dice_star_whole,seed_peak_density,0.008977532247077823,0.00878336762833581,0.008954792603617654,0.00187757730004476,0.015113415409484313,0.008024075374836834,1024
ses04_dice_star_whole,seed_sigma_mm,0.16656255003495496,0.05276513996810324,0.3352083010905333,0.03645250951538749,0.14007954436279263,0.3364259258472503,1024
ses04_dice_star_whole,preop_time,0.06058226804049458,0.028284119993636975,0.11145121243244258,0.019715909069381202,0.043178153718774134,0.11053475877649703,1024
ses04_dice_star_whole,diffusivity_ratio,-0.006822218978795543,0.009363630824402015,0.010512229034631688,0.0023066289006097116,-0.008667285447547567,0.010395117151517847,1024
ses04_dice_star_whole,chemo_kill_rate,0.015313721187792484,0.016128106942775184,0.0318006464546407,0.011265201932581391,0.008858792463431178,0.02422503872835105,1024
ses04_dice_star_whole,rt_alpha,0.09434944834296519,0.035896919438498515,0.14413897535329223,0.030112603067908115,0.07315204425790936,0.131940625763249,1024
ses04_dice_star_whole,rt_alpha_beta_ratio,0.0011610999078053713,0.006075455786112795,0.004138879391116819,0.002540462032090573,0.0031215678232487613,0.006154597156286018,1024
ses04_dice_star_whole,gaussian_seed_x_fraction,0.07568404888738517,0.032869324107364054,0.14195634841346882,0.016838389811805583,0.07891685005261435,0.1434042697467202,1024
ses04_dice_star_whole,gaussian_seed_y_fraction,0.03443787462109355,0.024940494748511854,0.07983914743890294,0.011227140639763272,0.036960541621076884,0.07556991759415474,1024
ses04_dice_star_whole,gaussian_seed_z_fraction,0.058544826280807004,0.026669110651222645,0.09152605150261563,0.01326304373840459,0.06335626260111563,0.08733495314394782,1024
ses04_dice_star_whole,core_threshold,0.0,0.0,0.0,0.0,0.0,0.0,1024
ses04_dice_star_whole,edema_threshold_ratio,0.0,0.0,0.0,0.0,0.0,0.0,1024
ses04_core_threshold_star,front_speed_mm_per_day,0.16281322431941792,0.06035439455908548,0.3371758998843744,0.05786856452171162,0.1597540881856115,0.3489027039793815,1024
ses04_core_threshold_star,front_width_mm,0.054805525544356935,0.041910142980297355,0.30414085220339526,0.05475863709358884,0.09073632489050522,0.2971020998415762,1024
ses04_core_threshold_star,seed_peak_density,-0.003643669456758306,0.01218985176417486,0.021340822813194556,0.00759624640970021,0.000812319494148542,0.019093738043969192,1024
ses04_core_threshold_star,seed_sigma_mm,0.147132548005309,0.06329827918046696,0.36415907243922385,0.061512450785300314,0.1746371020929356,0.3066489688635608,1024
ses04_core_threshold_star,preop_time,0.009199146137795908,0.033703872128502,0.18624304429510727,0.043465134678101945,0.0314398937095912,0.16432990288767932,1024
ses04_core_threshold_star,diffusivity_ratio,-0.0004890886658228687,0.01238613734931055,0.034991668962359515,0.014611386502798666,-0.006647099924448247,0.024485951102682722,1024
ses04_core_threshold_star,chemo_kill_rate,0.02065552545215152,0.025862034434606513,0.14324287892523763,0.031713964316508254,0.005622161629652758,0.14541295871448756,1024
ses04_core_threshold_star,rt_alpha,0.10906708353293587,0.045567914229609006,0.3804490821772274,0.06752363700841763,0.11010617386986593,0.406891093594399,1024
ses04_core_threshold_star,rt_alpha_beta_ratio,-0.007131811695020285,0.0171221966839608,0.0076444738435323765,0.009162065048721114,-0.0014848354366739545,0.0024751141908848943,1024
ses04_core_threshold_star,gaussian_seed_x_fraction,-0.004544771942552076,0.03078673862046845,0.14852120610291475,0.03957197330022173,0.0027992866436374153,0.13480532646783805,1024
ses04_core_threshold_star,gaussian_seed_y_fraction,-0.00228822752938857,0.03291630397282798,0.14783866379545652,0.03796529563683003,0.015803390885723502,0.1692801312694491,1024
ses04_core_threshold_star,gaussian_seed_z_fraction,0.014075946473663609,0.02989068203242487,0.12399518585491504,0.03336458523852303,0.03129950746332562,0.13347937243700686,1024
ses04_core_threshold_star,core_threshold,0.0,0.0,0.0,0.0,0.0,0.0,1024
ses04_core_threshold_star,edema_threshold_ratio,0.0,0.0,0.0,0.0,0.0,0.0,1024
ses04_edema_threshold_star,front_speed_mm_per_day,0.18362303415899273,0.07686230321602917,0.5071408589692932,0.10515456786256701,0.19078772611915412,0.48950385402952995,1024
ses04_edema_threshold_star,front_width_mm,0.05085375679151402,0.058327883737518155,0.3285338514081469,0.07913505397187642,0.07071694054614325,0.35648078735985106,1024
ses04_edema_threshold_star,seed_peak_density,0.008219899647602684,0.02078468737884609,0.019148732060642125,0.009938923747756697,0.016724670512823142,0.016299269038577258,1024
ses04_edema_threshold_star,seed_sigma_mm,0.08157936201528598,0.05963774215391284,0.4371578247566325,0.09890376019462696,0.12193909476346271,0.4526990529746781,1024
ses04_edema_threshold_star,preop_time,0.06497591733656594,0.05192718713343347,0.23261845359766598,0.062498931621089375,0.13086721997098605,0.23590124866586012,1024
ses04_edema_threshold_star,diffusivity_ratio,0.03438882159894328,0.03385174804267839,0.073761259372608,0.030386662557164348,0.025776967424054154,0.07729008221518893,1024
ses04_edema_threshold_star,chemo_kill_rate,-0.008338178824362844,0.014083401323697552,0.05933530876190004,0.026993738304638984,-0.006471048738292255,0.07623851647076461,1024
ses04_edema_threshold_star,rt_alpha,0.06402649738670524,0.04806972624280415,0.20307960234716874,0.0546339113944633,0.03983190351884294,0.22941659324191005,1024
ses04_edema_threshold_star,rt_alpha_beta_ratio,0.0010304250436219968,0.003310619157015278,0.001889112579973662,0.001159149450710365,0.002103131488848678,0.0021031314888486784,1024
ses04_edema_threshold_star,gaussian_seed_x_fraction,0.04184481218558116,0.03027147774278888,0.18401673904016175,0.056689693523156295,0.06213428823170593,0.1840240052742594,1024
ses04_edema_threshold_star,gaussian_seed_y_fraction,0.004320124918911036,0.028964930374434084,0.20222091481081703,0.06725976144282642,0.011092529570151957,0.19646753324994742,1024
ses04_edema_threshold_star,gaussian_seed_z_fraction,-0.00787401376717627,0.04359647244336126,0.154220281528759,0.054569485195962754,-0.004422343992074917,0.15510594730259006,1024
ses04_edema_threshold_star,core_threshold,0.0,0.0,0.0,0.0,0.0,0.0,1024
ses04_edema_threshold_star,edema_threshold_ratio,0.0,0.0,0.0,0.0,0.0,0.0,1024
ses04_dice_core_fixed,front_speed_mm_per_day,0.04136264343572868,0.04614280737573656,0.2914463109016681,0.05382975885392647,0.10332503868369462,0.28915465453570766,1024
ses04_dice_core_fixed,front_width_mm,0.06433022114130557,0.05505207247531848,0.40385987067070084,0.07013867229411745,0.08737781921252735,0.38445924694056266,1024
ses04_dice_core_fixed,seed_peak_density,0.0011262570611275883,0.01107047317611344,0.02044580390683656,0.008247517545131025,-0.0029747503972364915,0.02360811842562276,1024
ses04_dice_core_fixed,seed_sigma_mm,0.01944711851168773,0.037697570775248594,0.22095382302965424,0.04379306446034678,0.007623873145594263,0.2008074284844685,1024
ses04_dice_core_fixed,preop_time,0.011820140530009337,0.02374499049788276,0.10810396015858714,0.0281901134959243,0.005676240734478232,0.11467452394549676,1024
ses04_dice_core_fixed,diffusivity_ratio,0.005576742858175598,0.008206587764172553,0.020326215403934922,0.010230872564894397,-0.002365286254153114,0.016328837428602732,1024
ses04_dice_core_fixed,chemo_kill_rate,0.08584553480414453,0.04968960676372618,0.30405125915167464,0.06167595172558911,0.07561935244469033,0.2888132838365945,1024
ses04_dice_core_fixed,rt_alpha,0.23622526224582407,0.06159467085285776,0.5640074387965767,0.07676706780120178,0.27852099180472306,0.5334508169769943,1024
ses04_dice_core_fixed,rt_alpha_beta_ratio,-0.003142269828579088,0.006657177022672434,0.012279267650115026,0.01092386244930347,-0.004614408638199396,0.02071880717558975,1024
ses04_dice_core_fixed,gaussian_seed_x_fraction,0.0208404736410813,0.0224441518130648,0.08720242504077501,0.01701652030442577,0.01824616268629247,0.08524348377359994,1024
ses04_dice_core_fixed,gaussian_seed_y_fraction,-0.007366387040247898,0.019538858187547074,0.08673578879413213,0.019649076705020307,-0.01582851418357815,0.0866634843378683,1024
ses04_dice_core_fixed,gaussian_seed_z_fraction,0.022604773675098236,0.022073950343059836,0.06395128877502605,0.015984145541945424,0.002604958328736911,0.05748505698425777,1024
ses04_dice_core_fixed,core_threshold,0.0,0.0,0.0,0.0,0.0,0.0,1024
ses04_dice_core_fixed,edema_threshold_ratio,0.0,0.0,0.0,0.0,0.0,0.0,1024
ses04_dice_whole_fixed,front_speed_mm_per_day,0.17394695943612443,0.05267122151871906,0.31421631716602155,0.04173745816701926,0.18807368557425638,0.32261060305219413,1024
ses04_dice_whole_fixed,front_width_mm,0.10265395525449726,0.0431835503704398,0.25182697423130174,0.03996973492072741,0.12687766186473326,0.24635107244495894,1024
ses04_dice_whole_fixed,seed_peak_density,0.0015977231212449755,0.007326852817406141,0.006997805029775563,0.0010549782842940777,0.007616067672754306,0.0068648055742322875,1024
ses04_dice_whole_fixed,seed_sigma_mm,0.10643496950462789,0.04309642352825462,0.242146444930428,0.029529842857560617,0.07852065324889096,0.24504429446429646,1024
ses04_dice_whole_fixed,preop_time,0.028179480154907795,0.024757080903807942,0.09680735082089914,0.01780833474609701,0.015081257266094519,0.09821529234881514,1024
ses04_dice_whole_fixed,diffusivity_ratio,0.0017887974107584953,0.008441601303527318,0.00851319648448782,0.0019860064098231136,0.0009226425449055164,0.007214679166657844,1024
ses04_dice_whole_fixed,chemo_kill_rate,0.016001237466186768,0.02754318008763082,0.08747931672585271,0.02437761427694961,0.019950017157325774,0.09799173504614102,1024
ses04_dice_whole_fixed,rt_alpha,0.21910403234574907,0.050563487656003346,0.33482260960171345,0.05254621398812882,0.23682983402849517,0.3362085734039888,1024
ses04_dice_whole_fixed,rt_alpha_beta_ratio,0.0012690154671593315,0.0028515847903251277,0.0015636873920631914,0.0008538781466613882,-0.00010788440744410428,0.001567207511870216,1024
ses04_dice_whole_fixed,gaussian_seed_x_fraction,0.04101371307660674,0.02395042582935978,0.08979570879909476,0.012939794730634023,0.04618870565141678,0.08407101205170063,1024
ses04_dice_whole_fixed,gaussian_seed_y_fraction,0.0013424982828665949,0.016518448846204844,0.04043632139379789,0.007100575623693977,-0.0006315013077459756,0.040676239619416035,1024
ses04_dice_whole_fixed,gaussian_seed_z_fraction,0.04429793921955658,0.02267981491188225,0.06857630736681034,0.010487890897784036,0.043252558486196184,0.06633101779876607,1024
ses04_dice_whole_fixed,core_threshold,0.0,0.0,0.0,0.0,0.0,0.0,1024
ses04_dice_whole_fixed,edema_threshold_ratio,0.0,0.0,0.0,0.0,0.0,0.0,1024
ses04_log10_V_core_fixed,front_speed_mm_per_day,0.10895270940248193,0.03892994130783784,0.21338963932810331,0.03377639098617425,0.14801061888922676,0.22222849783306886,1024
ses04_log10_V_core_fixed,front_width_mm,0.12068659056223933,0.039987570515284454,0.24310947431569552,0.037276676026912356,0.1283879560372426,0.2385036214296597,1024
ses04_log10_V_core_fixed,seed_peak_density,0.004794355664500161,0.015523455847364823,0.03311491968564438,0.009182759467930493,-0.0016355080873190586,0.03508370655264678,1024
ses04_log10_V_core_fixed,seed_sigma_mm,0.09626123655871703,0.03728690803874058,0.17240413650652933,0.025140605782581378,0.10701513749366547,0.180385804221565,1024
ses04_log10_V_core_fixed,preop_time,0.026800286049785033,0.019964650900896802,0.04692928337131897,0.010391938531031946,0.022188359245167516,0.04359278782012604,1024
ses04_log10_V_core_fixed,diffusivity_ratio,-0.00033537245303372383,0.007983028872413315,0.010637765075840014,0.005334557100672258,-0.005744009864306257,0.011442185266591557,1024
ses04_log10_V_core_fixed,chemo_kill_rate,0.2940422961089796,0.0635833209537195,0.46753292934587354,0.05376263013755745,0.27891263342759715,0.4641303545004436,1024
ses04_log10_V_core_fixed,rt_alpha,0.055980262923746665,0.030780526514207776,0.13540760713367955,0.023271456962209298,0.06901298741677776,0.13779152034599623,1024
ses04_log10_V_core_fixed,rt_alpha_beta_ratio,0.0006429637723479192,0.0016715153035095787,0.0013935131176940187,0.0013509453185594432,0.00033828489769667026,0.00048501816059003393,1024
ses04_log10_V_core_fixed,gaussian_seed_x_fraction,0.013793370688450799,0.018175321337529245,0.06227006493944293,0.014424154532713347,0.023011375089508273,0.07230263151756805,1024
ses04_log10_V_core_fixed,gaussian_seed_y_fraction,0.0012833980926526102,0.014098115585240035,0.030901898469379456,0.00894689411833576,0.008924188493032385,0.029792361017023237,1024
ses04_log10_V_core_fixed,gaussian_seed_z_fraction,0.037845790253055275,0.0234099382067684,0.07888159565966878,0.01643184881455935,0.0429207083961156,0.08250574479293751,1024
ses04_log10_V_core_fixed,core_threshold,0.0,0.0,0.0,0.0,0.0,0.0,1024
ses04_log10_V_core_fixed,edema_threshold_ratio,0.0,0.0,0.0,0.0,0.0,0.0,1024
ses04_log10_V_whole_fixed,front_speed_mm_per_day,0.09617872086673246,0.030680440252087212,0.19804953194501876,0.04584236491071733,0.08971757075030301,0.20586195932917856,1024
ses04_log10_V_whole_fixed,front_width_mm,0.13281377814489098,0.043159154687588776,0.2540105959422457,0.0612884501768319,0.14585040236071709,0.2452899163755335,1024
ses04_log10_V_whole_fixed,seed_peak_density,0.0054091532379374994,0.00985932057631411,0.025113032632031847,0.009488809832976671,-0.00039524256299148825,0.023506042731717174,1024
ses04_log10_V_whole_fixed,seed_sigma_mm,0.2609164182079395,0.053768484562615335,0.40275619072777946,0.06469059410360212,0.26033888425914936,0.4055829772982865,1024
ses04_log10_V_whole_fixed,preop_time,0.02992992381109345,0.015558559965675772,0.05560050926852181,0.018444500667694954,0.03184509492236732,0.05539040402737848,1024
ses04_log10_V_whole_fixed,diffusivity_ratio,-0.008025404378971654,0.009736772460246155,0.028652349902356655,0.016113148225838994,0.0014322643664088986,0.02678275548114068,1024
ses04_log10_V_whole_fixed,chemo_kill_rate,0.10784740127139308,0.04809928604854626,0.1737823894960316,0.04604472900147049,0.1260410956879276,0.13673207762106054,1024
ses04_log10_V_whole_fixed,rt_alpha,0.08845742412313767,0.04281621005706395,0.25529138295164716,0.05565811603149769,0.09479489165643094,0.2641572010871612,1024
ses04_log10_V_whole_fixed,rt_alpha_beta_ratio,-0.0012161368849151375,0.0022232212739615844,0.0010849738800886796,0.0010198144307584495,-0.0009774495571817,0.0014841470028667684,1024
ses04_log10_V_whole_fixed,gaussian_seed_x_fraction,0.017245943060446266,0.035245427856750534,0.10154849678287971,0.03034136226023838,0.028319579182581333,0.0978055161041289,1024
ses04_log10_V_whole_fixed,gaussian_seed_y_fraction,0.0034186657169931784,0.017054520038831407,0.0477192875883493,0.017775217045014603,0.016818209004331307,0.050061808838366216,1024
ses04_log10_V_whole_fixed,gaussian_seed_z_fraction,0.01459622016273624,0.025285490654641057,0.10394345906631286,0.032638207615962526,0.02407879584216152,0.10536632166669918,1024
ses04_log10_V_whole_fixed,core_threshold,0.0,0.0,0.0,0.0,0.0,0.0,1024
ses04_log10_V_whole_fixed,edema_threshold_ratio,0.0,0.0,0.0,0.0,0.0,0.0,1024
ses04_log_vol_ratio_core_fixed,front_speed_mm_per_day,0.10895270940248193,0.03892994130783784,0.21338963932810331,0.03377639098617425,0.14801061888922679,0.22222849783306892,1024
ses04_log_vol_ratio_core_fixed,front_width_mm,0.12068659056223932,0.039987570515284454,0.24310947431569552,0.037276676026912356,0.12838795603724262,0.2385036214296597,1024
ses04_log_vol_ratio_core_fixed,seed_peak_density,0.004794355664500161,0.015523455847364823,0.03311491968564438,0.009182759467930493,-0.001635508087319064,0.03508370655264678,1024
ses04_log_vol_ratio_core_fixed,seed_sigma_mm,0.09626123655871703,0.03728690803874058,0.17240413650652933,0.025140605782581375,0.10701513749366547,0.180385804221565,1024
ses04_log_vol_ratio_core_fixed,preop_time,0.026800286049785033,0.019964650900896802,0.04692928337131897,0.010391938531031946,0.022188359245167516,0.043592787820126044,1024
ses04_log_vol_ratio_core_fixed,diffusivity_ratio,-0.00033537245303372426,0.007983028872413315,0.010637765075840014,0.005334557100672258,-0.005744009864306259,0.011442185266591562,1024
ses04_log_vol_ratio_core_fixed,chemo_kill_rate,0.2940422961089796,0.06358332095371952,0.46753292934587354,0.05376263013755745,0.27891263342759715,0.4641303545004436,1024
ses04_log_vol_ratio_core_fixed,rt_alpha,0.055980262923746665,0.030780526514207776,0.13540760713367955,0.0232714569622093,0.06901298741677776,0.13779152034599623,1024
ses04_log_vol_ratio_core_fixed,rt_alpha_beta_ratio,0.0006429637723479191,0.0016715153035095787,0.0013935131176940187,0.0013509453185594432,0.00033828489769666993,0.0004850181605900341,1024
ses04_log_vol_ratio_core_fixed,gaussian_seed_x_fraction,0.013793370688450799,0.018175321337529245,0.06227006493944293,0.014424154532713349,0.023011375089508276,0.07230263151756806,1024
ses04_log_vol_ratio_core_fixed,gaussian_seed_y_fraction,0.0012833980926526085,0.014098115585240037,0.03090189846937946,0.00894689411833576,0.008924188493032387,0.029792361017023244,1024
ses04_log_vol_ratio_core_fixed,gaussian_seed_z_fraction,0.037845790253055275,0.0234099382067684,0.07888159565966878,0.01643184881455935,0.042920708396115614,0.08250574479293753,1024
ses04_log_vol_ratio_core_fixed,core_threshold,0.0,0.0,0.0,0.0,0.0,0.0,1024
ses04_log_vol_ratio_core_fixed,edema_threshold_ratio,0.0,0.0,0.0,0.0,0.0,0.0,1024
ses04_log_vol_ratio_whole_fixed,front_speed_mm_per_day,0.09617872086673245,0.030680440252087205,0.19804953194501873,0.04584236491071733,0.08971757075030301,0.20586195932917853,1024
ses04_log_vol_ratio_whole_fixed,front_width_mm,0.13281377814489098,0.043159154687588776,0.2540105959422456,0.0612884501768319,0.14585040236071709,0.24528991637553346,1024
ses04_log_vol_ratio_whole_fixed,seed_peak_density,0.005409153237937502,0.009859320576314109,0.025113032632031844,0.009488809832976671,-0.00039524256299149063,0.023506042731717178,1024
ses04_log_vol_ratio_whole_fixed,seed_sigma_mm,0.2609164182079395,0.05376848456261533,0.40275619072777935,0.06469059410360212,0.2603388842591493,0.40558297729828646,1024
ses04_log_vol_ratio_whole_fixed,preop_time,0.02992992381109345,0.015558559965675775,0.0556005092685218,0.01844450066769495,0.031845094922367326,0.05539040402737849,1024
ses04_log_vol_ratio_whole_fixed,diffusivity_ratio,-0.00802540437897165,0.009736772460246158,0.028652349902356652,0.016113148225838994,0.0014322643664089047,0.026782755481140685,1024
ses04_log_vol_ratio_whole_fixed,chemo_kill_rate,0.10784740127139307,0.048099286048546255,0.17378238949603156,0.04604472900147049,0.1260410956879276,0.13673207762106054,1024
ses04_log_vol_ratio_whole_fixed,rt_alpha,0.08845742412313769,0.04281621005706395,0.25529138295164716,0.055658116031497694,0.09479489165643096,0.2641572010871612,1024
ses04_log_vol_ratio_whole_fixed,rt_alpha_beta_ratio,-0.0012161368849151347,0.0022232212739615826,0.0010849738800886792,0.0010198144307584495,-0.0009774495571816975,0.001484147002866769,1024
ses04_log_vol_ratio_whole_fixed,gaussian_seed_x_fraction,0.017245943060446266,0.03524542785675053,0.1015484967828797,0.03034136226023838,0.02831957918258133,0.09780551610412888,1024
ses04_log_vol_ratio_whole_fixed,gaussian_seed_y_fraction,0.0034186657169931827,0.01705452003883141,0.0477192875883493,0.017775217045014603,0.016818209004331307,0.05006180883836623,1024
ses04_log_vol_ratio_whole_fixed,gaussian_seed_z_fraction,0.014596220162736241,0.025285490654641064,0.10394345906631286,0.03263820761596252,0.02407879584216154,0.1053663216666992,1024
ses04_log_vol_ratio_whole_fixed,core_threshold,0.0,0.0,0.0,0.0,0.0,0.0,1024
ses04_log_vol_ratio_whole_fixed,edema_threshold_ratio,0.0,0.0,0.0,0.0,0.0,0.0,1024
ses04_msd_core_fixed,front_speed_mm_per_day,0.05109583711193785,0.09201016246679695,0.34442483590069145,0.07726518030276515,0.10772637959393697,0.36601266065047444,405
ses04_msd_core_fixed,front_width_mm,0.16213847089923877,0.10154064828477352,0.44449642114928956,0.09187142146581892,0.2185839792817846,0.48903292671041293,405
ses04_msd_core_fixed,seed_peak_density,0.02285870894294429,0.02440172890659192,0.02750532086897423,0.010955695493743568,0.020040147238366623,0.027621047841256425,405
ses04_msd_core_fixed,seed_sigma_mm,0.017555696847011783,0.08487360770234527,0.32765244948316663,0.0683576946024358,-0.05828840879820162,0.35362523325033873,405
ses04_msd_core_fixed,preop_time,0.004569141649769852,0.051710598347746134,0.12817601629555167,0.03527823642681099,-0.026219451950948436,0.15454327944795243,405
ses04_msd_core_fixed,diffusivity_ratio,0.001240452764998824,0.023206333125231175,0.02045108680926418,0.010013103762883821,-0.012960619414708356,0.011587153511952915,405
ses04_msd_core_fixed,chemo_kill_rate,0.08315683871491818,0.07894366372188687,0.12399387748073827,0.06366441052814764,0.04610907917771662,0.08309834549548645,405
ses04_msd_core_fixed,rt_alpha,0.3540404836149452,0.11134933076355202,0.43858236899837033,0.09328431023942528,0.4251064430747971,0.4058044147097657,405
ses04_msd_core_fixed,rt_alpha_beta_ratio,-0.005028693689235888,0.010297341976209172,0.003533679958636339,0.003982460741038362,-0.0016035552205374492,0.0048935767145918095,405
ses04_msd_core_fixed,gaussian_seed_x_fraction,0.045546169296469645,0.04026046266843869,0.06951150520439221,0.018000027728874313,0.06256021852055733,0.07261600811219564,405
ses04_msd_core_fixed,gaussian_seed_y_fraction,0.040630566396601064,0.04092328433830077,0.07679160504049173,0.017705781683313097,0.009543986596387501,0.07937794191158164,405
ses04_msd_core_fixed,gaussian_seed_z_fraction,0.011929124816714655,0.030755652204185042,0.03391929211263872,0.01009703089244185,-0.03593501916706712,0.031433229680984554,405
ses04_msd_core_fixed,core_threshold,0.0,0.0,0.0,0.0,0.0,0.0,405
ses04_msd_core_fixed,edema_threshold_ratio,0.0,0.0,0.0,0.0,0.0,0.0,405
ses04_msd_whole_fixed,front_speed_mm_per_day,0.2335768974174144,0.0524297739993864,0.2708570794200571,0.03723618852473171,0.247808299032998,0.2868922053287944,847
ses04_msd_whole_fixed,front_width_mm,0.1426349586097396,0.045813453880238816,0.18417975525985822,0.026371023156228003,0.14715864879840124,0.1704617202310202,847
ses04_msd_whole_fixed,seed_peak_density,0.009424627819084706,0.009811415936088686,0.00944007842859992,0.0017380426665256524,0.011104665671547878,0.010437528496995287,847
ses04_msd_whole_fixed,seed_sigma_mm,0.29314146436289884,0.05855195632106614,0.3548554720269427,0.038409565879347754,0.2863583472115464,0.36126132940016414,847
ses04_msd_whole_fixed,preop_time,0.04389077220092499,0.027614342464981116,0.07032375220773347,0.01134180759633504,0.04096259057092297,0.07665139709687752,847
ses04_msd_whole_fixed,diffusivity_ratio,0.00881610104867575,0.007319049000409383,0.004513774101783664,0.00148575485902788,0.00663725601806391,0.004946457880359879,847
ses04_msd_whole_fixed,chemo_kill_rate,0.036182181462033954,0.03299527810635806,0.06742533347252558,0.017083290964123032,0.05577971906898984,0.08021938690083978,847
ses04_msd_whole_fixed,rt_alpha,0.1843896469641414,0.05354270180053964,0.20779259478752618,0.03343911875954641,0.1919536895784907,0.20480120026433096,847
ses04_msd_whole_fixed,rt_alpha_beta_ratio,0.0029815670859119057,0.003998799949160785,0.0018198119013795708,0.001041966852012583,0.00242533136426311,0.002195210989609235,847
ses04_msd_whole_fixed,gaussian_seed_x_fraction,0.058224722955816356,0.025723000502876986,0.06121349447166938,0.008367064794594429,0.061756514591687524,0.06514508959074973,847
ses04_msd_whole_fixed,gaussian_seed_y_fraction,0.025660433223323856,0.020722487937093075,0.036979816658802685,0.005325880839395187,0.01434750988989205,0.03519347279254872,847
ses04_msd_whole_fixed,gaussian_seed_z_fraction,0.02131144585805753,0.015504991026664923,0.025685695181617535,0.0038820192094148123,0.016528726729712128,0.02732520100974041,847
ses04_msd_whole_fixed,core_threshold,0.0,0.0,0.0,0.0,0.0,0.0,847
ses04_msd_whole_fixed,edema_threshold_ratio,0.0,0.0,0.0,0.0,0.0,0.0,847
ses04_hd95_core_fixed,front_speed_mm_per_day,0.03383885643288052,0.09800510686480328,0.45296704461282455,0.1029445552877912,0.0895627440875744,0.46079523301138464,405
ses04_hd95_core_fixed,front_width_mm,0.04199332454445834,0.09076269272874268,0.4973252470078643,0.10263906502881401,0.08822514477163824,0.5260559197220211,405
ses04_hd95_core_fixed,seed_peak_density,0.026287760285718324,0.029724646212328187,0.026986613825502177,0.008280267819801509,0.0252142576768661,0.03151609796300648,405
ses04_hd95_core_fixed,seed_sigma_mm,0.002604692248314954,0.09224851482146104,0.4166193104599177,0.08150681613395441,-0.06872820424950156,0.44601573903098846,405
ses04_hd95_core_fixed,preop_time,0.04562223103646188,0.06411666541514784,0.1999938794771163,0.05277775400295613,0.05317678221178617,0.23438206475569043,405
ses04_hd95_core_fixed,diffusivity_ratio,0.014488721012787259,0.028149304677617556,0.030310808432904297,0.012126608685930408,-0.002217763953875458,0.019906868835356886,405
ses04_hd95_core_fixed,chemo_kill_rate,0.03191391676916102,0.054560789340779514,0.09310049398875603,0.047677268756305895,0.025723354066891753,0.06780792810630021,405
ses04_hd95_core_fixed,rt_alpha,0.16559558035546906,0.08485552738246657,0.3074901438305314,0.075135070711696,0.21899094600547203,0.2672052738999905,405
ses04_hd95_core_fixed,rt_alpha_beta_ratio,-0.0057986547359840015,0.00885589879168375,0.0035499417121371835,0.004041810920647131,-0.003530329074239574,0.004976358615070226,405
ses04_hd95_core_fixed,gaussian_seed_x_fraction,0.01093396547635738,0.04518471566583904,0.12862082881799092,0.030521328203173874,0.01040313878126061,0.13664730894553856,405
ses04_hd95_core_fixed,gaussian_seed_y_fraction,0.08754519886027104,0.054976155050220236,0.16158345887474335,0.036438249329438774,0.05130313938993418,0.1634362200883598,405
ses04_hd95_core_fixed,gaussian_seed_z_fraction,0.015558629472777169,0.03817843557522355,0.07056052207107485,0.02099319577160894,-0.02922090295045518,0.07187835638540588,405
ses04_hd95_core_fixed,core_threshold,0.0,0.0,0.0,0.0,0.0,0.0,405
ses04_hd95_core_fixed,edema_threshold_ratio,0.0,0.0,0.0,0.0,0.0,0.0,405
ses04_hd95_whole_fixed,front_speed_mm_per_day,0.23439527987237715,0.05532356006630762,0.27825017724431983,0.035070535382368324,0.22463703665340673,0.2667563124511217,847
ses04_hd95_whole_fixed,front_width_mm,0.13317555277881593,0.04064324929863132,0.1758096603178655,0.027057462534405743,0.14411854156748366,0.1743100812500086,847
ses04_hd95_whole_fixed,seed_peak_density,0.009883597717455565,0.00944004943411388,0.0076897079517788324,0.0027530868386311438,0.006236721525576808,0.008075922928208041,847
ses04_hd95_whole_fixed,seed_sigma_mm,0.23255791352607053,0.04591467381339377,0.24401322098237732,0.02593596698334679,0.24712544163223257,0.24531427668551065,847
ses04_hd95_whole_fixed,preop_time,0.05631129230792538,0.0314942909244296,0.08588111793138097,0.01391365251044137,0.07753478766748668,0.08642542066913826,847
ses04_hd95_whole_fixed,diffusivity_ratio,0.007069163539512316,0.008337344584368439,0.0050495482738350935,0.002236093173982096,0.002509166008790662,0.003943381978962827,847
ses04_hd95_whole_fixed,chemo_kill_rate,0.01846558492074843,0.020480450054997802,0.038366775640080376,0.01003111091967108,0.03247021949303831,0.047856914378926724,847
ses04_hd95_whole_fixed,rt_alpha,0.1037833057721532,0.03723363552589236,0.11879018483201105,0.02102809854408795,0.09818114622187628,0.11887930641574164,847
ses04_hd95_whole_fixed,rt_alpha_beta_ratio,0.004052099334031114,0.005820343224881492,0.0019881909670615393,0.002004082507217626,0.0005771474275935304,0.0015551110983430697,847
ses04_hd95_whole_fixed,gaussian_seed_x_fraction,0.1809650242004745,0.03771176262540052,0.16834853969778502,0.019323572977610014,0.180888561741823,0.16480396413044945,847
ses04_hd95_whole_fixed,gaussian_seed_y_fraction,0.041444548046357894,0.024649262376161735,0.05990278828960208,0.008416527313657173,0.03649824306204734,0.05656712871256603,847
ses04_hd95_whole_fixed,gaussian_seed_z_fraction,0.03323024640804114,0.019245911661402257,0.04160213852373962,0.006505235854668454,0.02356961859501053,0.04028245219479727,847
ses04_hd95_whole_fixed,core_threshold,0.0,0.0,0.0,0.0,0.0,0.0,847
ses04_hd95_whole_fixed,edema_threshold_ratio,0.0,0.0,0.0,0.0,0.0,0.0,847
ses04_log10_mass,front_speed_mm_per_day,0.20174232329616304,0.04082864879980188,0.21924644203457516,0.026460507018992423,0.20974204845278005,0.2269946196246368,1024
ses04_log10_mass,front_width_mm,0.08804148192810257,0.025104499572604903,0.09012759580237492,0.00977827282380183,0.0917690106825088,0.08727132939193007,1024
ses04_log10_mass,seed_peak_density,0.007573442366270236,0.008370559290403933,0.009389349621404048,0.0009685113040092961,0.010421798940202192,0.009224045274383183,1024
ses04_log10_mass,seed_sigma_mm,0.49282172553622744,0.0602925088503625,0.5203667120662905,0.04585034905180486,0.49470832747515847,0.5258748088156412,1024
ses04_log10_mass,preop_time,0.047850215605566404,0.021482725392398924,0.054383178675830306,0.006824249208918315,0.046202802164002084,0.056732781408213986,1024
ses04_log10_mass,diffusivity_ratio,0.004079383399330291,0.006987057012110947,0.006150258890730898,0.0012026970246493422,0.004181952413366212,0.006207390526613517,1024
ses04_log10_mass,chemo_kill_rate,0.03639630363557796,0.016403349280094466,0.03222122240181087,0.003786575145689443,0.037269092148814846,0.031814593855501665,1024
ses04_log10_mass,rt_alpha,0.07156396614080328,0.026131991921189143,0.09041543684280279,0.011355186449192827,0.06457699122190888,0.09062718836409402,1024
ses04_log10_mass,rt_alpha_beta_ratio,0.0003332005811266504,0.0018457485003870759,0.0004508931810064586,0.00010378704933557814,-0.00030077239149784417,0.0004873429114283567,1024
ses04_log10_mass,gaussian_seed_x_fraction,0.002137287649969259,0.008100230170717048,0.008794564713133782,0.0015054432185933422,0.0068595693232762905,0.008388800484426386,1024
ses04_log10_mass,gaussian_seed_y_fraction,0.0013355994113986892,0.006724557449914904,0.00509942128497263,0.0010869005867871146,0.00529094029160144,0.004432447761334409,1024
ses04_log10_mass,gaussian_seed_z_fraction,-0.0019438166292197428,0.007708827116738192,0.00619953428154473,0.0012771801731905326,-0.004887924105197294,0.005998381574019766,1024
ses04_log10_mass,core_threshold,0.0,0.0,0.0,0.0,0.0,0.0,1024
ses04_log10_mass,edema_threshold_ratio,0.0,0.0,0.0,0.0,0.0,0.0,1024
ses04_centroid_drift,front_speed_mm_per_day,0.37256838326588265,0.09847497611220674,0.7268934919270067,0.11644295318687514,0.3582839194852039,0.6884919307539556,1024
ses04_centroid_drift,front_width_mm,0.054645638632330164,0.033563087381436284,0.17081737569149005,0.04460103280565294,0.049656981889106756,0.16607473251426505,1024
ses04_centroid_drift,seed_peak_density,0.0004447500926587835,0.004186976007725111,0.002045619599178711,0.0004842151548854846,-0.0011245602893504496,0.002095718821563142,1024
ses04_centroid_drift,seed_sigma_mm,0.013127457196543254,0.03455429459301826,0.11031973069260848,0.023001480894630125,0.024641789259423483,0.127522725680193,1024
ses04_centroid_drift,preop_time,0.068965851640514,0.05227123149038918,0.2791220794414986,0.060898231376464676,0.11445668338155214,0.2791108454859202,1024
ses04_centroid_drift,diffusivity_ratio,0.012125099936808308,0.014992674235604405,0.03262434018490021,0.008221678891026813,0.0026313406898294226,0.030026907497556543,1024
ses04_centroid_drift,chemo_kill_rate,-0.0005053323406458876,0.0012971822753126837,0.00016828843004090076,4.383617388454361e-05,-0.00021231090377359544,0.0001699390737715944,1024
ses04_centroid_drift,rt_alpha,-0.016933250076812283,0.02363598306147497,0.08508871923871832,0.019494733785661363,-0.010893128616126393,0.08650428219635241,1024
ses04_centroid_drift,rt_alpha_beta_ratio,-0.0006652571410657425,0.005364437127876193,0.0011919056732627136,0.00044858573213200394,0.0030893014013418127,0.0011512149016574562,1024
ses04_centroid_drift,gaussian_seed_x_fraction,-0.007531134581261955,0.023081952475468064,0.0789992969971043,0.015048754106117248,-0.006041449007651233,0.07103351001573233,1024
ses04_centroid_drift,gaussian_seed_y_fraction,-0.008406167233931335,0.015814633397014798,0.02597565789129128,0.006648361267399914,-0.011019136507326482,0.027177967043442577,1024
ses04_centroid_drift,gaussian_seed_z_fraction,-0.004146662308788636,0.020224237693138587,0.0381950779888622,0.011843150031827565,-0.005207655900060297,0.04059338436998689,1024
ses04_centroid_drift,core_threshold,0.0,0.0,0.0,0.0,0.0,0.0,1024
ses04_centroid_drift,edema_threshold_ratio,0.0,0.0,0.0,0.0,0.0,0.0,1024
ses04_R_g,front_speed_mm_per_day,0.27601435341699665,0.0519171765334573,0.31201299968831736,0.035825089522954344,0.28173359250257046,0.3134055002568747,1024
ses04_R_g,front_width_mm,0.012292035710213547,0.01389002380965018,0.026990248998808253,0.004521662199549669,0.02031619636553003,0.027408220778324666,1024
ses04_R_g,seed_peak_density,0.006410407395772966,0.007313180458897938,0.007059109234210753,0.0008289363943714913,0.006501343996983896,0.007077852665249389,1024
ses04_R_g,seed_sigma_mm,0.5416693793828771,0.06377054411380408,0.5532539297851937,0.048900616159803595,0.5408449678490864,0.5560669136000209,1024
ses04_R_g,preop_time,0.0671105436547169,0.028776500878715368,0.09730904493574308,0.013641124845011484,0.09399734675278755,0.1012882695801627,1024
ses04_R_g,diffusivity_ratio,0.02298900190002298,0.014855090774672524,0.027670134796945085,0.004479420390197589,0.019333862444437938,0.0272249991841125,1024
ses04_R_g,chemo_kill_rate,-3.2878043281081775e-05,0.0004883243316121718,2.8142491409581947e-05,5.6611285218119415e-06,1.364882736128506e-06,2.876646632382817e-05,1024
ses04_R_g,rt_alpha,-0.0018749772832367822,0.0037460848338398897,0.0019979217462468557,0.000500567791687578,-0.0030271422298173657,0.0020998163918716545,1024
ses04_R_g,rt_alpha_beta_ratio,-0.0006498321206144,0.0006106616077321748,4.189208879250911e-05,1.9127285892068864e-05,-0.0006568872192863841,4.269806216492131e-05,1024
ses04_R_g,gaussian_seed_x_fraction,0.019036116972164376,0.012451752080095396,0.024026447352872123,0.003324770183810199,0.013771100008227136,0.023138323974591507,1024
ses04_R_g,gaussian_seed_y_fraction,0.007043809739062015,0.008691788848194182,0.009673274047786508,0.0017154824032705517,0.008063249935627419,0.009031952496551712,1024
ses04_R_g,gaussian_seed_z_fraction,0.002712489830815906,0.009989263052957963,0.010331588768331654,0.002043566462136785,0.0029372026950828497,0.010980615318587612,1024
ses04_R_g,core_threshold,0.0,0.0,0.0,0.0,0.0,0.0,1024
ses04_R_g,edema_threshold_ratio,0.0,0.0,0.0,0.0,0.0,0.0,1024
ses04_log10_anisotropy,front_speed_mm_per_day,0.09824349274054521,0.05466198222111569,0.3678476563403115,0.05139990333549072,0.11673070202126855,0.3663237586820793,1024
ses04_log10_anisotropy,front_width_mm,0.009962206575288915,0.02430763985476209,0.06736663087697826,0.012548719380008755,0.013134531260691978,0.06061456847079355,1024
ses04_log10_anisotropy,seed_peak_density,-0.0007652434177268119,0.00737236217751317,0.006701636640974746,0.0012477869451880763,-0.002884844888742771,0.006364798364556693,1024
ses04_log10_anisotropy,seed_sigma_mm,0.07543930034761649,0.05122241561385514,0.41676782921313893,0.05099688277557676,0.08515416326110604,0.4286289348532981,1024
ses04_log10_anisotropy,preop_time,-0.0114438812809359,0.034738785450260226,0.15005350845343365,0.0317889058109082,-0.03977256464549012,0.1448566296155003,1024
ses04_log10_anisotropy,diffusivity_ratio,-0.004966846759856589,0.02083825636312681,0.06857234770441957,0.015058284601641086,0.0029383317870001037,0.06791526016827515,1024
ses04_log10_anisotropy,chemo_kill_rate,0.00019535111008044893,0.0007678252247358268,8.635123109212787e-05,2.3849440144446607e-05,-8.01815966870628e-05,9.415320308235588e-05,1024
ses04_log10_anisotropy,rt_alpha,0.0022322321964453455,0.024721464814964636,0.08391555644616726,0.018675072393173862,-0.015679157912914337,0.07787950843982985,1024
ses04_log10_anisotropy,rt_alpha_beta_ratio,-0.0008122927004760771,0.0035155238962151594,0.0019018471466136226,0.0009665665819628741,-0.0007076920532635332,0.0015393484136348903,1024
ses04_log10_anisotropy,gaussian_seed_x_fraction,0.12024339695847867,0.06122006789098274,0.46486494966736835,0.06171619355119755,0.14007339369887853,0.4662960143995463,1024
ses04_log10_anisotropy,gaussian_seed_y_fraction,0.0003349104576599889,0.02830866604566621,0.09827876632754981,0.018737505292140265,0.004692921537686411,0.1047902637344732,1024
ses04_log10_anisotropy,gaussian_seed_z_fraction,0.013716686335677316,0.0271786427723487,0.11122958392831976,0.02052171711892815,0.03723118761451842,0.10893154779790894,1024
ses04_log10_anisotropy,core_threshold,0.0,0.0,0.0,0.0,0.0,0.0,1024
ses04_log10_anisotropy,edema_threshold_ratio,0.0,0.0,0.0,0.0,0.0,0.0,1024
ses04_wm_fraction,front_speed_mm_per_day,0.03362392935348408,0.02845104087118393,0.11929202257857978,0.0241062979082243,0.03848575708789435,0.11415490682477622,1024
ses04_wm_fraction,front_width_mm,0.02134403427890403,0.017254287346632813,0.03969051165754959,0.0076394250247345695,0.012038753183173989,0.03932156927378142,1024
ses04_wm_fraction,seed_peak_density,0.0010757745431507692,0.0038023488874968036,0.0016539704060567274,0.0002893559904357772,0.0004609229303054454,0.0014866705281841777,1024
ses04_wm_fraction,seed_sigma_mm,0.07540423248913253,0.03629544906778818,0.17121344043027945,0.02574976172402936,0.0638139859417433,0.15786279316898452,1024
ses04_wm_fraction,preop_time,0.0004728315685958509,0.01802890790833825,0.03910189820800189,0.007747953925371717,-0.010131106310685933,0.039484816852918096,1024
ses04_wm_fraction,diffusivity_ratio,0.008329547149890976,0.011192362639500644,0.020337927401157065,0.004393459307392843,0.009853553442173594,0.017350384998810423,1024
ses04_wm_fraction,chemo_kill_rate,0.00011928970713889028,0.0004972281288907242,3.535321231344995e-05,9.413241741536952e-06,0.000277560627819268,3.661335432532963e-05,1024
ses04_wm_fraction,rt_alpha,0.03364354458686663,0.018525062009895496,0.03763082830240179,0.006320344753673074,0.037793222977854285,0.038330306122095356,1024
ses04_wm_fraction,rt_alpha_beta_ratio,0.0005979246059192137,0.0016353154357568326,0.00033911606228942057,9.83964353462706e-05,0.0009748067288892161,0.00031354117527282894,1024
ses04_wm_fraction,gaussian_seed_x_fraction,0.15078818367001337,0.043894317383724867,0.29998817432072905,0.04665339543379457,0.16381446219295018,0.301131019194953,1024
ses04_wm_fraction,gaussian_seed_y_fraction,0.21249722401954046,0.04483141779232066,0.34291534016206004,0.0438583201978823,0.20568486493673047,0.3286539338704327,1024
ses04_wm_fraction,gaussian_seed_z_fraction,0.19601930731843784,0.04751753189749601,0.28506125951468575,0.04298521911930719,0.19157750810070587,0.2900749927188305,1024
ses04_wm_fraction,core_threshold,0.0,0.0,0.0,0.0,0.0,0.0,1024
ses04_wm_fraction,edema_threshold_ratio,0.0,0.0,0.0,0.0,0.0,0.0,1024
ses05_dice_core,front_speed_mm_per_day,0.046760841815439776,0.06203334237009994,0.3534766955068317,0.06431162235881406,0.12000753703834413,0.36149199973920854,1024
ses05_dice_core,front_width_mm,0.05095566199340478,0.05292603104900792,0.39760242613102714,0.07912031745691524,0.058979840798236684,0.3700883981274313,1024
ses05_dice_core,seed_peak_density,-0.00011228820134323636,0.006194287614771064,0.012993143222265571,0.0076300235248879834,-0.0004097042407414194,0.010223319787589832,1024
ses05_dice_core,seed_sigma_mm,0.008797287417522516,0.03436270693689891,0.2153693354705421,0.05330609377416533,0.022440469550434702,0.18804428504694679,1024
ses05_dice_core,preop_time,0.004755765190460805,0.018595978101229912,0.07510968656983784,0.023986996548915902,-0.0007586161652070706,0.09070784576550953,1024
ses05_dice_core,diffusivity_ratio,-0.0012125824403654182,0.007129759602012156,0.013976591250662319,0.004939480084752742,-0.007826457099152681,0.015070370280267153,1024
ses05_dice_core,chemo_kill_rate,0.14394455689861357,0.05663797871514195,0.42756466315700237,0.0825638141629674,0.13392865698841117,0.4286846791384605,1024
ses05_dice_core,rt_alpha,0.1907644837381458,0.05426167405814228,0.5490424589688558,0.08920734565603372,0.1932761228630111,0.5390447369346948,1024
ses05_dice_core,rt_alpha_beta_ratio,-0.0009372104071363328,0.002862532714094786,0.002727366303778267,0.0021899796962465833,0.0006864092332944875,0.0010221897985980006,1024
ses05_dice_core,gaussian_seed_x_fraction,0.007743574852322421,0.02482671113069432,0.06864006985990762,0.015009753664507405,0.011446539592380955,0.06885704420566857,1024
ses05_dice_core,gaussian_seed_y_fraction,0.004431711132973415,0.022448844805221448,0.10077326801213587,0.02952769882004792,0.007301649645283266,0.09137149889555761,1024
ses05_dice_core,gaussian_seed_z_fraction,-0.00032126811887347664,0.016114080513412076,0.05644664947774323,0.01520198482934658,-0.00839089538689825,0.057561853163227795,1024
ses05_dice_core,core_threshold,0.010388469375665852,0.03237961946271988,0.12854158892660883,0.03808972783119962,0.03266234377406604,0.10053269904382867,1024
ses05_dice_core,edema_threshold_ratio,0.0,0.0,0.0,0.0,0.0,0.0,1024
ses05_dice_whole,front_speed_mm_per_day,0.1523635103772077,0.05292329923716613,0.2916558994608842,0.04175553954169269,0.19037731100951324,0.31231898228089383,1024
ses05_dice_whole,front_width_mm,0.05642195657083902,0.0402652444150308,0.22478725870429148,0.04001078789680788,0.060544971041940024,0.22468713047021568,1024
ses05_dice_whole,seed_peak_density,0.0002507464936087899,0.006392462139426657,0.005103628375910852,0.0008391725048255143,0.007025687423980506,0.004919455567776257,1024
ses05_dice_whole,seed_sigma_mm,0.0684997606893487,0.03596367834977071,0.1734668228306153,0.024061466332057278,0.0679845400422879,0.164665314380899,1024
ses05_dice_whole,preop_time,0.01796658260002484,0.02203831504942404,0.07896427539386988,0.016559459487008637,0.00856356834766857,0.08223297418041335,1024
ses05_dice_whole,diffusivity_ratio,-0.004918499086365754,0.007946488799316049,0.008160388794755112,0.0020107524426246273,-0.005181078754858413,0.007560266067932963,1024
ses05_dice_whole,chemo_kill_rate,0.06866957061776446,0.03669314378977079,0.20485551043481243,0.03980411571063229,0.05142648274539935,0.21356627976510442,1024
ses05_dice_whole,rt_alpha,0.22360181439702456,0.05675237804748092,0.42508225575971986,0.060676010362147,0.24301868772948146,0.42052694797930396,1024
ses05_dice_whole,rt_alpha_beta_ratio,0.002256608478256355,0.009686542062006321,0.010490768628505969,0.010451799001640264,0.00399094644899628,0.018883118099430152,1024
ses05_dice_whole,gaussian_seed_x_fraction,0.026197011399527875,0.020719217148419514,0.06174468482268278,0.010256239948833533,0.04082436941295468,0.058473601920294306,1024
ses05_dice_whole,gaussian_seed_y_fraction,-0.004496977111458043,0.01623922834752747,0.038874791459392675,0.007403982603673571,0.001493446765422803,0.040270941885474344,1024
ses05_dice_whole,gaussian_seed_z_fraction,0.03347735159005824,0.021444552610532342,0.06255070404279973,0.010686750189832717,0.03554451714141423,0.05759923929820045,1024
ses05_dice_whole,core_threshold,0.0008940669986426944,0.01722110382586067,0.03965701441766479,0.014549214953281929,0.004135649356584859,0.05263755648524774,1024
ses05_dice_whole,edema_threshold_ratio,0.004338629326146915,0.023133095664576775,0.08696738346862473,0.025062501816492878,-0.0007455567096856651,0.09118840312481262,1024
ses05_log10_V_core,front_speed_mm_per_day,0.08993761809667644,0.04158816504336418,0.21303707229543561,0.032624216494884915,0.11564131492780787,0.24146042308377647,1024
ses05_log10_V_core,front_width_mm,0.051578699820947385,0.04105826547414542,0.22507832444237272,0.0339194247804035,0.04172913339719349,0.23911757325744865,1024
ses05_log10_V_core,seed_peak_density,0.005665008443911437,0.01445473704841359,0.027052263002084614,0.008800020376104785,0.018131867594643643,0.025484540147625814,1024
ses05_log10_V_core,seed_sigma_mm,0.05763804724236,0.03480344825895727,0.1540457727660979,0.023293160391523755,0.05195062595861191,0.13439584531976256,1024
ses05_log10_V_core,preop_time,0.004853301118042974,0.01798497079399906,0.039879741498998984,0.00939750323073935,0.001024171026548811,0.038887145233769245,1024
ses05_log10_V_core,diffusivity_ratio,-0.00393027890158728,0.006706057900732619,0.00512329300191639,0.0032641946539626225,-0.009521555071803505,0.007494226819177359,1024
ses05_log10_V_core,chemo_kill_rate,0.3636744070547606,0.062135143684579175,0.6025105600032252,0.05846025516976892,0.33913965247048244,0.5824467816775591,1024
ses05_log10_V_core,rt_alpha,0.03976533124436338,0.027634209419730788,0.10110309061684518,0.01860943408635435,0.03718055115598139,0.10567329587313172,1024
ses05_log10_V_core,rt_alpha_beta_ratio,-0.0010929112856222925,0.0016602063588672792,0.00029981008085284885,0.00024891607538040126,-0.00038251696952734443,0.0001759986317735008,1024
ses05_log10_V_core,gaussian_seed_x_fraction,0.007555482646213264,0.019678726414751678,0.05424304343547518,0.012634533699804374,0.0136734689123463,0.05980524811877418,1024
ses05_log10_V_core,gaussian_seed_y_fraction,0.0009229474229875793,0.012730817763261895,0.02160580395675809,0.006679491757189218,0.005120397198420766,0.021730275085947437,1024
ses05_log10_V_core,gaussian_seed_z_fraction,0.0148233227555991,0.02273483698420331,0.07156672506824742,0.015288764873496393,0.006078744039929026,0.06838383770540599,1024
ses05_log10_V_core,core_threshold,0.014913828342617359,0.031547843892859515,0.13996305104354864,0.02851864054882753,0.004632005234416323,0.13321690564374775,1024
ses05_log10_V_core,edema_threshold_ratio,0.0,0.0,0.0,0.0,0.0,0.0,1024
ses05_log10_V_whole,front_speed_mm_per_day,0.08158869904447666,0.042790624834483613,0.19196518010938093,0.0393566574404507,0.06593238160767347,0.1852572842672938,1024
ses05_log10_V_whole,front_width_mm,0.1023686123764707,0.03736007651332166,0.2012541186987779,0.042183485018439215,0.12886548646695373,0.19759441996918592,1024
ses05_log10_V_whole,seed_peak_density,-0.0036438574678457764,0.008417875422055634,0.011158748255071285,0.004529760377291229,-0.005660195481530812,0.008591707035788529,1024
ses05_log10_V_whole,seed_sigma_mm,0.11319854453844864,0.0464927959505867,0.22342463180014693,0.03677625850639088,0.12560965925513254,0.2167321951620011,1024
ses05_log10_V_whole,preop_time,0.01816183829170651,0.015761910456726404,0.0320906943830033,0.010095277186958658,0.0072034746169788175,0.0320020750055729,1024
ses05_log10_V_whole,diffusivity_ratio,-0.005112511400846086,0.007697343950194786,0.005847408751214265,0.0032021717514432242,-0.005888026114005458,0.0056694483627787425,1024
ses05_log10_V_whole,chemo_kill_rate,0.28959113969393735,0.07427369454672302,0.4410611256243443,0.06300691074591,0.24828230896881076,0.3924950925378956,1024
ses05_log10_V_whole,rt_alpha,0.04914436502591677,0.04102854832339834,0.17376060439095556,0.03416602595667521,0.05797061960252181,0.17868479945226232,1024
ses05_log10_V_whole,rt_alpha_beta_ratio,0.002706902027686924,0.006234732638259797,0.003843214702430424,0.004575987379218778,0.0054771810407872185,0.006827138214738155,1024
ses05_log10_V_whole,gaussian_seed_x_fraction,0.015862353861036755,0.020443987860988794,0.058567614188701315,0.017392693375453003,0.017771588618489813,0.05794103596869032,1024
ses05_log10_V_whole,gaussian_seed_y_fraction,-0.0023711864761874492,0.012542811325814054,0.025519497382929846,0.008551359042418659,-0.00247070902211838,0.020264090285771506,1024
ses05_log10_V_whole,gaussian_seed_z_fraction,0.021206420351125604,0.026420806550238173,0.06387965333640545,0.019529590797444124,0.01853853755746837,0.07504743887297828,1024
ses05_log10_V_whole,core_threshold,0.016427502228651084,0.01885606822654292,0.05067566978535118,0.018346779156453854,0.009509743252719322,0.053065487070783554,1024
ses05_log10_V_whole,edema_threshold_ratio,0.014871275811703477,0.029732897443932236,0.12171704913665385,0.034898084806546784,0.019134950919980163,0.1028928977466678,1024
ses05_log_vol_ratio_core,front_speed_mm_per_day,0.08993761809667644,0.04158816504336417,0.2130370722954356,0.03262421649488493,0.11564131492780787,0.24146042308377647,1024
ses05_log_vol_ratio_core,front_width_mm,0.05157869982094738,0.04105826547414543,0.2250783244423727,0.033919424780403454,0.04172913339719349,0.23911757325744865,1024
ses05_log_vol_ratio_core,seed_peak_density,0.005665008443911441,0.014454737048413591,0.02705226300208461,0.00880002037610479,0.018131867594643643,0.025484540147625814,1024
ses05_log_vol_ratio_core,seed_sigma_mm,0.057638047242359984,0.034803448258957266,0.1540457727660979,0.023293160391523716,0.05195062595861191,0.13439584531976256,1024
ses05_log_vol_ratio_core,preop_time,0.004853301118042974,0.017984970793999064,0.039879741498998984,0.009397503230739348,0.0010241710265488128,0.038887145233769245,1024
ses05_log_vol_ratio_core,diffusivity_ratio,-0.003930278901587277,0.006706057900732623,0.005123293001916388,0.003264194653962622,-0.009521555071803505,0.007494226819177359,1024
ses05_log_vol_ratio_core,chemo_kill_rate,0.36367440705476056,0.062135143684579175,0.6025105600032251,0.05846025516976895,0.3391396524704824,0.5824467816775591,1024
ses05_log_vol_ratio_core,rt_alpha,0.039765331244363364,0.027634209419730785,0.10110309061684516,0.018609434086354338,0.037180551155981394,0.10567329587313172,1024
ses05_log_vol_ratio_core,rt_alpha_beta_ratio,-0.0010929112856222919,0.0016602063588672794,0.00029981008085284874,0.00024891607538040126,-0.00038251696952734486,0.00017599863177350077,1024
ses05_log_vol_ratio_core,gaussian_seed_x_fraction,0.00755548264621327,0.019678726414751678,0.05424304343547518,0.01263453369980438,0.0136734689123463,0.05980524811877418,1024
ses05_log_vol_ratio_core,gaussian_seed_y_fraction,0.0009229474229875838,0.012730817763261895,0.021605803956758086,0.006679491757189219,0.005120397198420766,0.021730275085947437,1024
ses05_log_vol_ratio_core,gaussian_seed_z_fraction,0.014823322755599107,0.022734836984203314,0.07156672506824742,0.015288764873496398,0.006078744039929025,0.06838383770540599,1024
ses05_log_vol_ratio_core,core_threshold,0.014913828342617366,0.03154784389285953,0.13996305104354861,0.02851864054882752,0.004632005234416323,0.13321690564374775,1024
ses05_log_vol_ratio_core,edema_threshold_ratio,0.0,0.0,0.0,0.0,0.0,0.0,1024
ses05_log_vol_ratio_whole,front_speed_mm_per_day,0.08158869904447666,0.04279062483448361,0.19196518010938093,0.0393566574404507,0.06593238160767347,0.1852572842672938,1024
ses05_log_vol_ratio_whole,front_width_mm,0.1023686123764707,0.03736007651332166,0.2012541186987779,0.042183485018439215,0.12886548646695373,0.19759441996918592,1024
ses05_log_vol_ratio_whole,seed_peak_density,-0.003643857467845777,0.008417875422055634,0.011158748255071285,0.004529760377291229,-0.005660195481530811,0.008591707035788529,1024
ses05_log_vol_ratio_whole,seed_sigma_mm,0.11319854453844864,0.0464927959505867,0.22342463180014693,0.03677625850639088,0.12560965925513254,0.2167321951620011,1024
ses05_log_vol_ratio_whole,preop_time,0.01816183829170651,0.015761910456726404,0.0320906943830033,0.010095277186958658,0.0072034746169788175,0.0320020750055729,1024
ses05_log_vol_ratio_whole,diffusivity_ratio,-0.005112511400846086,0.007697343950194786,0.005847408751214265,0.0032021717514432242,-0.005888026114005458,0.0056694483627787425,1024
ses05_log_vol_ratio_whole,chemo_kill_rate,0.28959113969393735,0.07427369454672302,0.4410611256243443,0.06300691074591,0.24828230896881076,0.3924950925378956,1024
ses05_log_vol_ratio_whole,rt_alpha,0.04914436502591677,0.04102854832339834,0.17376060439095556,0.03416602595667521,0.05797061960252181,0.17868479945226232,1024
ses05_log_vol_ratio_whole,rt_alpha_beta_ratio,0.002706902027686924,0.006234732638259797,0.0038432147024304235,0.004575987379218779,0.005477181040787219,0.006827138214738155,1024
ses05_log_vol_ratio_whole,gaussian_seed_x_fraction,0.015862353861036755,0.020443987860988794,0.058567614188701315,0.017392693375453003,0.017771588618489813,0.05794103596869032,1024
ses05_log_vol_ratio_whole,gaussian_seed_y_fraction,-0.0023711864761874497,0.012542811325814054,0.025519497382929846,0.008551359042418659,-0.00247070902211838,0.020264090285771506,1024
ses05_log_vol_ratio_whole,gaussian_seed_z_fraction,0.021206420351125597,0.026420806550238173,0.06387965333640545,0.019529590797444124,0.01853853755746837,0.07504743887297828,1024
ses05_log_vol_ratio_whole,core_threshold,0.016427502228651084,0.01885606822654292,0.05067566978535118,0.018346779156453854,0.009509743252719322,0.053065487070783554,1024
ses05_log_vol_ratio_whole,edema_threshold_ratio,0.014871275811703477,0.029732897443932236,0.12171704913665385,0.03489808480654678,0.019134950919980163,0.1028928977466678,1024
ses05_msd_core,front_speed_mm_per_day,0.12167900979326442,0.13897131240194568,0.4443390957716885,0.10490224513396039,0.2346428793960681,0.3905820899533632,241
ses05_msd_core,front_width_mm,0.20261474978375596,0.12617773451825362,0.33548719652890785,0.09375131263919113,0.2161783388061269,0.3510763073673547,241
ses05_msd_core,seed_peak_density,0.0016466866690283434,0.02352788884209568,0.02152222415761013,0.01679360155094831,0.005197075113126741,0.030631343405850334,241
ses05_msd_core,seed_sigma_mm,0.04924429404210754,0.10059248210200555,0.26127681570712885,0.0660225911146783,0.05429043132481438,0.25170330720059586,241
ses05_msd_core,preop_time,0.01717281046126948,0.06389229407027122,0.1230502555915695,0.04082130327513078,0.04824051361795132,0.11618161462483079,241
ses05_msd_core,diffusivity_ratio,-0.010884946685909894,0.020127459577171554,0.016111778189656437,0.008726540341068817,-0.006344879316469372,0.01083188784301108,241
ses05_msd_core,chemo_kill_rate,0.06044876217143048,0.052264808271087364,0.09421007594574096,0.040879557242816694,0.08495560931169398,0.12610563669815425,241
ses05_msd_core,rt_alpha,0.3669047874935731,0.1393264148782377,0.5250363365692838,0.13941518216006815,0.40590164080974506,0.4647115841548453,241
ses05_msd_core,rt_alpha_beta_ratio,-0.0024436630609959834,0.008815070151343056,0.0016798282677547808,0.0014049852992585093,-0.002407706241641976,0.0018633891722588053,241
ses05_msd_core,gaussian_seed_x_fraction,0.03725862437767813,0.04437231836597728,0.049925865624024804,0.01308933764799749,0.03861523435296468,0.04980077070019249,241
ses05_msd_core,gaussian_seed_y_fraction,-0.004395754048931359,0.0462840438970449,0.07275419922323391,0.02396853915906943,0.011919611322232898,0.06537080578853609,241
ses05_msd_core,gaussian_seed_z_fraction,-0.0050415320224115314,0.0352390964190444,0.029182787885767246,0.01023741662885831,-0.04895446753540592,0.036734192204220466,241
ses05_msd_core,core_threshold,0.08659557901309034,0.055776282521938655,0.08967559115622281,0.05108872787739512,0.08426081683445448,0.05601912839890566,241
ses05_msd_core,edema_threshold_ratio,0.0,0.0,0.0,0.0,0.0,0.0,241
ses05_msd_whole,front_speed_mm_per_day,0.2210441240199193,0.05911101548836671,0.2692440162101526,0.04197310123395845,0.26205861699056,0.28296870933920654,680
ses05_msd_whole,front_width_mm,0.07642254963599064,0.040325958504250296,0.1641079009528322,0.031111647098126433,0.09592495429275999,0.1659713252554819,680
ses05_msd_whole,seed_peak_density,0.0029445076798928953,0.008558441593418205,0.006841675210153214,0.0013408466821304005,0.007082715320698858,0.007229098000378259,680
ses05_msd_whole,seed_sigma_mm,0.21247511362466942,0.06177308736208752,0.300025177822151,0.038187654213579426,0.18324561463907726,0.28773826671119074,680
ses05_msd_whole,preop_time,0.038568647701537125,0.027118057509628646,0.05773949308138423,0.011351390033500254,0.03578330295581491,0.06333614436350057,680
ses05_msd_whole,diffusivity_ratio,0.00490832489917229,0.008634594081013417,0.004557520173422954,0.0013674417383982723,0.00982390741475144,0.004387359936145852,680
ses05_msd_whole,chemo_kill_rate,0.041760596018262146,0.03790338913295301,0.0958179412885528,0.025581194296905137,0.06309178658316719,0.12544297462269902,680
ses05_msd_whole,rt_alpha,0.2321834650916722,0.06539704768992553,0.2992580217873448,0.045686593159955956,0.26440080701445157,0.3021994574338786,680
ses05_msd_whole,rt_alpha_beta_ratio,-0.0008444098187992013,0.005007251605129846,0.002827724905264835,0.002049425293208711,-0.00048828040356135334,0.00374819613115376,680
ses05_msd_whole,gaussian_seed_x_fraction,0.03538243437670292,0.021055226433052795,0.0412499429292855,0.007088466507220638,0.05080651699162046,0.043733158706214185,680
ses05_msd_whole,gaussian_seed_y_fraction,0.03186576449342288,0.025183595173933367,0.04563503982080111,0.008207497147786196,0.02588460550357371,0.04623437597936262,680
ses05_msd_whole,gaussian_seed_z_fraction,0.0024634899345524013,0.015566642989852261,0.024114981269314446,0.005545653993712966,0.00394130605929482,0.021886585972473383,680
ses05_msd_whole,core_threshold,0.009234065733941718,0.01460624164597078,0.01725895983161959,0.0058887142957931,0.014546205589433571,0.02031128297802944,680
ses05_msd_whole,edema_threshold_ratio,0.037732308778863,0.02491998636005069,0.05504878502154089,0.01686774500842862,0.03191047731472508,0.04529817236950272,680
ses05_hd95_core,front_speed_mm_per_day,0.050080235209789555,0.14714410502508424,0.5222583757760489,0.12102273975488288,0.19414133306538184,0.4453351321970308,241
ses05_hd95_core,front_width_mm,0.1136370830065266,0.11932184738295651,0.38519900231548904,0.10865665281443804,0.17639903198068527,0.38216625174164554,241
ses05_hd95_core,seed_peak_density,0.013744430361428533,0.03082471084106081,0.01906142854178763,0.01024694342623735,0.022905582573136365,0.024734859211935876,241
ses05_hd95_core,seed_sigma_mm,-0.005602875140528705,0.11131819027889223,0.3845045724796174,0.10482301072101395,0.024160244848605808,0.3998612910060083,241
ses05_hd95_core,preop_time,0.016226515063001788,0.08437774018971701,0.22370661964790964,0.08332204160416921,0.05393728460314476,0.23524750364923921,241
ses05_hd95_core,diffusivity_ratio,-0.008359511541262203,0.01781476601115091,0.026824070825580408,0.013847594759623135,-0.004254736671603495,0.017633010426203275,241
ses05_hd95_core,chemo_kill_rate,0.04436267764954529,0.04325343383376843,0.06935900883066459,0.032388574578520186,0.06408881006730471,0.0973930413524835,241
ses05_hd95_core,rt_alpha,0.19329651939003192,0.11740892204013481,0.41788507897119676,0.11628471540472556,0.27426666411676626,0.3600769302805965,241
ses05_hd95_core,rt_alpha_beta_ratio,-0.006107497680511677,0.01009786715688271,0.002176613476425742,0.0030429844328848767,-0.011599887119658077,0.0033886682377141895,241
ses05_hd95_core,gaussian_seed_x_fraction,0.0027183873924681804,0.05608732394390262,0.11029267012632826,0.029530442608272294,0.0021427292858528157,0.11478853327507045,241
ses05_hd95_core,gaussian_seed_y_fraction,0.031187844380649254,0.06471304716146153,0.177661192224224,0.06383799725306268,0.033285068915074635,0.1694642593088935,241
ses05_hd95_core,gaussian_seed_z_fraction,-0.007871802806667397,0.03961981312222286,0.05929406656472144,0.0208584958382673,-0.04851317987417577,0.06624658249753891,241
ses05_hd95_core,core_threshold,0.044093473807571615,0.04984276911715884,0.07004396186712443,0.037167595012527296,0.04289149103653367,0.04964606379531852,241
ses05_hd95_core,edema_threshold_ratio,0.0,0.0,0.0,0.0,0.0,0.0,241
ses05_hd95_whole,front_speed_mm_per_day,0.26523852414227866,0.06504208215668263,0.2974589531699585,0.03716071051270151,0.27828247694971153,0.2868440583441145,680
ses05_hd95_whole,front_width_mm,0.0957749610737151,0.040006530818582,0.16017792638462466,0.02891079667154142,0.1069608156902704,0.16359663257159018,680
ses05_hd95_whole,seed_peak_density,0.004518181289485702,0.008001196353669863,0.006185441008233292,0.0020052985919531588,0.00511149929159151,0.006159422960133641,680
ses05_hd95_whole,seed_sigma_mm,0.21747330712569937,0.05088587683832022,0.23873861075286112,0.028821416651262734,0.2327586437028394,0.23273470097820392,680
ses05_hd95_whole,preop_time,0.05562787746635948,0.03335107198342813,0.07480375852259985,0.013912077273413108,0.07785604637672072,0.07962282091597163,680
ses05_hd95_whole,diffusivity_ratio,0.006555660505770442,0.007638201429052548,0.005124336949598225,0.0018378907396006594,0.007537139024142103,0.005389167130692421,680
ses05_hd95_whole,chemo_kill_rate,0.020271094625013343,0.024869356937255224,0.04739347048227758,0.012151571318958465,0.027838181766959846,0.05931226210363082,680
ses05_hd95_whole,rt_alpha,0.10565936515502748,0.04074175049323682,0.1453426306633552,0.025485414846284048,0.1103194747726644,0.14687145173008842,680
ses05_hd95_whole,rt_alpha_beta_ratio,0.0001165616770686691,0.0028220120426243164,0.0012140748382114901,0.0011292439075585778,0.0004961358187295292,0.0018608819804932163,680
ses05_hd95_whole,gaussian_seed_x_fraction,0.16563488842703314,0.03750645554988579,0.1481794968972393,0.019120999733209663,0.1750791959010953,0.14547750636651707,680
ses05_hd95_whole,gaussian_seed_y_fraction,0.03492064406871519,0.023640792457666378,0.04631532307979505,0.007502918044979809,0.03879968930328378,0.04603187282695412,680
ses05_hd95_whole,gaussian_seed_z_fraction,0.008689525267810569,0.016281969402264167,0.027693258191135606,0.0044302794355758806,0.01248334706803786,0.024420846573451307,680
ses05_hd95_whole,core_threshold,0.007017833836704403,0.008549485911619236,0.007971945510084826,0.002456654753360638,0.007750622242569769,0.00900861349610498,680
ses05_hd95_whole,edema_threshold_ratio,0.024200215179914292,0.015585859731234128,0.025052796437245835,0.007218414610802411,0.021517116614920458,0.019784828232387613,680
ses05_dice_star_core,front_speed_mm_per_day,0.04281728173619055,0.04320771686176997,0.2175819552340342,0.039975931523556565,0.06937396605051947,0.23698344252790357,1024
ses05_dice_star_core,front_width_mm,0.02197290287287298,0.050818371889262234,0.3063066186318876,0.05602166308242681,0.022860940997953164,0.29337832487293786,1024
ses05_dice_star_core,seed_peak_density,0.0024803144721381918,0.007004923354001853,0.0076201137655854175,0.002322553608784063,0.002144429516019884,0.009545945182369718,1024
ses05_dice_star_core,seed_sigma_mm,0.01703571470677839,0.03165477951966922,0.15680854598837923,0.028504039026132192,0.022813384609410833,0.1709108295987658,1024
ses05_dice_star_core,preop_time,0.008514729063210888,0.020516290557187712,0.056388811586176854,0.017905046090244674,0.008747232014081485,0.06807561493410799,1024
ses05_dice_star_core,diffusivity_ratio,0.009772105023027102,0.010996372869316784,0.014325060773853926,0.0043899884932890425,0.010574255814770004,0.016749569343380562,1024
ses05_dice_star_core,chemo_kill_rate,0.09081611520444784,0.04309849367434969,0.26529578608377646,0.051025453592220556,0.07886428821048667,0.26715653993759697,1024
ses05_dice_star_core,rt_alpha,0.26670552735980024,0.05871779151406029,0.5157067621869824,0.06858113127826056,0.28518210356702406,0.5218911054085582,1024
ses05_dice_star_core,rt_alpha_beta_ratio,-0.0016055387489045778,0.003542421899931625,0.0029129179535421013,0.0016846276076319068,-0.0008389458602739831,0.003389878848898291,1024
ses05_dice_star_core,gaussian_seed_x_fraction,0.021389173266590573,0.024036168089790956,0.07935255586364903,0.012004087735016152,0.02274528499376596,0.07359204676983094,1024
ses05_dice_star_core,gaussian_seed_y_fraction,0.01840679681145124,0.029632763535210747,0.12895442298181745,0.023582746448324997,0.01613901020611705,0.11592301062418617,1024
ses05_dice_star_core,gaussian_seed_z_fraction,0.04421666180845219,0.023484312434115896,0.07378385054909217,0.015563404853791056,0.04814625436748767,0.07873177720008587,1024
ses05_dice_star_core,core_threshold,0.0,0.0,0.0,0.0,0.0,0.0,1024
ses05_dice_star_core,edema_threshold_ratio,0.0,0.0,0.0,0.0,0.0,0.0,1024
ses05_dice_star_whole,front_speed_mm_per_day,0.181322697360442,0.05166079096657621,0.3111604497201002,0.041165644857042494,0.19903349439348128,0.3215004986481856,1024
ses05_dice_star_whole,front_width_mm,0.06335102222568684,0.03581379604977031,0.1668854403733841,0.0324081359555674,0.08246682484504125,0.15372403806888374,1024
ses05_dice_star_whole,seed_peak_density,0.005281127546280163,0.006299532309828396,0.0046714820443869,0.0007592919209272394,0.010520581455179404,0.003980732252901493,1024
ses05_dice_star_whole,seed_sigma_mm,0.08605119920874145,0.04192119692390097,0.21265219740638608,0.026641428509281563,0.06586994336054879,0.21387343190189245,1024
ses05_dice_star_whole,preop_time,0.02633823367093318,0.022795887794014015,0.07559883690449591,0.014032373743865631,0.020105899295344707,0.07500924751228659,1024
ses05_dice_star_whole,diffusivity_ratio,-0.003492419887241989,0.009010701617977485,0.009308189744058224,0.0021291720620860116,-0.004886990177126722,0.008369916719671959,1024
ses05_dice_star_whole,chemo_kill_rate,0.03701740225145836,0.031479556327461175,0.11232119838850887,0.026656443844138705,0.03342355009870751,0.11195551891555454,1024
ses05_dice_star_whole,rt_alpha,0.28362232885419525,0.05863397743934019,0.40145296137730296,0.05682019869864206,0.2955086722491821,0.4049496993135684,1024
ses05_dice_star_whole,rt_alpha_beta_ratio,0.0011808666036098427,0.002887648167757457,0.0030901599892921346,0.0025195413687784285,0.00025179044813232904,0.0037396663443908878,1024
ses05_dice_star_whole,gaussian_seed_x_fraction,0.04294361557871928,0.02374689151131742,0.08208654419190925,0.012042984007953146,0.05690362741279242,0.08313150541742022,1024
ses05_dice_star_whole,gaussian_seed_y_fraction,0.014883631454013993,0.02082695453653593,0.058734980976523285,0.009100238527578297,0.016252879019466544,0.05859737296595494,1024
ses05_dice_star_whole,gaussian_seed_z_fraction,0.05569520073973862,0.025034097607587534,0.08414285574827583,0.01269456854844297,0.05696334095442324,0.07806233813333531,1024
ses05_dice_star_whole,core_threshold,0.0,0.0,0.0,0.0,0.0,0.0,1024
ses05_dice_star_whole,edema_threshold_ratio,0.0,0.0,0.0,0.0,0.0,0.0,1024
ses05_core_threshold_star,front_speed_mm_per_day,0.1995528869578264,0.07214255860288489,0.3921847737875945,0.07288160260429469,0.17319954739557905,0.40962740567696343,1024
ses05_core_threshold_star,front_width_mm,0.06887457935866263,0.042511680770269254,0.35494025585904804,0.07183818144347501,0.07033439129260846,0.35775584511229463,1024
ses05_core_threshold_star,seed_peak_density,-0.002472063959457789,0.012440271279140413,0.020670707450343297,0.00917119607958254,0.009079344098466372,0.017371506231259132,1024
ses05_core_threshold_star,seed_sigma_mm,0.09257004753313419,0.06057554673222869,0.3548781816625004,0.0753218976251644,0.1029283275891768,0.3154811306474123,1024
ses05_core_threshold_star,preop_time,0.030081192018555584,0.03373320232103629,0.17182137604369446,0.04934171467973079,0.04739958284279042,0.15585763982311515,1024
ses05_core_threshold_star,diffusivity_ratio,-0.0008271886799458379,0.011733799418250864,0.04115519231104386,0.021478474005677664,-0.002877950553275457,0.03595780310806085,1024
ses05_core_threshold_star,chemo_kill_rate,0.04213905923342307,0.03895141343631702,0.26033918032053993,0.06134396553878577,0.024344185067660534,0.2632451328890806,1024
ses05_core_threshold_star,rt_alpha,0.09851333360106873,0.048435934763400225,0.4592869802555257,0.0912649069576092,0.05744568794400957,0.49745676934969313,1024
ses05_core_threshold_star,rt_alpha_beta_ratio,0.0031642003438631635,0.0033360944978688017,0.0036623775963070698,0.002202509090934422,0.00466855077848625,0.0025510603556394536,1024
ses05_core_threshold_star,gaussian_seed_x_fraction,0.02577784833194541,0.026996306604509662,0.15909616575144106,0.04745010463437849,0.019123669721200776,0.14905481220807656,1024
ses05_core_threshold_star,gaussian_seed_y_fraction,0.019294716797844412,0.0340048039071702,0.14928844269692382,0.044175925538453634,0.023083899088859605,0.1799104946048585,1024
ses05_core_threshold_star,gaussian_seed_z_fraction,0.019998795190765254,0.030692857567288276,0.11775475085075447,0.03793103992743759,0.029192522489049084,0.12536639461999596,1024
ses05_core_threshold_star,core_threshold,0.0,0.0,0.0,0.0,0.0,0.0,1024
ses05_core_threshold_star,edema_threshold_ratio,0.0,0.0,0.0,0.0,0.0,0.0,1024
ses05_edema_threshold_star,front_speed_mm_per_day,0.16329132814072914,0.08032239364485604,0.5274361031139915,0.1258716921874535,0.1715054905188861,0.4838916594411082,1024
ses05_edema_threshold_star,front_width_mm,0.031965180220131104,0.05641500187460388,0.3546095561187779,0.10006515233376889,0.043239724581774386,0.3750494232558727,1024
ses05_edema_threshold_star,seed_peak_density,0.012657141535134203,0.03480613808956223,0.024547340648072555,0.0166922933331213,0.02220193728294797,0.024483938610175667,1024
ses05_edema_threshold_star,seed_sigma_mm,0.05039096516450875,0.050262782184448455,0.3751762469320279,0.10416432716013854,0.07813651013016439,0.3714881230943926,1024
ses05_edema_threshold_star,preop_time,0.06381274100578468,0.05523846266044726,0.21340706058909928,0.07071254315350416,0.11600341870904177,0.19676183392177535,1024
ses05_edema_threshold_star,diffusivity_ratio,0.030706528091878037,0.04278587788853055,0.07275743309203488,0.03754916528149707,0.04804945781682998,0.09014541033746495,1024
ses05_edema_threshold_star,chemo_kill_rate,-0.012068990371727624,0.017710800629960482,0.11676572848812891,0.04912670843817484,-0.012866185841875582,0.11284869886690056,1024
ses05_edema_threshold_star,rt_alpha,0.04514696598279663,0.045060119247488935,0.3118175703944352,0.09206860530617003,0.025333507804581486,0.3156202268111736,1024
ses05_edema_threshold_star,rt_alpha_beta_ratio,1.828135816760849e-19,0.0010051337694302557,0.0015480304913198912,0.0008313814145403254,1.488887445631862e-19,0.001780650080740048,1024
ses05_edema_threshold_star,gaussian_seed_x_fraction,0.034508359672401935,0.04467005639633648,0.20765723304991113,0.07031160568790952,0.053135787393162624,0.18808116477816764,1024
ses05_edema_threshold_star,gaussian_seed_y_fraction,-0.0017856854583667568,0.024954741395993935,0.20268142075638287,0.07941432219920937,-0.00020932202487215922,0.21501349724936084,1024
ses05_edema_threshold_star,gaussian_seed_z_fraction,-0.013144154022554966,0.04935010939130012,0.16508639453861412,0.06219808192588447,-0.008915911886513113,0.1876360022579826,1024
ses05_edema_threshold_star,core_threshold,0.0,0.0,0.0,0.0,0.0,0.0,1024
ses05_edema_threshold_star,edema_threshold_ratio,0.0,0.0,0.0,0.0,0.0,0.0,1024
ses05_dice_core_fixed,front_speed_mm_per_day,0.04694104622000746,0.0613232293301209,0.32474055669385127,0.06127206724519245,0.1067274415673614,0.34165215253232345,1024
ses05_dice_core_fixed,front_width_mm,0.0699437909403687,0.055454647620832034,0.3908427689980512,0.07648532801650991,0.07223561482393541,0.4197299857804635,1024
ses05_dice_core_fixed,seed_peak_density,-0.001831591230492535,0.009872947841233347,0.014596020965111657,0.00781789020707228,0.0076459792704347915,0.017948592663639483,1024
ses05_dice_core_fixed,seed_sigma_mm,0.01079329268756541,0.03504556112392544,0.20712999545719324,0.04939218905910712,0.018092046813673004,0.1892299873535998,1024
ses05_dice_core_fixed,preop_time,0.0034249098294225166,0.020211059720255647,0.08963461751174463,0.0317844934341156,-0.0017182486864842183,0.09660808246071659,1024
ses05_dice_core_fixed,diffusivity_ratio,0.001297863343414169,0.007921876797113618,0.018146253454594134,0.01372361522688337,-0.005197678161546076,0.012949860331507745,1024
ses05_dice_core_fixed,chemo_kill_rate,0.17186346943250114,0.06041144714606407,0.43833324837457466,0.08168248718059658,0.15403158495725564,0.4101518912015947,1024
ses05_dice_core_fixed,rt_alpha,0.18540024084347395,0.057605238942012076,0.6159688694388639,0.09560141063290657,0.17885863196552215,0.6050361422997684,1024
ses05_dice_core_fixed,rt_alpha_beta_ratio,-0.0020516473286488666,0.0045338018641991485,0.006499649715249258,0.005128894036074285,0.0015042133039069585,0.0071367525465802495,1024
ses05_dice_core_fixed,gaussian_seed_x_fraction,0.013129298839079671,0.021671626253554448,0.06348188554327246,0.01569497689423088,0.01568243437822245,0.0530493532406362,1024
ses05_dice_core_fixed,gaussian_seed_y_fraction,-0.002603025739430987,0.01891840431741773,0.0867608273059549,0.025408830827533698,0.00290677390092741,0.09144174049007538,1024
ses05_dice_core_fixed,gaussian_seed_z_fraction,-0.0002156476859077627,0.017712334116732162,0.06590784709279639,0.019413008371218333,-0.018924261808320353,0.04959347905810994,1024
ses05_dice_core_fixed,core_threshold,0.0,0.0,0.0,0.0,0.0,0.0,1024
ses05_dice_core_fixed,edema_threshold_ratio,0.0,0.0,0.0,0.0,0.0,0.0,1024
ses05_dice_whole_fixed,front_speed_mm_per_day,0.1488937363698542,0.05233659314705753,0.28946177063146483,0.04235585095017038,0.1753745603138226,0.3024869015148495,1024
ses05_dice_whole_fixed,front_width_mm,0.060760876192798005,0.04181249318153628,0.24468439889868784,0.04422486532051404,0.08012748954558951,0.2642316322653915,1024
ses05_dice_whole_fixed,seed_peak_density,-0.0005498975390526219,0.0065652247507699026,0.005284341853685498,0.0011192416808269063,0.005689912631207039,0.0051123729905924375,1024
ses05_dice_whole_fixed,seed_sigma_mm,0.06692231981411709,0.035911574694290356,0.17146628437360062,0.02479653939814582,0.07315012854460162,0.17029144839673263,1024
ses05_dice_whole_fixed,preop_time,0.02021905360276422,0.021954227734962733,0.07735176735416492,0.017553643199564265,0.014444131143575109,0.08140988415802523,1024
ses05_dice_whole_fixed,diffusivity_ratio,-0.001891573172236417,0.007506988181542685,0.007612371797022831,0.00187966238622683,-0.003223463420042239,0.007120686103982067,1024
ses05_dice_whole_fixed,chemo_kill_rate,0.06256615942968365,0.04022641746358547,0.23765352609389506,0.04743374096755725,0.06647959406407379,0.24115690419608005,1024
ses05_dice_whole_fixed,rt_alpha,0.22627399225927877,0.05502194171519912,0.45516357322069884,0.06391941031869258,0.24818086384665486,0.4655279484422956,1024
ses05_dice_whole_fixed,rt_alpha_beta_ratio,0.0013035837553349843,0.0052739794709068585,0.004545840552964829,0.004140101322397001,0.0039068428383633984,0.004540785512397692,1024
ses05_dice_whole_fixed,gaussian_seed_x_fraction,0.02681892310724835,0.01954037685125786,0.05652170571102749,0.009882837517080937,0.03561123082861089,0.051676380624881925,1024
ses05_dice_whole_fixed,gaussian_seed_y_fraction,-0.0078115195607221365,0.015045455282269454,0.03690324560436408,0.007239063611197968,-0.001969024279812057,0.03927031717570995,1024
ses05_dice_whole_fixed,gaussian_seed_z_fraction,0.03051536926732668,0.02108868937132907,0.05678290680453549,0.00959184928333742,0.032203404582867697,0.05626184503088075,1024
ses05_dice_whole_fixed,core_threshold,0.0,0.0,0.0,0.0,0.0,0.0,1024
ses05_dice_whole_fixed,edema_threshold_ratio,0.0,0.0,0.0,0.0,0.0,0.0,1024
ses05_log10_V_core_fixed,front_speed_mm_per_day,0.07543974344383544,0.038890490179551596,0.2022888110487052,0.032650524244390085,0.12623697911394582,0.22855603296966923,1024
ses05_log10_V_core_fixed,front_width_mm,0.07961337992244598,0.03938370750796116,0.20402091980276985,0.030649530105881465,0.09198903850804847,0.22669312024322055,1024
ses05_log10_V_core_fixed,seed_peak_density,0.006783050052174109,0.01392119122738759,0.023289489395592566,0.0075343367388542625,0.012414066095029864,0.02805956134650897,1024
ses05_log10_V_core_fixed,seed_sigma_mm,0.05512899404304024,0.03391903452086209,0.1518238789433189,0.023302888265757334,0.049490945128383035,0.15127792715542684,1024
ses05_log10_V_core_fixed,preop_time,0.012677265072745206,0.018075017668388066,0.0406163161492084,0.01017377518251064,0.011349742857974555,0.0359594021891952,1024
ses05_log10_V_core_fixed,diffusivity_ratio,-0.0006668661022342272,0.006320494076817681,0.00633409455179923,0.0030148910975108865,-0.004181685046675629,0.005323741568508143,1024
ses05_log10_V_core_fixed,chemo_kill_rate,0.3910391518177806,0.06517442836450188,0.599292652485346,0.05846128322718842,0.40021949497822623,0.5864429497237515,1024
ses05_log10_V_core_fixed,rt_alpha,0.039928498770354336,0.027441165029194154,0.10980644150116066,0.02000738332604178,0.03701198563203869,0.1023867812443844,1024
ses05_log10_V_core_fixed,rt_alpha_beta_ratio,-0.0002947842547326197,0.0013360817184860504,0.00020306768164466497,0.00010865364491850744,0.00016381683116779386,0.00022453021080996656,1024
ses05_log10_V_core_fixed,gaussian_seed_x_fraction,0.00645169999949367,0.0192754534252959,0.04843324958822002,0.01145900933261772,0.012951275338453583,0.05088676070037398,1024
ses05_log10_V_core_fixed,gaussian_seed_y_fraction,-0.0034682850361535786,0.01431368775096811,0.027228032531908652,0.0072706322375532435,-0.005937781468441757,0.027405267803891537,1024
ses05_log10_V_core_fixed,gaussian_seed_z_fraction,0.026925963323939137,0.021737573559317127,0.06327877646597412,0.013622850772473388,0.02837475626409045,0.05721155079756629,1024
ses05_log10_V_core_fixed,core_threshold,0.0,0.0,0.0,0.0,0.0,0.0,1024
ses05_log10_V_core_fixed,edema_threshold_ratio,0.0,0.0,0.0,0.0,0.0,0.0,1024
ses05_log10_V_whole_fixed,front_speed_mm_per_day,0.07200919386446224,0.040439478879454496,0.18216013153038432,0.03921142912601499,0.07780551030464411,0.17962945649301715,1024
ses05_log10_V_whole_fixed,front_width_mm,0.07122061075958586,0.03860450124204193,0.20120127889090694,0.039628069050901035,0.08910542730100046,0.16249259624432794,1024
ses05_log10_V_whole_fixed,seed_peak_density,0.0021565870951724166,0.009029032638648408,0.01084420597123246,0.0036907526001850504,0.001922896293577073,0.009740378825439332,1024
ses05_log10_V_whole_fixed,seed_sigma_mm,0.08517314778867423,0.04309315207476099,0.2024483922181802,0.03185804714854821,0.1086875493002402,0.21589475578101042,1024
ses05_log10_V_whole_fixed,preop_time,0.00416419724752131,0.016441860469808642,0.032206457612802455,0.010764875201076947,0.0016958018189878231,0.031272597703924376,1024
ses05_log10_V_whole_fixed,diffusivity_ratio,0.002047807087165231,0.009176201045363631,0.009253930887584203,0.0049643834960649055,0.004754491262608433,0.011062575773387309,1024
ses05_log10_V_whole_fixed,chemo_kill_rate,0.3951288437685853,0.08519029340409166,0.5499239848358913,0.06636437540771782,0.3990804707159453,0.5396959421619224,1024
ses05_log10_V_whole_fixed,rt_alpha,0.0521092427052421,0.03834152812914603,0.15825084609862083,0.029978570365723503,0.06604484979061885,0.15892984725180997,1024
ses05_log10_V_whole_fixed,rt_alpha_beta_ratio,0.001312675022867923,0.0022595379932084177,0.0012994813217051895,0.0012009774275098817,0.002883114470956814,0.0021964056243103046,1024
ses05_log10_V_whole_fixed,gaussian_seed_x_fraction,0.019367778214521937,0.021178773129696626,0.05439666246690519,0.015060210929287554,0.022973054367941597,0.05517048010937879,1024
ses05_log10_V_whole_fixed,gaussian_seed_y_fraction,-0.0026434264583225097,0.013800179979674667,0.023581831807161217,0.007636735152287922,-0.0035251452326273474,0.023410131857815566,1024
ses05_log10_V_whole_fixed,gaussian_seed_z_fraction,0.02281714418022201,0.02387108987733866,0.06019972381589654,0.01807088507954667,0.01878098743736664,0.06343845819864755,1024
ses05_log10_V_whole_fixed,core_threshold,0.0,0.0,0.0,0.0,0.0,0.0,1024
ses05_log10_V_whole_fixed,edema_threshold_ratio,0.0,0.0,0.0,0.0,0.0,0.0,1024
ses05_log_vol_ratio_core_fixed,front_speed_mm_per_day,0.07543974344383544,0.038890490179551596,0.2022888110487052,0.03265052424439009,0.1262369791139458,0.2285560329696692,1024
ses05_log_vol_ratio_core_fixed,front_width_mm,0.07961337992244598,0.03938370750796116,0.20402091980276985,0.030649530105881458,0.09198903850804846,0.2266931202432205,1024
ses05_log_vol_ratio_core_fixed,seed_peak_density,0.00678305005217411,0.013921191227387593,0.023289489395592566,0.007534336738854264,0.012414066095029862,0.028059561346508964,1024
ses05_log_vol_ratio_core_fixed,seed_sigma_mm,0.05512899404304024,0.0339190345208621,0.1518238789433189,0.023302888265757334,0.049490945128383035,0.15127792715542682,1024
ses05_log_vol_ratio_core_fixed,preop_time,0.012677265072745204,0.018075017668388066,0.0406163161492084,0.01017377518251064,0.011349742857974557,0.035959402189195196,1024
ses05_log_vol_ratio_core_fixed,diffusivity_ratio,-0.0006668661022342278,0.006320494076817681,0.00633409455179923,0.0030148910975108874,-0.004181685046675632,0.005323741568508142,1024
ses05_log_vol_ratio_core_fixed,chemo_kill_rate,0.3910391518177806,0.06517442836450188,0.599292652485346,0.058461283227188424,0.4002194949782261,0.5864429497237514,1024
ses05_log_vol_ratio_core_fixed,rt_alpha,0.03992849877035433,0.027441165029194158,0.10980644150116066,0.020007383326041784,0.03701198563203869,0.1023867812443844,1024
ses05_log_vol_ratio_core_fixed,rt_alpha_beta_ratio,-0.0002947842547326199,0.0013360817184860504,0.000203067681644665,0.00010865364491850746,0.00016381683116779348,0.00022453021080996664,1024
ses05_log_vol_ratio_core_fixed,gaussian_seed_x_fraction,0.006451699999493671,0.0192754534252959,0.04843324958822002,0.01145900933261772,0.012951275338453583,0.050886760700373956,1024
ses05_log_vol_ratio_core_fixed,gaussian_seed_y_fraction,-0.003468285036153578,0.014313687750968111,0.027228032531908655,0.007270632237553243,-0.005937781468441758,0.027405267803891527,1024
ses05_log_vol_ratio_core_fixed,gaussian_seed_z_fraction,0.026925963323939133,0.021737573559317127,0.06327877646597412,0.013622850772473388,0.028374756264090435,0.05721155079756627,1024
ses05_log_vol_ratio_core_fixed,core_threshold,0.0,0.0,0.0,0.0,0.0,0.0,1024
ses05_log_vol_ratio_core_fixed,edema_threshold_ratio,0.0,0.0,0.0,0.0,0.0,0.0,1024
ses05_log_vol_ratio_whole_fixed,front_speed_mm_per_day,0.07200919386446224,0.040439478879454496,0.18216013153038432,0.03921142912601499,0.07780551030464412,0.17962945649301715,1024
ses05_log_vol_ratio_whole_fixed,front_width_mm,0.07122061075958586,0.03860450124204193,0.20120127889090694,0.03962806905090104,0.08910542730100045,0.16249259624432794,1024
ses05_log_vol_ratio_whole_fixed,seed_peak_density,0.002156587095172415,0.009029032638648408,0.01084420597123246,0.003690752600185051,0.001922896293577081,0.00974037882543933,1024
ses05_log_vol_ratio_whole_fixed,seed_sigma_mm,0.08517314778867423,0.043093152074760985,0.2024483922181802,0.03185804714854821,0.1086875493002402,0.21589475578101036,1024
ses05_log_vol_ratio_whole_fixed,preop_time,0.004164197247521311,0.016441860469808642,0.032206457612802455,0.010764875201076947,0.0016958018189878298,0.031272597703924376,1024
ses05_log_vol_ratio_whole_fixed,diffusivity_ratio,0.002047807087165231,0.009176201045363631,0.009253930887584203,0.0049643834960649055,0.004754491262608437,0.011062575773387307,1024
ses05_log_vol_ratio_whole_fixed,chemo_kill_rate,0.39512884376858526,0.08519029340409166,0.5499239848358913,0.06636437540771782,0.3990804707159453,0.5396959421619223,1024
ses05_log_vol_ratio_whole_fixed,rt_alpha,0.0521092427052421,0.03834152812914603,0.15825084609862083,0.0299785703657235,0.06604484979061885,0.15892984725180997,1024
ses05_log_vol_ratio_whole_fixed,rt_alpha_beta_ratio,0.0013126750228679225,0.0022595379932084177,0.0012994813217051895,0.0012009774275098817,0.0028831144709568156,0.0021964056243103038,1024
ses05_log_vol_ratio_whole_fixed,gaussian_seed_x_fraction,0.019367778214521937,0.021178773129696626,0.05439666246690519,0.015060210929287556,0.02297305436794159,0.05517048010937878,1024
ses05_log_vol_ratio_whole_fixed,gaussian_seed_y_fraction,-0.002643426458322511,0.013800179979674669,0.023581831807161217,0.007636735152287924,-0.0035251452326273405,0.023410131857815562,1024
ses05_log_vol_ratio_whole_fixed,gaussian_seed_z_fraction,0.02281714418022201,0.02387108987733866,0.06019972381589654,0.01807088507954667,0.01878098743736664,0.06343845819864755,1024
ses05_log_vol_ratio_whole_fixed,core_threshold,0.0,0.0,0.0,0.0,0.0,0.0,1024
ses05_log_vol_ratio_whole_fixed,edema_threshold_ratio,0.0,0.0,0.0,0.0,0.0,0.0,1024
ses05_msd_core_fixed,front_speed_mm_per_day,0.12900761338532973,0.093797808604562,0.3580561906463457,0.10257776303100277,0.14207756740773644,0.3786338152546668,267
ses05_msd_core_fixed,front_width_mm,0.270873975401688,0.14015053243579423,0.45841073197817267,0.10632404336011378,0.38494498176360326,0.5407855215000114,267
ses05_msd_core_fixed,seed_peak_density,0.027209136821365273,0.05593897251635506,0.026539682247697843,0.017992935477411296,-0.0023710211711672996,0.024902762071437635,267
ses05_msd_core_fixed,seed_sigma_mm,0.06595365000175192,0.10859999615812506,0.2719748930397408,0.06892199093776273,-0.02981865207677297,0.23869621017003861,267
ses05_msd_core_fixed,preop_time,0.04037249896277151,0.05362549143236932,0.10664199033442114,0.03627261835090503,0.0590836995629234,0.11028469341281677,267
ses05_msd_core_fixed,diffusivity_ratio,0.022564461399459917,0.03993064660516719,0.020733584927020248,0.015022951660698725,-0.011554710598352079,0.011115201453950965,267
ses05_msd_core_fixed,chemo_kill_rate,0.027835797260864145,0.049940772749964814,0.08252976728241944,0.03728785341268061,0.027037642521769746,0.09111955395284231,267
ses05_msd_core_fixed,rt_alpha,0.3822576538367994,0.12313757152262779,0.5221184883052832,0.1316111866561065,0.425717126877587,0.5183066766979569,267
ses05_msd_core_fixed,rt_alpha_beta_ratio,0.00412991729564685,0.01062343997620484,0.0038382861467693,0.0037126491188591293,-0.0003698496168600984,0.0017700773194612566,267
ses05_msd_core_fixed,gaussian_seed_x_fraction,0.006629216892513176,0.037001306174741774,0.045091799211888134,0.01186698805057098,0.023141888360645912,0.04517527052625244,267
ses05_msd_core_fixed,gaussian_seed_y_fraction,0.009720862458941935,0.049348844123317,0.07101353960293717,0.021486451851821926,-0.018348108825066052,0.07361743508664305,267
ses05_msd_core_fixed,gaussian_seed_z_fraction,-0.005824098847711962,0.03560071066058897,0.030750868610734346,0.010498541331729401,-0.04152106475387829,0.0359949293961343,267
ses05_msd_core_fixed,core_threshold,0.0,0.0,0.0,0.0,0.0,0.0,267
ses05_msd_core_fixed,edema_threshold_ratio,0.0,0.0,0.0,0.0,0.0,0.0,267
ses05_msd_whole_fixed,front_speed_mm_per_day,0.21524287582714224,0.06093124471128338,0.2757725946123157,0.04361007175487543,0.2624005556531912,0.29478610266154076,620
ses05_msd_whole_fixed,front_width_mm,0.1099360068194229,0.046227805552426025,0.199322679426002,0.036990926158662986,0.14133878446550302,0.2105684238660194,620
ses05_msd_whole_fixed,seed_peak_density,0.00823777829857141,0.01079021738140852,0.008573901632350299,0.0018165296616654638,0.0051846756397568704,0.008462435062123309,620
ses05_msd_whole_fixed,seed_sigma_mm,0.20351018249281813,0.06283834976642538,0.30718270413531346,0.042437383847183326,0.17822755804205728,0.31190191893024055,620
ses05_msd_whole_fixed,preop_time,0.03465743507242644,0.02825641861091915,0.06089828862419641,0.012557692819574955,0.04079992422163307,0.06484528473098315,620
ses05_msd_whole_fixed,diffusivity_ratio,0.002104878257069514,0.009121400974600931,0.004718217568946015,0.0015776203177982652,0.00022249420977120293,0.004420338622729322,620
ses05_msd_whole_fixed,chemo_kill_rate,0.025870277788617838,0.03846454808494651,0.10501861504314194,0.031417673705174336,-0.012061807265454893,0.1078506235963284,620
ses05_msd_whole_fixed,rt_alpha,0.24391724303482046,0.06815776358664925,0.29635648294034744,0.04577044385933638,0.26406267872828565,0.29202061556390885,620
ses05_msd_whole_fixed,rt_alpha_beta_ratio,0.00016678536690679512,0.002762481366338646,0.0012427469374922853,0.0008170384514582936,0.001195709978840218,0.0013388830938616657,620
ses05_msd_whole_fixed,gaussian_seed_x_fraction,0.0398100150759922,0.021868335983826592,0.04200565554381693,0.007312954483228369,0.051322815989185554,0.044386555094957196,620
ses05_msd_whole_fixed,gaussian_seed_y_fraction,0.018279999110538035,0.022660670463981153,0.039555381814165395,0.007164175341282265,0.014754264280562847,0.04026777679934638,620
ses05_msd_whole_fixed,gaussian_seed_z_fraction,0.009586378363798831,0.017563243324895776,0.022113512787208526,0.0035910787449637883,0.004629124212533879,0.022936318752660837,620
ses05_msd_whole_fixed,core_threshold,0.0,0.0,0.0,0.0,0.0,0.0,620
ses05_msd_whole_fixed,edema_threshold_ratio,0.0,0.0,0.0,0.0,0.0,0.0,620
ses05_hd95_core_fixed,front_speed_mm_per_day,0.09220593289285564,0.10139989715239274,0.42732143246978277,0.11374133289507483,0.11796039958920106,0.4414923581775786,267
ses05_hd95_core_fixed,front_width_mm,0.1600873486353104,0.12921623020820375,0.4804842273143926,0.11678615467733895,0.2787938784241991,0.5663859059959325,267
ses05_hd95_core_fixed,seed_peak_density,0.03308691970484999,0.04298875376679162,0.02179734589557361,0.01030947417392288,0.012480192226093489,0.021041046254921533,267
ses05_hd95_core_fixed,seed_sigma_mm,0.012495911472352978,0.11321379903054957,0.36521999467949107,0.0962419747040776,-0.06351706974492866,0.3429423707704241,267
ses05_hd95_core_fixed,preop_time,0.05002408495172447,0.07257956320958406,0.189252775334644,0.0724638255759101,0.08380783908951252,0.226442966330299,267
ses05_hd95_core_fixed,diffusivity_ratio,0.02957418982114805,0.042879284285575206,0.02527931182715722,0.014867634799774121,0.0016506763750027068,0.014724013557039894,267
ses05_hd95_core_fixed,chemo_kill_rate,0.026068300640549467,0.04382961569371658,0.06801995400569881,0.030151056428128202,0.027901664445897156,0.07123382540144385,267
ses05_hd95_core_fixed,rt_alpha,0.24924222893599096,0.10372393204791946,0.4272245593505613,0.11190846242405636,0.30787803381361406,0.43779184277937555,267
ses05_hd95_core_fixed,rt_alpha_beta_ratio,0.008093301346036126,0.014375616272323092,0.003117744643985474,0.003681945957789875,-0.0007613717665657683,0.00037752082997532334,267
ses05_hd95_core_fixed,gaussian_seed_x_fraction,-0.01140739707214715,0.05417179225986366,0.10330473410072623,0.028857679669377207,0.008759837276102607,0.10967296737666125,267
ses05_hd95_core_fixed,gaussian_seed_y_fraction,0.061765289775512,0.06501429279301188,0.16797625877953157,0.05362894920459357,0.02582013773043939,0.1723456342551776,267
ses05_hd95_core_fixed,gaussian_seed_z_fraction,0.0028000721768973017,0.04260952337864719,0.06024386916402475,0.019533912507546877,-0.022918582091372847,0.06273073618787915,267
ses05_hd95_core_fixed,core_threshold,0.0,0.0,0.0,0.0,0.0,0.0,267
ses05_hd95_core_fixed,edema_threshold_ratio,0.0,0.0,0.0,0.0,0.0,0.0,267
ses05_hd95_whole_fixed,front_speed_mm_per_day,0.2511283646242022,0.06022773655975869,0.2893101097478398,0.03781691936302325,0.2568876565530099,0.2799618469717373,620
ses05_hd95_whole_fixed,front_width_mm,0.1255465671465135,0.04235284398753022,0.18446993761496436,0.034098394049739265,0.13417251677355047,0.1800348902574235,620
ses05_hd95_whole_fixed,seed_peak_density,0.006291776726434629,0.009022580990071614,0.006981398974215156,0.002259924401724406,0.0041819062231498024,0.006201093537774379,620
ses05_hd95_whole_fixed,seed_sigma_mm,0.19831216469726531,0.05607105272075752,0.23852345385103738,0.03126614087757687,0.2170297368247304,0.22667369414234217,620
ses05_hd95_whole_fixed,preop_time,0.06590401376771131,0.03404876280241886,0.08045402964996501,0.016265635753852762,0.09690087229738865,0.0833962664515507,620
ses05_hd95_whole_fixed,diffusivity_ratio,0.003200036906826856,0.007472506503001998,0.005125384580961854,0.0017860836513686569,0.00011395493867986082,0.0037588013301705554,620
ses05_hd95_whole_fixed,chemo_kill_rate,0.017602048391686692,0.02286698835519134,0.04784172674101052,0.014224744973913133,-0.000262984594566482,0.04806200805783381,620
ses05_hd95_whole_fixed,rt_alpha,0.10692402223525226,0.04461587819948771,0.15594173065275516,0.028022718914428237,0.09635139723822929,0.14238812559669636,620
ses05_hd95_whole_fixed,rt_alpha_beta_ratio,-2.1196394482043997e-05,0.0025206924968366067,0.0015766273824600059,0.0018026554066247933,-0.0005396719031015002,0.0007110429951290237,620
ses05_hd95_whole_fixed,gaussian_seed_x_fraction,0.17299917338501872,0.0398653141218732,0.15213622990125647,0.021283981824822086,0.17440162976228157,0.14106818767394663,620
ses05_hd95_whole_fixed,gaussian_seed_y_fraction,0.022775573925841203,0.024025124307417624,0.04243834287925932,0.0073495852571735095,0.023319693387640613,0.03820040743675812,620
ses05_hd95_whole_fixed,gaussian_seed_z_fraction,0.0071856236353826305,0.01928039263125544,0.03159235345991961,0.007544082107933336,0.006781336414941917,0.029904206563218166,620
ses05_hd95_whole_fixed,core_threshold,0.0,0.0,0.0,0.0,0.0,0.0,620
ses05_hd95_whole_fixed,edema_threshold_ratio,0.0,0.0,0.0,0.0,0.0,0.0,620
ses05_log10_mass,front_speed_mm_per_day,0.17325994594367405,0.03822123063551726,0.19328263752607555,0.024886321458289593,0.17887224689460451,0.199886662351541,1024
ses05_log10_mass,front_width_mm,0.08433380827501881,0.024545463579841678,0.08515806299521386,0.00998876849929737,0.08655158297016521,0.08211068663429245,1024
ses05_log10_mass,seed_peak_density,0.005212177800574753,0.007265961288503207,0.007128312186314085,0.0008054456397364527,0.006989492411976189,0.006886770630394333,1024
ses05_log10_mass,seed_sigma_mm,0.37223732700336476,0.05477277765094083,0.41712356280527335,0.04036492386503711,0.37198631742975363,0.422100259900734,1024
ses05_log10_mass,preop_time,0.03114332323887711,0.01752260967383665,0.036831772417311615,0.004857353331178859,0.030225062160688706,0.03834434206531697,1024
ses05_log10_mass,diffusivity_ratio,0.003192229654615418,0.0061886636866225675,0.005043305330118171,0.001005997288748147,0.002706254487138534,0.005081699766181784,1024
ses05_log10_mass,chemo_kill_rate,0.10495678789212982,0.029378975542103232,0.09828308935080816,0.011581571137717862,0.10540277780045594,0.09633899831072273,1024
ses05_log10_mass,rt_alpha,0.13442966851991095,0.03844879242596662,0.190641384000664,0.025701592432867845,0.12787586641050577,0.18982994206956716,1024
ses05_log10_mass,rt_alpha_beta_ratio,0.0003031589439998104,0.0022936627864456227,0.0007257598418048469,0.0001780801645480764,-0.000788214252100648,0.000828033249063459,1024
ses05_log10_mass,gaussian_seed_x_fraction,0.004868319684802311,0.010688448003454492,0.013823323558638025,0.003424052894556962,0.010815028269169075,0.013385604875664554,1024
ses05_log10_mass,gaussian_seed_y_fraction,0.0010031346540334228,0.007951762471688415,0.007094908938546426,0.0023141604395720996,0.006625341746121721,0.006553824388545989,1024
ses05_log10_mass,gaussian_seed_z_fraction,0.0013926965101463042,0.01061657416336779,0.012818502460970044,0.002997320218285488,-0.0016634741067622781,0.012438852454285105,1024
ses05_log10_mass,core_threshold,0.0,0.0,0.0,0.0,0.0,0.0,1024
ses05_log10_mass,edema_threshold_ratio,0.0,0.0,0.0,0.0,0.0,0.0,1024
ses05_centroid_drift,front_speed_mm_per_day,0.2900976782934198,0.09499950776845725,0.673855770767322,0.10749523790793113,0.2779233075302896,0.6208823662820547,1024
ses05_centroid_drift,front_width_mm,0.04376828938972035,0.03429991735899673,0.16437215068405778,0.04305918061341365,0.04174949082868666,0.15989258773530882,1024
ses05_centroid_drift,seed_peak_density,0.0029824975875617997,0.003919806629206463,0.002432564404030553,0.0006043596543671434,4.296787364800035e-05,0.0022419958659260107,1024
ses05_centroid_drift,seed_sigma_mm,-0.006744690595725179,0.041000875031764646,0.14761455911539634,0.030752478977550964,0.00256065099279067,0.16702214639629606,1024
ses05_centroid_drift,preop_time,0.03744602620637825,0.052263308731763505,0.24614470243303335,0.05395097345005915,0.07927461629950362,0.24486982741590077,1024
ses05_centroid_drift,diffusivity_ratio,0.005507349884634,0.014549797340594573,0.03183793070998794,0.008581956758436069,1.0662938787155958e-05,0.03004520687175324,1024
ses05_centroid_drift,chemo_kill_rate,-0.0019496785186197988,0.004697426105284561,0.0019909917018304563,0.0005546342728446674,-0.0021932478824375013,0.0021303520140968186,1024
ses05_centroid_drift,rt_alpha,-0.0022851887797983575,0.044299258894162565,0.234095020894831,0.04516193972010137,-0.0018831692005722997,0.23240464748147105,1024
ses05_centroid_drift,rt_alpha_beta_ratio,0.00042613204999815966,0.005294061052672528,0.002287653855876601,0.000698389477802818,0.00442675990110238,0.002082782729024171,1024
ses05_centroid_drift,gaussian_seed_x_fraction,-0.016905665962918502,0.023628128885495855,0.08068320134310165,0.015759628772737233,-0.01551397252428143,0.07552095500715279,1024
ses05_centroid_drift,gaussian_seed_y_fraction,-0.008074429653592896,0.022206940408182795,0.038400403045184696,0.01776006549926761,-0.010253295498034566,0.043247442482868007,1024
ses05_centroid_drift,gaussian_seed_z_fraction,-0.012688475730958137,0.02117254485597886,0.054362863182287856,0.017656738937005832,-0.012621832503071062,0.05684270506507214,1024
ses05_centroid_drift,core_threshold,0.0,0.0,0.0,0.0,0.0,0.0,1024
ses05_centroid_drift,edema_threshold_ratio,0.0,0.0,0.0,0.0,0.0,0.0,1024
ses05_R_g,front_speed_mm_per_day,0.3003886661929647,0.05504831749842633,0.33872045494727615,0.03937801001435551,0.30492713318679726,0.33998813497900293,1024
ses05_R_g,front_width_mm,0.013119779042788111,0.014876937466631036,0.030201339293806057,0.005252436874023603,0.02259342958371917,0.031213542841185018,1024
ses05_R_g,seed_peak_density,0.006182718157394309,0.007090705462093146,0.0067425931410150805,0.0008108371804233502,0.006296313459944672,0.006735315994019106,1024
ses05_R_g,seed_sigma_mm,0.49978953888913963,0.06188612628292771,0.5134765812042305,0.04732381983666073,0.4977494598630706,0.5188934043394506,1024
ses05_R_g,preop_time,0.06364459445870564,0.028240576458989905,0.09482023982212155,0.013546275500457021,0.08934974861031622,0.09933318427929956,1024
ses05_R_g,diffusivity_ratio,0.02495898163998868,0.015915910729331923,0.030179351598600447,0.005166906890017458,0.021126674176256993,0.0300434419599365,1024
ses05_R_g,chemo_kill_rate,4.9219334736405055e-05,0.001632616930494259,0.0003216610096202984,6.191868609391272e-05,8.951265323588791e-05,0.0003297656935447076,1024
ses05_R_g,rt_alpha,0.003947301185339959,0.009926585642356087,0.013715651231644213,0.003021042631572547,0.00015360647569210437,0.015058351203382449,1024
ses05_R_g,rt_alpha_beta_ratio,-0.0007470448231728298,0.0013206073790361075,0.00022442784626074987,8.609886055485646e-05,-0.0007868865138192536,0.00023187095915998344,1024
ses05_R_g,gaussian_seed_x_fraction,0.019648693864493194,0.013041217025536662,0.028152561127040024,0.004345889756522432,0.013693870398726824,0.027621117660604995,1024
ses05_R_g,gaussian_seed_y_fraction,0.0029103752724417755,0.009725882895434143,0.012549201510830423,0.0023253514907680644,0.0019544877428465134,0.012205588163966994,1024
ses05_R_g,gaussian_seed_z_fraction,0.002601079388187206,0.012843754129521986,0.020098330766041332,0.006537521058698369,0.0031731601333215217,0.02256671562646826,1024
ses05_R_g,core_threshold,0.0,0.0,0.0,0.0,0.0,0.0,1024
ses05_R_g,edema_threshold_ratio,0.0,0.0,0.0,0.0,0.0,0.0,1024
ses05_log10_anisotropy,front_speed_mm_per_day,0.06542556067747435,0.050371925533300686,0.3343929637277093,0.05006328585048601,0.07057267530495953,0.31932513411137436,1024
ses05_log10_anisotropy,front_width_mm,0.008151155664588263,0.021925005755645235,0.06222390139673753,0.012169583818842162,0.012846405614524426,0.05520870398744026,1024
ses05_log10_anisotropy,seed_peak_density,0.003324100600467645,0.009203457083054225,0.007371699581268962,0.0017734285235901754,-4.9056728801086123e-05,0.006721362264783408,1024
ses05_log10_anisotropy,seed_sigma_mm,0.039114729321180285,0.05074500496602001,0.3600187101028758,0.05031326012943985,0.04313058639317667,0.3780373980929827,1024
ses05_log10_anisotropy,preop_time,-0.011038100361417637,0.028359763975803455,0.12139200152189757,0.024710634543079965,-0.035976021962591885,0.12459564173462283,1024
ses05_log10_anisotropy,diffusivity_ratio,0.0003329712577893346,0.02071760989787717,0.05983328983459283,0.013491002316403215,0.01179090661081656,0.05982116838830013,1024
ses05_log10_anisotropy,chemo_kill_rate,-0.0012462767877933142,0.00278491849005613,0.0010548891257799176,0.00028958181301566024,-0.002542514582424236,0.0012551672415014293,1024
ses05_log10_anisotropy,rt_alpha,0.15604766947655752,0.07233972597228346,0.3794747854388922,0.06234371927362742,0.10452142115317625,0.3855129218480703,1024
ses05_log10_anisotropy,rt_alpha_beta_ratio,0.002593558101579717,0.010490207617088292,0.007233340211074444,0.002406282754608649,0.006770893176302393,0.0064765829944778515,1024
ses05_log10_anisotropy,gaussian_seed_x_fraction,0.1021605094432189,0.06538247175188605,0.3774970386052988,0.05175715821561723,0.10253158814875284,0.3697978299365657,1024
ses05_log10_anisotropy,gaussian_seed_y_fraction,-0.00784994935947278,0.027988212366522863,0.10084615467846982,0.018344043881730415,-0.015788592190664162,0.09843396681917015,1024
ses05_log10_anisotropy,gaussian_seed_z_fraction,0.03197435352654256,0.032114464828191795,0.13200515581520045,0.028616220604379967,0.03951042591120263,0.13035163638716668,1024
ses05_log10_anisotropy,core_threshold,0.0,0.0,0.0,0.0,0.0,0.0,1024
ses05_log10_anisotropy,edema_threshold_ratio,0.0,0.0,0.0,0.0,0.0,0.0,1024
ses05_wm_fraction,front_speed_mm_per_day,0.04545345755160416,0.02942663327631781,0.13327036084714586,0.03218024328466259,0.047061187404271024,0.12795217424371697,1024
ses05_wm_fraction,front_width_mm,0.023706536591836504,0.017779022699647748,0.04493829609196978,0.00944282905109524,0.01573586573017947,0.04636404585252072,1024
ses05_wm_fraction,seed_peak_density,0.0009447904024530722,0.004204310179666632,0.0019010437706112103,0.0004451412281374971,-0.0007405414852448075,0.0018019140585301934,1024
ses05_wm_fraction,seed_sigma_mm,0.07038752975590994,0.03723515956921676,0.17539027921403888,0.028099604636354886,0.05976177349785341,0.17643075750051526,1024
ses05_wm_fraction,preop_time,0.0022082069017605676,0.017201811767165533,0.03791535037938546,0.009811341911943501,-0.008182284633535363,0.040545303438494835,1024
ses05_wm_fraction,diffusivity_ratio,0.008811963064556403,0.011445318358556915,0.0192049353592638,0.004529381091249784,0.00985637201597505,0.016124765133456745,1024
ses05_wm_fraction,chemo_kill_rate,0.00042726128952712196,0.0016024704008202433,0.0004377353617353269,0.0001296002803092725,0.0008308912218139514,0.00045103423425810115,1024
ses05_wm_fraction,rt_alpha,0.10022738493234119,0.034316544303902574,0.12509820157132068,0.02024516802148071,0.09706759178814146,0.12379200027286447,1024
ses05_wm_fraction,rt_alpha_beta_ratio,0.001564853299089618,0.0026891999223876005,0.0009487687133516335,0.0003368608247781609,0.0018120494940139233,0.0009431974805511559,1024
ses05_wm_fraction,gaussian_seed_x_fraction,0.14057663300977516,0.04227014757369724,0.2728977953987992,0.0433441553593617,0.16055964071740136,0.28147541128925013,1024
ses05_wm_fraction,gaussian_seed_y_fraction,0.1750114107245216,0.042269036471630675,0.2961504913870815,0.03860729270273415,0.16442979962481125,0.28927322647814907,1024
ses05_wm_fraction,gaussian_seed_z_fraction,0.1819083595422351,0.046184885445087503,0.2814924011863331,0.044512372723223836,0.18774762853817806,0.2942555813396175,1024
ses05_wm_fraction,core_threshold,0.0,0.0,0.0,0.0,0.0,0.0,1024
ses05_wm_fraction,edema_threshold_ratio,0.0,0.0,0.0,0.0,0.0,0.0,1024
ses06_dice_core,front_speed_mm_per_day,0.05868340996372165,0.06845859708577101,0.3497607984557218,0.06920639311701196,0.11164910863241272,0.3464929286112097,1024
ses06_dice_core,front_width_mm,0.09289304229953062,0.05333999086254814,0.3760762226687036,0.07622061567644667,0.09884587816375842,0.34608860263939634,1024
ses06_dice_core,seed_peak_density,-0.0037508347924243733,0.007014170160305283,0.00634764831690691,0.0025025671260802736,-0.000736985728864216,0.006283186564260457,1024
ses06_dice_core,seed_sigma_mm,-0.00756867981489607,0.03534327730211935,0.1720538695300413,0.04660847426361665,0.009591523983468684,0.15433137103334818,1024
ses06_dice_core,preop_time,0.003971765172486887,0.018266580472619066,0.07657400513803969,0.024472897501559343,0.011111159462151183,0.10266421655513931,1024
ses06_dice_core,diffusivity_ratio,-0.001689675878242853,0.004737474633671745,0.007839051472078043,0.002894869003618419,-0.0031631425822468387,0.008897829374097171,1024
ses06_dice_core,chemo_kill_rate,0.16604550674147153,0.05910731738945888,0.47323650549325813,0.08957903351061865,0.1593926132626284,0.4657094063920562,1024
ses06_dice_core,rt_alpha,0.184842090503948,0.06607305421554652,0.6035035579933824,0.1021677738180987,0.1694259156832856,0.5756599489749417,1024
ses06_dice_core,rt_alpha_beta_ratio,-0.001517492007706272,0.004160906120094859,0.0040667290378583855,0.0034299617735720728,-0.0012431427186853407,0.00126011031086299,1024
ses06_dice_core,gaussian_seed_x_fraction,-0.004275629377627139,0.016961015231764603,0.050694653364975195,0.013410157174903901,-0.001998753518585172,0.05332363041979139,1024
ses06_dice_core,gaussian_seed_y_fraction,0.008913308177433783,0.027371529469939447,0.09826617201951444,0.034568075505648006,0.015849662509542374,0.08583986650128833,1024
ses06_dice_core,gaussian_seed_z_fraction,-0.0021837155912933816,0.011712163549951112,0.028789031159235996,0.00961529519548072,-0.006164759348190674,0.02695512452808017,1024
ses06_dice_core,core_threshold,0.010255615143169973,0.022325799522685954,0.09338041952938433,0.030417910622326648,0.021487911240743972,0.07490675596446983,1024
ses06_dice_core,edema_threshold_ratio,0.0,0.0,0.0,0.0,0.0,0.0,1024
ses06_dice_whole,front_speed_mm_per_day,0.14653019517398547,0.054923916989023054,0.307399025701822,0.042057047527945986,0.19271625389883362,0.32526202695404277,1024
ses06_dice_whole,front_width_mm,0.05070092090762145,0.038651717953442806,0.20586778245149198,0.03798028951652941,0.03668165285077533,0.20965297803292657,1024
ses06_dice_whole,seed_peak_density,-0.0007278144787731672,0.006095571625584335,0.004495150436068295,0.0008527104763433308,0.0053308052936448065,0.004850385182605303,1024
ses06_dice_whole,seed_sigma_mm,0.05668450493511605,0.03499455201433948,0.15661057988178023,0.02353466219929491,0.053730391709898205,0.1481950721089835,1024
ses06_dice_whole,preop_time,0.007533777851431991,0.020469029163612436,0.0664369328454657,0.014712696572392471,0.009113401509802058,0.06803365860710653,1024
ses06_dice_whole,diffusivity_ratio,-0.0018624538001900713,0.007030269341500586,0.008004425819357156,0.0020862398006373985,-0.004459082931412343,0.007685944252674495,1024
ses06_dice_whole,chemo_kill_rate,0.0932437298356795,0.040322927073230305,0.26320725013839136,0.04704601059460835,0.07899550547546756,0.251242141139378,1024
ses06_dice_whole,rt_alpha,0.2364094384322532,0.05755736169688064,0.49518343142572674,0.06669444354856267,0.24970060826120766,0.5291173675497295,1024
ses06_dice_whole,rt_alpha_beta_ratio,0.0006800375969630623,0.003611565658312354,0.004699390693222685,0.005557728390638841,0.0023925708339920058,0.007736915792738839,1024
ses06_dice_whole,gaussian_seed_x_fraction,0.018883013569907812,0.01735913682322659,0.04152611554411081,0.007465418828969478,0.030075167767964695,0.03841939210898002,1024
ses06_dice_whole,gaussian_seed_y_fraction,-0.003828145037273603,0.013758676985096639,0.02898124583055308,0.006541961524284062,-0.004646049605977402,0.02938373533007559,1024
ses06_dice_whole,gaussian_seed_z_fraction,0.017839168163113532,0.017840263098737163,0.040557192686165346,0.00740412900754724,0.015568943535670088,0.04117848594246771,1024
ses06_dice_whole,core_threshold,-0.004885398398778675,0.01327336352200952,0.021739704887310016,0.01033172595694448,0.00045724635376059104,0.02245486845921753,1024
ses06_dice_whole,edema_threshold_ratio,0.014652686491165487,0.019178347599904295,0.046958646991213666,0.015018861265336135,0.009785576882213877,0.05118996332311604,1024
ses06_log10_V_core,front_speed_mm_per_day,0.09399979313890176,0.04029565958553096,0.21796835609034046,0.034684061107624835,0.12172926980684226,0.23432372306476826,1024
ses06_log10_V_core,front_width_mm,0.06728464203842455,0.04444187542036572,0.24600353836372638,0.036385957364853484,0.06127612938047961,0.24723836826316042,1024
ses06_log10_V_core,seed_peak_density,0.010872555854023327,0.014108123017650813,0.023522597471651453,0.008244416510048464,0.02171429540044445,0.022384137672363837,1024
ses06_log10_V_core,seed_sigma_mm,0.04419609086945199,0.032701871125705315,0.14601360542400044,0.022164232379642566,0.031516023558158496,0.12145117699247501,1024
ses06_log10_V_core,preop_time,0.012741850705822271,0.01655903023102316,0.03288532100974135,0.008259983695052438,0.013030445190766904,0.03688194383858322,1024
ses06_log10_V_core,diffusivity_ratio,0.0006411610952242659,0.0057673685799689255,0.004614911444685696,0.0022136333001972004,-0.003708877083670367,0.004358041032228261,1024
ses06_log10_V_core,chemo_kill_rate,0.37632356474008444,0.06487645764035514,0.6431566239171462,0.060001082397804904,0.34476946236580996,0.6150625080379811,1024
ses06_log10_V_core,rt_alpha,0.04011046274922867,0.02431183068308684,0.08623236330520834,0.017331704053382795,0.03347194769531268,0.09027026250392417,1024
ses06_log10_V_core,rt_alpha_beta_ratio,0.0014664394185210788,0.0026707866439904288,0.001307311127303931,0.0012589379974621859,0.003635325134431205,0.0021410219154229153,1024
ses06_log10_V_core,gaussian_seed_x_fraction,0.01136384135076956,0.0193012018205426,0.05180193966313542,0.012563859440665818,0.018681787592661543,0.05779934236530567,1024
ses06_log10_V_core,gaussian_seed_y_fraction,0.005805535252081818,0.013442474350090904,0.02334475731103573,0.007632959766485229,0.00748423132321724,0.025734743084592174,1024
ses06_log10_V_core,gaussian_seed_z_fraction,0.023545829584931253,0.020191262126985902,0.05969773768814989,0.013946840650646471,0.01605553123735191,0.05473761005507911,1024
ses06_log10_V_core,core_threshold,0.02533487249986141,0.02871050238994745,0.1090386184800922,0.02376252053236887,0.0008113450192343153,0.10404073385782381,1024
ses06_log10_V_core,edema_threshold_ratio,0.0,0.0,0.0,0.0,0.0,0.0,1024
ses06_log10_V_whole,front_speed_mm_per_day,0.07590849244610313,0.03569009831089447,0.17406847777791865,0.03506576186931015,0.09854081451604857,0.1874850230786546,1024
ses06_log10_V_whole,front_width_mm,0.046358965327572096,0.029467023725642617,0.17530525190233454,0.036207240146930005,0.05435641450623937,0.15254688246658316,1024
ses06_log10_V_whole,seed_peak_density,0.003687807886787412,0.006274754714241201,0.008343325629088825,0.0034935332506584992,0.0019336878701931189,0.007755060171505493,1024
ses06_log10_V_whole,seed_sigma_mm,0.08896439771000553,0.03722506847891042,0.1828384352587324,0.028523408145752594,0.11013463861590052,0.1888945429523376,1024
ses06_log10_V_whole,preop_time,0.00925775068863767,0.009363359033552354,0.02191241162373986,0.006534761742684011,0.009236129746015046,0.021558309232119335,1024
ses06_log10_V_whole,diffusivity_ratio,-0.0006347966713124861,0.008433117459959826,0.00750892156019851,0.0037821917400913153,-0.0014419367662431954,0.0077230553854055325,1024
ses06_log10_V_whole,chemo_kill_rate,0.3867614319510244,0.07816652099418038,0.5898254087396989,0.061808412927917514,0.3973653792564591,0.6034991715869672,1024
ses06_log10_V_whole,rt_alpha,0.05726547207137717,0.03234595646302385,0.14433487077918017,0.027583829801767268,0.07034797762584952,0.1505529375381805,1024
ses06_log10_V_whole,rt_alpha_beta_ratio,0.0055379594323399185,0.0064579289259833,0.0031359289594384953,0.0033061559017961836,0.00277079585301625,0.0013787378298082602,1024
ses06_log10_V_whole,gaussian_seed_x_fraction,0.012255752512108857,0.016121147145217795,0.04762334300490122,0.013058492180991034,0.02233079926973347,0.050396056014129505,1024
ses06_log10_V_whole,gaussian_seed_y_fraction,0.005228954382406725,0.011457249736924675,0.024654726785392243,0.00804997214893106,0.0110545193714051,0.02816026545753657,1024
ses06_log10_V_whole,gaussian_seed_z_fraction,0.022003821763232304,0.023761251074901946,0.06293648619073766,0.017882742427073682,0.02560739739436096,0.07244504340002732,1024
ses06_log10_V_whole,core_threshold,-0.0001729208413623611,0.01929337437113639,0.05801429775678705,0.018648589470861503,0.0017228672857448482,0.05478897809749718,1024
ses06_log10_V_whole,edema_threshold_ratio,-0.0003325078670018502,0.02441345796074175,0.09309689111530067,0.024667095775842342,0.01582898338431885,0.09697517806689954,1024
ses06_log_vol_ratio_core,front_speed_mm_per_day,0.09399979313890172,0.04029565958553096,0.2179683560903404,0.034684061107624835,0.12172926980684226,0.23432372306476826,1024
ses06_log_vol_ratio_core,front_width_mm,0.06728464203842452,0.04444187542036572,0.24600353836372632,0.036385957364853484,0.061276129380479605,0.24723836826316042,1024
ses06_log_vol_ratio_core,seed_peak_density,0.010872555854023327,0.014108123017650815,0.023522597471651446,0.008244416510048466,0.021714295400444446,0.022384137672363837,1024
ses06_log_vol_ratio_core,seed_sigma_mm,0.04419609086945198,0.032701871125705315,0.1460136054240004,0.022164232379642566,0.0315160235581585,0.12145117699247501,1024
ses06_log_vol_ratio_core,preop_time,0.012741850705822268,0.01655903023102316,0.03288532100974134,0.008259983695052438,0.013030445190766904,0.03688194383858322,1024
ses06_log_vol_ratio_core,diffusivity_ratio,0.0006411610952242661,0.0057673685799689255,0.004614911444685694,0.0022136333001972004,-0.003708877083670366,0.004358041032228261,1024
ses06_log_vol_ratio_core,chemo_kill_rate,0.3763235647400843,0.06487645764035514,0.643156623917146,0.060001082397804904,0.34476946236580996,0.6150625080379811,1024
ses06_log_vol_ratio_core,rt_alpha,0.040110462749228665,0.02431183068308684,0.08623236330520831,0.017331704053382795,0.03347194769531268,0.09027026250392417,1024
ses06_log_vol_ratio_core,rt_alpha_beta_ratio,0.001466439418521078,0.002670786643990429,0.0013073111273039309,0.0012589379974621859,0.003635325134431205,0.0021410219154229153,1024
ses06_log_vol_ratio_core,gaussian_seed_x_fraction,0.011363841350769555,0.0193012018205426,0.0518019396631354,0.01256385944066582,0.018681787592661543,0.05779934236530567,1024
ses06_log_vol_ratio_core,gaussian_seed_y_fraction,0.005805535252081816,0.013442474350090904,0.023344757311035722,0.00763295976648523,0.007484231323217241,0.025734743084592174,1024
ses06_log_vol_ratio_core,gaussian_seed_z_fraction,0.023545829584931247,0.020191262126985902,0.05969773768814987,0.013946840650646471,0.01605553123735191,0.054737610055079114,1024
ses06_log_vol_ratio_core,core_threshold,0.025334872499861404,0.028710502389947448,0.10903861848009216,0.02376252053236887,0.000811345019234317,0.10404073385782381,1024
ses06_log_vol_ratio_core,edema_threshold_ratio,0.0,0.0,0.0,0.0,0.0,0.0,1024
ses06_log_vol_ratio_whole,front_speed_mm_per_day,0.07590849244610313,0.03569009831089447,0.17406847777791865,0.03506576186931015,0.09854081451604857,0.1874850230786546,1024
ses06_log_vol_ratio_whole,front_width_mm,0.046358965327572096,0.029467023725642617,0.17530525190233454,0.036207240146930005,0.05435641450623937,0.15254688246658316,1024
ses06_log_vol_ratio_whole,seed_peak_density,0.003687807886787412,0.006274754714241201,0.008343325629088823,0.0034935332506585,0.0019336878701931206,0.007755060171505494,1024
ses06_log_vol_ratio_whole,seed_sigma_mm,0.08896439771000553,0.03722506847891042,0.1828384352587324,0.028523408145752594,0.1101346386159005,0.1888945429523376,1024
ses06_log_vol_ratio_whole,preop_time,0.00925775068863767,0.009363359033552354,0.02191241162373986,0.006534761742684011,0.009236129746015046,0.021558309232119335,1024
ses06_log_vol_ratio_whole,diffusivity_ratio,-0.000634796671312487,0.008433117459959824,0.00750892156019851,0.003782191740091315,-0.0014419367662431958,0.0077230553854055325,1024
ses06_log_vol_ratio_whole,chemo_kill_rate,0.3867614319510244,0.07816652099418038,0.5898254087396989,0.061808412927917514,0.3973653792564591,0.6034991715869672,1024
ses06_log_vol_ratio_whole,rt_alpha,0.05726547207137717,0.03234595646302385,0.14433487077918017,0.027583829801767268,0.07034797762584952,0.1505529375381805,1024
ses06_log_vol_ratio_whole,rt_alpha_beta_ratio,0.0055379594323399185,0.006457928925983301,0.0031359289594384953,0.0033061559017961836,0.002770795853016251,0.0013787378298082602,1024
ses06_log_vol_ratio_whole,gaussian_seed_x_fraction,0.012255752512108857,0.016121147145217795,0.04762334300490122,0.013058492180991034,0.02233079926973347,0.050396056014129505,1024
ses06_log_vol_ratio_whole,gaussian_seed_y_fraction,0.005228954382406724,0.011457249736924673,0.02465472678539224,0.00804997214893106,0.0110545193714051,0.02816026545753657,1024
ses06_log_vol_ratio_whole,gaussian_seed_z_fraction,0.022003821763232304,0.023761251074901946,0.06293648619073765,0.017882742427073682,0.02560739739436096,0.07244504340002732,1024
ses06_log_vol_ratio_whole,core_threshold,-0.00017292084136236155,0.01929337437113639,0.05801429775678705,0.018648589470861503,0.0017228672857448482,0.05478897809749718,1024
ses06_log_vol_ratio_whole,edema_threshold_ratio,-0.00033250786700185194,0.02441345796074175,0.09309689111530067,0.024667095775842342,0.01582898338431885,0.09697517806689954,1024
ses06_msd_core,front_speed_mm_per_day,0.10449583483481704,0.1215108347301942,0.36853594969117465,0.10583884081617424,0.1525051094911717,0.41617638084103464,193
ses06_msd_core,front_width_mm,0.20905965452786096,0.12567578307897284,0.29992826876297224,0.0911881918798299,0.2521688631449157,0.30135274878011004,193
ses06_msd_core,seed_peak_density,-0.0018679473133685898,0.01917358268340598,0.010636105900564451,0.004460022638991928,-0.00032269095218020164,0.009986518731964513,193
ses06_msd_core,seed_sigma_mm,0.0668736684120646,0.1259661121130613,0.27129442024389827,0.07549667915038454,0.033901976199495434,0.24017464952029577,193
ses06_msd_core,preop_time,0.025798919714143897,0.059692758650932515,0.0988849370851115,0.035839635125560064,0.004734167748770309,0.10521412938386795,193
ses06_msd_core,diffusivity_ratio,-0.013883236787338582,0.018570678212929487,0.01316667778590583,0.00828825094446917,-0.013021492547317009,0.011322509602635946,193
ses06_msd_core,chemo_kill_rate,0.009404178033404601,0.05637475488882614,0.06546190296763028,0.043370332650435287,0.029389142428836303,0.08288411059053506,193
ses06_msd_core,rt_alpha,0.2888517264775209,0.1671093369096927,0.549046556511993,0.155303298167385,0.35294131614741253,0.4933500711570325,193
ses06_msd_core,rt_alpha_beta_ratio,-0.0015736838517080571,0.00548142733211761,0.0005343291951526684,0.0004276659352012204,-0.006002907957038345,0.0006416365660231335,193
ses06_msd_core,gaussian_seed_x_fraction,0.046581823694278546,0.054618374822903604,0.053406617228472536,0.01438942509136579,0.09398332780427114,0.05609957664823866,193
ses06_msd_core,gaussian_seed_y_fraction,0.037239158480004565,0.05709556288433198,0.07543598890545072,0.029081260477591166,0.024969964656490883,0.06257427164846181,193
ses06_msd_core,gaussian_seed_z_fraction,0.014240511547975841,0.05516754961622331,0.04008390917324313,0.03254636119029216,-0.046242694744550304,0.026561497289374965,193
ses06_msd_core,core_threshold,0.07462091479594102,0.06614159300158858,0.07029598366490909,0.0320740882252535,0.09445380788349088,0.052675157559202324,193
ses06_msd_core,edema_threshold_ratio,0.0,0.0,0.0,0.0,0.0,0.0,193
ses06_msd_whole,front_speed_mm_per_day,0.21895572428749172,0.0686202455347351,0.306444342502329,0.05890392200938372,0.3015527832001512,0.33766079165704693,554
ses06_msd_whole,front_width_mm,0.07850547795515637,0.05190946105450973,0.2037479170670713,0.044800644402786464,0.08877433302594324,0.21427231738047278,554
ses06_msd_whole,seed_peak_density,0.004629059012861668,0.011019396886168126,0.007177173598881977,0.0014983009906577444,0.00984470387283766,0.00788814238363996,554
ses06_msd_whole,seed_sigma_mm,0.15800642677647214,0.0720663657758763,0.30203211899093735,0.04309412114119062,0.16007551552610275,0.30046879582106045,554
ses06_msd_whole,preop_time,0.0397277876718838,0.030073970474652902,0.05917838682793629,0.013033342344465614,0.05558817428732755,0.06799759271970539,554
ses06_msd_whole,diffusivity_ratio,0.00571013006132649,0.013546499769629312,0.006744716178470045,0.002239389150146189,0.014389367388422815,0.007805777600666811,554
ses06_msd_whole,chemo_kill_rate,0.04983222540167923,0.04701721961337646,0.09094990278035953,0.03339465768855343,0.04467407767815634,0.08879248848867555,554
ses06_msd_whole,rt_alpha,0.27629204452791445,0.08133754453349727,0.3640971128073553,0.05757919243044709,0.31840467143986795,0.3831273581758376,554
ses06_msd_whole,rt_alpha_beta_ratio,0.0024122304564732928,0.006637868988534654,0.003982595721724186,0.004091640682034394,0.003134579291744282,0.005119190165482837,554
ses06_msd_whole,gaussian_seed_x_fraction,0.020943372422697615,0.020801183929062536,0.0336672869747425,0.0070187012029675885,0.037926511912849625,0.03522019069369162,554
ses06_msd_whole,gaussian_seed_y_fraction,0.026803492059591833,0.03138296834967084,0.05195569654187572,0.01111567089287877,0.027915629683051887,0.05559892937004517,554
ses06_msd_whole,gaussian_seed_z_fraction,0.004173392020904519,0.01781412566743973,0.021603053822209103,0.004469927837343971,0.009254196688687063,0.02314759659945397,554
ses06_msd_whole,core_threshold,-0.0034035085013850224,0.014460275266812326,0.017685031652836535,0.007092715097879435,-0.011478646827202094,0.014977149717201703,554
ses06_msd_whole,edema_threshold_ratio,0.02434971175817665,0.022777298947155477,0.034478579212142244,0.009102720067748217,0.023346948658669802,0.033185510571487026,554
ses06_hd95_core,front_speed_mm_per_day,0.07117391340252106,0.12986079876975967,0.406313120227979,0.10509803244626355,0.12046352743449638,0.47028172937086327,193
ses06_hd95_core,front_width_mm,0.14026139725234213,0.1244610449172975,0.3212930872035581,0.08729176250284351,0.19707800278760687,0.3067085213773259,193
ses06_hd95_core,seed_peak_density,0.00891279056191917,0.022800453466231038,0.012640259496997173,0.00495409307381075,0.015530053845914724,0.013296125283219998,193
ses06_hd95_core,seed_sigma_mm,-0.011684292778386127,0.13028786033835074,0.36508037163282786,0.10224673901321225,-0.049266390433158856,0.3755177226326619,193
ses06_hd95_core,preop_time,0.004968446983281424,0.08415979786066505,0.18974825496736056,0.0867820919026769,0.018629755630159787,0.22232052686068773,193
ses06_hd95_core,diffusivity_ratio,-0.006218732093220757,0.015228788388258994,0.018296984560945504,0.011857359932345417,-0.012342486193022438,0.016842820265411788,193
ses06_hd95_core,chemo_kill_rate,0.015508130726641998,0.04483101230728963,0.054809374501324275,0.03698820589087758,0.025446410194997243,0.0712286015185556,193
ses06_hd95_core,rt_alpha,0.1739622856541111,0.14460759135948403,0.4775117119123936,0.14217049218908281,0.24233737823095713,0.4313898341990103,193
ses06_hd95_core,rt_alpha_beta_ratio,-0.001992417464279741,0.007775804888404917,0.0005980563297355386,0.0007407579625677346,-0.0077055740089321595,0.0009509637203135035,193
ses06_hd95_core,gaussian_seed_x_fraction,-0.008169765455646452,0.0651899521971089,0.10503783041109731,0.032717486102337365,0.024011817399554318,0.1166962697513143,193
ses06_hd95_core,gaussian_seed_y_fraction,0.05965129974283659,0.07051742279575854,0.16859603575264712,0.07404688243430681,0.02751820999004099,0.15040789225918233,193
ses06_hd95_core,gaussian_seed_z_fraction,-0.003558651696455358,0.047528893868453104,0.048145067532359594,0.02156924304025326,-0.06039002871387053,0.04765661947608859,193
ses06_hd95_core,core_threshold,0.05692046169967096,0.059727155172698575,0.05628752989482513,0.024929281673296465,0.059010307601208324,0.03576410087442898,193
ses06_hd95_core,edema_threshold_ratio,0.0,0.0,0.0,0.0,0.0,0.0,193
ses06_hd95_whole,front_speed_mm_per_day,0.23217579631030705,0.07539064264868518,0.34326876276651674,0.05330931453928916,0.2817678491196937,0.37183840693896053,554
ses06_hd95_whole,front_width_mm,0.06164864343794445,0.05324276995322815,0.18514029779779,0.03290191949771649,0.08330593167572983,0.20191058535958362,554
ses06_hd95_whole,seed_peak_density,0.003384253038080202,0.009143809220365775,0.006452632169569639,0.00161403090557513,0.00799085623904533,0.00696894518309693,554
ses06_hd95_whole,seed_sigma_mm,0.13813488281781927,0.06476171478556059,0.28471849010290257,0.03683942167349775,0.1347249875446416,0.28748420730491303,554
ses06_hd95_whole,preop_time,0.035273042704153594,0.033490818670779965,0.08351773114999879,0.018238980704173968,0.04694286773914347,0.08637233408010735,554
ses06_hd95_whole,diffusivity_ratio,0.0032447889963655714,0.011468160043291648,0.00808170729806522,0.0030055885214351013,0.005904590100715494,0.008211934945699434,554
ses06_hd95_whole,chemo_kill_rate,0.030492499210765998,0.0318738435292017,0.06054037285076526,0.01927135807011224,0.028280533989042473,0.061413460283432836,554
ses06_hd95_whole,rt_alpha,0.1582465868026343,0.061052876304079615,0.25602187588455994,0.04453113856876176,0.18259989980807897,0.27102533133745166,554
ses06_hd95_whole,rt_alpha_beta_ratio,0.0019228579777837496,0.004411936784465571,0.0034110710518046004,0.0039444673315419685,0.0027260467850301778,0.0027620072049030497,554
ses06_hd95_whole,gaussian_seed_x_fraction,0.02189704036732778,0.026050472079833086,0.048927583191503046,0.00863755949674041,0.035722570230602324,0.052351194552664834,554
ses06_hd95_whole,gaussian_seed_y_fraction,0.09697678002418582,0.05172398785618585,0.17268200720749652,0.031006786032471746,0.09676029082534608,0.17942708861396112,554
ses06_hd95_whole,gaussian_seed_z_fraction,0.0034593535767986666,0.019614526542813197,0.02402761269121678,0.004165372788688198,0.015751810725277978,0.024053243670128704,554
ses06_hd95_whole,core_threshold,-0.00819106131620662,0.011755372396186924,0.0098093749205108,0.0026761121138383416,-0.0064585449950895196,0.01028467597014557,554
ses06_hd95_whole,edema_threshold_ratio,0.01518609329771005,0.018937696475761125,0.023834519712340883,0.0052498741751807396,0.019406793110186667,0.027661679046774378,554
ses06_dice_star_core,front_speed_mm_per_day,0.0766972683040464,0.04904574360172848,0.25212707477544416,0.045159184332888964,0.1392516211809748,0.2546019947743844,1024
ses06_dice_star_core,front_width_mm,0.03766610096778374,0.04171853206314159,0.25812235840645525,0.05141295044879265,0.06745921024411393,0.2488499456837783,1024
ses06_dice_star_core,seed_peak_density,0.0022600786965819063,0.00606436991092441,0.004994105153352058,0.0012880021093840443,-0.0001557176977754213,0.005467803889625857,1024
ses06_dice_star_core,seed_sigma_mm,0.025129782153108977,0.027179400147222543,0.12061076961732413,0.023951486578654594,0.031093161334971572,0.12827510883534274,1024
ses06_dice_star_core,preop_time,0.014774063954469016,0.018524255269752724,0.045963047207418485,0.011912526170521222,0.01611597316738364,0.05545450237351711,1024
ses06_dice_star_core,diffusivity_ratio,0.006504221266902167,0.008889288982830382,0.00843210833787924,0.002693833646693022,0.004646875260571722,0.009940654985387017,1024
ses06_dice_star_core,chemo_kill_rate,0.1391236063562525,0.051663962837720186,0.3349155940771538,0.0568445395536084,0.16500318365406508,0.35707326236804154,1024
ses06_dice_star_core,rt_alpha,0.2675381447874478,0.05886474273967914,0.5450059885810328,0.07119656613236702,0.2942714816667764,0.5408565229764178,1024
ses06_dice_star_core,rt_alpha_beta_ratio,0.002255181490023302,0.013289286135934419,0.014960916842402333,0.010875448281052863,0.010456859019846287,0.022247169118255954,1024
ses06_dice_star_core,gaussian_seed_x_fraction,0.012381760772680838,0.0175240672873049,0.04417736679844098,0.0068829898069547105,0.020798876608491217,0.04355586795504936,1024
ses06_dice_star_core,gaussian_seed_y_fraction,0.010387108548646445,0.026375717335232737,0.11597860985566888,0.023833016779477845,0.006361816138583004,0.1126282088492681,1024
ses06_dice_star_core,gaussian_seed_z_fraction,0.01888248793304036,0.015634227428580814,0.03456594424235379,0.0084853577059393,0.021114431131099884,0.03457787486892642,1024
ses06_dice_star_core,core_threshold,0.0,0.0,0.0,0.0,0.0,0.0,1024
ses06_dice_star_core,edema_threshold_ratio,0.0,0.0,0.0,0.0,0.0,0.0,1024
ses06_dice_star_whole,front_speed_mm_per_day,0.16875756061740516,0.05111403273446006,0.2976683657307576,0.040006900961724906,0.18028440744459825,0.32032158288851814,1024
ses06_dice_star_whole,front_width_mm,0.050214138497592896,0.035291427657152846,0.18013753564698598,0.03529675142737759,0.05903270708454858,0.18377571038846124,1024
ses06_dice_star_whole,seed_peak_density,0.0038837143354811107,0.005552764261330923,0.0036543597250106156,0.0006110704619772259,0.007551099400541966,0.003427380701097714,1024
ses06_dice_star_whole,seed_sigma_mm,0.06834619630564802,0.036572115307059866,0.16630738525280087,0.021944453941618914,0.05725517409583143,0.16794542636401028,1024
ses06_dice_star_whole,preop_time,0.020770433897773055,0.020687864345697048,0.06379677616544516,0.012592528772209175,0.016169884729933522,0.06140993784975918,1024
ses06_dice_star_whole,diffusivity_ratio,-0.005931720888278304,0.008488243389270652,0.008075952418720701,0.001953880013404549,-0.005466126965873254,0.007250138409357159,1024
ses06_dice_star_whole,chemo_kill_rate,0.0657168625629011,0.03666169339272642,0.17457875567822465,0.03309460444475922,0.055135734142800666,0.16684676774107715,1024
ses06_dice_star_whole,rt_alpha,0.2994903276531689,0.05776322632445482,0.4496948764478051,0.05820286653007091,0.3006260922471185,0.45877906993679396,1024
ses06_dice_star_whole,rt_alpha_beta_ratio,0.0018557093075581535,0.005393940845424142,0.007064084623538206,0.006788972555173896,-0.004232885166271149,0.003328491126251249,1024
ses06_dice_star_whole,gaussian_seed_x_fraction,0.023091180273537557,0.01794603759771618,0.046106857000418715,0.007430275485450036,0.03481781712678068,0.044868655735463246,1024
ses06_dice_star_whole,gaussian_seed_y_fraction,-0.005733250034453116,0.015857805168639657,0.0395896563356065,0.006920272719382647,-0.006694313000631635,0.0393786745880348,1024
ses06_dice_star_whole,gaussian_seed_z_fraction,0.03352361105576599,0.018933691579174346,0.04729639347972432,0.007740544149984244,0.03145873517759493,0.04370877661218796,1024
ses06_dice_star_whole,core_threshold,0.0,0.0,0.0,0.0,0.0,0.0,1024
ses06_dice_star_whole,edema_threshold_ratio,0.0,0.0,0.0,0.0,0.0,0.0,1024
ses06_core_threshold_star,front_speed_mm_per_day,0.231066041000566,0.0927589358710023,0.48924845396039235,0.10126290161588787,0.19429552065055586,0.4967811956962865,1024
ses06_core_threshold_star,front_width_mm,0.04897179951238884,0.04576674013403559,0.4054712554049952,0.0969745576155778,0.04966469905946287,0.45045196787550107,1024
ses06_core_threshold_star,seed_peak_density,-0.0006682435800884594,0.008449936622549316,0.01557840469005318,0.00913255070330093,0.0003470354143879066,0.016657699890619455,1024
ses06_core_threshold_star,seed_sigma_mm,0.04558861829853176,0.05970125026563717,0.3576974810221655,0.09531790916531387,0.0723453612396349,0.3217018291375882,1024
ses06_core_threshold_star,preop_time,0.026657437836718093,0.034037511105944614,0.14470607023204954,0.05508687035910268,0.05951852225271398,0.1351702939040891,1024
ses06_core_threshold_star,diffusivity_ratio,-3.881500843048455e-05,0.006096254726738038,0.03799399810518525,0.02067469608373982,0.00264902569976861,0.03747982475389377,1024
ses06_core_threshold_star,chemo_kill_rate,0.04210050767157406,0.047762362172299254,0.24259037970121694,0.07130254536287307,0.02415175004638718,0.263573397227614,1024
ses06_core_threshold_star,rt_alpha,0.061789098472091686,0.0507774442436959,0.41248153751551914,0.10556886179803467,0.02549947766764412,0.4299768784266147,1024
ses06_core_threshold_star,rt_alpha_beta_ratio,0.003924499505082229,0.004436634217023482,0.001817480547172869,0.0007596444202012869,0.005978650882881476,0.0019086947791334778,1024
ses06_core_threshold_star,gaussian_seed_x_fraction,0.01849477045412546,0.03005755238661746,0.12505997098403804,0.04829476570192094,0.010218227323446996,0.09994619934371672,1024
ses06_core_threshold_star,gaussian_seed_y_fraction,0.02554545229035387,0.03316708359711425,0.18218078818089967,0.06404327349644509,0.04491998952793527,0.23129910368953888,1024
ses06_core_threshold_star,gaussian_seed_z_fraction,0.005840063486732135,0.018543343112542965,0.06430419269283061,0.031276693826745,0.01791468656246002,0.07947110989483033,1024
ses06_core_threshold_star,core_threshold,0.0,0.0,0.0,0.0,0.0,0.0,1024
ses06_core_threshold_star,edema_threshold_ratio,0.0,0.0,0.0,0.0,0.0,0.0,1024
ses06_edema_threshold_star,front_speed_mm_per_day,0.1511403410932593,0.08039527871570959,0.5526182385620336,0.14019449159914515,0.17502895629201742,0.48981329968653275,1024
ses06_edema_threshold_star,front_width_mm,0.03330852381517354,0.06148612611257638,0.3796058279216558,0.11104082985913352,0.034944206770104305,0.40678981921416324,1024
ses06_edema_threshold_star,seed_peak_density,0.007245686488698585,0.0252660373646885,0.018258874333264983,0.008349693553345132,0.004157384224119238,0.014636358259566664,1024
ses06_edema_threshold_star,seed_sigma_mm,0.04068759939107989,0.0518291144860344,0.3624961135114635,0.10853513226056437,0.06869935729353549,0.3765076986771288,1024
ses06_edema_threshold_star,preop_time,0.06022874217800345,0.05507268658095504,0.2016137242812965,0.07340271997012988,0.09698263115352011,0.1695798750073931,1024
ses06_edema_threshold_star,diffusivity_ratio,0.02594846374363658,0.049876632010599053,0.08720846971762224,0.04316759569377804,0.03567131774540149,0.10119275279459024,1024
ses06_edema_threshold_star,chemo_kill_rate,-0.008781702820335961,0.0166524521221506,0.14058056392255067,0.06117736235590976,-0.012617550223764368,0.13021311830924828,1024
ses06_edema_threshold_star,rt_alpha,0.036754102033954454,0.04780133351698033,0.3248292049218609,0.10300877534564747,0.0133019044614869,0.29878358929874027,1024
ses06_edema_threshold_star,rt_alpha_beta_ratio,-0.0015284101298896106,0.00331738069597301,0.0017875821025574107,0.000974041109199561,-0.00024237032509906765,0.0017664570313270112,1024
ses06_edema_threshold_star,gaussian_seed_x_fraction,0.02971434410568928,0.05030439160619154,0.16611745110194226,0.0670266853518472,0.040130956370877116,0.17664570313270117,1024
ses06_edema_threshold_star,gaussian_seed_y_fraction,-0.007077508380382171,0.024628942194650172,0.18922833399929162,0.07891109924593558,-0.007858491217002161,0.20314255860260635,1024
ses06_edema_threshold_star,gaussian_seed_z_fraction,-0.015878507261709383,0.058201710934453255,0.14300656820459287,0.06396185830653778,-0.018049504169706056,0.17715040514165176,1024
ses06_edema_threshold_star,core_threshold,0.0,0.0,0.0,0.0,0.0,0.0,1024
ses06_edema_threshold_star,edema_threshold_ratio,0.0,0.0,0.0,0.0,0.0,0.0,1024
ses06_dice_core_fixed,front_speed_mm_per_day,0.08119354289621111,0.06940224973110364,0.373347604919561,0.07233687573043068,0.1325188018494375,0.3993209910180066,1024
ses06_dice_core_fixed,front_width_mm,0.0799223984866674,0.05318451389147464,0.3643254538269636,0.07594584984763232,0.06833949590688153,0.3547055517186811,1024
ses06_dice_core_fixed,seed_peak_density,-0.004639589701237796,0.006241488532368763,0.007093660988297195,0.0027733361835877756,-0.0018347680528507215,0.0044238586410552715,1024
ses06_dice_core_fixed,seed_sigma_mm,0.00044521981291011575,0.0350877213966472,0.16484126981766578,0.04306510274814414,0.025553462749549952,0.14394440566082545,1024
ses06_dice_core_fixed,preop_time,0.004224160643907383,0.020170384644462355,0.07673908800398492,0.02394195717585594,0.0022640098886905426,0.09492409239326502,1024
ses06_dice_core_fixed,diffusivity_ratio,0.0006152248255649639,0.005359261027256778,0.009977292124024605,0.004641463910280634,-0.0030465248338745537,0.008712941005512518,1024
ses06_dice_core_fixed,chemo_kill_rate,0.18351771886318705,0.061332242821267716,0.48085272692912573,0.09038566316435302,0.16598114322309976,0.4674225709300669,1024
ses06_dice_core_fixed,rt_alpha,0.18823265545709095,0.06461793381564039,0.6129349940978047,0.09979496099649886,0.1782584652360687,0.6006037063963832,1024
ses06_dice_core_fixed,rt_alpha_beta_ratio,-0.0009187473334449566,0.0033521948881719285,0.0019887295831715283,0.0013657734564724794,0.001284892089702918,0.0015079219672533002,1024
ses06_dice_core_fixed,gaussian_seed_x_fraction,0.006907784535579393,0.017812055161889526,0.04139586391695829,0.011220698326473004,0.010871987310931374,0.039474930932378416,1024
ses06_dice_core_fixed,gaussian_seed_y_fraction,0.006908110317357899,0.02411173655932081,0.0923061073108417,0.028877145034021175,0.011736558528438934,0.10060146674120612,1024
ses06_dice_core_fixed,gaussian_seed_z_fraction,0.000696737267268311,0.012752506514289537,0.027703728348260615,0.00802348423788376,-0.0005428547734714757,0.026182781684171555,1024
ses06_dice_core_fixed,core_threshold,0.0,0.0,0.0,0.0,0.0,0.0,1024
ses06_dice_core_fixed,edema_threshold_ratio,0.0,0.0,0.0,0.0,0.0,0.0,1024
ses06_dice_whole_fixed,front_speed_mm_per_day,0.154987909246248,0.05980390657147657,0.32090034343929924,0.04623610342313707,0.20057294464110018,0.33818230675066074,1024
ses06_dice_whole_fixed,front_width_mm,0.061000345133591115,0.03885463937243786,0.21852892633005774,0.040258220851183066,0.07358259643933307,0.2194782627151125,1024
ses06_dice_whole_fixed,seed_peak_density,-0.0007121805309537838,0.005872049728036877,0.004142815192838277,0.0008347254112395526,0.0067343608552921045,0.004046216108867231,1024
ses06_dice_whole_fixed,seed_sigma_mm,0.06045799531289579,0.03618008056185278,0.1541830132819419,0.024664878407991093,0.05637664107742786,0.14705202835271206,1024
ses06_dice_whole_fixed,preop_time,0.014924866572444245,0.020984073530444854,0.0635212792094571,0.014779178715124375,0.008057754451405677,0.07028382470441932,1024
ses06_dice_whole_fixed,diffusivity_ratio,-0.004195968280810145,0.00682877268519802,0.006924910739691128,0.0019044593731424402,-0.008187987278339168,0.006270584317074225,1024
ses06_dice_whole_fixed,chemo_kill_rate,0.09348252439072331,0.0454946452344951,0.2922488998030425,0.05369603121576608,0.09868231619426401,0.30706633259183413,1024
ses06_dice_whole_fixed,rt_alpha,0.22216940781411437,0.05614629180850673,0.48421572070490565,0.0687687350776006,0.22301848266309351,0.5037751337193884,1024
ses06_dice_whole_fixed,rt_alpha_beta_ratio,-0.001644620263033886,0.0075207154326993216,0.010131736936403004,0.009424996133065387,0.003791703353140185,0.017679370934330786,1024
ses06_dice_whole_fixed,gaussian_seed_x_fraction,0.022728448905283895,0.016371363381993152,0.04074397673382791,0.007990062136119448,0.02489856844579456,0.03669774774441067,1024
ses06_dice_whole_fixed,gaussian_seed_y_fraction,-0.005443081746640596,0.01310415269202436,0.028244036357970483,0.006427652513261384,-0.005428298460366159,0.028837641528295325,1024
ses06_dice_whole_fixed,gaussian_seed_z_fraction,0.016277228421515584,0.016573296582318858,0.03602173291231512,0.006869003683718113,0.01704729834055343,0.036213545486774516,1024
ses06_dice_whole_fixed,core_threshold,0.0,0.0,0.0,0.0,0.0,0.0,1024
ses06_dice_whole_fixed,edema_threshold_ratio,0.0,0.0,0.0,0.0,0.0,0.0,1024
ses06_log10_V_core_fixed,front_speed_mm_per_day,0.09075913140745256,0.041275891273284376,0.23294478149256978,0.03687754664000286,0.14661374313866368,0.2705607884994046,1024
ses06_log10_V_core_fixed,front_width_mm,0.08138567073040487,0.040364711947924944,0.21154011489881674,0.032508202387202804,0.0993308649575222,0.23210936611164298,1024
ses06_log10_V_core_fixed,seed_peak_density,0.002314294798689893,0.011221347418400631,0.01632784249230938,0.005999262395682491,0.009249058366643513,0.019036524753067025,1024
ses06_log10_V_core_fixed,seed_sigma_mm,0.058729997165907745,0.03246979048763652,0.14587987760092166,0.02275120666180533,0.06266155830947462,0.13459302343261292,1024
ses06_log10_V_core_fixed,preop_time,0.006424109590802049,0.015888033814571767,0.03320496131867669,0.008826648245304982,0.0041676637638482575,0.02827045300166778,1024
ses06_log10_V_core_fixed,diffusivity_ratio,-0.0013843787109698768,0.0063708061911273576,0.0054904980463101605,0.003290906243699988,-0.0031936158021394993,0.004577884607087146,1024
ses06_log10_V_core_fixed,chemo_kill_rate,0.4209896110225296,0.06618898895782412,0.6566028115745373,0.0613094870832428,0.4326867809367478,0.6434549384732631,1024
ses06_log10_V_core_fixed,rt_alpha,0.03178585791394125,0.026059247396382695,0.09553953897090992,0.018407753276036633,0.03555073687247903,0.08791647227415164,1024
ses06_log10_V_core_fixed,rt_alpha_beta_ratio,0.0008590338535235447,0.003117917509786371,0.001379317274565115,0.0011587325762665158,-0.0009555402462731809,0.0006645559674595922,1024
ses06_log10_V_core_fixed,gaussian_seed_x_fraction,0.007514719336171369,0.019016044695693828,0.04911287690940036,0.012076626079580209,0.014840731379705449,0.048894615405241926,1024
ses06_log10_V_core_fixed,gaussian_seed_y_fraction,0.007218343934659539,0.014248885082071523,0.02659536156277967,0.007749673595065618,0.0020601078945124817,0.027823659932022116,1024
ses06_log10_V_core_fixed,gaussian_seed_z_fraction,0.019899845408438907,0.019087193934235337,0.053843054188085535,0.012621156207046152,0.022872252186036227,0.04857910788640116,1024
ses06_log10_V_core_fixed,core_threshold,0.0,0.0,0.0,0.0,0.0,0.0,1024
ses06_log10_V_core_fixed,edema_threshold_ratio,0.0,0.0,0.0,0.0,0.0,0.0,1024
ses06_log10_V_whole_fixed,front_speed_mm_per_day,0.0717977051449316,0.03399374385935804,0.16070031363288823,0.030596762323438317,0.08572195641110972,0.17128877091664582,1024
ses06_log10_V_whole_fixed,front_width_mm,0.038280714040129275,0.03284145452860698,0.17175121721467385,0.03500570072925109,0.04372571875630593,0.17427748116736594,1024
ses06_log10_V_whole_fixed,seed_peak_density,-1.2123401957152405e-05,0.008040389271624083,0.010607443567250454,0.004329894458185727,-0.006350402446595025,0.009668936789514493,1024
ses06_log10_V_whole_fixed,seed_sigma_mm,0.08253000320998784,0.03620546752182946,0.1605648668276562,0.02536119379510087,0.10799559817194035,0.17871361337607675,1024
ses06_log10_V_whole_fixed,preop_time,0.011468438946267544,0.011428884356256564,0.019573213875806666,0.0057779863681880535,0.010393619650574145,0.018697358467443394,1024
ses06_log10_V_whole_fixed,diffusivity_ratio,-0.003877936344138496,0.006781476721121618,0.007289901320397477,0.0042347535331575354,-0.005281550286544976,0.008671081610971335,1024
ses06_log10_V_whole_fixed,chemo_kill_rate,0.44353511926638994,0.07929298472913252,0.6453078752192972,0.0625186255175925,0.42309424866953477,0.6300780689227117,1024
ses06_log10_V_whole_fixed,rt_alpha,0.0451444057412711,0.03142635959731324,0.1308609844123917,0.02459144066962068,0.05773449533378158,0.1385756810372655,1024
ses06_log10_V_whole_fixed,rt_alpha_beta_ratio,-0.0008325713634043467,0.0036656127295849757,0.0017565008558282835,0.002136222128212773,0.0008726958948201419,0.0007450741332133671,1024
ses06_log10_V_whole_fixed,gaussian_seed_x_fraction,0.012903902572520783,0.017070229731999516,0.05167449770020071,0.013184478900743667,0.020092458363395557,0.05333504661395738,1024
ses06_log10_V_whole_fixed,gaussian_seed_y_fraction,0.0022388139676114893,0.011706869614467262,0.02184214433188617,0.006546809443590467,0.003207174966489615,0.021046638080699422,1024
ses06_log10_V_whole_fixed,gaussian_seed_z_fraction,0.028976841195964324,0.02328617161356341,0.064624262408254,0.017316444823053327,0.03995593744719264,0.07208376664893214,1024
ses06_log10_V_whole_fixed,core_threshold,0.0,0.0,0.0,0.0,0.0,0.0,1024
ses06_log10_V_whole_fixed,edema_threshold_ratio,0.0,0.0,0.0,0.0,0.0,0.0,1024
ses06_log_vol_ratio_core_fixed,front_speed_mm_per_day,0.09075913140745256,0.04127589127328438,0.23294478149256978,0.03687754664000286,0.14661374313866368,0.2705607884994046,1024
ses06_log_vol_ratio_core_fixed,front_width_mm,0.08138567073040487,0.040364711947924944,0.21154011489881674,0.0325082023872028,0.0993308649575222,0.23210936611164298,1024
ses06_log_vol_ratio_core_fixed,seed_peak_density,0.002314294798689894,0.011221347418400631,0.01632784249230938,0.005999262395682491,0.009249058366643513,0.019036524753067025,1024
ses06_log_vol_ratio_core_fixed,seed_sigma_mm,0.05872999716590774,0.03246979048763652,0.14587987760092166,0.022751206661805322,0.06266155830947462,0.13459302343261292,1024
ses06_log_vol_ratio_core_fixed,preop_time,0.0064241095908020495,0.01588803381457177,0.03320496131867669,0.008826648245304982,0.004167663763848259,0.02827045300166778,1024
ses06_log_vol_ratio_core_fixed,diffusivity_ratio,-0.001384378710969877,0.0063708061911273576,0.0054904980463101605,0.0032909062436999883,-0.0031936158021394984,0.004577884607087146,1024
ses06_log_vol_ratio_core_fixed,chemo_kill_rate,0.4209896110225296,0.06618898895782412,0.6566028115745373,0.0613094870832428,0.4326867809367478,0.6434549384732631,1024
ses06_log_vol_ratio_core_fixed,rt_alpha,0.03178585791394125,0.026059247396382695,0.09553953897090992,0.018407753276036633,0.035550736872479026,0.08791647227415164,1024
ses06_log_vol_ratio_core_fixed,rt_alpha_beta_ratio,0.0008590338535235449,0.003117917509786371,0.001379317274565115,0.001158732576266516,-0.0009555402462731806,0.000664555967459592,1024
ses06_log_vol_ratio_core_fixed,gaussian_seed_x_fraction,0.007514719336171369,0.019016044695693828,0.04911287690940036,0.012076626079580209,0.014840731379705449,0.048894615405241926,1024
ses06_log_vol_ratio_core_fixed,gaussian_seed_y_fraction,0.007218343934659539,0.014248885082071524,0.02659536156277967,0.007749673595065618,0.0020601078945124804,0.027823659932022116,1024
ses06_log_vol_ratio_core_fixed,gaussian_seed_z_fraction,0.019899845408438907,0.019087193934235337,0.053843054188085535,0.012621156207046152,0.022872252186036224,0.04857910788640115,1024
ses06_log_vol_ratio_core_fixed,core_threshold,0.0,0.0,0.0,0.0,0.0,0.0,1024
ses06_log_vol_ratio_core_fixed,edema_threshold_ratio,0.0,0.0,0.0,0.0,0.0,0.0,1024
ses06_log_vol_ratio_whole_fixed,front_speed_mm_per_day,0.07179770514493163,0.03399374385935805,0.16070031363288823,0.030596762323438317,0.08572195641110973,0.17128877091664582,1024
ses06_log_vol_ratio_whole_fixed,front_width_mm,0.038280714040129275,0.032841454528606984,0.17175121721467385,0.0350057007292511,0.043725718756305945,0.17427748116736594,1024
ses06_log_vol_ratio_whole_fixed,seed_peak_density,-1.2123401957151107e-05,0.008040389271624083,0.010607443567250454,0.004329894458185726,-0.006350402446595024,0.009668936789514493,1024
ses06_log_vol_ratio_whole_fixed,seed_sigma_mm,0.08253000320998785,0.03620546752182945,0.16056486682765617,0.02536119379510086,0.10799559817194035,0.17871361337607675,1024
ses06_log_vol_ratio_whole_fixed,preop_time,0.011468438946267544,0.011428884356256568,0.019573213875806666,0.0057779863681880535,0.010393619650574148,0.018697358467443394,1024
ses06_log_vol_ratio_whole_fixed,diffusivity_ratio,-0.003877936344138495,0.006781476721121616,0.007289901320397477,0.004234753533157535,-0.005281550286544979,0.008671081610971337,1024
ses06_log_vol_ratio_whole_fixed,chemo_kill_rate,0.44353511926638994,0.0792929847291325,0.6453078752192972,0.06251862551759246,0.42309424866953477,0.6300780689227117,1024
ses06_log_vol_ratio_whole_fixed,rt_alpha,0.0451444057412711,0.03142635959731325,0.1308609844123917,0.024591440669620674,0.05773449533378159,0.1385756810372655,1024
ses06_log_vol_ratio_whole_fixed,rt_alpha_beta_ratio,-0.0008325713634043468,0.003665612729584977,0.0017565008558282835,0.002136222128212773,0.0008726958948201423,0.0007450741332133672,1024
ses06_log_vol_ratio_whole_fixed,gaussian_seed_x_fraction,0.01290390257252078,0.017070229731999523,0.05167449770020072,0.013184478900743667,0.020092458363395564,0.05333504661395739,1024
ses06_log_vol_ratio_whole_fixed,gaussian_seed_y_fraction,0.0022388139676114915,0.011706869614467262,0.02184214433188617,0.006546809443590467,0.0032071749664896176,0.021046638080699422,1024
ses06_log_vol_ratio_whole_fixed,gaussian_seed_z_fraction,0.028976841195964324,0.02328617161356341,0.064624262408254,0.017316444823053324,0.03995593744719264,0.07208376664893215,1024
ses06_log_vol_ratio_whole_fixed,core_threshold,0.0,0.0,0.0,0.0,0.0,0.0,1024
ses06_log_vol_ratio_whole_fixed,edema_threshold_ratio,0.0,0.0,0.0,0.0,0.0,0.0,1024
ses06_msd_core_fixed,front_speed_mm_per_day,0.1409773919163918,0.12663862408723528,0.4328682649685987,0.13817270284073818,0.1809821593942215,0.4016713091967137,207
ses06_msd_core_fixed,front_width_mm,0.24786874954991509,0.12327475752774332,0.4092552557844074,0.11427493799412086,0.32949037500761885,0.4657785973863761,207
ses06_msd_core_fixed,seed_peak_density,-0.004706943778009074,0.018061736401070443,0.01814182695132372,0.015483858941913509,-0.021593898364781875,0.010459241700581127,207
ses06_msd_core_fixed,seed_sigma_mm,0.08966674230652688,0.11674380161650023,0.27042002728996767,0.08349749691451946,0.06479083946205168,0.2485973627572839,207
ses06_msd_core_fixed,preop_time,0.02640700421211176,0.06947573893330611,0.11270066633740111,0.042073966684990236,0.03829530186799114,0.11987549597097179,207
ses06_msd_core_fixed,diffusivity_ratio,0.015381159129438295,0.04111834218106903,0.015928195027149736,0.009887913485207808,6.302636315402756e-05,0.010783203721445644,207
ses06_msd_core_fixed,chemo_kill_rate,0.024695332450974605,0.04757460538495021,0.05753971059494642,0.026799266187989713,0.0032577286570766788,0.054222523376527325,207
ses06_msd_core_fixed,rt_alpha,0.3613817005897931,0.1440460561799265,0.5746301668477709,0.16343369077755135,0.3427008318336175,0.5224845541346979,207
ses06_msd_core_fixed,rt_alpha_beta_ratio,-0.0009855607872548662,0.003813969579362221,0.0007182105945491253,0.0007627299959963076,-0.0002874428841763114,0.00016190059262051695,207
ses06_msd_core_fixed,gaussian_seed_x_fraction,0.011638745760908053,0.0395977385551644,0.053114686137775494,0.017122488164435273,0.023456833763820847,0.04672812420451656,207
ses06_msd_core_fixed,gaussian_seed_y_fraction,0.03622968733959435,0.06260744646382219,0.08070351799496835,0.02834078477584679,0.03122739760464297,0.0854299539304651,207
ses06_msd_core_fixed,gaussian_seed_z_fraction,0.040356839303819676,0.06333223299865427,0.04613088505151263,0.030776878690818906,-0.010359026989401549,0.03339972594860165,207
ses06_msd_core_fixed,core_threshold,0.0,0.0,0.0,0.0,0.0,0.0,207
ses06_msd_core_fixed,edema_threshold_ratio,0.0,0.0,0.0,0.0,0.0,0.0,207
ses06_msd_whole_fixed,front_speed_mm_per_day,0.21251105499082878,0.07332282146064974,0.3121484234903956,0.056252658624156605,0.23747853071786554,0.33180887471641357,506
ses06_msd_whole_fixed,front_width_mm,0.14073370919337955,0.05668315049168605,0.22362102633467304,0.054935178406721866,0.1709243096582849,0.26253852987094906,506
ses06_msd_whole_fixed,seed_peak_density,0.012620235893479333,0.01014101993614619,0.006984260123407463,0.0015586956493327017,0.02166161904016559,0.007433405614374945,506
ses06_msd_whole_fixed,seed_sigma_mm,0.17253287633211234,0.074187529877044,0.3064755648190288,0.04671347941386825,0.17457982620578505,0.3261030119634016,506
ses06_msd_whole_fixed,preop_time,0.04119290677255714,0.030611807032055773,0.05923550992713306,0.013197778037787595,0.04303103811499112,0.06717455539362711,506
ses06_msd_whole_fixed,diffusivity_ratio,0.0013397109925172206,0.011685067793382546,0.007072831505922955,0.0029744017709686064,-0.004763643677666556,0.007761366974145957,506
ses06_msd_whole_fixed,chemo_kill_rate,0.02244183307039244,0.041660372977786846,0.09337282148554561,0.034820902597841534,0.04338469162867918,0.10170829332024538,506
ses06_msd_whole_fixed,rt_alpha,0.2718260402892243,0.08361126334231003,0.3733108686241631,0.06396196625403798,0.26733063176874927,0.3674184021135193,506
ses06_msd_whole_fixed,rt_alpha_beta_ratio,-0.0013664672745737894,0.005774148223771538,0.004318858973018922,0.0034337794084194915,0.00035623502908900014,0.00533338051909403,506
ses06_msd_whole_fixed,gaussian_seed_x_fraction,0.013440606364873866,0.022454252168543055,0.032388121988388405,0.006654500027909256,0.022072370037188215,0.03409896273878228,506
ses06_msd_whole_fixed,gaussian_seed_y_fraction,0.019972777735166612,0.032160450723927446,0.048619198800027165,0.009118533867650623,0.01060145114239721,0.05023322563877949,506
ses06_msd_whole_fixed,gaussian_seed_z_fraction,0.0012306102731314166,0.01892458263740184,0.021869087046259814,0.004618699800641591,0.00045978854696166003,0.02302513820420007,506
ses06_msd_whole_fixed,core_threshold,0.0,0.0,0.0,0.0,0.0,0.0,506
ses06_msd_whole_fixed,edema_threshold_ratio,0.0,0.0,0.0,0.0,0.0,0.0,506
ses06_hd95_core_fixed,front_speed_mm_per_day,0.0914780528902842,0.13123744075246055,0.48028651884747076,0.14612617255072174,0.1794307496966816,0.43823928326103717,207
ses06_hd95_core_fixed,front_width_mm,0.13895915569995082,0.12004761623172855,0.4296673488438934,0.12823779131114393,0.22481682790748156,0.451031382213528,207
ses06_hd95_core_fixed,seed_peak_density,0.004521705396489661,0.020364750585508604,0.01674459639633217,0.009501455663864712,-0.011966815135721313,0.013008444425059626,207
ses06_hd95_core_fixed,seed_sigma_mm,-0.0005590329233054634,0.12259626017403558,0.34280844890893347,0.10322623977242996,-0.03609057256404228,0.3385874033672055,207
ses06_hd95_core_fixed,preop_time,0.034404532637789025,0.07648205328769977,0.2007697944707371,0.08282164280706866,0.06728658391246921,0.24714132404614916,207
ses06_hd95_core_fixed,diffusivity_ratio,0.017208967859906995,0.045008037138431774,0.021133679816455826,0.013979773891930395,-0.004526590760525477,0.013484222650368522,207
ses06_hd95_core_fixed,chemo_kill_rate,0.02023037391359936,0.033722679081745394,0.03931626068007237,0.018705171556860953,0.003394839010400595,0.038599722284376504,207
ses06_hd95_core_fixed,rt_alpha,0.2333104522358587,0.12484500947424468,0.4823308014227327,0.1389533652127699,0.22433946886179937,0.4296663793803469,207
ses06_hd95_core_fixed,rt_alpha_beta_ratio,-0.001409219184411082,0.003026548309691346,0.0009242127861661184,0.00107200688581733,-0.001439646496601522,7.789502025830156e-05,207
ses06_hd95_core_fixed,gaussian_seed_x_fraction,-0.0289423511369806,0.05180871036355897,0.0962712660179336,0.02897096206787173,-0.027229096355156666,0.10534450089157453,207
ses06_hd95_core_fixed,gaussian_seed_y_fraction,0.07424291631246868,0.07832003535088684,0.17003877795818856,0.06357860761401048,0.06706687397549846,0.1748052922487502,207
ses06_hd95_core_fixed,gaussian_seed_z_fraction,0.026717272100802034,0.0584399402216743,0.0643488259683984,0.026277867348705027,-0.006031064331201445,0.06046772925639965,207
ses06_hd95_core_fixed,core_threshold,0.0,0.0,0.0,0.0,0.0,0.0,207
ses06_hd95_core_fixed,edema_threshold_ratio,0.0,0.0,0.0,0.0,0.0,0.0,207
ses06_hd95_whole_fixed,front_speed_mm_per_day,0.2512732316896034,0.08254486551709615,0.36774391145217195,0.05984985185490322,0.25881231353891904,0.37442512694112534,506
ses06_hd95_whole_fixed,front_width_mm,0.12037695001857454,0.060453915739273376,0.21366010044266193,0.04139875856109931,0.14229822131956915,0.23776381785058492,506
ses06_hd95_whole_fixed,seed_peak_density,0.010188096716747492,0.009998852215327095,0.006372562835855839,0.0015091387206938797,0.01713429564441287,0.007389731011485609,506
ses06_hd95_whole_fixed,seed_sigma_mm,0.16701158217198186,0.06947734101956195,0.28474744709691074,0.03950851260913402,0.1746366902859344,0.3061203852622775,506
ses06_hd95_whole_fixed,preop_time,0.04744965420680606,0.0389694398777549,0.09288934496662782,0.020700996898901116,0.0651669320519374,0.10019866562329205,506
ses06_hd95_whole_fixed,diffusivity_ratio,0.007506233501177185,0.011832221431122659,0.007509389945608182,0.0031211402399760942,-0.0018271797807597457,0.007407490404092157,506
ses06_hd95_whole_fixed,chemo_kill_rate,0.03250651783922759,0.036906480682755094,0.06499592840988616,0.02126843670062477,0.0498525176886284,0.06819313441544572,506
ses06_hd95_whole_fixed,rt_alpha,0.14972105958982726,0.06711887203681932,0.28507514777967025,0.05149819837059517,0.1320743305159046,0.2828425778812174,506
ses06_hd95_whole_fixed,rt_alpha_beta_ratio,-0.0008157634230827811,0.0044275838508846845,0.0038550045360625034,0.0040523942359445555,0.0011736670371106127,0.006519483234661794,506
ses06_hd95_whole_fixed,gaussian_seed_x_fraction,0.02424570358313633,0.028341462851884075,0.05120740831196566,0.00874950570458122,0.02027477301742436,0.05114782169132855,506
ses06_hd95_whole_fixed,gaussian_seed_y_fraction,0.1086163107625179,0.0600528568266668,0.17516668391798393,0.029921604057065326,0.1052113219643717,0.1799886670044618,506
ses06_hd95_whole_fixed,gaussian_seed_z_fraction,-2.2398016930957262e-07,0.020548451466099897,0.02545281265012822,0.0051740951445391975,0.002852254632738566,0.02416663223150852,506
ses06_hd95_whole_fixed,core_threshold,0.0,0.0,0.0,0.0,0.0,0.0,506
ses06_hd95_whole_fixed,edema_threshold_ratio,0.0,0.0,0.0,0.0,0.0,0.0,506
ses06_log10_mass,front_speed_mm_per_day,0.15173533497203595,0.03635482291611243,0.1750465939987685,0.0237789183336029,0.1558361701162735,0.18112349207654196,1024
ses06_log10_mass,front_width_mm,0.08158081384662966,0.02393873864858377,0.08156970906522454,0.010345616639596374,0.08302492524801297,0.0784872086917563,1024
ses06_log10_mass,seed_peak_density,0.004010217909178259,0.006487753759277729,0.0058160589071939335,0.0007631265220077395,0.004923875637629711,0.005506525787962448,1024
ses06_log10_mass,seed_sigma_mm,0.29080341460227577,0.050961590962081076,0.3521656948363219,0.03724852806094006,0.28963353796023655,0.3574881813340549,1024
ses06_log10_mass,preop_time,0.02166073865107577,0.014649674860725756,0.026727768760619833,0.003755520489480605,0.02138352417678975,0.027862185154498776,1024
ses06_log10_mass,diffusivity_ratio,0.002012385341755395,0.005788432181508821,0.004370496029636728,0.0008782267445395323,0.0009623645209298134,0.004425759381787581,1024
ses06_log10_mass,chemo_kill_rate,0.1631804916404831,0.037970612337504255,0.15619328233093566,0.018552827181122264,0.1630126476132267,0.151954087929358,1024
ses06_log10_mass,rt_alpha,0.1543304295738064,0.04313497666802046,0.24385503950532156,0.03592567771656663,0.15039836411890722,0.24280572921395724,1024
ses06_log10_mass,rt_alpha_beta_ratio,-0.00011278500308479391,0.0024257465498041903,0.0007760922347870186,0.00022476126201160956,-0.0012028799639463936,0.0009231590576853857,1024
ses06_log10_mass,gaussian_seed_x_fraction,0.007029624806803634,0.013242387810205355,0.02128366300620027,0.0064036272862252564,0.011500584637329074,0.02228929275833186,1024
ses06_log10_mass,gaussian_seed_y_fraction,0.0008145526938736506,0.00944762863122853,0.009192065672909878,0.0030971347010413895,0.00730578031542797,0.009358428896863969,1024
ses06_log10_mass,gaussian_seed_z_fraction,0.0068099422353813345,0.013880883215852204,0.021873461451417657,0.005610251024014576,0.005089414326649932,0.022752593725294642,1024
ses06_log10_mass,core_threshold,0.0,0.0,0.0,0.0,0.0,0.0,1024
ses06_log10_mass,edema_threshold_ratio,0.0,0.0,0.0,0.0,0.0,0.0,1024
ses06_centroid_drift,front_speed_mm_per_day,0.25251955429569545,0.08986596408315352,0.6272496559645215,0.10014101230656577,0.2537943953023017,0.5672515272447224,1024
ses06_centroid_drift,front_width_mm,0.04078571703105291,0.03424912705580062,0.15717873656332365,0.04091052983894193,0.04754594748316931,0.15284433856462618,1024
ses06_centroid_drift,seed_peak_density,0.004175783254603823,0.004035765234410355,0.0033259461435943484,0.0013540547889144452,0.0009211171572807912,0.0031320964697989415,1024
ses06_centroid_drift,seed_sigma_mm,-0.0032455252771349417,0.03573022916804915,0.15559044325213725,0.033218635640442556,0.0026019807503942062,0.18329459840610524,1024
ses06_centroid_drift,preop_time,0.03184666770163824,0.04841018105813685,0.21486748000185468,0.0473170868409923,0.07192699480755262,0.2163134667608038,1024
ses06_centroid_drift,diffusivity_ratio,0.00432838508970319,0.013981866671697754,0.031658740673342074,0.00980782159727012,-0.0008529017478724756,0.03195678688477868,1024
ses06_centroid_drift,chemo_kill_rate,-0.0017729455415421427,0.007712871015942025,0.005781411991856122,0.0019028148646653635,-0.0025283145044473075,0.006557251547760448,1024
ses06_centroid_drift,rt_alpha,0.03878378238436876,0.053542940207523364,0.3371002467627716,0.05782027209939293,0.045816863092630215,0.32167009864483775,1024
ses06_centroid_drift,rt_alpha_beta_ratio,0.0001415817723945236,0.003729651855478455,0.00215129602712102,0.000574756198268179,0.002751283112408908,0.0020103250508642814,1024
ses06_centroid_drift,gaussian_seed_x_fraction,-0.017759222710751716,0.02412256054545513,0.08653051244690102,0.019580499323983775,-0.014369642454235002,0.08176685419253936,1024
ses06_centroid_drift,gaussian_seed_y_fraction,-0.007669130705365716,0.02202619430106466,0.042340258677038854,0.017813000537372805,-0.012779090908047982,0.04427359287400444,1024
ses06_centroid_drift,gaussian_seed_z_fraction,-0.013232994347736433,0.022680606186984482,0.06578367370769017,0.02162377854109443,-0.005054843894012685,0.07336833405725042,1024
ses06_centroid_drift,core_threshold,0.0,0.0,0.0,0.0,0.0,0.0,1024
ses06_centroid_drift,edema_threshold_ratio,0.0,0.0,0.0,0.0,0.0,0.0,1024
ses06_R_g,front_speed_mm_per_day,0.314151094635111,0.057276119898796864,0.35956378186232435,0.04296727769852578,0.31915523137258767,0.362999673851302,1024
ses06_R_g,front_width_mm,0.013007654227983676,0.015886406804953263,0.03319456769388984,0.005937113611340595,0.024803728169738335,0.03386499408059004,1024
ses06_R_g,seed_peak_density,0.00565816236462921,0.0070970536315926955,0.006522514443237255,0.0008132112669063549,0.006177918930824362,0.006599322976235768,1024
ses06_R_g,seed_sigma_mm,0.4605204064591138,0.05944645716776738,0.475676012827178,0.045280814462832226,0.45804572008401895,0.4828758859885716,1024
ses06_R_g,preop_time,0.05939516554180013,0.02782367652784035,0.09240332817901574,0.013877494330987908,0.08304687449525286,0.09831429987433714,1024
ses06_R_g,diffusivity_ratio,0.02650794670809945,0.017009016671695257,0.03283047305572184,0.006574842655746544,0.022538585690180725,0.034024253349881586,1024
ses06_R_g,chemo_kill_rate,0.0004925132954335861,0.0029232885866788487,0.0010638098883520139,0.0002152603278846676,0.000547750763029339,0.0010762051765751538,1024
ses06_R_g,rt_alpha,0.014803274252755934,0.017075088231571223,0.03600044358724216,0.007328184042041714,0.01216712310061146,0.03788486251521499,1024
ses06_R_g,rt_alpha_beta_ratio,-0.0003346176960329991,0.0018065174694349082,0.00041718873704135,0.0001701291805955135,-0.00018960610019317202,0.0004376632349848511,1024
ses06_R_g,gaussian_seed_x_fraction,0.01874645093403497,0.013755352692213724,0.03430290138235174,0.00732664870894783,0.01545374986789876,0.03655648160884097,1024
ses06_R_g,gaussian_seed_y_fraction,0.0010219566066777919,0.011614856157712199,0.017764884785575506,0.0039010050845581542,-0.0012919021184501869,0.01724840733240159,1024
ses06_R_g,gaussian_seed_z_fraction,0.0007959198195415168,0.015853322175000108,0.03370728407151121,0.01244036105917546,0.004057617110603252,0.039417041835599985,1024
ses06_R_g,core_threshold,0.0,0.0,0.0,0.0,0.0,0.0,1024
ses06_R_g,edema_threshold_ratio,0.0,0.0,0.0,0.0,0.0,0.0,1024
ses06_log10_anisotropy,front_speed_mm_per_day,0.0400136668507124,0.04228214665065271,0.25555714432261717,0.04129627392543708,0.027774981351193037,0.2611693244679693,1024
ses06_log10_anisotropy,front_width_mm,0.005843948833342672,0.02340234270122281,0.06040923683193132,0.014457168534836471,0.010152938313222497,0.05152875137188441,1024
ses06_log10_anisotropy,seed_peak_density,0.004372184862547414,0.01010805230015415,0.00849995107000999,0.0032605222203467388,0.0015068018520902912,0.008986301092096955,1024
ses06_log10_anisotropy,seed_sigma_mm,-0.004190627652047918,0.041980086894272066,0.2624552916451429,0.03676240677853539,-0.009222416265602091,0.29617338019176054,1024
ses06_log10_anisotropy,preop_time,-0.00014708673513953363,0.023624178781710685,0.08952791277281738,0.021326907838608224,-0.0228656673208627,0.10059509107211814,1024
ses06_log10_anisotropy,diffusivity_ratio,0.0020611930904269873,0.021215252728638664,0.049487963672212115,0.015832347495842912,0.006702570834640844,0.056099579441646556,1024
ses06_log10_anisotropy,chemo_kill_rate,-0.00029095324750240734,0.004976630003354735,0.003207037804596029,0.001194262553816743,-0.003756064355978689,0.004253446565172611,1024
ses06_log10_anisotropy,rt_alpha,0.3177948798635249,0.09680446795684237,0.6023453922396548,0.08567106390155169,0.25855212515913284,0.6238489835713023,1024
ses06_log10_anisotropy,rt_alpha_beta_ratio,0.003003664585150389,0.011357661116036269,0.009308281326909393,0.0031040964006222513,0.0019285870706394741,0.00724056530379758,1024
ses06_log10_anisotropy,gaussian_seed_x_fraction,0.046901873607649476,0.05547528491263893,0.3040213985850607,0.051611564001944964,0.03022658099075739,0.3136681973487428,1024
ses06_log10_anisotropy,gaussian_seed_y_fraction,-0.01507009114965189,0.025629793343277633,0.1014246410569629,0.019106326663219125,-0.03249052061442519,0.1021900623962686,1024
ses06_log10_anisotropy,gaussian_seed_z_fraction,0.00949137110568093,0.024065486583167803,0.11110896439588651,0.02228034325050564,0.03435166991682641,0.12035385420306874,1024
ses06_log10_anisotropy,core_threshold,0.0,0.0,0.0,0.0,0.0,0.0,1024
ses06_log10_anisotropy,edema_threshold_ratio,0.0,0.0,0.0,0.0,0.0,0.0,1024
ses06_wm_fraction,front_speed_mm_per_day,0.054554865072894435,0.03106962186786839,0.14612608703178254,0.03613297223908542,0.054938318356865204,0.14517827904223216,1024
ses06_wm_fraction,front_width_mm,0.02604695836388609,0.018518071425082976,0.04970090511492811,0.011010068503756031,0.01902432017029866,0.052263057802715625,1024
ses06_wm_fraction,seed_peak_density,0.0014083747587066422,0.004800573814967174,0.0022675028987529334,0.0008548920351081333,-0.0009777488058879621,0.0026002058333722414,1024
ses06_wm_fraction,seed_sigma_mm,0.05478141344649182,0.036793461489799464,0.17270339110073588,0.02979001361256294,0.04003828329121252,0.18498545097859115,1024
ses06_wm_fraction,preop_time,0.0022501612902202373,0.016967096247035286,0.037929890768083535,0.01272719527005834,-0.006549560074449316,0.04260102673994652,1024
ses06_wm_fraction,diffusivity_ratio,0.010082705653222706,0.011507035736250344,0.020800813875651726,0.007029779013549451,0.011555507093477548,0.018006745338196857,1024
ses06_wm_fraction,chemo_kill_rate,0.0008493155657226698,0.0026712662275909984,0.00137526757569141,0.00045065615420991314,0.0012905805831810555,0.0014372183598033036,1024
ses06_wm_fraction,rt_alpha,0.15937366862419503,0.04402868982783105,0.2096352319137926,0.032864603702876694,0.1480940703787594,0.2015892074249572,1024
ses06_wm_fraction,rt_alpha_beta_ratio,0.002537958846547261,0.0034916758153663106,0.0010420440014545101,0.00033774756658722777,0.0028458893009233404,0.0010806729396503826,1024
ses06_wm_fraction,gaussian_seed_x_fraction,0.1317160089618766,0.0409038350994821,0.24916447236483572,0.04102910633998146,0.15808563555319363,0.2646580539591559,1024
ses06_wm_fraction,gaussian_seed_y_fraction,0.14680864446976044,0.04091863853444487,0.26667356090531436,0.036414541731042305,0.13844117695168218,0.2639415008606387,1024
ses06_wm_fraction,gaussian_seed_z_fraction,0.16819779576664087,0.04562777571575072,0.2763491384845724,0.04693016687998881,0.18188050065236994,0.29685805538438587,1024
ses06_wm_fraction,core_threshold,0.0,0.0,0.0,0.0,0.0,0.0,1024
ses06_wm_fraction,edema_threshold_ratio,0.0,0.0,0.0,0.0,0.0,0.0,1024
ses07_dice_core,front_speed_mm_per_day,0.11964817427306294,0.07725216853571489,0.5219737858599154,0.08222741247929741,0.20293558218253308,0.5759276694186429,1024
ses07_dice_core,front_width_mm,0.09493489636140895,0.057475650174441624,0.4482529251370094,0.07954680842203254,0.12059722897291941,0.42680733884802224,1024
ses07_dice_core,seed_peak_density,-0.004653322198852298,0.005912588510376425,0.0046644817211441625,0.0018802836988133533,0.0008503640497067553,0.004417021761141332,1024
ses07_dice_core,seed_sigma_mm,-0.017416374943476497,0.03379048417796968,0.15688800993615903,0.03880552350359472,-0.011674082016294173,0.1432170724110225,1024
ses07_dice_core,preop_time,-0.006675059323197012,0.02027014982701815,0.06087870717911745,0.013892701371934045,-0.005251362553193539,0.07072383832093877,1024
ses07_dice_core,diffusivity_ratio,0.0010884616808478095,0.00618913264953428,0.007221358785600458,0.0023062073649310756,-0.0003718785440100853,0.008590471511845346,1024
ses07_dice_core,chemo_kill_rate,0.13120959822735545,0.052336734068291646,0.4268524327636679,0.08420957263201653,0.12182652574660852,0.45920812938830413,1024
ses07_dice_core,rt_alpha,0.09028816439769358,0.05376307061794654,0.43777928980966196,0.0811692616229308,0.0830507309351344,0.43696554449977804,1024
ses07_dice_core,rt_alpha_beta_ratio,-0.0007701136781036308,0.004229401056379815,0.007925825716915197,0.005826601705992122,0.0015346616764899757,0.010285455688513887,1024
ses07_dice_core,gaussian_seed_x_fraction,-0.007937266606830685,0.01858371559680558,0.04861444097832817,0.011378270215683772,-0.008600654359447867,0.05186652165293935,1024
ses07_dice_core,gaussian_seed_y_fraction,0.015297896746033173,0.02758106519405079,0.13096675724327167,0.03514866911734277,0.020278032006497367,0.13707728101338104,1024
ses07_dice_core,gaussian_seed_z_fraction,0.010318742372692112,0.016667154172504837,0.04483690396371317,0.012702793688334905,0.012517317209668479,0.04681076728618495,1024
ses07_dice_core,core_threshold,-0.00015456641463686453,0.02571073353012722,0.10149094806376824,0.034476837898872285,0.015643554454691296,0.10765522142794313,1024
ses07_dice_core,edema_threshold_ratio,0.0,0.0,0.0,0.0,0.0,0.0,1024
ses07_dice_whole,front_speed_mm_per_day,0.23711734641450458,0.06351366993463604,0.40301476665546493,0.048916496056442806,0.2908158365414032,0.42653426101527303,1024
ses07_dice_whole,front_width_mm,0.08981329044617606,0.041408019846260594,0.28545063587454667,0.04787087144140251,0.10256830334226558,0.31735783342453455,1024
ses07_dice_whole,seed_peak_density,-0.0008755144262126642,0.005005789299083014,0.003334185100641277,0.0006148747302697135,0.005234660481958976,0.0036330449010378144,1024
ses07_dice_whole,seed_sigma_mm,0.06689361746806875,0.03593015516680142,0.15376594924451584,0.022539712712178195,0.07180981076398993,0.1442420911808436,1024
ses07_dice_whole,preop_time,0.01767047678574079,0.018708290798209848,0.06253541206801218,0.01254510604271047,0.02334174534687786,0.06314305040605064,1024
ses07_dice_whole,diffusivity_ratio,-0.0011949026317376228,0.00996855705770017,0.012364562593440487,0.0027975954286710396,-6.870905031159882e-05,0.011269905134357895,1024
ses07_dice_whole,chemo_kill_rate,0.05252996692721759,0.03351016729740706,0.1995206715831142,0.03958535886646534,0.04591417473969278,0.19898864144053552,1024
ses07_dice_whole,rt_alpha,0.12109642453203572,0.04466960733931863,0.2832741455619998,0.04948578674590905,0.14469642414924885,0.30895540980452996,1024
ses07_dice_whole,rt_alpha_beta_ratio,-0.000248360603728994,0.0024231261905058323,0.0008014676067031417,0.00036276638278969116,-0.0011772449173259188,0.0007549002984736935,1024
ses07_dice_whole,gaussian_seed_x_fraction,0.022713374528846076,0.016926195138897246,0.04289058635851579,0.00775899350994071,0.03134839173967237,0.042860992520703314,1024
ses07_dice_whole,gaussian_seed_y_fraction,0.0013193846292262274,0.016480240188756174,0.03883821791203916,0.008225425191263805,0.005433461461541887,0.041442305907004026,1024
ses07_dice_whole,gaussian_seed_z_fraction,0.01739093256798894,0.018113407157636246,0.040081439011936844,0.006639920138240007,0.019088586478992045,0.04234133787803229,1024
ses07_dice_whole,core_threshold,-0.007412280767348387,0.010913133583102929,0.014819718911873343,0.010300425128657567,7.79560778033453e-05,0.00550105828414502,1024
ses07_dice_whole,edema_threshold_ratio,7.243253391965518e-05,0.015150081133317252,0.03306651509783475,0.011661582226217368,0.013332506201715204,0.026262170566485093,1024
ses07_log10_V_core,front_speed_mm_per_day,0.1628026998266347,0.04867677961847624,0.30452754101093576,0.042432759321235136,0.2386155392422218,0.3418443444626063,1024
ses07_log10_V_core,front_width_mm,0.10752036143721004,0.04711895158696813,0.2983169283477723,0.04042309034280559,0.11004760811481526,0.3058488843305105,1024
ses07_log10_V_core,seed_peak_density,0.0029935742917963555,0.011948559851218123,0.01710056375117474,0.0069804865180897865,0.007556395490445799,0.015695374886469163,1024
ses07_log10_V_core,seed_sigma_mm,0.03182621469749185,0.030845620025858334,0.12849631193266262,0.02059121807919716,0.0205664731319305,0.12184894069168953,1024
ses07_log10_V_core,preop_time,0.008078777491337303,0.013532964625825613,0.022650394736421633,0.006269689673513063,0.0002635370065913655,0.024053773397154466,1024
ses07_log10_V_core,diffusivity_ratio,-0.004568964775679895,0.007181573650845876,0.005572779718016196,0.0030962704517062843,-0.009733227377689967,0.0055863605676855985,1024
ses07_log10_V_core,chemo_kill_rate,0.368652141308222,0.06283462355014098,0.5988965766546782,0.056350578022109916,0.3797267416601206,0.581241622107634,1024
ses07_log10_V_core,rt_alpha,0.017856835863003222,0.02523260595594062,0.08617931126651841,0.017294723310589684,0.01875217914418191,0.08843568621933577,1024
ses07_log10_V_core,rt_alpha_beta_ratio,-0.0018516316279688085,0.0022452264967126137,0.0007516224079151344,0.000651925539132256,-0.0031097461371309403,0.0009492997407140214,1024
ses07_log10_V_core,gaussian_seed_x_fraction,0.006754057379160966,0.018505156027904254,0.04439417239718841,0.011236391192277595,0.018127511503956313,0.05055351202683075,1024
ses07_log10_V_core,gaussian_seed_y_fraction,-0.006672016518284894,0.012982312608772355,0.023084781148787904,0.006739110983195546,0.00016292512793929204,0.026117999517988703,1024
ses07_log10_V_core,gaussian_seed_z_fraction,0.01686427037042359,0.019809271498449417,0.05998149769819216,0.014352900631734295,0.01463897592819847,0.05487464815056278,1024
ses07_log10_V_core,core_threshold,0.008300709168113768,0.026820722424992387,0.09990698254102909,0.02225265772759107,-0.012748371871998239,0.09127481382259499,1024
ses07_log10_V_core,edema_threshold_ratio,0.0,0.0,0.0,0.0,0.0,0.0,1024
ses07_log10_V_whole,front_speed_mm_per_day,0.11053632825176676,0.04745295289957604,0.2511444285555542,0.045401326570447945,0.11596328709129468,0.25839638367923223,1024
ses07_log10_V_whole,front_width_mm,0.07362473666855199,0.03911070807738038,0.2482305187303758,0.04559423203387887,0.09968301028787421,0.2181123533069481,1024
ses07_log10_V_whole,seed_peak_density,-0.00033136867062616237,0.007588109748982906,0.006969281264173078,0.002931267613021901,0.0021438200663076016,0.0057575152303365774,1024
ses07_log10_V_whole,seed_sigma_mm,0.07904099630373874,0.034391281323161674,0.1586957537102674,0.027010012845456295,0.09737270863254448,0.16174320396211672,1024
ses07_log10_V_whole,preop_time,0.00597900237931329,0.008674230206946874,0.02096951043781582,0.00800546706873823,0.002617158059405271,0.016008774881493364,1024
ses07_log10_V_whole,diffusivity_ratio,-0.0001671940775763766,0.007213215285354935,0.005644270672887971,0.0028513975780178084,0.0035676907539923543,0.006474402444443513,1024
ses07_log10_V_whole,chemo_kill_rate,0.3410122566312243,0.0762743542237994,0.5633077800087793,0.0638257624724912,0.31002447831850016,0.5759557616473808,1024
ses07_log10_V_whole,rt_alpha,0.03494528771844767,0.02754657499944092,0.11363674503369664,0.02441143137407149,0.053978267796483716,0.12662521559067982,1024
ses07_log10_V_whole,rt_alpha_beta_ratio,0.000259942096077217,0.00226738357080345,0.0030755226632418063,0.0037051743286431933,-0.0019895966859857705,0.004634477364682031,1024
ses07_log10_V_whole,gaussian_seed_x_fraction,0.0070116655217133195,0.015365996334632731,0.04019530334733808,0.011775692185852572,0.021699740462574786,0.04957646198886214,1024
ses07_log10_V_whole,gaussian_seed_y_fraction,0.003280214233655652,0.011119021537922422,0.01953982121729165,0.006590734550546424,0.010567989792505316,0.022468905130089145,1024
ses07_log10_V_whole,gaussian_seed_z_fraction,0.02030609950391782,0.021108656961312866,0.04835281819868376,0.01552918185407316,0.02461194047290681,0.06225742697355442,1024
ses07_log10_V_whole,core_threshold,-0.005718888874119104,0.019789871896918654,0.04159648692844626,0.015038622131649455,-0.0008845096469590297,0.045622476384269514,1024
ses07_log10_V_whole,edema_threshold_ratio,0.006445787327597788,0.02433091221750983,0.0863603625499403,0.02556386565532771,0.009779167508456317,0.08281365113457861,1024
ses07_log_vol_ratio_core,front_speed_mm_per_day,0.1628026998266347,0.04867677961847624,0.30452754101093576,0.042432759321235136,0.2386155392422218,0.3418443444626063,1024
ses07_log_vol_ratio_core,front_width_mm,0.10752036143721004,0.04711895158696813,0.2983169283477723,0.04042309034280559,0.11004760811481526,0.3058488843305105,1024
ses07_log_vol_ratio_core,seed_peak_density,0.002993574291796355,0.011948559851218125,0.01710056375117474,0.0069804865180897865,0.007556395490445797,0.015695374886469163,1024
ses07_log_vol_ratio_core,seed_sigma_mm,0.03182621469749185,0.030845620025858334,0.12849631193266262,0.020591218079197164,0.020566473131930493,0.12184894069168953,1024
ses07_log_vol_ratio_core,preop_time,0.008078777491337303,0.013532964625825613,0.022650394736421633,0.006269689673513063,0.0002635370065913651,0.024053773397154466,1024
ses07_log_vol_ratio_core,diffusivity_ratio,-0.004568964775679896,0.007181573650845876,0.005572779718016196,0.0030962704517062843,-0.009733227377689968,0.0055863605676855985,1024
ses07_log_vol_ratio_core,chemo_kill_rate,0.368652141308222,0.06283462355014098,0.5988965766546782,0.05635057802210991,0.3797267416601206,0.581241622107634,1024
ses07_log_vol_ratio_core,rt_alpha,0.017856835863003222,0.025232605955940617,0.08617931126651841,0.017294723310589684,0.018752179144181907,0.08843568621933577,1024
ses07_log_vol_ratio_core,rt_alpha_beta_ratio,-0.001851631627968808,0.0022452264967126137,0.0007516224079151344,0.000651925539132256,-0.0031097461371309403,0.0009492997407140214,1024
ses07_log_vol_ratio_core,gaussian_seed_x_fraction,0.006754057379160966,0.018505156027904254,0.04439417239718841,0.011236391192277595,0.018127511503956313,0.05055351202683075,1024
ses07_log_vol_ratio_core,gaussian_seed_y_fraction,-0.006672016518284895,0.012982312608772355,0.023084781148787904,0.006739110983195546,0.00016292512793929248,0.026117999517988703,1024
ses07_log_vol_ratio_core,gaussian_seed_z_fraction,0.01686427037042359,0.019809271498449414,0.05998149769819216,0.014352900631734295,0.01463897592819847,0.05487464815056278,1024
ses07_log_vol_ratio_core,core_threshold,0.008300709168113764,0.026820722424992387,0.09990698254102909,0.02225265772759107,-0.012748371871998235,0.09127481382259499,1024
ses07_log_vol_ratio_core,edema_threshold_ratio,0.0,0.0,0.0,0.0,0.0,0.0,1024
ses07_log_vol_ratio_whole,front_speed_mm_per_day,0.11053632825176674,0.047452952899576024,0.2511444285555542,0.04540132657044796,0.11596328709129468,0.25839638367923223,1024
ses07_log_vol_ratio_whole,front_width_mm,0.07362473666855197,0.03911070807738038,0.24823051873037577,0.04559423203387886,0.09968301028787421,0.2181123533069481,1024
ses07_log_vol_ratio_whole,seed_peak_density,-0.00033136867062616063,0.007588109748982905,0.006969281264173078,0.0029312676130219015,0.002143820066307601,0.005757515230336578,1024
ses07_log_vol_ratio_whole,seed_sigma_mm,0.07904099630373874,0.03439128132316168,0.1586957537102674,0.027010012845456302,0.09737270863254448,0.16174320396211672,1024
ses07_log_vol_ratio_whole,preop_time,0.0059790023793132915,0.008674230206946874,0.02096951043781582,0.00800546706873823,0.00261715805940527,0.01600877488149336,1024
ses07_log_vol_ratio_whole,diffusivity_ratio,-0.00016719407757637768,0.007213215285354935,0.005644270672887969,0.0028513975780178084,0.0035676907539923543,0.006474402444443513,1024
ses07_log_vol_ratio_whole,chemo_kill_rate,0.3410122566312243,0.07627435422379941,0.5633077800087793,0.06382576247249121,0.31002447831850016,0.5759557616473808,1024
ses07_log_vol_ratio_whole,rt_alpha,0.03494528771844767,0.02754657499944092,0.11363674503369663,0.024411431374071486,0.05397826779648371,0.12662521559067982,1024
ses07_log_vol_ratio_whole,rt_alpha_beta_ratio,0.00025994209607721984,0.00226738357080345,0.0030755226632418063,0.0037051743286431937,-0.0019895966859857723,0.004634477364682031,1024
ses07_log_vol_ratio_whole,gaussian_seed_x_fraction,0.007011665521713325,0.015365996334632728,0.04019530334733808,0.011775692185852575,0.021699740462574786,0.04957646198886215,1024
ses07_log_vol_ratio_whole,gaussian_seed_y_fraction,0.0032802142336556543,0.011119021537922422,0.019539821217291642,0.006590734550546425,0.010567989792505315,0.022468905130089145,1024
ses07_log_vol_ratio_whole,gaussian_seed_z_fraction,0.020306099503917818,0.021108656961312866,0.04835281819868374,0.015529181854073157,0.02461194047290681,0.06225742697355442,1024
ses07_log_vol_ratio_whole,core_threshold,-0.005718888874119099,0.019789871896918654,0.041596486928446245,0.015038622131649455,-0.0008845096469590327,0.045622476384269514,1024
ses07_log_vol_ratio_whole,edema_threshold_ratio,0.006445787327597791,0.024330912217509826,0.08636036254994028,0.025563865655327714,0.009779167508456315,0.08281365113457861,1024
ses07_msd_core,front_speed_mm_per_day,0.24373308949902817,0.14138605423664535,0.4931028911677821,0.130055822860981,0.27934036780120697,0.45233864816016744,227
ses07_msd_core,front_width_mm,0.2588055160121048,0.1268975739888464,0.4052130920276748,0.10086613979867388,0.2900039650598321,0.4371292432660723,227
ses07_msd_core,seed_peak_density,0.0013440993079221258,0.01636925560636188,0.007883105338216598,0.0030234322711166803,0.0039627790543496026,0.0063947043386010614,227
ses07_msd_core,seed_sigma_mm,0.01750385895068048,0.09988183782179998,0.25090559631738085,0.0661178254431522,-0.03854905327505407,0.2254407348554013,227
ses07_msd_core,preop_time,0.020728876397851547,0.05152193525188323,0.09083442132454457,0.03402055575349176,0.04407491996754888,0.09270679052917821,227
ses07_msd_core,diffusivity_ratio,-0.008719124878787636,0.020815293537042926,0.015309444165589584,0.007507475218023366,-0.003800567803015757,0.008003959336498508,227
ses07_msd_core,chemo_kill_rate,0.029456301577683686,0.039350684810546814,0.10218804919493776,0.06568856913098137,0.04233933517959943,0.1364993066072275,227
ses07_msd_core,rt_alpha,0.27081329112176494,0.14470614039974983,0.4489857746893432,0.11268250039321266,0.3506912615140223,0.3882033485321057,227
ses07_msd_core,rt_alpha_beta_ratio,0.011352245474792402,0.014358313030364665,0.010682070400003662,0.014452411597913098,0.013375692315941788,0.01669957056864239,227
ses07_msd_core,gaussian_seed_x_fraction,0.052055624760277135,0.05219015743585265,0.058230981542562475,0.018617728580529465,0.06766581590135977,0.06923672168364789,227
ses07_msd_core,gaussian_seed_y_fraction,-0.005278435815106007,0.048869963644047935,0.07042098825140604,0.022273854638670605,-0.0046970010433660695,0.06762190747585749,227
ses07_msd_core,gaussian_seed_z_fraction,0.0012166348412906895,0.029493284595461095,0.020715625643924183,0.006739475251372084,-0.0341425450418265,0.021697429042217886,227
ses07_msd_core,core_threshold,0.06946923119907408,0.04972615318623885,0.057386896070729894,0.02048604703649779,0.08860180017054711,0.06410606846761567,227
ses07_msd_core,edema_threshold_ratio,0.0,0.0,0.0,0.0,0.0,0.0,227
ses07_msd_whole,front_speed_mm_per_day,0.30089958294084357,0.07330261800050995,0.36258675570870463,0.05778655449270874,0.3773259247739858,0.3987118638610183,560
ses07_msd_whole,front_width_mm,0.1408634786255045,0.057301336313243516,0.2417700411713317,0.045542041081497474,0.16328274353078262,0.266051851936447,560
ses07_msd_whole,seed_peak_density,0.006557627917842353,0.009595866245275779,0.005743645441766571,0.001359010762858462,0.015557557432127125,0.005355163693157123,560
ses07_msd_whole,seed_sigma_mm,0.12920041519445413,0.060838071828235155,0.2605995412353608,0.03685468404480921,0.11384277604037989,0.26490467191060624,560
ses07_msd_whole,preop_time,0.030920622553864303,0.027943687836763747,0.04976632832037887,0.010102763335190022,0.034093983304525614,0.057363218426572035,560
ses07_msd_whole,diffusivity_ratio,0.004556824507950484,0.01286008407432685,0.006306559902113645,0.0030096921205579924,0.010031511443734696,0.008166274489323642,560
ses07_msd_whole,chemo_kill_rate,0.02161007360288129,0.035696053634901956,0.06569281606523308,0.02449255141398255,0.008903805511432177,0.08842561408861896,560
ses07_msd_whole,rt_alpha,0.19977723109392145,0.07113180123662036,0.27323499157990994,0.046834817134458834,0.21387114457729478,0.27915330551656187,560
ses07_msd_whole,rt_alpha_beta_ratio,-0.002215810484626363,0.0037470861961881076,0.002428708287741447,0.0030089903940005683,-0.004649404466468015,0.0037211559876364486,560
ses07_msd_whole,gaussian_seed_x_fraction,0.02201440667524264,0.020495716787301596,0.032161159573804415,0.005912926680643954,0.03733507016804127,0.033445545268889314,560
ses07_msd_whole,gaussian_seed_y_fraction,0.022886381232309225,0.025988986548206392,0.04322628574934959,0.007827565486738701,0.0229149556158198,0.04216042264567467,560
ses07_msd_whole,gaussian_seed_z_fraction,0.01208009703973544,0.019107507176623257,0.02511374281416428,0.004515406533733412,0.021408251388292405,0.02654351958064556,560
ses07_msd_whole,core_threshold,-0.0027883748398555884,0.012995239443407183,0.00998334430618654,0.0036574296976587864,-0.004779945251138694,0.010150238947594335,560
ses07_msd_whole,edema_threshold_ratio,0.018464946992082305,0.017902310619348542,0.026131998781635843,0.0076811457685941375,0.013685047977803727,0.024711084814185425,560
ses07_hd95_core,front_speed_mm_per_day,0.16159930252551352,0.1597135699829823,0.5513397789631007,0.12708805782948365,0.24731265152425252,0.5666327203655604,227
ses07_hd95_core,front_width_mm,0.2163354662115312,0.12211146538008191,0.43567522287807015,0.09732676027890465,0.2856552295104297,0.4435084270955602,227
ses07_hd95_core,seed_peak_density,0.00901595616644679,0.018341555862324922,0.010072308054888327,0.003357971464676752,0.013377066652703664,0.008202194141254844,227
ses07_hd95_core,seed_sigma_mm,-0.019288422702423622,0.1048053756234077,0.3381677536076289,0.08323094940770127,-0.053922381629630006,0.355320572896976,227
ses07_hd95_core,preop_time,-0.004493232870468243,0.06915609263957691,0.14827472382693116,0.05578201713506984,0.03221280754369904,0.15224462751011872,227
ses07_hd95_core,diffusivity_ratio,-0.0024761710918310125,0.022156282990317206,0.026887653936456514,0.012928159046033144,0.00048058344141947473,0.018556075980465537,227
ses07_hd95_core,chemo_kill_rate,0.02069414533326492,0.032422277119453724,0.09441571415691731,0.05761884786078434,0.013714296331269164,0.12810494687610074,227
ses07_hd95_core,rt_alpha,0.1865972702033259,0.1327672998204457,0.417925163608024,0.10627155643869438,0.2926376211134194,0.3535977314548714,227
ses07_hd95_core,rt_alpha_beta_ratio,0.014696375197516306,0.021466942635521458,0.015663688400875078,0.024033891311235078,0.020934402642733812,0.02714889788350135,227
ses07_hd95_core,gaussian_seed_x_fraction,0.006990960365955059,0.06509221916410833,0.12233645014979931,0.03767305892935378,0.0063154310654874295,0.13987133135516314,227
ses07_hd95_core,gaussian_seed_y_fraction,0.0004510270689356041,0.05973776042406371,0.12047433897661641,0.03973758178890964,-0.0122782054203714,0.12386465043822781,227
ses07_hd95_core,gaussian_seed_z_fraction,-0.002919936601385213,0.03610351426944897,0.03859449385412779,0.01114861670531859,-0.036908433618723216,0.0450978199892105,227
ses07_hd95_core,core_threshold,0.06484594629068012,0.04845885319772929,0.06177873202977273,0.02733997487886648,0.09421484470064391,0.07046671533707224,227
ses07_hd95_core,edema_threshold_ratio,0.0,0.0,0.0,0.0,0.0,0.0,227
ses07_hd95_whole,front_speed_mm_per_day,0.329032298876511,0.07857405281869136,0.4023500751242004,0.05455128163662698,0.366737560082851,0.42269019350818743,560
ses07_hd95_whole,front_width_mm,0.12170550730709166,0.05377709283997854,0.22607058956090795,0.03905359993102021,0.15128290962196572,0.25393035175698486,560
ses07_hd95_whole,seed_peak_density,0.0040303914853810794,0.008025967116449947,0.004155223460245439,0.0007470492075870323,0.011547798319134592,0.004261614159700103,560
ses07_hd95_whole,seed_sigma_mm,0.10769181434414857,0.054183963590091054,0.20569826714659808,0.025310837659714595,0.09945171729115707,0.20763315618872932,560
ses07_hd95_whole,preop_time,0.03560226728017862,0.034897437939163875,0.0709436249039433,0.015172289719171162,0.04063303810462045,0.07863723019850676,560
ses07_hd95_whole,diffusivity_ratio,0.00700355908179243,0.015988868991397214,0.009526717789359398,0.0056640416517113506,0.014273585568909402,0.010486091730000563,560
ses07_hd95_whole,chemo_kill_rate,0.014043941497905846,0.027752962284101824,0.04584665869581777,0.0201075216893386,0.006465994528315523,0.06241016987429571,560
ses07_hd95_whole,rt_alpha,0.14103513905083234,0.0540531465635666,0.19959955025177123,0.03717669142228475,0.151908924790775,0.21448261260705395,560
ses07_hd95_whole,rt_alpha_beta_ratio,-0.0017324399147702573,0.0031596997773625283,0.0013502174879434726,0.0014988722582620678,-0.002993808402156393,0.0019398273127885707,560
ses07_hd95_whole,gaussian_seed_x_fraction,0.027531692551794777,0.022938854316001612,0.041845023715633714,0.006712183514877606,0.03907043596522722,0.04496362502034186,560
ses07_hd95_whole,gaussian_seed_y_fraction,0.07095074330041812,0.04194973276314542,0.11552429376541398,0.019946239020743297,0.06775656861216081,0.11218785221666386,560
ses07_hd95_whole,gaussian_seed_z_fraction,0.017708406371766357,0.020258523709006847,0.02902112523747931,0.00452187746189845,0.029394458264570312,0.030775653836829817,560
ses07_hd95_whole,core_threshold,-0.001994045850270221,0.009790114623803923,0.007150578258901123,0.0025227882110388225,-0.0025892958795144467,0.007303151191635821,560
ses07_hd95_whole,edema_threshold_ratio,0.009849229956532977,0.015403644102825966,0.01768854401770895,0.004815969951907863,0.01402286001998254,0.01621412578397329,560
ses07_dice_star_core,front_speed_mm_per_day,0.1129989681746586,0.05620708921060465,0.356543963116359,0.05686237783021615,0.1767069937441892,0.36218886652356774,1024
ses07_dice_star_core,front_width_mm,0.06341697067889976,0.05406132783345355,0.3379710433996641,0.05803126372469649,0.07116571986498274,0.37073485661809125,1024
ses07_dice_star_core,seed_peak_density,0.002643130860826597,0.005470983255292043,0.0035147522007425683,0.00088565065994787,0.004399405198435689,0.0032940588183152427,1024
ses07_dice_star_core,seed_sigma_mm,0.016447195802855124,0.02978009280169863,0.11648893201988432,0.020807455731550926,0.01735370830490641,0.12097531474671687,1024
ses07_dice_star_core,preop_time,0.018424915420387718,0.019285928520040106,0.046572693496492144,0.011025007285649866,0.019850068234423257,0.04867020049465824,1024
ses07_dice_star_core,diffusivity_ratio,0.006882400938096195,0.008312589971210552,0.0066947128751392426,0.002617603407310248,0.007473143893302756,0.00854159038303722,1024
ses07_dice_star_core,chemo_kill_rate,0.09472368016777516,0.04566716545291677,0.2817180322979614,0.053194230096860314,0.10805995886916987,0.28238911390640775,1024
ses07_dice_star_core,rt_alpha,0.15995795658241868,0.04958237311948397,0.3934860327649745,0.06347122641852931,0.2037895980928225,0.40271606852590075,1024
ses07_dice_star_core,rt_alpha_beta_ratio,-0.002763666229146255,0.004027396970535412,0.0027616463342189936,0.002178595582541972,-0.0036927610798017985,0.003150487413454003,1024
ses07_dice_star_core,gaussian_seed_x_fraction,0.0061093025492929675,0.017039143259616016,0.04799242387197221,0.009300029307402825,0.019036269620508812,0.04672248438747361,1024
ses07_dice_star_core,gaussian_seed_y_fraction,0.02074019559262893,0.03107198655553342,0.14360214528100096,0.029148426833646206,0.009373553689567559,0.1466228414429732,1024
ses07_dice_star_core,gaussian_seed_z_fraction,0.03034794670592267,0.021700174709600138,0.06069938216294994,0.011751301260213563,0.03666343415944378,0.05794010829165749,1024
ses07_dice_star_core,core_threshold,0.0,0.0,0.0,0.0,0.0,0.0,1024
ses07_dice_star_core,edema_threshold_ratio,0.0,0.0,0.0,0.0,0.0,0.0,1024
ses07_dice_star_whole,front_speed_mm_per_day,0.2713774316666921,0.05925483885268285,0.39463664317908553,0.045345523688664055,0.2902725311437631,0.42672671046672034,1024
ses07_dice_star_whole,front_width_mm,0.07984604427250416,0.037735771866205366,0.2100656752720941,0.03821929065429086,0.09540183590550613,0.20353064343188146,1024
ses07_dice_star_whole,seed_peak_density,0.0017811339760802783,0.005094441485446073,0.0031804914759195942,0.0005306072858373202,0.006420201689211853,0.003285555528416287,1024
ses07_dice_star_whole,seed_sigma_mm,0.10600994982520102,0.036779729893089586,0.17320473559318275,0.023004190233817653,0.10003708905753411,0.17624504624988707,1024
ses07_dice_star_whole,preop_time,0.02715573445999299,0.01861253986537918,0.06123458229747854,0.011162357098178317,0.0259581617449135,0.06028608219113854,1024
ses07_dice_star_whole,diffusivity_ratio,-0.0046337650899309045,0.01074752576325598,0.013156100450352313,0.0026720150732549857,-0.0029729410074352657,0.012274573091955001,1024
ses07_dice_star_whole,chemo_kill_rate,0.0603932561830835,0.031018075792513294,0.14199162352943448,0.029203017673428464,0.05831660004683929,0.1590293665600937,1024
ses07_dice_star_whole,rt_alpha,0.17186434257138258,0.04431610318159942,0.26860542991545,0.0444311716362748,0.18139699569492324,0.2895244631223643,1024
ses07_dice_star_whole,rt_alpha_beta_ratio,0.0026345591307942247,0.0028835591237527597,0.0031292443804223987,0.0028256535202885293,0.0023832219873810003,0.004669628920001082,1024
ses07_dice_star_whole,gaussian_seed_x_fraction,0.02969323703289401,0.01757756785166095,0.046709083105338535,0.007690188293841763,0.0459032462704691,0.0484411738697032,1024
ses07_dice_star_whole,gaussian_seed_y_fraction,0.004565513123160174,0.017286007102630497,0.046270904051193475,0.008568650298385043,0.008889106575173755,0.047969978819669246,1024
ses07_dice_star_whole,gaussian_seed_z_fraction,0.03634890750836811,0.019265365216116676,0.04875124186395795,0.007437674809671711,0.039351832316817686,0.04784390212651151,1024
ses07_dice_star_whole,core_threshold,0.0,0.0,0.0,0.0,0.0,0.0,1024
ses07_dice_star_whole,edema_threshold_ratio,0.0,0.0,0.0,0.0,0.0,0.0,1024
ses07_core_threshold_star,front_speed_mm_per_day,0.31344572492385764,0.09791388070706851,0.5972251507840936,0.09749597100387301,0.2858902987495436,0.6075731009084769,1024
ses07_core_threshold_star,front_width_mm,0.062036190113877294,0.048947592104218014,0.46873181657317253,0.09252496590470678,0.0763003145055581,0.48482372367771465,1024
ses07_core_threshold_star,seed_peak_density,-0.003160266568188524,0.008533835806344302,0.012052044334357682,0.010764391079398713,-0.0021718013210084573,0.0061737852453341915,1024
ses07_core_threshold_star,seed_sigma_mm,0.03683371344532356,0.050691287329959235,0.241226302753836,0.0625897653268904,0.07259925296063643,0.19998222010376648,1024
ses07_core_threshold_star,preop_time,0.010408694854676988,0.04056086910876317,0.15395714070197428,0.05217080819550227,0.0507830897582123,0.13546011155939144,1024
ses07_core_threshold_star,diffusivity_ratio,-0.0017954485968811249,0.008877685016414612,0.032942254513911,0.01759467490363051,-0.00775946472109207,0.02457408636868316,1024
ses07_core_threshold_star,chemo_kill_rate,0.027399252668230446,0.039222476570031396,0.18065705430424356,0.056142300477359706,0.018846217137928483,0.18206613743103192,1024
ses07_core_threshold_star,rt_alpha,0.027904982232921864,0.03372871116431934,0.25000266324347087,0.0664162173540513,0.003207267485298504,0.26426221942283423,1024
ses07_core_threshold_star,rt_alpha_beta_ratio,-0.003093089458091668,0.004626778379100787,0.002039576733506684,0.0009170904819662831,0.0012153339310404824,0.0019368738024577857,1024
ses07_core_threshold_star,gaussian_seed_x_fraction,0.0017277282756514088,0.0281094304319794,0.08386986749601728,0.028470858141846973,-0.011707423295825338,0.08255924582976314,1024
ses07_core_threshold_star,gaussian_seed_y_fraction,0.012185478113465193,0.030042856253618685,0.18115149714873008,0.060558824230235626,0.024074145004511206,0.19683480017477253,1024
ses07_core_threshold_star,gaussian_seed_z_fraction,0.0034357047909441395,0.025601401342727637,0.06990185713927455,0.027779257352395677,0.028305234240675468,0.07251171297951339,1024
ses07_core_threshold_star,core_threshold,0.0,0.0,0.0,0.0,0.0,0.0,1024
ses07_core_threshold_star,edema_threshold_ratio,0.0,0.0,0.0,0.0,0.0,0.0,1024
ses07_edema_threshold_star,front_speed_mm_per_day,0.1286557080010554,0.10625083957753106,0.8158710842357114,0.2096856322618318,0.1755305783860704,0.6742273396242747,1024
ses07_edema_threshold_star,front_width_mm,0.035398706606430345,0.07108590496941933,0.5330088182661777,0.1766591259335792,0.05877890036576915,0.5686087784607391,1024
ses07_edema_threshold_star,seed_peak_density,-0.003675922884594328,0.007247122584390188,0.009557399499945256,0.009295869326283079,-0.007123216469353297,0.0038091940091766916,1024
ses07_edema_threshold_star,seed_sigma_mm,0.07397424610375507,0.08621365078749212,0.3883612527573909,0.14329613678084946,0.14129636029889184,0.3951173058609643,1024
ses07_edema_threshold_star,preop_time,0.07084549367393056,0.09249283304076832,0.2744076433349667,0.11643874189372098,0.13991449603930387,0.2583326118950739,1024
ses07_edema_threshold_star,diffusivity_ratio,0.013679081880823278,0.01736310277923197,0.1293924855377204,0.0756199143402664,0.010890476879707378,0.0786079127348281,1024
ses07_edema_threshold_star,chemo_kill_rate,-0.004856866957796888,0.009042621580980075,0.043008297749753656,0.03723443554226846,-0.000789636719764523,0.04432516665223789,1024
ses07_edema_threshold_star,rt_alpha,0.03202542363754827,0.056491719879775866,0.15346978043181328,0.07888291727231478,0.06292449314453291,0.1353995325080079,1024
ses07_edema_threshold_star,rt_alpha_beta_ratio,0.00011143987407092319,0.000382820872502773,0.0005513884326891491,0.0006287989167142684,0.0,0.0,1024
ses07_edema_threshold_star,gaussian_seed_x_fraction,0.0013922019460134733,0.0069215768380380335,0.11542397857626195,0.06434277293948314,-0.001579273439529046,0.12258678902259539,1024
ses07_edema_threshold_star,gaussian_seed_y_fraction,0.0005872861171090071,0.011076091128858422,0.20438131238344476,0.10076837640987833,-0.0017667910245866207,0.16275647130118595,1024
ses07_edema_threshold_star,gaussian_seed_z_fraction,-0.00972535579092471,0.010266859094570398,0.06322587361502247,0.04543070652573386,-0.010873990888234781,0.07826162237035751,1024
ses07_edema_threshold_star,core_threshold,0.0,0.0,0.0,0.0,0.0,0.0,1024
ses07_edema_threshold_star,edema_threshold_ratio,0.0,0.0,0.0,0.0,0.0,0.0,1024
ses07_dice_core_fixed,front_speed_mm_per_day,0.11986877865505595,0.07596740754400004,0.4917425899231191,0.07186342597891776,0.18694492558009748,0.4899975627461574,1024
ses07_dice_core_fixed,front_width_mm,0.11792847742070418,0.05730770398101159,0.4451915018053106,0.07887870214256539,0.1393156739914387,0.438216374275782,1024
ses07_dice_core_fixed,seed_peak_density,-0.0049276997441021365,0.007360927362763009,0.005276308383235381,0.0024282151395361874,0.0012099575008260926,0.004956030458948407,1024
ses07_dice_core_fixed,seed_sigma_mm,-0.006769803252025121,0.03487159743273385,0.14524513536217912,0.03319596053785928,0.0021565187184017813,0.12191308572088035,1024
ses07_dice_core_fixed,preop_time,-0.007733258453803793,0.0189834492297005,0.0703399153833833,0.01747607317025054,-0.005689925725830619,0.07787611719728688,1024
ses07_dice_core_fixed,diffusivity_ratio,0.002635662305074481,0.005748961575778915,0.00655454946015623,0.0021391942745416837,0.002328435605209042,0.0068054166701256354,1024
ses07_dice_core_fixed,chemo_kill_rate,0.11451989024712238,0.05488234452724858,0.37401258452328506,0.07420838442825199,0.07485384910125531,0.3874143711665446,1024
ses07_dice_core_fixed,rt_alpha,0.09187461794293292,0.061232572203840756,0.45361296057678946,0.07734164538305216,0.0859131415903672,0.4457709773628586,1024
ses07_dice_core_fixed,rt_alpha_beta_ratio,-0.000338734268934277,0.0041971413225879665,0.0062990268096499305,0.004339660357212101,0.002855481933416845,0.004181876961803244,1024
ses07_dice_core_fixed,gaussian_seed_x_fraction,0.004068471209937108,0.01747245235775886,0.04220106130597749,0.010857305822526243,0.006141986335974013,0.03879224116649415,1024
ses07_dice_core_fixed,gaussian_seed_y_fraction,0.009593054318622339,0.026479982992894082,0.1244075964788102,0.03787672229062968,0.01512227488958071,0.1343849468782144,1024
ses07_dice_core_fixed,gaussian_seed_z_fraction,0.010193399644875825,0.01495173608270388,0.046714086984688874,0.011890906905417017,0.011675754135468027,0.04655978273427123,1024
ses07_dice_core_fixed,core_threshold,0.0,0.0,0.0,0.0,0.0,0.0,1024
ses07_dice_core_fixed,edema_threshold_ratio,0.0,0.0,0.0,0.0,0.0,0.0,1024
ses07_dice_whole_fixed,front_speed_mm_per_day,0.2462324295608425,0.06509993946261963,0.4153223445647226,0.05343190322225699,0.2769272460577722,0.4199210026614785,1024
ses07_dice_whole_fixed,front_width_mm,0.10316314869969863,0.04233330932696742,0.30151153449352996,0.04981893243569952,0.11976197624116441,0.3400727489849684,1024
ses07_dice_whole_fixed,seed_peak_density,0.0006982577932412768,0.004891030133317477,0.0032878609965161245,0.0006111177562798596,0.006496813277425795,0.0033202552096075516,1024
ses07_dice_whole_fixed,seed_sigma_mm,0.06873617324988035,0.034527145581517475,0.14535173248053726,0.022338382494894577,0.07252611260242303,0.13381877620600013,1024
ses07_dice_whole_fixed,preop_time,0.02489059102821474,0.018474355323886967,0.0651275636288109,0.014549280812027051,0.0277884039916028,0.06075867206822643,1024
ses07_dice_whole_fixed,diffusivity_ratio,-0.001384898226432886,0.009840428331883469,0.011820709907059582,0.0028950343593797377,-0.0038827107717432944,0.010556293133977865,1024
ses07_dice_whole_fixed,chemo_kill_rate,0.05727863266423938,0.038349687153549916,0.22020005785108843,0.04601745771166036,0.07045736933299114,0.22468227670641444,1024
ses07_dice_whole_fixed,rt_alpha,0.1208867645099794,0.04537359296355608,0.3023431496025724,0.05307629124654077,0.1318780559863802,0.3216520528068511,1024
ses07_dice_whole_fixed,rt_alpha_beta_ratio,-0.000824359002577199,0.0023389498732926174,0.0027494901948299563,0.0029693326239249515,-0.001011207227618793,0.0017384976761757993,1024
ses07_dice_whole_fixed,gaussian_seed_x_fraction,0.022949011410208373,0.01600660506803075,0.040242410726312766,0.0073708354989663084,0.02567232644698795,0.037069622858676744,1024
ses07_dice_whole_fixed,gaussian_seed_y_fraction,-0.004574848002550495,0.0146173978036292,0.03670652684201624,0.007991761894439675,-0.006465671388598728,0.03966565020008663,1024
ses07_dice_whole_fixed,gaussian_seed_z_fraction,0.013633529935045121,0.016947927478270706,0.037743965610512395,0.006514667601160754,0.02166964689930412,0.04017591052699279,1024
ses07_dice_whole_fixed,core_threshold,0.0,0.0,0.0,0.0,0.0,0.0,1024
ses07_dice_whole_fixed,edema_threshold_ratio,0.0,0.0,0.0,0.0,0.0,0.0,1024
ses07_log10_V_core_fixed,front_speed_mm_per_day,0.12913722462196958,0.04711872469372942,0.2942398980484298,0.04236949260213311,0.21731068501871242,0.32067689315556486,1024
ses07_log10_V_core_fixed,front_width_mm,0.10706457220390721,0.045463870165881395,0.2769676019530387,0.03890417925539155,0.10887947119029288,0.29259213526497313,1024
ses07_log10_V_core_fixed,seed_peak_density,0.0023954585841519335,0.009554638406412198,0.01248366984651152,0.0049140165067903694,0.0021107962425313213,0.013628295938878173,1024
ses07_log10_V_core_fixed,seed_sigma_mm,0.03634424999710823,0.03048675848518565,0.11871571040938225,0.019256417271977192,0.03350757154095453,0.12079962793924262,1024
ses07_log10_V_core_fixed,preop_time,0.007344137539396108,0.015820049114633163,0.028194678340165643,0.008214526983722922,0.004478745779613219,0.025852834449195394,1024
ses07_log10_V_core_fixed,diffusivity_ratio,-0.0021654079261461488,0.006209010148152132,0.00514835223149838,0.0025176338541346172,-0.004810742465290819,0.0052933730508527175,1024
ses07_log10_V_core_fixed,chemo_kill_rate,0.3676981974637053,0.06387579815011638,0.595197231561005,0.05650531256027808,0.37190671192318614,0.5905296394628926,1024
ses07_log10_V_core_fixed,rt_alpha,0.01885166258005031,0.025681064897859367,0.09004332810058462,0.01784216091585333,0.03018432673522629,0.08201984879323035,1024
ses07_log10_V_core_fixed,rt_alpha_beta_ratio,-0.0008636934772883947,0.00366084985243715,0.0014892645211753933,0.0020305507745870376,0.0018457395086905438,0.0003622632418733228,1024
ses07_log10_V_core_fixed,gaussian_seed_x_fraction,0.006463458755096819,0.016666619620769967,0.03956697551485824,0.01001237122087089,0.015268952067992801,0.04042881652557994,1024
ses07_log10_V_core_fixed,gaussian_seed_y_fraction,0.0005963684759086669,0.013862756129315455,0.022990608095674134,0.006394547996985767,0.003891778186858662,0.022171571554085286,1024
ses07_log10_V_core_fixed,gaussian_seed_z_fraction,0.021297232702080608,0.018145458107331654,0.047032684439462194,0.011959776264051652,0.025701818391498512,0.041995938229097834,1024
ses07_log10_V_core_fixed,core_threshold,0.0,0.0,0.0,0.0,0.0,0.0,1024
ses07_log10_V_core_fixed,edema_threshold_ratio,0.0,0.0,0.0,0.0,0.0,0.0,1024
ses07_log10_V_whole_fixed,front_speed_mm_per_day,0.08931749622781653,0.04692082195611719,0.24505488163768743,0.04130503130026413,0.08823717733393928,0.25367204049661907,1024
ses07_log10_V_whole_fixed,front_width_mm,0.06258025100699156,0.039976960151450656,0.23575649349557184,0.04162971598498036,0.0901418567595198,0.2317284707985107,1024
ses07_log10_V_whole_fixed,seed_peak_density,-0.0014715826004137369,0.008722319243390897,0.010667765319189858,0.005168819159893489,-0.004796968215783621,0.011401114186359517,1024
ses07_log10_V_whole_fixed,seed_sigma_mm,0.06958671162351601,0.034136925341298925,0.14227743415591315,0.0246030522925686,0.09397450914080614,0.1580286370639605,1024
ses07_log10_V_whole_fixed,preop_time,0.0048419855180744185,0.011189859426130551,0.01737731709731782,0.005795397995862852,0.007993948705563428,0.020589430177444197,1024
ses07_log10_V_whole_fixed,diffusivity_ratio,0.0018328415858621205,0.005668271433103291,0.0063857327237598635,0.00368886156129707,-0.0005983831686270195,0.008838796744174128,1024
ses07_log10_V_whole_fixed,chemo_kill_rate,0.3916584651342416,0.08028818252118126,0.6293671194732752,0.06382383753254492,0.3489589690385682,0.6328716109628263,1024
ses07_log10_V_whole_fixed,rt_alpha,0.03153372034624163,0.027041994435912053,0.10613984862552554,0.022702856539212307,0.051788730416418564,0.11272178987547227,1024
ses07_log10_V_whole_fixed,rt_alpha_beta_ratio,0.0012128379828502715,0.002090614709019941,0.0021722710621574397,0.002871877509934635,0.0012902361564231994,0.004226754186683401,1024
ses07_log10_V_whole_fixed,gaussian_seed_x_fraction,0.008461511493671288,0.014965763182028668,0.043077702353500294,0.011916435553491615,0.0170372331761137,0.049184965983547144,1024
ses07_log10_V_whole_fixed,gaussian_seed_y_fraction,0.0033001887232785737,0.010658245085953094,0.0205948532238162,0.007224561448286179,0.006764315992198428,0.022417226085469883,1024
ses07_log10_V_whole_fixed,gaussian_seed_z_fraction,0.02541960022258717,0.020897238863120476,0.054929973196730715,0.01590059130922461,0.031862197223590884,0.06428027281210945,1024
ses07_log10_V_whole_fixed,core_threshold,0.0,0.0,0.0,0.0,0.0,0.0,1024
ses07_log10_V_whole_fixed,edema_threshold_ratio,0.0,0.0,0.0,0.0,0.0,0.0,1024
ses07_log_vol_ratio_core_fixed,front_speed_mm_per_day,0.12913722462196958,0.04711872469372942,0.2942398980484298,0.04236949260213311,0.21731068501871242,0.32067689315556486,1024
ses07_log_vol_ratio_core_fixed,front_width_mm,0.10706457220390721,0.045463870165881395,0.2769676019530387,0.03890417925539155,0.10887947119029288,0.29259213526497313,1024
ses07_log_vol_ratio_core_fixed,seed_peak_density,0.0023954585841519343,0.009554638406412198,0.01248366984651152,0.0049140165067903694,0.002110796242531321,0.013628295938878172,1024
ses07_log_vol_ratio_core_fixed,seed_sigma_mm,0.03634424999710823,0.03048675848518565,0.11871571040938225,0.019256417271977192,0.03350757154095453,0.12079962793924262,1024
ses07_log_vol_ratio_core_fixed,preop_time,0.00734413753939611,0.015820049114633163,0.028194678340165643,0.008214526983722924,0.004478745779613219,0.025852834449195394,1024
ses07_log_vol_ratio_core_fixed,diffusivity_ratio,-0.0021654079261461483,0.006209010148152132,0.00514835223149838,0.0025176338541346172,-0.0048107424652908196,0.005293373050852717,1024
ses07_log_vol_ratio_core_fixed,chemo_kill_rate,0.3676981974637053,0.06387579815011639,0.595197231561005,0.05650531256027808,0.37190671192318614,0.5905296394628926,1024
ses07_log_vol_ratio_core_fixed,rt_alpha,0.018851662580050315,0.025681064897859367,0.09004332810058462,0.01784216091585333,0.030184326735226287,0.08201984879323035,1024
ses07_log_vol_ratio_core_fixed,rt_alpha_beta_ratio,-0.0008636934772883938,0.0036608498524371503,0.0014892645211753933,0.0020305507745870376,0.0018457395086905442,0.0003622632418733228,1024
ses07_log_vol_ratio_core_fixed,gaussian_seed_x_fraction,0.006463458755096823,0.016666619620769967,0.03956697551485824,0.010012371220870888,0.015268952067992801,0.04042881652557994,1024
ses07_log_vol_ratio_core_fixed,gaussian_seed_y_fraction,0.0005963684759086673,0.013862756129315455,0.022990608095674134,0.006394547996985766,0.0038917781868586638,0.022171571554085286,1024
ses07_log_vol_ratio_core_fixed,gaussian_seed_z_fraction,0.021297232702080605,0.01814545810733165,0.047032684439462194,0.011959776264051654,0.025701818391498512,0.041995938229097834,1024
ses07_log_vol_ratio_core_fixed,core_threshold,0.0,0.0,0.0,0.0,0.0,0.0,1024
ses07_log_vol_ratio_core_fixed,edema_threshold_ratio,0.0,0.0,0.0,0.0,0.0,0.0,1024
ses07_log_vol_ratio_whole_fixed,front_speed_mm_per_day,0.08931749622781651,0.04692082195611719,0.24505488163768743,0.04130503130026413,0.08823717733393928,0.2536720404966191,1024
ses07_log_vol_ratio_whole_fixed,front_width_mm,0.06258025100699158,0.03997696015145066,0.23575649349557184,0.04162971598498036,0.0901418567595198,0.23172847079851072,1024
ses07_log_vol_ratio_whole_fixed,seed_peak_density,-0.0014715826004137369,0.008722319243390897,0.010667765319189858,0.005168819159893488,-0.004796968215783627,0.011401114186359518,1024
ses07_log_vol_ratio_whole_fixed,seed_sigma_mm,0.06958671162351601,0.034136925341298925,0.14227743415591312,0.0246030522925686,0.09397450914080616,0.1580286370639605,1024
ses07_log_vol_ratio_whole_fixed,preop_time,0.0048419855180744185,0.011189859426130551,0.01737731709731782,0.005795397995862852,0.007993948705563433,0.020589430177444197,1024
ses07_log_vol_ratio_whole_fixed,diffusivity_ratio,0.0018328415858621203,0.005668271433103292,0.006385732723759864,0.0036888615612970695,-0.0005983831686270214,0.008838796744174126,1024
ses07_log_vol_ratio_whole_fixed,chemo_kill_rate,0.3916584651342416,0.08028818252118126,0.6293671194732752,0.0638238375325449,0.3489589690385682,0.6328716109628265,1024
ses07_log_vol_ratio_whole_fixed,rt_alpha,0.03153372034624163,0.027041994435912053,0.10613984862552554,0.022702856539212307,0.05178873041641858,0.1127217898754723,1024
ses07_log_vol_ratio_whole_fixed,rt_alpha_beta_ratio,0.0012128379828502702,0.0020906147090199406,0.0021722710621574397,0.002871877509934635,0.0012902361564231964,0.0042267541866834015,1024
ses07_log_vol_ratio_whole_fixed,gaussian_seed_x_fraction,0.00846151149367129,0.014965763182028668,0.04307770235350029,0.011916435553491613,0.017037233176113692,0.049184965983547144,1024
ses07_log_vol_ratio_whole_fixed,gaussian_seed_y_fraction,0.003300188723278572,0.010658245085953096,0.0205948532238162,0.00722456144828618,0.0067643159921984275,0.02241722608546989,1024
ses07_log_vol_ratio_whole_fixed,gaussian_seed_z_fraction,0.02541960022258717,0.020897238863120476,0.054929973196730715,0.01590059130922461,0.03186219722359088,0.06428027281210945,1024
ses07_log_vol_ratio_whole_fixed,core_threshold,0.0,0.0,0.0,0.0,0.0,0.0,1024
ses07_log_vol_ratio_whole_fixed,edema_threshold_ratio,0.0,0.0,0.0,0.0,0.0,0.0,1024
ses07_msd_core_fixed,front_speed_mm_per_day,0.2475330268611598,0.15362616892578262,0.5266031075122068,0.140055342145592,0.22034650195814617,0.5271898615457199,244
ses07_msd_core_fixed,front_width_mm,0.2845046679677067,0.13713830505550872,0.4842469912253307,0.12439772243571413,0.3700054916873453,0.606937825254836,244
ses07_msd_core_fixed,seed_peak_density,0.0005239954396747989,0.018114433630389244,0.011151642795935796,0.007794190854920016,-0.001100753346799432,0.006512858437743654,244
ses07_msd_core_fixed,seed_sigma_mm,-0.02993293340286646,0.09565939013384597,0.2735626589767687,0.07468169089235539,-0.05773526058894582,0.27197050990030514,244
ses07_msd_core_fixed,preop_time,0.01823295068182669,0.056793303017823836,0.09314932400763852,0.031687009849769764,0.049459033110419444,0.0928209063634128,244
ses07_msd_core_fixed,diffusivity_ratio,0.015560769460556467,0.03918668714430026,0.01575384330704164,0.008347442537364198,-0.004464448221825959,0.007845210851139369,244
ses07_msd_core_fixed,chemo_kill_rate,-0.016919100392892072,0.0487725513144477,0.08100819146816678,0.04471515090451302,-0.08226558525322268,0.08225853914958409,244
ses07_msd_core_fixed,rt_alpha,0.3045635831127932,0.12758506080718493,0.4450473938981342,0.11098884444253403,0.2669211419302441,0.41644030806568555,244
ses07_msd_core_fixed,rt_alpha_beta_ratio,0.008208446911046167,0.007169361309248748,0.002699914059704285,0.0021770059485506084,0.0019259728469989276,0.0005707272363990114,244
ses07_msd_core_fixed,gaussian_seed_x_fraction,0.03020848104967976,0.050543746715105385,0.05685393929711598,0.023701694761898533,0.037989644234497244,0.05762189305978688,244
ses07_msd_core_fixed,gaussian_seed_y_fraction,0.003961158870796984,0.05069139346326711,0.07135769923104307,0.022940872453944015,0.005090940552241379,0.083705683034472,244
ses07_msd_core_fixed,gaussian_seed_z_fraction,-0.008631394151558603,0.04449101046533896,0.03361354331800352,0.01905039127827813,-0.04533863033063153,0.026663144518716257,244
ses07_msd_core_fixed,core_threshold,0.0,0.0,0.0,0.0,0.0,0.0,244
ses07_msd_core_fixed,edema_threshold_ratio,0.0,0.0,0.0,0.0,0.0,0.0,244
ses07_msd_whole_fixed,front_speed_mm_per_day,0.31343672448847865,0.07990823765175503,0.3932933697985017,0.06494215717626384,0.3310707427614701,0.41485860044609885,511
ses07_msd_whole_fixed,front_width_mm,0.19216377487845773,0.05860197607889816,0.2563062884643101,0.051483058342416774,0.21632056198027844,0.2869379360937993,511
ses07_msd_whole_fixed,seed_peak_density,0.00696081903391078,0.008293555228402036,0.004477896657601936,0.0008171402834797982,0.01346368514695845,0.004272361375604719,511
ses07_msd_whole_fixed,seed_sigma_mm,0.13797716400608012,0.06164622088916039,0.2494257059314747,0.03905907316186969,0.13211750239755063,0.2507864639355442,511
ses07_msd_whole_fixed,preop_time,0.03903613383944704,0.030899798385489487,0.05211792745063211,0.010923685677351745,0.034854632869983235,0.05669961597637705,511
ses07_msd_whole_fixed,diffusivity_ratio,0.006638684859472136,0.012579555562751702,0.0057887897987690794,0.0028154983772424812,0.005895743822837758,0.007031601037920044,511
ses07_msd_whole_fixed,chemo_kill_rate,-0.0020826640237378087,0.033132368806637606,0.06329111759858246,0.024079188058382998,0.02319694402305965,0.058182832236121446,511
ses07_msd_whole_fixed,rt_alpha,0.18836333695476656,0.07218894002812225,0.2726195826063085,0.049450150940979334,0.18945956876007639,0.26775858837843486,511
ses07_msd_whole_fixed,rt_alpha_beta_ratio,-0.0005794148100585931,0.0029008686061987,0.0008922753833464315,0.0009652123334817027,8.187304241764433e-05,0.000459766854637986,511
ses07_msd_whole_fixed,gaussian_seed_x_fraction,0.02226389746380749,0.02206116747323893,0.031286913996467776,0.006268975658664061,0.029410663284502148,0.031979059984616004,511
ses07_msd_whole_fixed,gaussian_seed_y_fraction,0.018638916383945263,0.028105355960914402,0.04337805614001824,0.0083412488956933,0.004856520490455777,0.0409959346538438,511
ses07_msd_whole_fixed,gaussian_seed_z_fraction,0.005395693724550156,0.018202779968898176,0.02302067795027384,0.004224538207001345,0.007043278580846482,0.023524570282594814,511
ses07_msd_whole_fixed,core_threshold,0.0,0.0,0.0,0.0,0.0,0.0,511
ses07_msd_whole_fixed,edema_threshold_ratio,0.0,0.0,0.0,0.0,0.0,0.0,511
ses07_hd95_core_fixed,front_speed_mm_per_day,0.18197750886829617,0.1583144329781771,0.5814677324046804,0.13750968512278933,0.1612635743014776,0.5857493518622954,244
ses07_hd95_core_fixed,front_width_mm,0.20312810496984887,0.13093971922473946,0.4652242654300716,0.1106285406024692,0.2736772338140653,0.5339859594947789,244
ses07_hd95_core_fixed,seed_peak_density,0.004005783412368404,0.017406661494286785,0.012052788425545993,0.004907185726675445,-0.002591511267993252,0.008065614925555008,244
ses07_hd95_core_fixed,seed_sigma_mm,-0.08320008285334675,0.10277862111167126,0.3435408535024294,0.08382910793887155,-0.12083521306588195,0.3647429839878405,244
ses07_hd95_core_fixed,preop_time,0.013619939070791384,0.06199775544060394,0.1469301997850669,0.050691922701543476,0.052979926811211636,0.15384869120311215,244
ses07_hd95_core_fixed,diffusivity_ratio,0.015710670898055307,0.03988914728648748,0.026464166206468465,0.01288708342859064,-0.002688390739012757,0.01831158929255413,244
ses07_hd95_core_fixed,chemo_kill_rate,-0.014454828248533893,0.04194575400549237,0.06727273688217744,0.035052389629577255,-0.07637341313007406,0.0632181449971826,244
ses07_hd95_core_fixed,rt_alpha,0.22151129564290845,0.12222602142553504,0.3946407118607159,0.10079461792595037,0.19215323338387208,0.3604947747405908,244
ses07_hd95_core_fixed,rt_alpha_beta_ratio,0.003963344368728136,0.005989600877292339,0.003343589737155529,0.0026092400245382474,-0.0007921704461382461,0.0007859247253202364,244
ses07_hd95_core_fixed,gaussian_seed_x_fraction,-0.026369072904670776,0.05417366619652918,0.110385100161088,0.03567278022723694,-0.053439948745291,0.10852726663745697,244
ses07_hd95_core_fixed,gaussian_seed_y_fraction,0.015198927160642355,0.0574844968072116,0.11819676252552638,0.042258637415919294,0.008421148376035536,0.12723827335212093,244
ses07_hd95_core_fixed,gaussian_seed_z_fraction,-0.003930010961145736,0.04094461502265398,0.039765336442113365,0.010368069162210987,-0.0473375989809721,0.04084181612592899,244
ses07_hd95_core_fixed,core_threshold,0.0,0.0,0.0,0.0,0.0,0.0,244
ses07_hd95_core_fixed,edema_threshold_ratio,0.0,0.0,0.0,0.0,0.0,0.0,244
ses07_hd95_whole_fixed,front_speed_mm_per_day,0.35954413616038716,0.08246140975022005,0.4345934495835135,0.06280292376155719,0.36034307847769564,0.4412189640830645,511
ses07_hd95_whole_fixed,front_width_mm,0.1768408551579969,0.057183161877118,0.24226012872052427,0.04278435786832258,0.20834290070488554,0.2737731065537068,511
ses07_hd95_whole_fixed,seed_peak_density,0.004524896780183291,0.007952062600746209,0.0036754890424374187,0.0006374258349657872,0.009261574708443326,0.0037843213354644386,511
ses07_hd95_whole_fixed,seed_sigma_mm,0.1260669156291688,0.05617800882469847,0.20335277182433312,0.028527278614806778,0.1400136537460646,0.2054700206811437,511
ses07_hd95_whole_fixed,preop_time,0.044165873067250706,0.036842297925880674,0.07552914143501431,0.01616226916945751,0.04799480016718929,0.07732206018544605,511
ses07_hd95_whole_fixed,diffusivity_ratio,0.012118389600912436,0.015241683895026498,0.008014751703026478,0.004187261244684607,0.014530417639536606,0.008607620957263225,511
ses07_hd95_whole_fixed,chemo_kill_rate,0.004352770827215335,0.035349297417796445,0.04745858686143979,0.021024413449726262,0.031298711302487035,0.0395774579163244,511
ses07_hd95_whole_fixed,rt_alpha,0.13479248719780865,0.058766510092909494,0.21878484518647406,0.04318189542319975,0.12194825883772346,0.221050803439034,511
ses07_hd95_whole_fixed,rt_alpha_beta_ratio,-0.0001689059835507471,0.0027731514264328428,0.000781453696384181,0.0007275664385907671,0.0012280605697872304,0.00045585298996082406,511
ses07_hd95_whole_fixed,gaussian_seed_x_fraction,0.03401731468617799,0.02533813911661531,0.04181037852323328,0.007091768354640744,0.03195608304773568,0.0435550489223778,511
ses07_hd95_whole_fixed,gaussian_seed_y_fraction,0.07265153223233274,0.047235590678457166,0.11943768393020987,0.021168532299078453,0.056541305486546664,0.11144498966044006,511
ses07_hd95_whole_fixed,gaussian_seed_z_fraction,0.01279521567386041,0.020184993802834093,0.028508125061810313,0.005550737457159809,0.021446713021356534,0.026861375550904763,511
ses07_hd95_whole_fixed,core_threshold,0.0,0.0,0.0,0.0,0.0,0.0,511
ses07_hd95_whole_fixed,edema_threshold_ratio,0.0,0.0,0.0,0.0,0.0,0.0,511
ses07_log10_mass,front_speed_mm_per_day,0.19799559862996025,0.04171087902412068,0.231559501901255,0.031799801335469266,0.20252851218871906,0.24110325665294186,1024
ses07_log10_mass,front_width_mm,0.1139600282892007,0.029298190097920906,0.11916118159120027,0.01569779565863831,0.11684591506467043,0.11450279805754904,1024
ses07_log10_mass,seed_peak_density,0.0031161548843049794,0.006015435857679639,0.00483562945182312,0.0006326748750867736,0.004697437788982618,0.0046199679217897634,1024
ses07_log10_mass,seed_sigma_mm,0.2396409931546899,0.046715492716729194,0.2927238017289699,0.03112111779376455,0.23780671960279706,0.2996746725086016,1024
ses07_log10_mass,preop_time,0.017585897035094805,0.013197511092833292,0.022450256444255787,0.003147332029088034,0.017493200455789042,0.023482342922399202,1024
ses07_log10_mass,diffusivity_ratio,0.002184680871037485,0.00568274162748044,0.004447988264893002,0.0008602993193582981,0.0013866375040562065,0.004527107813207441,1024
ses07_log10_mass,chemo_kill_rate,0.18425746507939753,0.04251913983646306,0.18248377954936035,0.02163321520001807,0.1834167281983509,0.17829939970447908,1024
ses07_log10_mass,rt_alpha,0.10973101603256644,0.03770284415934483,0.19348831773628172,0.030513695093278555,0.10582725492249528,0.19231650440059603,1024
ses07_log10_mass,rt_alpha_beta_ratio,-0.00011343463760871931,0.002087043365738866,0.0006627904958655698,0.00020425139316755626,-0.0014010712384583124,0.0007823955999470908,1024
ses07_log10_mass,gaussian_seed_x_fraction,0.005617764725161156,0.011737105129583075,0.017047778708013526,0.005301968421736477,0.009555362230295236,0.017897463299825382,1024
ses07_log10_mass,gaussian_seed_y_fraction,0.0017440739952601682,0.008855177085019802,0.00788696115657998,0.002685267411132623,0.008330796601492581,0.008126051201718503,1024
ses07_log10_mass,gaussian_seed_z_fraction,0.005593919648331158,0.012525147586615722,0.016833168583941176,0.004431134980705662,0.004106258711268933,0.018476509088993773,1024
ses07_log10_mass,core_threshold,0.0,0.0,0.0,0.0,0.0,0.0,1024
ses07_log10_mass,edema_threshold_ratio,0.0,0.0,0.0,0.0,0.0,0.0,1024
ses07_centroid_drift,front_speed_mm_per_day,0.33842749890566026,0.09346136508677498,0.6946037314052234,0.09268301524011956,0.3359093610603149,0.6467764201050858,1024
ses07_centroid_drift,front_width_mm,0.0449776083146439,0.03865109202754345,0.1790812204403962,0.03905232111882131,0.05419422914127075,0.1780769828344991,1024
ses07_centroid_drift,seed_peak_density,0.003209977544065335,0.0038488607575197053,0.0024825459840064814,0.0009486335293968765,8.767710347186893e-05,0.0023387333288088508,1024
ses07_centroid_drift,seed_sigma_mm,-0.0004013045886024822,0.0331736569789519,0.12522986135860778,0.02755722539536353,0.0033035812161804983,0.1520890979726596,1024
ses07_centroid_drift,preop_time,0.03211609931256909,0.04095544285232795,0.17580849821399158,0.03738505711214635,0.06425157007221233,0.17606149367978988,1024
ses07_centroid_drift,diffusivity_ratio,0.010148042236621442,0.013044101559519702,0.027229036124407132,0.007238509194568464,0.004546418838059249,0.026806893803584475,1024
ses07_centroid_drift,chemo_kill_rate,-0.0028613640838063936,0.01264050852368397,0.015200962508898049,0.004266646831500664,-0.004005987005304932,0.016380941587659133,1024
ses07_centroid_drift,rt_alpha,0.002108323418889234,0.0378359315403296,0.22023584007165012,0.04107828988151877,-0.002420539317892477,0.2211586124852153,1024
ses07_centroid_drift,rt_alpha_beta_ratio,-0.0020951806966428986,0.0043920095103090195,0.001735378979987915,0.0004897953728506457,0.0005976294111292994,0.0014674615912269695,1024
ses07_centroid_drift,gaussian_seed_x_fraction,-0.011674464038283214,0.02065932496934502,0.06384069231434211,0.012865965506865798,-0.010035790927806503,0.06520525353952634,1024
ses07_centroid_drift,gaussian_seed_y_fraction,-0.015450248864146768,0.022301691962277517,0.031582795803050005,0.01532912131833142,-0.015330794809600081,0.032961540518188226,1024
ses07_centroid_drift,gaussian_seed_z_fraction,-0.008720124595733356,0.01946687115536401,0.04597499238246774,0.01352698433656994,-0.009497242064211582,0.05053854119797727,1024
ses07_centroid_drift,core_threshold,0.0,0.0,0.0,0.0,0.0,0.0,1024
ses07_centroid_drift,edema_threshold_ratio,0.0,0.0,0.0,0.0,0.0,0.0,1024
ses07_R_g,front_speed_mm_per_day,0.3741615134669524,0.06152444222946242,0.4169474880784337,0.046397004802996376,0.37845966531964775,0.4208583007638526,1024
ses07_R_g,front_width_mm,0.015641142178953436,0.017992545868708392,0.0424546782677197,0.007312678841665186,0.028816562996853125,0.04266967284855166,1024
ses07_R_g,seed_peak_density,0.00500427556622213,0.006706644590899471,0.005795222244229714,0.0007255444193792315,0.004913546372032603,0.005841019700629327,1024
ses07_R_g,seed_sigma_mm,0.4030434741447801,0.055504068605032715,0.41805340380501976,0.04097071339764382,0.40110398976472184,0.4242064829733016,1024
ses07_R_g,preop_time,0.05399554679422093,0.02623958806520103,0.08381160432943574,0.01236029631778075,0.07292320222353864,0.08766863224052125,1024
ses07_R_g,diffusivity_ratio,0.027175403626678196,0.017073689185145416,0.03373641615781904,0.005811257567563742,0.02144551575613487,0.03407471966451022,1024
ses07_R_g,chemo_kill_rate,0.001669378990061622,0.005421092870455652,0.0036281002307245284,0.0006854661144636928,0.00235724042253846,0.003732030615427138,1024
ses07_R_g,rt_alpha,0.013988404573747093,0.01596441063909925,0.031975020125727616,0.0063845351966254175,0.009772512453943503,0.03421996464642388,1024
ses07_R_g,rt_alpha_beta_ratio,-0.0004235681331212306,0.0017141886392732148,0.0004039460437192432,0.00017022976925574982,-0.0005958551452366638,0.0004386129712139159,1024
ses07_R_g,gaussian_seed_x_fraction,0.018901632178099162,0.013410280821572813,0.03041580051421967,0.005611959171907089,0.014758872669436577,0.032046974791557825,1024
ses07_R_g,gaussian_seed_y_fraction,0.002796207414453639,0.01131848722726722,0.01692130883022507,0.003449587897552267,-0.001890836761106847,0.01643309881331695,1024
ses07_R_g,gaussian_seed_z_fraction,-6.000461327248083e-05,0.01484704648469899,0.028862262771354737,0.010781808575567837,0.0019294542599843309,0.03378294454597345,1024
ses07_R_g,core_threshold,0.0,0.0,0.0,0.0,0.0,0.0,1024
ses07_R_g,edema_threshold_ratio,0.0,0.0,0.0,0.0,0.0,0.0,1024
ses07_log10_anisotropy,front_speed_mm_per_day,0.05477121190038976,0.04697851371489717,0.3436677719360287,0.05120091369265644,0.04459460392528465,0.34934367633682384,1024
ses07_log10_anisotropy,front_width_mm,-0.012626234334969821,0.023666116242552767,0.07890854615010343,0.015792432484125443,-0.002560782924863327,0.07306951007004742,1024
ses07_log10_anisotropy,seed_peak_density,0.00163880480505499,0.009277955985891522,0.008645438371377899,0.0033555965403110964,-0.0005226695233021191,0.008719933145422945,1024
ses07_log10_anisotropy,seed_sigma_mm,0.008865804517973794,0.04254420070551207,0.2647369638924921,0.03644130919180772,0.006124559882985481,0.29379700397432906,1024
ses07_log10_anisotropy,preop_time,-0.00468068154189623,0.023396435153806416,0.08468209912388044,0.02004346473595929,-0.0237263826223442,0.09779401710626685,1024
ses07_log10_anisotropy,diffusivity_ratio,-0.002578370831977374,0.023165843917127338,0.05619261792911139,0.014740467846866008,0.008261862065992729,0.061916678714088826,1024
ses07_log10_anisotropy,chemo_kill_rate,-0.0017949416054017532,0.008607336010807301,0.010598856796751946,0.003502502521239813,-0.005409907232442044,0.012942329274016605,1024
ses07_log10_anisotropy,rt_alpha,0.251966342233518,0.0938820134573428,0.543532459122075,0.08218573513412457,0.2001262563483229,0.5654863529318416,1024
ses07_log10_anisotropy,rt_alpha_beta_ratio,-0.0001150470881734845,0.011576415837593453,0.009764387450963793,0.0032781075337261424,0.000942934141863375,0.00802130482293546,1024
ses07_log10_anisotropy,gaussian_seed_x_fraction,0.04773106839971069,0.05630346475431556,0.3077902341407239,0.050749861114565635,0.0399446371220879,0.3146067345715734,1024
ses07_log10_anisotropy,gaussian_seed_y_fraction,-0.01146090783392757,0.026578002027739363,0.10225444523884361,0.01880321845974903,-0.03460189529743834,0.10271621356584912,1024
ses07_log10_anisotropy,gaussian_seed_z_fraction,0.0010517861801109028,0.0252297104398808,0.11584751146592691,0.02394156345049939,0.021484158029660104,0.12388750945665683,1024
ses07_log10_anisotropy,core_threshold,0.0,0.0,0.0,0.0,0.0,0.0,1024
ses07_log10_anisotropy,edema_threshold_ratio,0.0,0.0,0.0,0.0,0.0,0.0,1024
ses07_wm_fraction,front_speed_mm_per_day,0.09809689658066872,0.03685447046824425,0.18845023441706918,0.03743478593138645,0.09070525474392531,0.18788312963619602,1024
ses07_wm_fraction,front_width_mm,0.045538512601906896,0.0225508359986085,0.07569076315800588,0.013761658345046696,0.034327529124460146,0.07678917450982671,1024
ses07_wm_fraction,seed_peak_density,0.0012827991468995,0.004315587539452997,0.0019743895034218524,0.000708160319416289,-0.0016155755248208755,0.002146111102514643,1024
ses07_wm_fraction,seed_sigma_mm,0.042809412061167416,0.03367181427165129,0.15294859926229926,0.027336784654617037,0.03345137522471863,0.16732825326060913,1024
ses07_wm_fraction,preop_time,0.00754473515697187,0.01725488191450471,0.03594933207192798,0.010608807566136151,-0.0006570051484777353,0.03845382331291373,1024
ses07_wm_fraction,diffusivity_ratio,0.008624045901874235,0.011459123966868774,0.020319831382624037,0.0063324513940477885,0.009456279290657718,0.01752845725040878,1024
ses07_wm_fraction,chemo_kill_rate,0.003717914309518361,0.0055438828748265185,0.004900142834326024,0.0013701962094492567,0.004696223442649715,0.005232803515418503,1024
ses07_wm_fraction,rt_alpha,0.14369555397256115,0.04278718305443435,0.18996919387306532,0.030569154460861846,0.13958362689288936,0.18506443904982947,1024
ses07_wm_fraction,rt_alpha_beta_ratio,0.0026276803969140284,0.0033853484891196105,0.0010787392673406206,0.00034198476934548135,0.002349084341426785,0.0010441831190946607,1024
ses07_wm_fraction,gaussian_seed_x_fraction,0.12060678596029474,0.03914132713127663,0.22700310863248413,0.037784766374937266,0.14219921543346442,0.24447303282616853,1024
ses07_wm_fraction,gaussian_seed_y_fraction,0.13937331398425767,0.03990104777096521,0.2534362415258536,0.034638452063622434,0.13012977035706305,0.2498173561621699,1024
ses07_wm_fraction,gaussian_seed_z_fraction,0.15490163495061482,0.044411874944041585,0.25818645729060946,0.042916713237160335,0.1661233424866816,0.2754264830941751,1024
ses07_wm_fraction,core_threshold,0.0,0.0,0.0,0.0,0.0,0.0,1024
ses07_wm_fraction,edema_threshold_ratio,0.0,0.0,0.0,0.0,0.0,0.0,1024
ses08_dice_core,front_speed_mm_per_day,0.10136813569513414,0.07096380877547943,0.5404238165373049,0.08004951107579115,0.17405889309135983,0.555323970700935,1024
ses08_dice_core,front_width_mm,0.09519568897690547,0.0549557791890114,0.47504638745677025,0.08018406303841534,0.12579956557931893,0.4809660076830073,1024
ses08_dice_core,seed_peak_density,-0.005504039949602657,0.005034335963439201,0.003461331191798469,0.0010925007104016242,-0.001699970436696783,0.002662677869027779,1024
ses08_dice_core,seed_sigma_mm,-0.006398706506252684,0.030776964986202405,0.1475305667446884,0.0349269394404256,0.005296034535320502,0.12806414440228403,1024
ses08_dice_core,preop_time,-0.005461313269421145,0.018476947761659986,0.05476443023616836,0.01261180911745114,-0.012397726371856009,0.06661362082336124,1024
ses08_dice_core,diffusivity_ratio,0.0011732219118399812,0.005498497714313116,0.007329826306053434,0.002474121938705153,0.0009785632142171267,0.007391726707441214,1024
ses08_dice_core,chemo_kill_rate,0.1902508365332338,0.053872259296754904,0.5033657644881897,0.08441483937098729,0.1661985162871986,0.5182787551892498,1024
ses08_dice_core,rt_alpha,0.0761940499400656,0.04639571165769411,0.3107490271569043,0.06168084442467698,0.07544722310174663,0.32282465189583737,1024
ses08_dice_core,rt_alpha_beta_ratio,0.0006696117574585189,0.0029085055122404662,0.0027123766981943117,0.0037385606741816586,-0.0011294373080378893,0.0005062073900987365,1024
ses08_dice_core,gaussian_seed_x_fraction,0.0034370408677868937,0.01636642614899265,0.03797372654930375,0.009322306415871439,0.0023874826919393455,0.038868937467404066,1024
ses08_dice_core,gaussian_seed_y_fraction,0.019548838863442882,0.024345574349953093,0.10557449031896339,0.030831984147218466,0.022569242076770663,0.11791435199792986,1024
ses08_dice_core,gaussian_seed_z_fraction,0.009157711291330285,0.014599424177603302,0.0359993652078508,0.010655328527055051,0.00418976276035301,0.039921872689185435,1024
ses08_dice_core,core_threshold,0.010959824014742558,0.022037804368781326,0.06741063288132702,0.023829533473338403,0.028439243696944283,0.05753298717812852,1024
ses08_dice_core,edema_threshold_ratio,0.0,0.0,0.0,0.0,0.0,0.0,1024
ses08_dice_whole,front_speed_mm_per_day,0.30473548208310147,0.06802658651096095,0.44592581203723447,0.05245590416838533,0.35456686505008117,0.47007797483236563,1024
ses08_dice_whole,front_width_mm,0.11137307606663469,0.04100285996090343,0.30135804171226616,0.05112066696901997,0.1125727161103193,0.3339021114276787,1024
ses08_dice_whole,seed_peak_density,-0.0001457448918244715,0.00457193934825806,0.0025719347926820278,0.00046885818332494404,0.0042714096946959105,0.002783111402384047,1024
ses08_dice_whole,seed_sigma_mm,0.06100324824876099,0.03358205572910338,0.13831846237411505,0.02075281565910094,0.06522928074702487,0.13912473537651296,1024
ses08_dice_whole,preop_time,0.022043578866132226,0.01791725586898367,0.05724626454551879,0.01184412116344551,0.029035822468876125,0.058804447946954386,1024
ses08_dice_whole,diffusivity_ratio,-0.0043003900363468945,0.010420877801539517,0.014224522314102324,0.003202159487275381,-0.0015981300190088077,0.012460287787445873,1024
ses08_dice_whole,chemo_kill_rate,0.09498206703199427,0.038570721559852625,0.25082797833388787,0.04794731535639163,0.11734906919857022,0.27922885243973045,1024
ses08_dice_whole,rt_alpha,0.0817791866229092,0.03759257586094117,0.19168400260664809,0.03916329678244338,0.09117532978608621,0.21505407523370684,1024
ses08_dice_whole,rt_alpha_beta_ratio,-5.967740984825559e-05,0.002042528314311719,0.0010879122311308479,0.0008385094965823512,-1.295072601439863e-05,0.0018856883251720075,1024
ses08_dice_whole,gaussian_seed_x_fraction,0.024383496275206723,0.0149829141385331,0.037676499902349704,0.007349488792817874,0.03157005028752228,0.03750195194254693,1024
ses08_dice_whole,gaussian_seed_y_fraction,0.002561948238009019,0.01448486698877658,0.0332833406307389,0.007803891635387013,0.0027816149150016478,0.036209453821436574,1024
ses08_dice_whole,gaussian_seed_z_fraction,0.015623506411633896,0.014955045156773239,0.02971666273944177,0.005435331715451838,0.020918306565079328,0.03174748877446145,1024
ses08_dice_whole,core_threshold,-0.0014328245572521282,0.007339851645906596,0.007169652450217782,0.002761601992484075,-0.0002589028246047528,0.009658953565734247,1024
ses08_dice_whole,edema_threshold_ratio,0.005708779043514028,0.011691430935381142,0.02695215264727915,0.010877518411128507,0.011028176005999655,0.02383297811260603,1024
ses08_log10_V_core,front_speed_mm_per_day,0.10032308448159041,0.04430266242544651,0.24831737669408926,0.03715783368088256,0.1569634738317382,0.2695566345311805,1024
ses08_log10_V_core,front_width_mm,0.07671463867813325,0.04455141772162835,0.2587233141009514,0.038050832405280115,0.09418130498210142,0.25585234010512015,1024
ses08_log10_V_core,seed_peak_density,0.007722908482281345,0.011140799725918901,0.014748905919940079,0.006364343747444833,0.0117095598864416,0.01558128963656549,1024
ses08_log10_V_core,seed_sigma_mm,0.029485295770890506,0.02703683026015514,0.09625742600523242,0.017456369352660654,0.0345452217254035,0.08820524463517165,1024
ses08_log10_V_core,preop_time,0.007442304511436847,0.012734658290781136,0.018867474997180684,0.0069933170522530055,0.01193201830610055,0.01977758716779065,1024
ses08_log10_V_core,diffusivity_ratio,-0.003224655089968215,0.005766627573203435,0.004380427550050093,0.0023539887082238416,-0.00835501345551031,0.00516073926985441,1024
ses08_log10_V_core,chemo_kill_rate,0.4299778793939384,0.06854242330903249,0.7000401966672326,0.06130912956361432,0.40088854847390504,0.6897574447201024,1024
ses08_log10_V_core,rt_alpha,0.00736659483443882,0.021018908522486994,0.0671527045135742,0.015370442676181581,0.005146274484599449,0.06714406039823112,1024
ses08_log10_V_core,rt_alpha_beta_ratio,-0.0008242076456601814,0.0017230337789610596,0.0003997604955633177,0.0005581555554578513,-0.001819261882606996,0.0006615805852388173,1024
ses08_log10_V_core,gaussian_seed_x_fraction,0.0066100775757428395,0.01555790140415839,0.03311185706149737,0.008765784097970908,0.017164706726155398,0.03443335784530447,1024
ses08_log10_V_core,gaussian_seed_y_fraction,-0.00225411653955712,0.01210237777633985,0.01952894236488955,0.006257206047971005,0.001617202863732127,0.023769786733136112,1024
ses08_log10_V_core,gaussian_seed_z_fraction,0.01973612367636896,0.015105153328027676,0.03607702868024646,0.01009801415439917,0.02201961478083328,0.03332370865137656,1024
ses08_log10_V_core,core_threshold,0.021935900451536053,0.027159944221635233,0.10064686538997976,0.02328115135902067,0.02310304162728327,0.10564892846105876,1024
ses08_log10_V_core,edema_threshold_ratio,0.0,0.0,0.0,0.0,0.0,0.0,1024
ses08_log10_V_whole,front_speed_mm_per_day,0.09960018790045726,0.04096559816709289,0.2190874161931643,0.04065082813228724,0.1162501722100242,0.2087414759281522,1024
ses08_log10_V_whole,front_width_mm,0.05322521673414565,0.03717465738816082,0.20028987938373627,0.03723761483144486,0.02574040239962972,0.20393259813801626,1024
ses08_log10_V_whole,seed_peak_density,0.003117505544635585,0.007215230730076768,0.006401881162067825,0.003346970053490149,0.002136638172252986,0.004908608020617274,1024
ses08_log10_V_whole,seed_sigma_mm,0.041909744030179975,0.028881490068373157,0.11226391434395891,0.020259834775670095,0.05186541940007047,0.11830696129557994,1024
ses08_log10_V_whole,preop_time,0.006711139653606354,0.009313809581674494,0.01471738607410801,0.005236590243413154,0.005590835359547631,0.01891037072189692,1024
ses08_log10_V_whole,diffusivity_ratio,0.00035355788117852035,0.005100012449019778,0.003323689280346409,0.0014677657667156048,0.0017603255204888,0.004582985419024194,1024
ses08_log10_V_whole,chemo_kill_rate,0.48242473364523347,0.07946102729524733,0.7097812357431714,0.06348612324618345,0.4641178650941339,0.7306713537209849,1024
ses08_log10_V_whole,rt_alpha,0.023076639427165382,0.02293467195208318,0.0792409101211092,0.018494870843910445,0.029899143252166725,0.08240014547201596,1024
ses08_log10_V_whole,rt_alpha_beta_ratio,0.00132571037254404,0.0011081446417095992,0.0004158157295620482,0.0004062353980316146,0.0005127621286587645,0.00025380764289110205,1024
ses08_log10_V_whole,gaussian_seed_x_fraction,0.009608121918138852,0.014462113620625895,0.03359770500401489,0.009995230362156255,0.025172173906270544,0.03839981495866702,1024
ses08_log10_V_whole,gaussian_seed_y_fraction,0.006210284084597915,0.010000958765765957,0.01813319135061611,0.0061614195073856565,0.011660824033672057,0.018172816155226236,1024
ses08_log10_V_whole,gaussian_seed_z_fraction,0.01172264928308982,0.015474963748703916,0.031203291982295184,0.010660283894655394,0.008427756969824295,0.038556233656615084,1024
ses08_log10_V_whole,core_threshold,0.004319193546685475,0.013423658902710226,0.031102484283336736,0.013843923850031647,0.005381480056152325,0.034440669834056095,1024
ses08_log10_V_whole,edema_threshold_ratio,-0.008698726952500763,0.015573977666003184,0.051867764769090996,0.017183074015784575,-0.008548334323509968,0.056498769458796526,1024
ses08_log_vol_ratio_core,front_speed_mm_per_day,0.10032308448159043,0.044302662425446504,0.24831737669408926,0.03715783368088257,0.1569634738317382,0.2695566345311805,1024
ses08_log_vol_ratio_core,front_width_mm,0.07671463867813325,0.04455141772162835,0.2587233141009514,0.038050832405280115,0.09418130498210142,0.25585234010512015,1024
ses08_log_vol_ratio_core,seed_peak_density,0.0077229084822813465,0.011140799725918901,0.014748905919940079,0.006364343747444832,0.011709559886441602,0.01558128963656549,1024
ses08_log_vol_ratio_core,seed_sigma_mm,0.02948529577089051,0.02703683026015514,0.09625742600523242,0.017456369352660654,0.0345452217254035,0.08820524463517165,1024
ses08_log_vol_ratio_core,preop_time,0.007442304511436848,0.012734658290781138,0.018867474997180684,0.0069933170522530055,0.011932018306100547,0.01977758716779065,1024
ses08_log_vol_ratio_core,diffusivity_ratio,-0.003224655089968215,0.005766627573203435,0.004380427550050093,0.0023539887082238416,-0.00835501345551031,0.00516073926985441,1024
ses08_log_vol_ratio_core,chemo_kill_rate,0.4299778793939384,0.06854242330903249,0.7000401966672326,0.06130912956361432,0.40088854847390504,0.6897574447201024,1024
ses08_log_vol_ratio_core,rt_alpha,0.00736659483443882,0.021018908522486994,0.0671527045135742,0.015370442676181581,0.005146274484599449,0.06714406039823113,1024
ses08_log_vol_ratio_core,rt_alpha_beta_ratio,-0.0008242076456601813,0.0017230337789610598,0.00039976049556331774,0.0005581555554578515,-0.0018192618826069966,0.0006615805852388175,1024
ses08_log_vol_ratio_core,gaussian_seed_x_fraction,0.0066100775757428395,0.01555790140415839,0.03311185706149737,0.008765784097970908,0.0171647067261554,0.03443335784530448,1024
ses08_log_vol_ratio_core,gaussian_seed_y_fraction,-0.0022541165395571195,0.01210237777633985,0.01952894236488955,0.006257206047971005,0.0016172028637321243,0.023769786733136112,1024
ses08_log_vol_ratio_core,gaussian_seed_z_fraction,0.01973612367636896,0.015105153328027676,0.03607702868024646,0.010098014154399168,0.02201961478083328,0.03332370865137656,1024
ses08_log_vol_ratio_core,core_threshold,0.021935900451536053,0.027159944221635233,0.10064686538997976,0.02328115135902067,0.02310304162728327,0.10564892846105876,1024
ses08_log_vol_ratio_core,edema_threshold_ratio,0.0,0.0,0.0,0.0,0.0,0.0,1024
ses08_log_vol_ratio_whole,front_speed_mm_per_day,0.0996001879004573,0.04096559816709288,0.2190874161931643,0.04065082813228724,0.1162501722100242,0.2087414759281522,1024
ses08_log_vol_ratio_whole,front_width_mm,0.05322521673414566,0.037174657388160816,0.20028987938373632,0.03723761483144486,0.025740402399629717,0.20393259813801626,1024
ses08_log_vol_ratio_whole,seed_peak_density,0.003117505544635585,0.007215230730076768,0.006401881162067825,0.0033469700534901475,0.0021366381722529868,0.004908608020617274,1024
ses08_log_vol_ratio_whole,seed_sigma_mm,0.041909744030179996,0.028881490068373154,0.11226391434395894,0.02025983477567009,0.05186541940007047,0.11830696129557992,1024
ses08_log_vol_ratio_whole,preop_time,0.006711139653606355,0.009313809581674494,0.014717386074108014,0.0052365902434131535,0.005590835359547632,0.01891037072189692,1024
ses08_log_vol_ratio_whole,diffusivity_ratio,0.0003535578811785194,0.005100012449019778,0.0033236892803464105,0.0014677657667156048,0.0017603255204888,0.004582985419024193,1024
ses08_log_vol_ratio_whole,chemo_kill_rate,0.48242473364523347,0.07946102729524732,0.7097812357431715,0.06348612324618347,0.4641178650941339,0.7306713537209849,1024
ses08_log_vol_ratio_whole,rt_alpha,0.02307663942716539,0.022934671952083183,0.07924091012110923,0.018494870843910445,0.029899143252166725,0.08240014547201596,1024
ses08_log_vol_ratio_whole,rt_alpha_beta_ratio,0.0013257103725440398,0.001108144641709599,0.0004158157295620483,0.00040623539803161463,0.0005127621286587644,0.00025380764289110205,1024
ses08_log_vol_ratio_whole,gaussian_seed_x_fraction,0.009608121918138854,0.014462113620625895,0.0335977050040149,0.009995230362156252,0.025172173906270544,0.03839981495866702,1024
ses08_log_vol_ratio_whole,gaussian_seed_y_fraction,0.0062102840845979146,0.010000958765765951,0.018133191350616105,0.006161419507385657,0.011660824033672053,0.018172816155226236,1024
ses08_log_vol_ratio_whole,gaussian_seed_z_fraction,0.011722649283089824,0.015474963748703918,0.031203291982295184,0.010660283894655394,0.008427756969824292,0.038556233656615084,1024
ses08_log_vol_ratio_whole,core_threshold,0.004319193546685476,0.013423658902710226,0.031102484283336743,0.013843923850031645,0.005381480056152325,0.034440669834056095,1024
ses08_log_vol_ratio_whole,edema_threshold_ratio,-0.008698726952500764,0.015573977666003184,0.051867764769091,0.017183074015784575,-0.008548334323509968,0.056498769458796526,1024
ses08_msd_core,front_speed_mm_per_day,0.26872283574111483,0.17135422577948403,0.5859656411926745,0.1517560863603835,0.3055235134854653,0.5014194964642432,193
ses08_msd_core,front_width_mm,0.32306090810819954,0.15647480282454368,0.47179818394204587,0.13202572533483992,0.3970159009424063,0.5564926665509269,193
ses08_msd_core,seed_peak_density,0.003983610648711667,0.016895737630149798,0.00791534993349042,0.0032583644703882615,0.007288600101201227,0.008036087243081986,193
ses08_msd_core,seed_sigma_mm,-0.018158645284232014,0.10910293019103272,0.2543797667403841,0.06606736233459576,-0.06402094468382963,0.23810284823377972,193
ses08_msd_core,preop_time,0.014750581242676385,0.05477650095862235,0.08513114868271282,0.03365237190776958,0.02974090583031348,0.08715951940802434,193
ses08_msd_core,diffusivity_ratio,-0.006874969963692805,0.022683268748205563,0.015906279777016828,0.008815827825876095,-0.00019334904741534045,0.005553016568074108,193
ses08_msd_core,chemo_kill_rate,0.039530210818409475,0.049845729766429286,0.073063321479624,0.06471157530790378,0.026180858286053956,0.04674348375616412,193
ses08_msd_core,rt_alpha,0.26775073189570286,0.1529043199814978,0.3870251541505085,0.10898272773172263,0.3495668755700752,0.3480767872245214,193
ses08_msd_core,rt_alpha_beta_ratio,0.001076922839492189,0.006227842094832227,0.0022154775189683457,0.0036786633261986757,-0.00047165432067555594,0.00015075742701443337,193
ses08_msd_core,gaussian_seed_x_fraction,0.03623678436655649,0.047718797374301444,0.04986478657474135,0.01774570372382292,0.03553126375767847,0.055225531829639206,193
ses08_msd_core,gaussian_seed_y_fraction,-0.015944524656915093,0.053886855572215224,0.058737009234415445,0.02249351007190571,-0.008663363855315498,0.06509337565698452,193
ses08_msd_core,gaussian_seed_z_fraction,0.010563965353179447,0.033090033734726604,0.019045144195894887,0.005628427821553314,-0.02763513763561039,0.021192059290958812,193
ses08_msd_core,core_threshold,0.0368498886191172,0.046732733392397995,0.038005885648848756,0.015654258033073423,0.05592533433994224,0.039798431027322285,193
ses08_msd_core,edema_threshold_ratio,0.0,0.0,0.0,0.0,0.0,0.0,193
ses08_msd_whole,front_speed_mm_per_day,0.34261732769890435,0.07713317475897119,0.40688262293539373,0.06766522499166477,0.4037448967581799,0.4482437808619775,477
ses08_msd_whole,front_width_mm,0.1951955616695988,0.05481518011814671,0.24616378640929365,0.05179785561620671,0.23870495452381157,0.22996569173849807,477
ses08_msd_whole,seed_peak_density,0.0033810773522233565,0.008161178019216456,0.004485768180409627,0.0012195926130350472,0.010118836123488835,0.004058282936534891,477
ses08_msd_whole,seed_sigma_mm,0.12314022900804719,0.06554493489363587,0.2388427347322669,0.036188511602103145,0.11557627287382116,0.25247526372112605,477
ses08_msd_whole,preop_time,0.024357505467876794,0.028480961480114145,0.04557999195073795,0.010647339263040007,0.0115552009691233,0.05246282595788316,477
ses08_msd_whole,diffusivity_ratio,0.00018196665070400138,0.01106421363518476,0.004441374446758598,0.0010797721389281154,-0.002657159836510095,0.004162293130315906,477
ses08_msd_whole,chemo_kill_rate,0.03125768622973057,0.031820596207755035,0.054372767522444264,0.015642098534370354,0.035239190785537826,0.05884255678003394,477
ses08_msd_whole,rt_alpha,0.1382382894704176,0.07312155767085204,0.21691568225378782,0.04194935208228236,0.11492119124519422,0.2077881125049671,477
ses08_msd_whole,rt_alpha_beta_ratio,0.0010633745601245621,0.0023286261764429274,0.0007450215811153721,0.000577304032175763,0.0006761500026608588,0.0010691171506327828,477
ses08_msd_whole,gaussian_seed_x_fraction,0.029047555851011663,0.023424089401332487,0.03461916823299556,0.006869450577700847,0.039716026538774846,0.039134596774066104,477
ses08_msd_whole,gaussian_seed_y_fraction,0.012547640165253426,0.024511732901915325,0.030535139175496866,0.0064957824031663695,0.010670022154738657,0.033137803521322125,477
ses08_msd_whole,gaussian_seed_z_fraction,0.0005080097372755267,0.017295730491586274,0.019913909386738492,0.004093190797769116,0.004960176868766137,0.02075873973689087,477
ses08_msd_whole,core_threshold,-0.008750558219656337,0.013236558968836154,0.010429083504030354,0.00407580739457607,-0.01691841195580869,0.012540029874235272,477
ses08_msd_whole,edema_threshold_ratio,0.030168712151371378,0.020688793241145392,0.024422641751436127,0.008419754895619126,0.02097463655044376,0.019686031813295247,477
ses08_hd95_core,front_speed_mm_per_day,0.20833679171646172,0.17305751917042128,0.6469536582270743,0.1510794140738455,0.3240845382187871,0.606371860701102,193
ses08_hd95_core,front_width_mm,0.22842242604563906,0.1442414842851064,0.4652337132585053,0.1137465352426846,0.33296339333048297,0.5324239541880407,193
ses08_hd95_core,seed_peak_density,0.010642875693892943,0.019416152043122404,0.009648476484460553,0.0037258724184160608,0.01651264047838568,0.009371366019708297,193
ses08_hd95_core,seed_sigma_mm,-0.06380798178824255,0.1135412642633393,0.326823936002705,0.07867105212174819,-0.11991812658360565,0.34306924147755474,193
ses08_hd95_core,preop_time,0.0048601893852934655,0.07068519721323843,0.1487336522703132,0.05788243459022092,0.026698072481785483,0.14902507612623264,193
ses08_hd95_core,diffusivity_ratio,-0.005635627680607898,0.024000338427049253,0.026436953938385084,0.013582493155112143,-0.005896726155957056,0.013890692730837245,193
ses08_hd95_core,chemo_kill_rate,0.029951512977964757,0.04244242112735198,0.06245195177559443,0.05636137994748326,0.0021727552545302616,0.029396299157702498,193
ses08_hd95_core,rt_alpha,0.18770299565662635,0.14080339510795667,0.3611780898644182,0.10337016245578652,0.2764827610095251,0.28882839379266323,193
ses08_hd95_core,rt_alpha_beta_ratio,-0.0009434399294205188,0.0035311202268591365,0.0023953411863381004,0.004268023867193261,-0.0012261845120904644,0.00014413246920768586,193
ses08_hd95_core,gaussian_seed_x_fraction,0.0069799843506847615,0.0635193965098872,0.11337954828339505,0.03619974967104972,-0.021639816444355916,0.12088883136986554,193
ses08_hd95_core,gaussian_seed_y_fraction,-0.006696463241510312,0.06257505608573799,0.09685743805773422,0.03755253572260287,-0.018646250457267505,0.11481781405080312,193
ses08_hd95_core,gaussian_seed_z_fraction,0.019479496575564453,0.041465575605853996,0.041245002677588086,0.01734062189698126,-0.008878790540081165,0.04967032746297118,193
ses08_hd95_core,core_threshold,0.020160453596367197,0.04176867941474331,0.03445460157784358,0.012708863185686096,0.03400188724629641,0.03231436925142586,193
ses08_hd95_core,edema_threshold_ratio,0.0,0.0,0.0,0.0,0.0,0.0,193
ses08_hd95_whole,front_speed_mm_per_day,0.3887671968252513,0.08443174524926687,0.4597260671135568,0.06711056902962145,0.4060944689990107,0.47343717536777513,477
ses08_hd95_whole,front_width_mm,0.18433590560989607,0.056320163924699754,0.23038592450915837,0.04306243562326967,0.2264035669984252,0.22870113650459425,477
ses08_hd95_whole,seed_peak_density,0.0028608162266533003,0.007890052859543192,0.003376249250417412,0.000686588000986823,0.008239555371269188,0.003341217714346872,477
ses08_hd95_whole,seed_sigma_mm,0.10782921990598436,0.06154997084526676,0.19757581742776456,0.028318219743501852,0.11135077886129041,0.20964720349134294,477
ses08_hd95_whole,preop_time,0.032710611777504645,0.03562207750572077,0.06317395717316082,0.014422453279384673,0.02691842948125426,0.07057420938934791,477
ses08_hd95_whole,diffusivity_ratio,0.0053232293342478495,0.015143831970410984,0.008640525739314316,0.0028927572119425205,0.00313231909360398,0.007290470239729187,477
ses08_hd95_whole,chemo_kill_rate,0.029450210555600206,0.027527643738921602,0.0402807907223035,0.011057115451322654,0.027158886531552576,0.04397612081351638,477
ses08_hd95_whole,rt_alpha,0.11115684771839032,0.05845323638551469,0.1642006704793565,0.03496726632672504,0.08621643592942599,0.16995728808853172,477
ses08_hd95_whole,rt_alpha_beta_ratio,0.00010237194433289972,0.0022331383086994713,0.0006186223374174783,0.0005751771035235271,-0.0007237143787980437,0.0010037285702712761,477
ses08_hd95_whole,gaussian_seed_x_fraction,0.03821514758928087,0.0276235001417278,0.04566315005703646,0.008141054474363345,0.04311269353432231,0.0516964286698457,477
ses08_hd95_whole,gaussian_seed_y_fraction,0.044467816039158,0.03886704325315404,0.07523545225521948,0.01442463847358549,0.03469921607907943,0.07957886269731344,477
ses08_hd95_whole,gaussian_seed_z_fraction,0.0008352807778344666,0.01816990085026379,0.021417043879106524,0.003884460482284958,0.006238182438897609,0.02341671249695527,477
ses08_hd95_whole,core_threshold,-0.009530857599614223,0.011513297985745689,0.006921780501884009,0.002298327172990476,-0.01740811188131952,0.008031130626707489,477
ses08_hd95_whole,edema_threshold_ratio,0.01752369900950702,0.016214404315995683,0.016740371278398884,0.005145907867889133,0.019103849078868904,0.013802663828366363,477
ses08_dice_star_core,front_speed_mm_per_day,0.15314729935185145,0.05770579501456264,0.3883556404044019,0.058767971025850324,0.21686485792954696,0.38461058631793366,1024
ses08_dice_star_core,front_width_mm,0.09926927212889915,0.05422209910573521,0.3580626561752134,0.060985768586403255,0.09086431673088381,0.36763374455370407,1024
ses08_dice_star_core,seed_peak_density,-0.0006830358038347923,0.004797231176722901,0.003155153085269612,0.0007697915495113653,0.002629314473563286,0.0032199428046549646,1024
ses08_dice_star_core,seed_sigma_mm,0.01886695463203536,0.029039097413147943,0.11235633497321798,0.020171036548246847,0.024565343219519364,0.11627999096816859,1024
ses08_dice_star_core,preop_time,0.019212619885539108,0.018982634996993396,0.0445961167741819,0.010775733430065638,0.027045484541339808,0.04516289085315315,1024
ses08_dice_star_core,diffusivity_ratio,0.005583884613242244,0.00678934476747465,0.006315628342047041,0.0023563659611433186,0.004201014669363221,0.00690632747612321,1024
ses08_dice_star_core,chemo_kill_rate,0.1594782383707836,0.05113827630252995,0.3935754597993909,0.0633025346829239,0.17539007938285195,0.41200726502108603,1024
ses08_dice_star_core,rt_alpha,0.1294547012208863,0.04451153038727832,0.3189201586166001,0.05704986172198114,0.15306095592734112,0.3354702311447937,1024
ses08_dice_star_core,rt_alpha_beta_ratio,0.0005831578411181285,0.0033019853411003783,0.0027966447552967744,0.002255376782218333,-0.0016477513015679811,0.002832720931015766,1024
ses08_dice_star_core,gaussian_seed_x_fraction,0.009436663249888852,0.017824536559075125,0.044151439677444,0.010005539834750509,0.0274337182931865,0.042940083200158415,1024
ses08_dice_star_core,gaussian_seed_y_fraction,0.025010190825378854,0.02901092333936324,0.11776368437644257,0.025686575826591482,0.013247559039489681,0.12817405242996485,1024
ses08_dice_star_core,gaussian_seed_z_fraction,0.02002602353859944,0.01872973967325318,0.04576100760199133,0.009121849739363844,0.023712036295092147,0.04655025564033801,1024
ses08_dice_star_core,core_threshold,0.0,0.0,0.0,0.0,0.0,0.0,1024
ses08_dice_star_core,edema_threshold_ratio,0.0,0.0,0.0,0.0,0.0,0.0,1024
ses08_dice_star_whole,front_speed_mm_per_day,0.3240320907539659,0.06362178827161581,0.44279193475366274,0.04909475939151131,0.3524870489234775,0.47709450294605893,1024
ses08_dice_star_whole,front_width_mm,0.09097218772853218,0.03866477009832202,0.22732409899983752,0.04001383397633552,0.11090406432487374,0.24252434375502294,1024
ses08_dice_star_whole,seed_peak_density,0.0005751263489052634,0.004572330508584217,0.0026625461061813363,0.00044902762179599236,0.002971577188141164,0.0027822056981439127,1024
ses08_dice_star_whole,seed_sigma_mm,0.09274621923171147,0.03429583031457192,0.1498205054351898,0.020433077833310522,0.09600742346119992,0.15801473606910277,1024
ses08_dice_star_whole,preop_time,0.02835856014714833,0.01836307493236725,0.05876969172253268,0.011281361681947873,0.028780583571667562,0.05831973460782918,1024
ses08_dice_star_whole,diffusivity_ratio,-0.006494129342758885,0.010661921163462878,0.01314896189437989,0.0027112870570679655,-0.004474528390012096,0.012006504985725778,1024
ses08_dice_star_whole,chemo_kill_rate,0.09125334534627891,0.03602156254697066,0.19990769942127262,0.039202093637797385,0.09093564574735759,0.22987963141185688,1024
ses08_dice_star_whole,rt_alpha,0.10708304635106954,0.03788136220263053,0.18339512103626637,0.03479612679319797,0.11745502911212835,0.1972498344987371,1024
ses08_dice_star_whole,rt_alpha_beta_ratio,0.004286130758491757,0.005946974184294347,0.0019062407650264207,0.0016625843559223787,0.0016209205089368327,0.0013343066865775586,1024
ses08_dice_star_whole,gaussian_seed_x_fraction,0.0342918702445624,0.01614778310941522,0.04130590207847959,0.007050343770226714,0.045797885992141456,0.041321058380297926,1024
ses08_dice_star_whole,gaussian_seed_y_fraction,0.004090389181103483,0.015996454462963012,0.03866830247608077,0.0077267439269108115,0.008574488974660371,0.04151659446412008,1024
ses08_dice_star_whole,gaussian_seed_z_fraction,0.027754061641399194,0.016742799956907105,0.03819999506725664,0.006241177244031712,0.03025698605468124,0.0392527420554067,1024
ses08_dice_star_whole,core_threshold,0.0,0.0,0.0,0.0,0.0,0.0,1024
ses08_dice_star_whole,edema_threshold_ratio,0.0,0.0,0.0,0.0,0.0,0.0,1024
ses08_core_threshold_star,front_speed_mm_per_day,0.29977984332160484,0.09363005362984332,0.6373374617113668,0.09942102325119132,0.2571660683133348,0.641755996333244,1024
ses08_core_threshold_star,front_width_mm,0.05244079241772273,0.04279372747982318,0.4690825915408084,0.09111326148282173,0.06198652906484096,0.48636821638962313,1024
ses08_core_threshold_star,seed_peak_density,0.0005148414729660541,0.007830330549715275,0.008712405876245938,0.003372961768141688,0.0008849390143996185,0.008595444723892816,1024
ses08_core_threshold_star,seed_sigma_mm,0.02268749118526531,0.041318691735332716,0.17391515933856538,0.04798093706642239,0.050419176187757604,0.134959645080343,1024
ses08_core_threshold_star,preop_time,0.004667904150420796,0.038162543475694616,0.14344948528723409,0.04857193526098561,0.029950597559355033,0.10593606549317247,1024
ses08_core_threshold_star,diffusivity_ratio,0.0013563954566706597,0.006707006359751647,0.023806510324264375,0.013267794663100078,-0.00269689600098373,0.02176768469037791,1024
ses08_core_threshold_star,chemo_kill_rate,0.06045774705609877,0.04225528254866633,0.25521244983984115,0.0658411084380198,0.04457077337308959,0.2705890650742361,1024
ses08_core_threshold_star,rt_alpha,0.022890238550938233,0.03357411686957599,0.17308276387268204,0.05162697444767478,-0.012143322238369446,0.18128574326755753,1024
ses08_core_threshold_star,rt_alpha_beta_ratio,0.00012002264700945235,0.0013110033370788653,0.0016092979007078484,0.0011807266244847033,-0.0007231639539002113,0.0007814040658084381,1024
ses08_core_threshold_star,gaussian_seed_x_fraction,0.001415709052856168,0.026898688834057067,0.062207687817017174,0.02182272674742858,-0.01231640738143409,0.06552631237565042,1024
ses08_core_threshold_star,gaussian_seed_y_fraction,0.01725032573027327,0.03210080748534237,0.1586545757973703,0.050105209902630454,0.03357124114720322,0.18050433920174913,1024
ses08_core_threshold_star,gaussian_seed_z_fraction,0.011218628858787718,0.02110070682115107,0.05910007807771925,0.02091943415858988,0.0272909021913871,0.06664260389823391,1024
ses08_core_threshold_star,core_threshold,0.0,0.0,0.0,0.0,0.0,0.0,1024
ses08_core_threshold_star,edema_threshold_ratio,0.0,0.0,0.0,0.0,0.0,0.0,1024
ses08_edema_threshold_star,front_speed_mm_per_day,0.0951345101718074,0.1023019682601827,0.819187849820999,0.24614088144237925,0.08213676037335829,0.6348192406178584,1024
ses08_edema_threshold_star,front_width_mm,-0.0015842754591820687,0.01050337636886964,0.5674038670110106,0.2085420523093102,0.0028394228915994465,0.5061813375918941,1024
ses08_edema_threshold_star,seed_peak_density,-0.0006337101836728275,0.0011315881897499816,0.0066446291410741515,0.005462032286711114,-0.000946474297199815,0.005727029929238137,1024
ses08_edema_threshold_star,seed_sigma_mm,0.025843185639888536,0.04746402095558368,0.33602838799146423,0.15005596695503656,0.04575773011371459,0.2964839340290206,1024
ses08_edema_threshold_star,preop_time,0.06286192974194589,0.09162184053063246,0.24608858640335338,0.12794083743809487,0.11302623970924312,0.2572758060519287,1024
ses08_edema_threshold_star,diffusivity_ratio,0.0008449469115637702,0.0032556198379692924,0.0564793476991303,0.049737066342235826,0.0005678845783198893,0.02070541589801482,1024
ses08_edema_threshold_star,chemo_kill_rate,-0.00042247345578188525,0.0037754066270395113,0.07641323512235275,0.05934749170224976,-0.000567884578319889,0.06035408463889426,1024
ses08_edema_threshold_star,rt_alpha,0.00021123672789094252,0.0041863065319135435,0.09160095887337938,0.06849703635211682,-3.3690916805852945e-19,0.09603788650568575,1024
ses08_edema_threshold_star,rt_alpha_beta_ratio,0.00021123672789094254,0.0005363838985472022,0.0014238491016587468,0.0011964717859521117,0.0003785897188799262,0.0017621630551501956,1024
ses08_edema_threshold_star,gaussian_seed_x_fraction,-0.002112367278909425,0.006253496034431303,0.20028810696666374,0.12267654720526223,-0.00018929485943996235,0.1396514221206531,1024
ses08_edema_threshold_star,gaussian_seed_y_fraction,-0.002217985642854896,0.005642993826327577,0.16397995487436567,0.10528572101515653,-0.00189294859439963,0.14273520746716595,1024
ses08_edema_threshold_star,gaussian_seed_z_fraction,0.0011618020034001838,0.004455666611703671,0.10607675807357664,0.073023120566909,-0.0001892948594399632,0.0779757151903962,1024
ses08_edema_threshold_star,core_threshold,0.0,0.0,0.0,0.0,0.0,0.0,1024
ses08_edema_threshold_star,edema_threshold_ratio,0.0,0.0,0.0,0.0,0.0,0.0,1024
ses08_dice_core_fixed,front_speed_mm_per_day,0.12286320244341688,0.07399362941304734,0.5329910916543927,0.07503185042948046,0.18946495792722542,0.5522732933331839,1024
ses08_dice_core_fixed,front_width_mm,0.09388614347859121,0.059667070307339976,0.47059335703858285,0.08263547372536935,0.0817328233433656,0.4897471237986457,1024
ses08_dice_core_fixed,seed_peak_density,-0.00450104667872468,0.004927315373582899,0.0033208187725330468,0.0012174499913950897,-0.00045771784322959786,0.0025586221592513365,1024
ses08_dice_core_fixed,seed_sigma_mm,-0.005783558893094287,0.03152808807506577,0.14529138825167434,0.03172231913151404,0.0064297183864577105,0.1284290141132051,1024
ses08_dice_core_fixed,preop_time,-0.010223240990699618,0.0187070142485294,0.05930803908637968,0.013270411773802138,-0.009488289428209675,0.06639311095709581,1024
ses08_dice_core_fixed,diffusivity_ratio,0.0017668480082015344,0.005526280882991708,0.007437726807164594,0.002464418966531068,0.0023264719728427995,0.007637358175663866,1024
ses08_dice_core_fixed,chemo_kill_rate,0.16673175230851064,0.05891450716483724,0.46611714351580513,0.07766426653263318,0.11832209988599282,0.5030675961922193,1024
ses08_dice_core_fixed,rt_alpha,0.05802077988208582,0.055843988730945794,0.3538197453588243,0.06520607586845555,0.049371761700857185,0.3572613116769227,1024
ses08_dice_core_fixed,rt_alpha_beta_ratio,0.0016820008502022009,0.0029861133425119583,0.0030216184592147424,0.00499011825189462,-0.0005684535593454124,0.0005754052884790579,1024
ses08_dice_core_fixed,gaussian_seed_x_fraction,0.003975563512436636,0.0158026431150037,0.03865288151877728,0.009742553943866304,0.004029299720786844,0.03505892094118473,1024
ses08_dice_core_fixed,gaussian_seed_y_fraction,0.015035266209941152,0.02536226245616162,0.10355969893697856,0.032845582866030495,0.020059995678130528,0.12175703120188053,1024
ses08_dice_core_fixed,gaussian_seed_z_fraction,0.010484724803280802,0.013638101691056117,0.03589107558708828,0.009364578378853525,0.0051781018641257484,0.0405423162903175,1024
ses08_dice_core_fixed,core_threshold,0.0,0.0,0.0,0.0,0.0,0.0,1024
ses08_dice_core_fixed,edema_threshold_ratio,0.0,0.0,0.0,0.0,0.0,0.0,1024
ses08_dice_whole_fixed,front_speed_mm_per_day,0.30062294967127534,0.06853720325494296,0.45702014481164455,0.05665667239986922,0.3379817073756956,0.46996844375838376,1024
ses08_dice_whole_fixed,front_width_mm,0.12329741472789219,0.0400087112883962,0.31053925320740805,0.05275687936125413,0.12699617617943842,0.34686764826619837,1024
ses08_dice_whole_fixed,seed_peak_density,0.000992025162132941,0.004657370056238888,0.0026955134718618504,0.0005231277830141753,0.004406147901471492,0.0027168298775045526,1024
ses08_dice_whole_fixed,seed_sigma_mm,0.0529093650256998,0.03346067115608208,0.1331141893890719,0.021234538836075404,0.06598082576415105,0.12749467282603438,1024
ses08_dice_whole_fixed,preop_time,0.021532814076165054,0.018645055928608132,0.057415970128333306,0.012326260313946825,0.031018349415497103,0.05451680459015503,1024
ses08_dice_whole_fixed,diffusivity_ratio,-0.0014253800426487968,0.010206155110343038,0.013415401860212936,0.003259704893289032,-0.003847369039239436,0.01143548902346462,1024
ses08_dice_whole_fixed,chemo_kill_rate,0.08510239603394908,0.04051755057770372,0.2694618068147813,0.05194257231247296,0.10540130172162229,0.30408899774693493,1024
ses08_dice_whole_fixed,rt_alpha,0.08210783662810218,0.03792082211003636,0.20156778311878087,0.04243702581858309,0.08687450584692069,0.23390397654359377,1024
ses08_dice_whole_fixed,rt_alpha_beta_ratio,0.0015276608304125164,0.0032075525518971714,0.0018131520312121014,0.001752992526263022,0.0009835574108508726,0.002384227526766318,1024
ses08_dice_whole_fixed,gaussian_seed_x_fraction,0.022716369756097317,0.014369146164144527,0.03524903089356381,0.007218116602863469,0.0262525299269227,0.033073465630512416,1024
ses08_dice_whole_fixed,gaussian_seed_y_fraction,0.0006132310999592542,0.013448412022881301,0.03141164166902026,0.007725286397754046,-0.00030619957475594537,0.03421520277743178,1024
ses08_dice_whole_fixed,gaussian_seed_z_fraction,0.011166369718878353,0.014720522374223232,0.029060860982903988,0.005494635498684102,0.016840613443678903,0.030376729545037316,1024
ses08_dice_whole_fixed,core_threshold,0.0,0.0,0.0,0.0,0.0,0.0,1024
ses08_dice_whole_fixed,edema_threshold_ratio,0.0,0.0,0.0,0.0,0.0,0.0,1024
ses08_log10_V_core_fixed,front_speed_mm_per_day,0.11159335861170261,0.04582682054197648,0.2665988851409384,0.041161363013855055,0.17780836588350146,0.2954264363413897,1024
ses08_log10_V_core_fixed,front_width_mm,0.07755901035620764,0.04134562253857905,0.23190959720592824,0.034856451965345786,0.07089150256674734,0.2466771171252344,1024
ses08_log10_V_core_fixed,seed_peak_density,0.002996901843429309,0.00863759459727401,0.009185775852006422,0.004157813614320172,0.005389828145648996,0.012059315818832045,1024
ses08_log10_V_core_fixed,seed_sigma_mm,0.02589823173489712,0.026330454909739804,0.09129523294548333,0.01626404111139795,0.0324493929942788,0.08780835598385926,1024
ses08_log10_V_core_fixed,preop_time,0.00930533829354415,0.01073166335497809,0.014221949248549836,0.004472356013747843,0.0049172833177631775,0.013437905801448838,1024
ses08_log10_V_core_fixed,diffusivity_ratio,-0.0013324220794819618,0.005051624114138306,0.003560840641447453,0.0016983894506516228,-0.00568492095679133,0.002924151384719952,1024
ses08_log10_V_core_fixed,chemo_kill_rate,0.4587338530284801,0.06910878525235141,0.6927232750905734,0.0608848803439,0.46507842890388496,0.6695107592363013,1024
ses08_log10_V_core_fixed,rt_alpha,0.01924437753950814,0.02308080013443087,0.06931394741326315,0.014973125624560395,0.024852641923255817,0.06618769365116081,1024
ses08_log10_V_core_fixed,rt_alpha_beta_ratio,-0.00027675978721872316,0.000996921863090201,0.00013248532533599832,0.00011614425523686947,8.265202008875903e-05,0.00017557642645878513,1024
ses08_log10_V_core_fixed,gaussian_seed_x_fraction,0.007268558644935022,0.0154351161989143,0.03425640428351112,0.009284804973687775,0.012177806685356802,0.03763791992401691,1024
ses08_log10_V_core_fixed,gaussian_seed_y_fraction,0.0012353508748072397,0.011831324816542116,0.017317929904430113,0.005245200356359329,0.002648149133471575,0.017487109118177264,1024
ses08_log10_V_core_fixed,gaussian_seed_z_fraction,0.016398744426044103,0.01581677675299601,0.036047772285885155,0.010653201295761755,0.017707398333990532,0.03388439847570002,1024
ses08_log10_V_core_fixed,core_threshold,0.0,0.0,0.0,0.0,0.0,0.0,1024
ses08_log10_V_core_fixed,edema_threshold_ratio,0.0,0.0,0.0,0.0,0.0,0.0,1024
ses08_log10_V_whole_fixed,front_speed_mm_per_day,0.10561331489451502,0.0410884707910845,0.21469580771466457,0.039703005062797406,0.12041545761442692,0.2019597046832961,1024
ses08_log10_V_whole_fixed,front_width_mm,0.06480511183490761,0.03654095256488873,0.1894032146948134,0.03492078429173046,0.0407304876869028,0.20000840171893458,1024
ses08_log10_V_whole_fixed,seed_peak_density,0.0016646527807866475,0.006295756950341298,0.005235681054507734,0.0022544940574968928,-0.0022260700500565172,0.005154563946484168,1024
ses08_log10_V_whole_fixed,seed_sigma_mm,0.05373008381549672,0.03086599424385992,0.1128026747023452,0.02083449224543095,0.058837196505981675,0.12251969599662903,1024
ses08_log10_V_whole_fixed,preop_time,0.011047680460268465,0.01004274659261436,0.016097331523047653,0.005805196815799045,0.008836528311959737,0.017324333839665737,1024
ses08_log10_V_whole_fixed,diffusivity_ratio,0.0015883945128311557,0.0062629957229983066,0.0060903778146887055,0.002981505743043408,-0.0007096528107425913,0.00769471108760541,1024
ses08_log10_V_whole_fixed,chemo_kill_rate,0.5027217132997933,0.0750625977876713,0.7319321173584195,0.06196884486146447,0.49533657316562163,0.7511075481811081,1024
ses08_log10_V_whole_fixed,rt_alpha,0.022396159698927505,0.023516730633283682,0.08081448884218588,0.018869950954837133,0.023962490757412355,0.07727260502299252,1024
ses08_log10_V_whole_fixed,rt_alpha_beta_ratio,-0.0021711678000777505,0.004820538414417637,0.001693255803040102,0.002260291883898609,-0.00608585608096586,0.00274475464362893,1024
ses08_log10_V_whole_fixed,gaussian_seed_x_fraction,0.0017434602550655345,0.01583350691660077,0.03711920379544301,0.01026341473887209,0.014176467241336359,0.044807189229117195,1024
ses08_log10_V_whole_fixed,gaussian_seed_y_fraction,-0.0005009713844351381,0.00911199482156185,0.01639698090692681,0.005755205494041077,-0.0013700908115423008,0.017400007623206558,1024
ses08_log10_V_whole_fixed,gaussian_seed_z_fraction,0.01620199687538289,0.019672005113790633,0.047657907520378164,0.013883475179552634,0.015140884096498938,0.05185110975868453,1024
ses08_log10_V_whole_fixed,core_threshold,0.0,0.0,0.0,0.0,0.0,0.0,1024
ses08_log10_V_whole_fixed,edema_threshold_ratio,0.0,0.0,0.0,0.0,0.0,0.0,1024
ses08_log_vol_ratio_core_fixed,front_speed_mm_per_day,0.11159335861170261,0.04582682054197648,0.2665988851409384,0.041161363013855055,0.17780836588350146,0.2954264363413897,1024
ses08_log_vol_ratio_core_fixed,front_width_mm,0.07755901035620764,0.04134562253857904,0.23190959720592824,0.034856451965345786,0.07089150256674734,0.24667711712523435,1024
ses08_log_vol_ratio_core_fixed,seed_peak_density,0.0029969018434293088,0.00863759459727401,0.009185775852006422,0.004157813614320171,0.005389828145648996,0.012059315818832043,1024
ses08_log_vol_ratio_core_fixed,seed_sigma_mm,0.02589823173489712,0.0263304549097398,0.09129523294548332,0.01626404111139795,0.0324493929942788,0.08780835598385926,1024
ses08_log_vol_ratio_core_fixed,preop_time,0.00930533829354415,0.01073166335497809,0.014221949248549836,0.004472356013747843,0.0049172833177631775,0.01343790580144884,1024
ses08_log_vol_ratio_core_fixed,diffusivity_ratio,-0.0013324220794819622,0.005051624114138306,0.003560840641447454,0.001698389450651623,-0.00568492095679133,0.0029241513847199528,1024
ses08_log_vol_ratio_core_fixed,chemo_kill_rate,0.4587338530284801,0.06910878525235141,0.6927232750905734,0.0608848803439,0.46507842890388496,0.6695107592363013,1024
ses08_log_vol_ratio_core_fixed,rt_alpha,0.019244377539508136,0.02308080013443087,0.06931394741326315,0.014973125624560397,0.024852641923255817,0.0661876936511608,1024
ses08_log_vol_ratio_core_fixed,rt_alpha_beta_ratio,-0.0002767597872187235,0.000996921863090201,0.00013248532533599832,0.00011614425523686949,8.265202008875871e-05,0.00017557642645878516,1024
ses08_log_vol_ratio_core_fixed,gaussian_seed_x_fraction,0.007268558644935022,0.0154351161989143,0.03425640428351112,0.009284804973687775,0.012177806685356802,0.037637919924016904,1024
ses08_log_vol_ratio_core_fixed,gaussian_seed_y_fraction,0.0012353508748072393,0.011831324816542116,0.017317929904430113,0.005245200356359329,0.002648149133471574,0.017487109118177264,1024
ses08_log_vol_ratio_core_fixed,gaussian_seed_z_fraction,0.016398744426044103,0.01581677675299601,0.036047772285885155,0.010653201295761756,0.01770739833399053,0.033884398475700024,1024
ses08_log_vol_ratio_core_fixed,core_threshold,0.0,0.0,0.0,0.0,0.0,0.0,1024
ses08_log_vol_ratio_core_fixed,edema_threshold_ratio,0.0,0.0,0.0,0.0,0.0,0.0,1024
ses08_log_vol_ratio_whole_fixed,front_speed_mm_per_day,0.10561331489451502,0.0410884707910845,0.21469580771466457,0.039703005062797406,0.12041545761442694,0.20195970468329613,1024
ses08_log_vol_ratio_whole_fixed,front_width_mm,0.06480511183490761,0.03654095256488873,0.1894032146948134,0.03492078429173046,0.04073048768690281,0.2000084017189346,1024
ses08_log_vol_ratio_whole_fixed,seed_peak_density,0.0016646527807866471,0.006295756950341298,0.005235681054507734,0.0022544940574968928,-0.002226070050056517,0.005154563946484169,1024
ses08_log_vol_ratio_whole_fixed,seed_sigma_mm,0.05373008381549672,0.03086599424385992,0.1128026747023452,0.02083449224543095,0.05883719650598168,0.12251969599662905,1024
ses08_log_vol_ratio_whole_fixed,preop_time,0.011047680460268466,0.01004274659261436,0.016097331523047653,0.005805196815799045,0.008836528311959739,0.01732433383966574,1024
ses08_log_vol_ratio_whole_fixed,diffusivity_ratio,0.0015883945128311561,0.0062629957229983066,0.006090377814688704,0.0029815057430434074,-0.0007096528107425912,0.0076947110876054116,1024
ses08_log_vol_ratio_whole_fixed,chemo_kill_rate,0.5027217132997933,0.0750625977876713,0.7319321173584195,0.06196884486146447,0.49533657316562174,0.7511075481811083,1024
ses08_log_vol_ratio_whole_fixed,rt_alpha,0.022396159698927505,0.023516730633283682,0.08081448884218588,0.018869950954837133,0.02396249075741236,0.07727260502299255,1024
ses08_log_vol_ratio_whole_fixed,rt_alpha_beta_ratio,-0.00217116780007775,0.004820538414417636,0.001693255803040102,0.002260291883898609,-0.0060858560809658605,0.0027447546436289304,1024
ses08_log_vol_ratio_whole_fixed,gaussian_seed_x_fraction,0.0017434602550655354,0.01583350691660077,0.03711920379544301,0.01026341473887209,0.014176467241336362,0.04480718922911721,1024
ses08_log_vol_ratio_whole_fixed,gaussian_seed_y_fraction,-0.0005009713844351381,0.00911199482156185,0.01639698090692681,0.005755205494041077,-0.0013700908115423021,0.01740000762320656,1024
ses08_log_vol_ratio_whole_fixed,gaussian_seed_z_fraction,0.01620199687538289,0.019672005113790633,0.047657907520378164,0.013883475179552634,0.015140884096498941,0.051851109758684545,1024
ses08_log_vol_ratio_whole_fixed,core_threshold,0.0,0.0,0.0,0.0,0.0,0.0,1024
ses08_log_vol_ratio_whole_fixed,edema_threshold_ratio,0.0,0.0,0.0,0.0,0.0,0.0,1024
ses08_msd_core_fixed,front_speed_mm_per_day,0.20757084146255886,0.16535337503285735,0.6065686869088847,0.15555215607721562,0.19794482211434555,0.6025467209880095,212
ses08_msd_core_fixed,front_width_mm,0.22517549380827764,0.16699331574590262,0.5832333533411791,0.148811378597562,0.299929647642207,0.7378126813864362,212
ses08_msd_core_fixed,seed_peak_density,-0.021663251588922947,0.027824735069138004,0.02003727163181683,0.025444817898762878,-0.00861466556570027,0.0054776028610362395,212
ses08_msd_core_fixed,seed_sigma_mm,0.009589237895380836,0.11256375738706834,0.26232343967613125,0.06282145004907701,-0.04849712491637041,0.24440938383663863,212
ses08_msd_core_fixed,preop_time,0.00672263240922135,0.06202222483832853,0.08754804449847844,0.031265835868719595,0.01971478579572305,0.08370104193101109,212
ses08_msd_core_fixed,diffusivity_ratio,0.0033009049796722772,0.015087981825285531,0.01145227314516491,0.006094925863994745,0.004323024520256104,0.004113091342911313,212
ses08_msd_core_fixed,chemo_kill_rate,-0.012269744829127282,0.030014148378838583,0.04531709460256842,0.02546665860079457,-0.02613658403404034,0.06563477868819904,212
ses08_msd_core_fixed,rt_alpha,0.23294876227931605,0.1435401426306357,0.3767200076403193,0.10375842399969706,0.2517089257656356,0.368204098575554,212
ses08_msd_core_fixed,rt_alpha_beta_ratio,0.000892606347332767,0.004993266846303768,0.0013599240181892045,0.001539372013803142,-0.0011740026482344823,0.0005629956479927823,212
ses08_msd_core_fixed,gaussian_seed_x_fraction,0.03126636204628102,0.04041240342568986,0.042341093624117296,0.013127033540141709,0.02779439926593775,0.04742337107750434,212
ses08_msd_core_fixed,gaussian_seed_y_fraction,-0.006077579040187462,0.04188709072535466,0.052831570570853345,0.018843682178044358,0.007624437561807684,0.05295024542878841,212
ses08_msd_core_fixed,gaussian_seed_z_fraction,-0.0016830730163859995,0.04197315753466216,0.022341604772690458,0.007792622972085929,-0.05036956456107886,0.022716023564042183,212
ses08_msd_core_fixed,core_threshold,0.0,0.0,0.0,0.0,0.0,0.0,212
ses08_msd_core_fixed,edema_threshold_ratio,0.0,0.0,0.0,0.0,0.0,0.0,212
ses08_msd_whole_fixed,front_speed_mm_per_day,0.36294911810146396,0.0872861824106153,0.4386115136812456,0.07373918676396496,0.35700249315331856,0.4154536446695914,440
ses08_msd_whole_fixed,front_width_mm,0.23478973994241092,0.06342877365477297,0.27132408027896737,0.054108057516623495,0.25284582818578566,0.27341742031901545,440
ses08_msd_whole_fixed,seed_peak_density,0.0030086010896168427,0.00898464447920668,0.00399461642972279,0.0007936932644865155,0.009389772483250645,0.003779382414823266,440
ses08_msd_whole_fixed,seed_sigma_mm,0.12349842348050155,0.06953617998534763,0.240408838907085,0.038820394681794976,0.1271423915580975,0.24262370055488508,440
ses08_msd_whole_fixed,preop_time,0.03182688332193205,0.030345990107168694,0.047627331755624024,0.010988213322322192,0.02470126394215022,0.05113331927850638,440
ses08_msd_whole_fixed,diffusivity_ratio,-0.00019522419180968353,0.010149951514845741,0.004874718139883677,0.0022726859220669965,-0.010857577630124626,0.005019605310398311,440
ses08_msd_whole_fixed,chemo_kill_rate,0.026429554005483146,0.03138456601380439,0.06069686897366185,0.022504844852449676,0.02659131534990736,0.058548499254730005,440
ses08_msd_whole_fixed,rt_alpha,0.14917381683098493,0.06706773167372321,0.21110911386216777,0.04196231141181191,0.13523902446292993,0.20502889097439575,440
ses08_msd_whole_fixed,rt_alpha_beta_ratio,0.00014957701925632258,0.0038273647956304207,0.001466170186157216,0.0013711582259262542,-0.0007122947657909414,0.00210444716687499,440
ses08_msd_whole_fixed,gaussian_seed_x_fraction,0.04295643607033171,0.026487880419419647,0.0353011821084487,0.00698650189311116,0.04505058434912016,0.03728046919249401,440
ses08_msd_whole_fixed,gaussian_seed_y_fraction,0.008927344979762594,0.025756441529737613,0.03067208791311028,0.006444913891009976,0.0011211036638559904,0.0303401621091217,440
ses08_msd_whole_fixed,gaussian_seed_z_fraction,-0.0032860833560510528,0.018807105100844372,0.019826930536948,0.003785579034036758,0.004035367607124483,0.021432899613945663,440
ses08_msd_whole_fixed,core_threshold,0.0,0.0,0.0,0.0,0.0,0.0,440
ses08_msd_whole_fixed,edema_threshold_ratio,0.0,0.0,0.0,0.0,0.0,0.0,440
ses08_hd95_core_fixed,front_speed_mm_per_day,0.13508679056889536,0.18024219757168022,0.6923356740661863,0.15693284060915497,0.19085711003863895,0.6977057492869981,212
ses08_hd95_core_fixed,front_width_mm,0.17379724649387335,0.15229566575799167,0.529931912554813,0.12670912608587742,0.2550746485250314,0.5999078259630931,212
ses08_hd95_core_fixed,seed_peak_density,-0.01013300478856018,0.025193473591310314,0.01479785241889847,0.012855673535353981,-0.005159560747943116,0.005892114786572983,212
ses08_hd95_core_fixed,seed_sigma_mm,-0.043266600218604616,0.11686465621683632,0.3281129089165017,0.07334292705900133,-0.09387745810074424,0.33542566784679556,212
ses08_hd95_core_fixed,preop_time,0.00222342448362247,0.06434118521587834,0.14665930175852163,0.052861992953001376,0.028484348824329497,0.15128585593554664,212
ses08_hd95_core_fixed,diffusivity_ratio,0.008954994242436209,0.0183696775619292,0.01859834073886637,0.008517480094064191,0.004537466686662999,0.011113708512325073,212
ses08_hd95_core_fixed,chemo_kill_rate,-0.001618499832963823,0.03401570909595092,0.03995316819497511,0.020768606442873826,-0.014910002242662387,0.05856068054753787,212
ses08_hd95_core_fixed,rt_alpha,0.15263172831834493,0.12355519587836969,0.3215647613762,0.09364011640319779,0.18838406157123708,0.29668906456131533,212
ses08_hd95_core_fixed,rt_alpha_beta_ratio,-6.864887532669237e-05,0.004530071928433216,0.002553295850872246,0.0039044743646615664,-0.0015162945659092828,0.0004989411104399784,212
ses08_hd95_core_fixed,gaussian_seed_x_fraction,0.01024559910507232,0.056786460431073424,0.10136212718182765,0.03251221415120232,-0.0041199192338128784,0.11689339521506151,212
ses08_hd95_core_fixed,gaussian_seed_y_fraction,-0.0015381763778656917,0.048390181376891966,0.09773953185857596,0.038217518743117816,0.004592217891054395,0.09802278328712963,212
ses08_hd95_core_fixed,gaussian_seed_z_fraction,0.005570127847666551,0.048465565077708835,0.040977147447382116,0.015845534401148165,-0.037821896993625086,0.0510408629946845,212
ses08_hd95_core_fixed,core_threshold,0.0,0.0,0.0,0.0,0.0,0.0,212
ses08_hd95_core_fixed,edema_threshold_ratio,0.0,0.0,0.0,0.0,0.0,0.0,212
ses08_hd95_whole_fixed,front_speed_mm_per_day,0.4046280796582459,0.09427762094457665,0.4889946367854395,0.07250173264380874,0.3753376597424254,0.45826262505593873,440
ses08_hd95_whole_fixed,front_width_mm,0.21963164513642627,0.0626002098519935,0.26343064308094455,0.05047300928648314,0.24494330846880738,0.27095856726748857,440
ses08_hd95_whole_fixed,seed_peak_density,0.0014027938032468836,0.00859935668196948,0.0033690696823196775,0.0006142430856329142,0.006683494392055254,0.0033287332097629353,440
ses08_hd95_whole_fixed,seed_sigma_mm,0.11321027774586001,0.06428015913467525,0.20114320459972673,0.03150637388217188,0.13864898811191376,0.20537115203001163,440
ses08_hd95_whole_fixed,preop_time,0.038635387704061594,0.03781956917125122,0.06482087286551001,0.014748570750322092,0.04339807080092645,0.06895357786800412,440
ses08_hd95_whole_fixed,diffusivity_ratio,0.005016389198600244,0.013903573066603985,0.007618316521816994,0.002732424438847995,-0.005111840076881601,0.006139565031161574,440
ses08_hd95_whole_fixed,chemo_kill_rate,0.021929199564089508,0.02751383493277289,0.04407716253175087,0.015961576342910684,0.01997357576024098,0.04215066876471682,440
ses08_hd95_whole_fixed,rt_alpha,0.11848875957538564,0.0579704096705005,0.1668009136782529,0.035760687704013056,0.09268475874262985,0.1735020484849981,440
ses08_hd95_whole_fixed,rt_alpha_beta_ratio,-0.0019048863534793946,0.0038253228776012017,0.0013045954999073453,0.001458029867040192,-0.0028843690310314794,0.0020536036092321523,440
ses08_hd95_whole_fixed,gaussian_seed_x_fraction,0.05648736797150432,0.029744176004568863,0.04709762559031804,0.008388733807903783,0.05907723886386443,0.050852958191468595,440
ses08_hd95_whole_fixed,gaussian_seed_y_fraction,0.0412094477235826,0.04164979572325602,0.07774060124124277,0.015823745336221707,0.026888900134303922,0.07666940670283508,440
ses08_hd95_whole_fixed,gaussian_seed_z_fraction,-0.00612937846026089,0.0208688278957554,0.022007884941966576,0.004151946736976988,0.005135222015281734,0.024120144939252956,440
ses08_hd95_whole_fixed,core_threshold,0.0,0.0,0.0,0.0,0.0,0.0,440
ses08_hd95_whole_fixed,edema_threshold_ratio,0.0,0.0,0.0,0.0,0.0,0.0,440
ses08_log10_mass,front_speed_mm_per_day,0.19306917862852277,0.041808464082452534,0.2295145611001301,0.0315978143795142,0.19701476823726355,0.23958465332101309,1024
ses08_log10_mass,front_width_mm,0.1150813250509496,0.030200799959412907,0.1254008868113267,0.01689668067665738,0.11865775530531489,0.11964048338746562,1024
ses08_log10_mass,seed_peak_density,0.001992771616949375,0.005192042092915292,0.003515956989834433,0.0004610140042427597,0.0032055325970801406,0.0033804836670234856,1024
ses08_log10_mass,seed_sigma_mm,0.17427463447071392,0.04013834744708435,0.2130699743962082,0.022994275667838248,0.17406899347227717,0.2193913637283941,1024
ses08_log10_mass,preop_time,0.012653122344978958,0.011024332720648742,0.016289404763087854,0.002308001076979336,0.012524257849599187,0.016962536656242123,1024
ses08_log10_mass,diffusivity_ratio,0.00163605619099689,0.005026855088519627,0.0037228159412620787,0.0006990716327850365,0.0010691747489199911,0.0037919677253916667,1024
ses08_log10_mass,chemo_kill_rate,0.3161796703271476,0.05778102061712396,0.3206884442516379,0.034483645385926465,0.31416717234502706,0.3142817078864898,1024
ses08_log10_mass,rt_alpha,0.06767150409534219,0.030584735869943234,0.13656924641565854,0.023088051054567054,0.06284375404594758,0.13581356990028928,1024
ses08_log10_mass,rt_alpha_beta_ratio,-9.567988917697049e-05,0.0017981808947510494,0.0004952143871975802,0.00016044643416705456,-0.00127936108667709,0.0005909478591022871,1024
ses08_log10_mass,gaussian_seed_x_fraction,0.005082914928546202,0.00939970464399631,0.012120724481799332,0.003892329972994285,0.008827191880682273,0.012787307093569455,1024
ses08_log10_mass,gaussian_seed_y_fraction,0.0011445821640583477,0.007715149276814972,0.005899205853028569,0.0020318936407013916,0.007036934790897244,0.006124444365336722,1024
ses08_log10_mass,gaussian_seed_z_fraction,0.00543501374221571,0.010579431057149527,0.011740779269062102,0.0031837337389624895,0.004670729861750306,0.013301516141748645,1024
ses08_log10_mass,core_threshold,0.0,0.0,0.0,0.0,0.0,0.0,1024
ses08_log10_mass,edema_threshold_ratio,0.0,0.0,0.0,0.0,0.0,0.0,1024
ses08_centroid_drift,front_speed_mm_per_day,0.40617749136718073,0.09172877447633931,0.7271971134175126,0.08959709357738856,0.3984580403052615,0.6922552900572022,1024
ses08_centroid_drift,front_width_mm,0.06063452386355227,0.035671722116216054,0.18905883215747635,0.038664264582205544,0.06851884976236607,0.1960619088321462,1024
ses08_centroid_drift,seed_peak_density,0.002761839919979377,0.0036453954775800164,0.0019453856316028642,0.0007167810743911997,-0.00026871409500778503,0.0018008844548675648,1024
ses08_centroid_drift,seed_sigma_mm,0.0019255026121369517,0.030358182791655582,0.1039442866605209,0.0224738856711001,0.003577961024046722,0.12389937744792458,1024
ses08_centroid_drift,preop_time,0.03729880739852044,0.03505603617155064,0.14406462245792295,0.03031628779556746,0.05786431455895764,0.14584591892488785,1024
ses08_centroid_drift,diffusivity_ratio,0.012045655915341024,0.01253689263496837,0.024804024098644427,0.006230057842160749,0.006332114141187717,0.024696840609997776,1024
ses08_centroid_drift,chemo_kill_rate,0.0009633131098201016,0.014389228799345217,0.02419637500546827,0.00604575079267555,0.00211212087040663,0.025044906197454832,1024
ses08_centroid_drift,rt_alpha,-0.0023213154815963756,0.029255365360005878,0.16440032677792366,0.03182426036191451,-0.006631483943010822,0.1694897731076626,1024
ses08_centroid_drift,rt_alpha_beta_ratio,-0.0028073860729501622,0.0050137408291558265,0.0016452999651278839,0.0006549906720038232,-0.0008151855827400135,0.0017169276746472706,1024
ses08_centroid_drift,gaussian_seed_x_fraction,-0.007516288172303189,0.01837375446189623,0.05229103577301307,0.010694080839379397,-0.0068865954783333275,0.05407938628461515,1024
ses08_centroid_drift,gaussian_seed_y_fraction,-0.016375059788605848,0.020753282041160434,0.024945253559673888,0.012364743485345085,-0.016714547851536143,0.0268997164751778,1024
ses08_centroid_drift,gaussian_seed_z_fraction,-0.007272671607364441,0.017325960952306447,0.03491491118057848,0.009480913661364066,-0.012424123789856988,0.0382195526531466,1024
ses08_centroid_drift,core_threshold,0.0,0.0,0.0,0.0,0.0,0.0,1024
ses08_centroid_drift,edema_threshold_ratio,0.0,0.0,0.0,0.0,0.0,0.0,1024
ses08_R_g,front_speed_mm_per_day,0.41796429889757525,0.06416929760603063,0.4601581065382298,0.0491156717600618,0.4206807813946629,0.46272878001227624,1024
ses08_R_g,front_width_mm,0.019255560957778552,0.018837524037263603,0.048260216623050016,0.007945055647015725,0.03210943217204864,0.048709254844685336,1024
ses08_R_g,seed_peak_density,0.004577723681343225,0.006386243189476127,0.005223269734693888,0.0006604686971881002,0.0042188098151008345,0.005255171099310831,1024
ses08_R_g,seed_sigma_mm,0.35685010933498035,0.05224987156443402,0.37162386851346724,0.037102787607704774,0.35511162536431456,0.3776643390996304,1024
ses08_R_g,preop_time,0.04926264430895704,0.025100390866657385,0.07698792690296101,0.011309864354638018,0.06506353421802354,0.0804531295041746,1024
ses08_R_g,diffusivity_ratio,0.027969775555852904,0.01726111685573799,0.03452167378052373,0.005616062918557797,0.02067662820000271,0.03453160659481673,1024
ses08_R_g,chemo_kill_rate,0.0029311762941743964,0.007626992579213056,0.007331085969901482,0.0013316642521950723,0.003387077595273112,0.007480601056287341,1024
ses08_R_g,rt_alpha,0.013294373807959196,0.015597047772913743,0.030142455909128438,0.005897898444440415,0.009204458953904265,0.032238886746043825,1024
ses08_R_g,rt_alpha_beta_ratio,-0.0003560753906090995,0.0016234889538032438,0.0003448597864509921,0.0001442097910483319,-0.000659532719908761,0.000367721230445993,1024
ses08_R_g,gaussian_seed_x_fraction,0.01825455254663745,0.01310511200987028,0.028465094408740694,0.004769751648802382,0.013658931916632876,0.029739151776778442,1024
ses08_R_g,gaussian_seed_y_fraction,0.0032307062051077,0.011188025982143678,0.016562984358999208,0.0032543895387322826,-0.002733843196569631,0.015984965401216546,1024
ses08_R_g,gaussian_seed_z_fraction,-0.0013925378828799687,0.014421114748454176,0.025942876387917885,0.009642575821873747,-0.00023400912479850207,0.030497528461170792,1024
ses08_R_g,core_threshold,0.0,0.0,0.0,0.0,0.0,0.0,1024
ses08_R_g,edema_threshold_ratio,0.0,0.0,0.0,0.0,0.0,0.0,1024
ses08_log10_anisotropy,front_speed_mm_per_day,0.07193600828997604,0.05209061254100189,0.4059210890377391,0.05678895278904935,0.06593065626262305,0.401970449713197,1024
ses08_log10_anisotropy,front_width_mm,-0.02022552455293665,0.026648948666901373,0.09929477231114583,0.020391506032515733,-0.014198141824817516,0.10103523914991824,1024
ses08_log10_anisotropy,seed_peak_density,0.00046737574630111717,0.008559775269021517,0.008751589809877409,0.003416987492265988,-0.002348682170601059,0.008321973093908076,1024
ses08_log10_anisotropy,seed_sigma_mm,0.021256628780823388,0.04286365278255417,0.2681496719926349,0.03633650249206622,0.014418017775084611,0.2914705997474363,1024
ses08_log10_anisotropy,preop_time,-0.008180324130897448,0.023525541391426538,0.08177823925799163,0.019621748409481953,-0.018239678919482003,0.09384938878214065,1024
ses08_log10_anisotropy,diffusivity_ratio,-0.0028002371667283036,0.02483260284351414,0.06369646922965608,0.014631351295798413,0.009015467655568493,0.06731370312049774,1024
ses08_log10_anisotropy,chemo_kill_rate,-0.0019599947917955485,0.01140887410116987,0.02141400015183676,0.0073040181164119545,-0.00294580112902491,0.026030204570659698,1024
ses08_log10_anisotropy,rt_alpha,0.21273866919568477,0.08997099182208655,0.5050228985277879,0.08048423009534783,0.1662824826799868,0.517929170236202,1024
ses08_log10_anisotropy,rt_alpha_beta_ratio,0.0012670444404858487,0.010553573819799511,0.009066565564730957,0.003084342375500596,0.0013207057639625125,0.0077401408410648805,1024
ses08_log10_anisotropy,gaussian_seed_x_fraction,0.05337469189810752,0.05544486309732392,0.30485983529385136,0.049747909813443784,0.04793646668802156,0.311001475042321,1024
ses08_log10_anisotropy,gaussian_seed_y_fraction,-0.010455472859844066,0.026438290016196814,0.10507311091615114,0.02018568796608186,-0.037471400129144225,0.10163578666204875,1024
ses08_log10_anisotropy,gaussian_seed_z_fraction,-0.0020373937047094004,0.026256824745860264,0.1169781353082254,0.02355522692539051,0.01572403518909892,0.11958691127721917,1024
ses08_log10_anisotropy,core_threshold,0.0,0.0,0.0,0.0,0.0,0.0,1024
ses08_log10_anisotropy,edema_threshold_ratio,0.0,0.0,0.0,0.0,0.0,0.0,1024
ses08_wm_fraction,front_speed_mm_per_day,0.132255490215659,0.04148339885926859,0.22166775283431497,0.03724551068064348,0.11953805703429096,0.22283430055612735,1024
ses08_wm_fraction,front_width_mm,0.058817871152203355,0.025639963952123944,0.09383474704110643,0.016699376700674992,0.04572155741726509,0.09287059722855805,1024
ses08_wm_fraction,seed_peak_density,0.0010726547998543173,0.0040384405379080505,0.0017447164700724062,0.0006198283987332946,-0.002047493799587193,0.0018193614183461121,1024
ses08_wm_fraction,seed_sigma_mm,0.03570859258203323,0.03143897847613912,0.139169178510732,0.025418552069301634,0.02978964656127742,0.1537588772375376,1024
ses08_wm_fraction,preop_time,0.010916192544730929,0.017712947078499415,0.03408358818560864,0.008946288172096766,0.002755046798627507,0.03466642397445134,1024
ses08_wm_fraction,diffusivity_ratio,0.0070150870749665535,0.01129248737121392,0.01965810194522615,0.005729718379765959,0.007781153731411226,0.017114898928089112,1024
ses08_wm_fraction,chemo_kill_rate,0.006566256363669623,0.008250882527494893,0.009789487339362135,0.0025493484832018513,0.008492589295921511,0.010856160259953165,1024
ses08_wm_fraction,rt_alpha,0.13287862438929549,0.041713051167279906,0.17663192965227828,0.02893133155068357,0.13339172982122494,0.17545751977615096,1024
ses08_wm_fraction,rt_alpha_beta_ratio,0.002415409464594181,0.003260555867055879,0.0010807250580136462,0.00034781411623303963,0.0022893684663718816,0.0010867919023790946,1024
ses08_wm_fraction,gaussian_seed_x_fraction,0.11165354867059517,0.03793277331293768,0.21101825565028015,0.035477947895590126,0.1309567498549014,0.22900639880002047,1024
ses08_wm_fraction,gaussian_seed_y_fraction,0.13192820182873513,0.03929847800068772,0.24272459297304597,0.03326897154848356,0.1218152647802612,0.23926147199452333,1024
ses08_wm_fraction,gaussian_seed_z_fraction,0.14451214501011658,0.043408833901025595,0.24441343318776235,0.040269978470729606,0.1545176178604337,0.26149719368164226,1024
ses08_wm_fraction,core_threshold,0.0,0.0,0.0,0.0,0.0,0.0,1024
ses08_wm_fraction,edema_threshold_ratio,0.0,0.0,0.0,0.0,0.0,0.0,1024
dice_mean_core,front_speed_mm_per_day,0.06289354577042858,0.05652376407310715,0.35045809236156245,0.05659175254180045,0.1397426017093567,0.3546195977925393,1024
dice_mean_core,front_width_mm,0.11566032382610907,0.0562367681477778,0.42696269328260616,0.07901408856598152,0.13223556980432072,0.39728825441977217,1024
dice_mean_core,seed_peak_density,0.0015404308579646839,0.007899208210528755,0.012496733920704162,0.0034881100399351364,0.0033807312313797948,0.014413396164926843,1024
dice_mean_core,seed_sigma_mm,0.00347826668199728,0.03843245344647117,0.23458124930194585,0.04726271938253036,0.005205644687110319,0.22253357553634956,1024
dice_mean_core,preop_time,-0.0011910536723466344,0.022766147251920166,0.08517195537481347,0.020380432919486054,-0.010744201236375997,0.10302995198455571,1024
dice_mean_core,diffusivity_ratio,0.006211114602645097,0.008303017299926337,0.01249427871751047,0.003510544418693289,0.0025781839874030425,0.013787854358765422,1024
dice_mean_core,chemo_kill_rate,0.12420868371713066,0.04590877205374286,0.298625519936286,0.05525248544751265,0.10736604076180296,0.3098634350975068,1024
dice_mean_core,rt_alpha,0.11802928946833452,0.04392115200417106,0.3280740096655184,0.0555562934461843,0.11204559102049155,0.33190765912692,1024
dice_mean_core,rt_alpha_beta_ratio,0.0005053562701487521,0.002155269866790202,0.0009953276102342237,0.00039144058404322725,0.0010075727129031313,0.000797416423269039,1024
dice_mean_core,gaussian_seed_x_fraction,0.010462181148549955,0.02405801697504318,0.07544124097639424,0.01377418015809915,0.01889101634444896,0.07893965149509077,1024
dice_mean_core,gaussian_seed_y_fraction,0.02366119415266022,0.026194839044374557,0.12106406347585699,0.031539225087444916,0.019830786361615095,0.11768672200268263,1024
dice_mean_core,gaussian_seed_z_fraction,0.00851296722919487,0.016423458808143047,0.0538850399005862,0.010620954458820199,0.006188029582698561,0.05762818742616504,1024
dice_mean_core,core_threshold,0.021678267163597196,0.02345550197158964,0.07586386026103223,0.021251836856142545,0.03178863986043683,0.07194657330726235,1024
dice_mean_core,edema_threshold_ratio,0.0,0.0,0.0,0.0,0.0,0.0,1024
