qoi,factor,S1,S1_conf,ST,ST_conf,S1_half,ST_half,n_blocks_used
log10_mass,front_speed_mm_per_day,0.317733274927666,0.034601646083120996,0.39988590035913435,0.039149335968801546,0.3184192489394622,0.4089604475034144,2048
log10_mass,front_width_mm,0.06780271626325693,0.02472996472193664,0.1758954376292125,0.02314447732850774,0.07324975342856296,0.17123261983370275,2048
log10_mass,diffusivity_ratio,0.0042292076196969106,0.005040683763921854,0.0079007450209777,0.0011088556243807799,0.0036479081102671774,0.008280916078963465,2048
log10_mass,resection_time,0.010956515285101002,0.009314172639582041,0.023789503097697763,0.0030804996660090058,0.012475512730467278,0.0228822758722219,2048
log10_mass,chemo_kill_rate,0.12312086182708361,0.02202127362324207,0.12121791201947758,0.009785807897963635,0.12471454862613418,0.12059703433126047,2048
log10_mass,rt_alpha,0.311700636415047,0.039009143046026894,0.40623599397964505,0.033046853193179605,0.29252089986224905,0.40579105106949087,2048
log10_mass,rt_alpha_beta_ratio,0.0013366353511221156,0.004068625402083422,0.003566358604635638,0.0005565357864881968,0.0023141394599975823,0.003529543209133079,2048
log10_mass,seed_peak_density,0.000589233263282032,0.0026246217307565006,0.0015662571045974782,0.00037503004134769636,-0.0011669082087504804,0.0015548717316189774,2048
log10_mass,seed_relative_width,0.015248545867533228,0.009245096766523006,0.023016252695321624,0.0027779502242861473,0.01648741988114877,0.02167412866682212,2048
log10_mass,gaussian_seed_x_fraction,0.0041109066870836375,0.005920440176344887,0.011666690760010324,0.0017792652547571233,0.0016956567206243003,0.010945779875323657,2048
log10_mass,gaussian_seed_y_fraction,0.004172586534722025,0.006157930616390484,0.00939902570522852,0.0016844287078723516,-0.0019840001298359073,0.00950459965112169,2048
log10_mass,gaussian_seed_z_fraction,0.005482790918895652,0.0070495390385422714,0.011150240337714208,0.0015466155614324655,0.005045896530049651,0.011432916324009668,2048
V_core,front_speed_mm_per_day,0.040695517921287463,0.04512537310597474,0.5902059190108316,0.2830072222144837,0.06111628591410103,0.637284832443421,2048
V_core,front_width_mm,0.0016760948674879204,0.02803834959550894,0.3879035991776207,0.21292926441190865,-0.022510545790252353,0.44639900732691234,2048
V_core,diffusivity_ratio,0.0012668475617154768,0.003466899456562251,0.06257670655219016,0.04055867574345736,0.002437883711396665,0.0657650256650382,2048
V_core,resection_time,0.003720609947332809,0.01132561969685324,0.20199656515069792,0.12571759976918126,-0.007023384230991532,0.1968289259008886,2048
V_core,chemo_kill_rate,0.015817888036549037,0.020864999826054106,0.24224290305625273,0.13785004111491073,0.01347630184304644,0.24866325450575885,2048
V_core,rt_alpha,0.01356658135949669,0.01978973222376131,0.3820485279135575,0.238876887885582,0.015046914408975978,0.4975286274810397,2048
V_core,rt_alpha_beta_ratio,-0.0011803655764859114,0.0022422395048605354,0.007153188471838636,0.005841147657397946,-0.003224253713371447,0.0077899379265385866,2048
V_core,seed_peak_density,0.00016325262929024403,0.0003431390172027673,0.00040523732641060305,0.0002368959476186536,0.00024367994000320435,0.0003346087719175771,2048
V_core,seed_relative_width,0.002101749701027124,0.004300989905987818,0.011333629682201769,0.006285310952610546,0.005485978826590999,0.012230734952494627,2048
V_core,gaussian_seed_x_fraction,-0.0018384943250277052,0.003486661898190179,0.04758818821364018,0.02950570079103383,0.00043838893932228825,0.06552460512250875,2048
V_core,gaussian_seed_y_fraction,-0.009354090327971715,0.02041649661214629,0.06057584363995066,0.04017107221221261,-0.018699620865500904,0.0746309190815063,2048
V_core,gaussian_seed_z_fraction,0.00620373650719166,0.013974165227160978,0.09334814077803681,0.06517997698749335,0.018730711704872293,0.12059863581656442,2048
V_edema,front_speed_mm_per_day,0.12230040167319249,0.05442569834500166,0.5917757099471167,0.18581250075407102,0.1349866884302448,0.5583061966388913,2048
V_edema,front_width_mm,-0.008140921660075068,0.03168388750454809,0.16465101857866235,0.07261218282600997,0.0031384172303454685,0.16621691467230093,2048
V_edema,diffusivity_ratio,0.01090703922737482,0.019333643355670286,0.07643829287857996,0.04352209379996323,0.0032287472281011128,0.05587528486768003,2048
V_edema,resection_time,0.022554189370404296,0.029909965324815088,0.16949206166415182,0.06649381710548996,0.004041682534469625,0.14712034712757324,2048
V_edema,chemo_kill_rate,0.023441826216950987,0.01939365868295329,0.222856950305391,0.09339888500335358,0.02314443684074132,0.20280639969252243,2048
V_edema,rt_alpha,0.030267497333370023,0.022434100089996967,0.28447940996100113,0.10077015360116563,0.031542871614337366,0.2652350397979652,2048
V_edema,rt_alpha_beta_ratio,-0.0016256451571583421,0.0025692657654625903,0.0023539232699620297,0.0013011510341240531,-0.0005678194989038805,0.002502725406165819,2048
V_edema,seed_peak_density,0.0007890428762541389,0.001218738140489697,0.0008889197997015471,0.0005447641811491896,0.0014192057518659835,0.0009913549482271926,2048
V_edema,seed_relative_width,0.0013036392913111194,0.0055955712020977,0.01847578397609502,0.0080731752704525,0.002785752120008163,0.01641440192168963,2048
V_edema,gaussian_seed_x_fraction,-0.0021905339936476352,0.004432313074462985,0.05377512109623282,0.027416729331679896,0.0014010029487835692,0.055072254781784305,2048
V_edema,gaussian_seed_y_fraction,-0.002360313439674165,0.02027518426693876,0.06372797675302426,0.02898984359712164,-0.01317644219406046,0.06733243674466854,2048
V_edema,gaussian_seed_z_fraction,0.006927458060298043,0.010402033765781103,0.10957066761459833,0.08874705563845926,0.01604676933106183,0.1553913820648565,2048
log10_V_core,front_speed_mm_per_day,0.1516594034602766,0.061107314089300896,0.681902615430423,0.08482139842125273,0.16130439765622334,0.7279752529556814,2048
log10_V_core,front_width_mm,0.08114976168783217,0.03647789822171428,0.5106907300361377,0.07422983727325738,0.06785470881815606,0.5061614372685606,2048
log10_V_core,diffusivity_ratio,0.002383260256121711,0.0029407158021149114,0.0040972966334206,0.002344952404260157,0.004164763465519005,0.0028264253013101483,2048
log10_V_core,resection_time,0.009676122605039054,0.011115485555427415,0.0203992015765302,0.008402795591678544,0.011685739093313663,0.01829959005379184,2048
log10_V_core,chemo_kill_rate,0.05749460815126452,0.04031259471512168,0.3795435622347169,0.0666556096694898,0.0720739238081817,0.36885454096608167,2048
log10_V_core,rt_alpha,0.06895796571507751,0.04157192263088217,0.48896244841293507,0.07792239823612615,0.08089635546659835,0.4957958956932225,2048
log10_V_core,rt_alpha_beta_ratio,-0.002955354658372768,0.006791473503278966,0.012517003570075595,0.0055306079926190944,-0.0007916513388414191,0.011899628696155108,2048
log10_V_core,seed_peak_density,0.0008113767369430565,0.0018672197374738967,0.00032497226560819156,0.00023274616651149265,0.001686378016365822,0.0004004123019178084,2048
log10_V_core,seed_relative_width,0.002587221230528226,0.0037725985204270186,0.0020097973572732047,0.0008532220738254421,0.0025403444944482757,0.002631609779822466,2048
log10_V_core,gaussian_seed_x_fraction,-0.0019656066306628656,0.006031080728682619,0.0075454732739383985,0.004118498876924335,0.0018054289490213407,0.005466643457665694,2048
log10_V_core,gaussian_seed_y_fraction,-0.002273743438588986,0.003023544889801506,0.006709782612897746,0.0036717499100053816,-0.0017760999211405447,0.005202203592779316,2048
log10_V_core,gaussian_seed_z_fraction,-0.0015590000726449285,0.004794357444544204,0.008555118113174023,0.005909036905346076,0.0025993347064589573,0.004022868419753875,2048
log10_V_edema,front_speed_mm_per_day,0.22427660078666195,0.052590605128804334,0.6085442355432439,0.05558099348963974,0.241782872588189,0.6210610171837819,2048
log10_V_edema,front_width_mm,0.0548102871163843,0.03779993701195749,0.3319526390936506,0.04091037821500054,0.06480061696224142,0.3354442239396564,2048
log10_V_edema,diffusivity_ratio,-0.00041878693385006475,0.0029665859780408465,0.004837625352790981,0.0023159636687210164,-0.00018955465088724908,0.003786212276095942,2048
log10_V_edema,resection_time,0.0053381194325590985,0.009020884526839058,0.022328812566995284,0.00805441890717266,0.005430388668471597,0.020106008254821256,2048
log10_V_edema,chemo_kill_rate,0.0726910331244151,0.03388419631832667,0.3119623772084372,0.04031493303856145,0.07903731264314885,0.3117336285887876,2048
log10_V_edema,rt_alpha,0.164649517928213,0.04260964597307737,0.4948200654241247,0.04992382432924239,0.16771742783803237,0.47961480811264257,2048
log10_V_edema,rt_alpha_beta_ratio,0.0031987072410600966,0.006123177084224634,0.018968062526778146,0.006991155694013335,0.010014265187934107,0.02114046817965774,2048
log10_V_edema,seed_peak_density,7.831506435400835e-05,0.0009365468724076304,0.0007482837196620285,0.0005764748238062446,-2.4890766632463993e-05,0.00030866235859399626,2048
log10_V_edema,seed_relative_width,0.0018314535527949656,0.004187020370666339,0.009087849291563838,0.004600423134410637,0.00144926437287636,0.007985247234905853,2048
log10_V_edema,gaussian_seed_x_fraction,0.0007325907367838263,0.00394465574230992,0.008395899683288684,0.0038182383810844633,-0.0010174372405483902,0.010626054864371353,2048
log10_V_edema,gaussian_seed_y_fraction,0.001185111775079443,0.0032905737855892783,0.007587120457929248,0.004194408455709375,0.00375643741888734,0.010152157213251047,2048
log10_V_edema,gaussian_seed_z_fraction,0.001915549207156465,0.00389334885684236,0.00875576783529382,0.0042901093568469195,0.004805473147336078,0.009393703417199127,2048
r95_core,front_speed_mm_per_day,0.14776275364731498,0.0684473495686664,0.7280496940411499,0.11370162312712312,0.18480486462242268,0.7684936787733876,2048
r95_core,front_width_mm,0.05921668095701747,0.031325875766272826,0.4116620922082475,0.08499557589312083,0.05324486050017976,0.4207005275828696,2048
r95_core,diffusivity_ratio,0.00013762528471682737,0.0026035195882664936,0.01719843861232646,0.02309529284163677,0.0023047366334993406,0.003540370715276431,2048
r95_core,resection_time,0.03290713907042537,0.033349085003633344,0.09753280478020127,0.024643066958809554,0.010392047735150322,0.09177963632847932,2048
r95_core,chemo_kill_rate,0.04923126234000044,0.037105845015475064,0.37291940758972214,0.0882501585985651,0.059714371759425226,0.3720138705370217,2048
r95_core,rt_alpha,0.045588167927820056,0.032040543162220644,0.432652408216506,0.0885449838927921,0.05958248835166612,0.4322846150176967,2048
r95_core,rt_alpha_beta_ratio,0.0008955223062188405,0.008472460303062788,0.01832691218535135,0.012913903499050888,0.0031320964552828978,0.028258521938901132,2048
r95_core,seed_peak_density,0.007231192437439259,0.015632251644061068,0.011653841070122267,0.015884963946721595,0.015301734538098234,0.020937889729710505,2048
r95_core,seed_relative_width,0.0043768292227601676,0.005681613020036548,0.007941115434428297,0.0021657717518167143,0.00718326159240209,0.0080935782766747,2048
r95_core,gaussian_seed_x_fraction,0.0025184016777243497,0.0161578634681876,0.02233465265544002,0.024071536192693983,0.010792506752336537,0.018011758558800692,2048
r95_core,gaussian_seed_y_fraction,-0.005972658380689167,0.0060255605040813575,0.014901434135933794,0.01790069317319159,-0.00725993287435605,0.005396755442254574,2048
r95_core,gaussian_seed_z_fraction,-6.222218623173637e-05,0.003624392307211331,0.01801810390077335,0.021895857929121677,0.0038279438060891706,0.003645664816316053,2048
r95_edema,front_speed_mm_per_day,0.32855333893882627,0.07361694954689878,0.7581275619582125,0.07933929288324812,0.36633772064642695,0.8150574029223798,2048
r95_edema,front_width_mm,0.028157224451176598,0.03294579861996701,0.24951402572098957,0.04494848330799221,0.04122138663107666,0.2470263614090938,2048
r95_edema,diffusivity_ratio,-0.0006796615638047219,0.006556217882167821,0.023309077811405062,0.016081251672488327,0.0037400670755888712,0.016143235409009082,2048
r95_edema,resection_time,0.029064313861714302,0.023118906972658067,0.12709073833919932,0.03162039166765942,0.011871425863609099,0.10037367894904267,2048
r95_edema,chemo_kill_rate,0.06808581187799767,0.03885617244856192,0.3051641092853902,0.056175524924323844,0.06996953705346161,0.311197392951556,2048
r95_edema,rt_alpha,0.09662480089330219,0.03654401266407124,0.3385705611227516,0.04945688724390943,0.11090435144925855,0.3438314358022859,2048
r95_edema,rt_alpha_beta_ratio,-0.0028489128081325608,0.006119082474731223,0.020340403974718806,0.011121431934625586,0.0032239221051813447,0.017204546361858808,2048
r95_edema,seed_peak_density,0.0004317589628719295,0.0021503161440693157,0.005008777603080042,0.004683782776361981,0.0005833175876099213,0.0009255227384509287,2048
r95_edema,seed_relative_width,0.003390932785765809,0.009582776588680397,0.04394355838028356,0.01868360581058648,0.004912940508151247,0.0458758273806737,2048
r95_edema,gaussian_seed_x_fraction,0.002110805915766763,0.009788855086936513,0.0237357433189241,0.014337031646913434,-0.004366685128716813,0.022584280499123054,2048
r95_edema,gaussian_seed_y_fraction,-0.001972652630442533,0.006459111723972131,0.03926330752614409,0.022365554282173922,-0.000728233188122263,0.032823729963818125,2048
r95_edema,gaussian_seed_z_fraction,0.0002846232001646598,0.004936709852782589,0.025099447202106332,0.015743742525970196,0.0041747391823369765,0.034355542674715356,2048
centroid_drift,front_speed_mm_per_day,0.2963200909860201,0.04063149479964139,0.39610845964148717,0.035282845297777664,0.2809155566168482,0.38050013198231686,1999
centroid_drift,front_width_mm,0.10619625842788025,0.029282153938960775,0.21264280723455714,0.02192476194871694,0.09608875406376649,0.2092719716604031,1999
centroid_drift,diffusivity_ratio,-0.0008395696640612406,0.009241422984597236,0.015968702203844286,0.0030847688111474425,0.0025453759329482095,0.016684365883939494,1999
centroid_drift,resection_time,0.092052462476756,0.023865983684023838,0.15856957764105226,0.018695565397486243,0.09069765158624798,0.15913161009362714,1999
centroid_drift,chemo_kill_rate,0.000560392763369037,0.0019936545790557735,0.0008970562018698817,0.00020149381813579933,0.0019940218344544256,0.0009478270471246494,1999
centroid_drift,rt_alpha,0.17685635930721344,0.034494220790829214,0.2790906906979772,0.026096921215098778,0.17773151777290339,0.2878374990247162,1999
centroid_drift,rt_alpha_beta_ratio,0.004175562442987763,0.004423981336786237,0.004613028331758542,0.001512713617326419,0.003481651189834636,0.005256450755210043,1999
centroid_drift,seed_peak_density,0.0012730765493829965,0.004804400546039469,0.007835463584502784,0.0035075643293014363,-0.0015607728305397795,0.008937259547929564,1999
centroid_drift,seed_relative_width,0.019361584550269557,0.012902740801896882,0.03790509756863385,0.004753511426855358,0.0186984628199359,0.03701789454476328,1999
centroid_drift,gaussian_seed_x_fraction,0.03387853140058375,0.0196236016048785,0.10883980893206784,0.01285953346365812,0.0331726999816424,0.11071039114209673,1999
centroid_drift,gaussian_seed_y_fraction,0.028157410835966994,0.02029373654823414,0.09906275012514644,0.012550526233916452,0.014997862920686174,0.103347678380671,1999
centroid_drift,gaussian_seed_z_fraction,0.018192541906405773,0.01846277009355446,0.08517336309078656,0.012106557833566364,0.007766866214592988,0.09374381327800724,1999
centroid_x_mm,front_speed_mm_per_day,0.0014390301187881486,0.0064264465317282705,0.011197476732850653,0.0012781216194259137,0.0002617778147767043,0.01107862556564632,1999
centroid_x_mm,front_width_mm,6.959520607974912e-05,0.0050341436296637955,0.006788427036316408,0.0007890484138700027,0.0003473399154291735,0.006712410982781519,1999
centroid_x_mm,diffusivity_ratio,-0.0010100035170854894,0.0015994389536365017,0.0006429466345385505,0.0001358371865952238,-0.001242124337437546,0.0006660231165606152,1999
centroid_x_mm,resection_time,-9.69939957255641e-05,0.0041540791723656675,0.004388068586341161,0.0006219409804922133,0.0008851825149116156,0.0045770573012550875,1999
centroid_x_mm,chemo_kill_rate,5.525316774466828e-05,0.00030867352446104944,2.6521587440049098e-05,6.150123109809828e-06,6.001794264996697e-05,2.942147734728373e-05,1999
centroid_x_mm,rt_alpha,-0.0004996298170117057,0.005406573575941718,0.0076617846990859875,0.0008224307714707153,-0.0012707352324146197,0.007832564347029988,1999
centroid_x_mm,rt_alpha_beta_ratio,0.0002829404395306673,0.0006886448519696637,0.0001223349298048996,4.341918919965712e-05,0.0006269928992377026,0.00013184692380268186,1999
centroid_x_mm,seed_peak_density,0.0001244935725835968,0.001071570225187392,0.00030383289051447285,0.000156262646519683,0.0006759994037223477,0.0003517292178428755,1999
centroid_x_mm,seed_relative_width,0.00028390070811040686,0.0023438553774503654,0.001477271563703865,0.00020991283793433504,0.0017554444864495361,0.0013982794049178483,1999
centroid_x_mm,gaussian_seed_x_fraction,0.9772996710797643,0.05206070807140707,1.0027612461638085,0.046605909419158056,0.9786480157261832,0.9986917511296515,1999
centroid_x_mm,gaussian_seed_y_fraction,0.0012743378405507327,0.003986866590298088,0.004161788821808653,0.0005985212999695319,0.0009344084111261406,0.003964711271308439,1999
centroid_x_mm,gaussian_seed_z_fraction,-0.0022910060545138253,0.0037070880010577137,0.003725909595164615,0.0008493891166008253,-0.003708965313038062,0.004275647167584855,1999
centroid_y_mm,front_speed_mm_per_day,-5.536336484107896e-05,0.004729292626612621,0.006067137055590958,0.0008858403997855397,0.0011756321216140504,0.0064573266950387525,1999
centroid_y_mm,front_width_mm,0.0015406098169105727,0.003485757616375814,0.003373293474434088,0.0005324445829470336,0.001395809131855138,0.003412757518354179,1999
centroid_y_mm,diffusivity_ratio,0.00019066539901165476,0.0012172421777108058,0.0004451610830912954,0.00017234219214942191,0.0001475208715515228,0.0005426993277035695,1999
centroid_y_mm,resection_time,0.0004625181839716977,0.003045816420856655,0.0027005042958889425,0.0005357914729360624,0.0026031057529287546,0.002981455555674704,1999
centroid_y_mm,chemo_kill_rate,4.40827307485754e-05,0.00022612541960229313,1.5041214221933206e-05,4.463491785010375e-06,-0.00027009605204788586,1.3647403510406398e-05,1999
centroid_y_mm,rt_alpha,-0.0008023289447459337,0.0035971463570909135,0.0036836698303754213,0.0005275474657647724,-0.0007136691377660331,0.003888693765407564,1999
centroid_y_mm,rt_alpha_beta_ratio,-0.00022174389526880938,0.00042495346531303143,7.734238600175593e-05,4.516373094237329e-05,-0.000574530796741946,0.00010269338411065787,1999
centroid_y_mm,seed_peak_density,-0.0004184251090513508,0.0007745364061892081,0.00013001524386880553,3.3506886039168726e-05,-0.0006833902264868284,0.00016766856467706714,1999
centroid_y_mm,seed_relative_width,6.195113005028128e-05,0.0019927342500600416,0.0009601691025091826,0.00017944967306981235,0.00112947386168774,0.0010959475663725583,1999
centroid_y_mm,gaussian_seed_x_fraction,0.013034616555489044,0.017695731827261887,0.10332684942619834,0.011173854227074925,0.014404840715363494,0.10407736263807607,1999
centroid_y_mm,gaussian_seed_y_fraction,0.8836760799688211,0.05301568300298829,0.9862203694041941,0.053520529881450986,0.8791742321098542,0.9790928758256756,1999
centroid_y_mm,gaussian_seed_z_fraction,0.0005115444353185747,0.0038731739129912244,0.003680384665913819,0.0005814724560100848,0.0017192282000015064,0.004147658220207096,1999
centroid_z_mm,front_speed_mm_per_day,-0.0032096110949306174,0.008139254356816821,0.01888199140839993,0.0026537813872366408,-0.002545459876586627,0.016606015938923524,1999
centroid_z_mm,front_width_mm,0.0016376250214431604,0.0066765484619746565,0.011417690589129982,0.0016008589066527589,-0.003387650649813372,0.011037995151785933,1999
centroid_z_mm,diffusivity_ratio,-0.00018719906941058872,0.0030966590608503567,0.0019864470038826226,0.0006859851617552937,-0.00010324089559621428,0.002508604181949133,1999
centroid_z_mm,resection_time,0.002871473863419517,0.005216267166133465,0.008016207503526836,0.001261505384906203,0.0017463698408194575,0.00737190925209714,1999
centroid_z_mm,chemo_kill_rate,-0.00013173849344680255,0.0004491766423805947,5.097002643268563e-05,1.572122974642558e-05,1.1554805908726777e-05,4.962572020624725e-05,1999
centroid_z_mm,rt_alpha,0.0030325416738565224,0.007166466903688711,0.012860528276136733,0.001691247761591809,0.003682207380116061,0.0133219213311764,1999
centroid_z_mm,rt_alpha_beta_ratio,-0.00017706851348688095,0.000712814782060792,0.00016660532807302123,5.968628919329785e-05,-0.0008025673147498227,0.00016683531585421507,1999
centroid_z_mm,seed_peak_density,-0.00013827286901320902,0.0014039267153048856,0.000457349060351919,0.0001740042849443507,0.0002990159424538624,0.00037459128790096806,1999
centroid_z_mm,seed_relative_width,0.0015806111938389805,0.0033766708588116056,0.0029025667573822876,0.0005107946498356064,-0.0013154966450063517,0.0028968821443289953,1999
centroid_z_mm,gaussian_seed_x_fraction,0.024475284271716972,0.019945102900282292,0.10680007563329015,0.010908237734487208,0.021933161529338264,0.10868979040306587,1999
centroid_z_mm,gaussian_seed_y_fraction,0.030730043481047176,0.025407156104663015,0.18650282317318959,0.01543173848575638,0.032004246778780554,0.19016343863991342,1999
centroid_z_mm,gaussian_seed_z_fraction,0.7495784541244286,0.055751438486728234,0.9158436401345159,0.06139468157737776,0.7581565726755913,0.9156315501688302,1999
R_g,front_speed_mm_per_day,0.2724911249729287,0.03576975472140444,0.3358681576590835,0.027178943371307808,0.2768627670286758,0.3472737373152009,1999
R_g,front_width_mm,0.37271062463188087,0.038888723200207496,0.40588759950217795,0.028935083300547372,0.3851100286213123,0.4063536858646835,1999
R_g,diffusivity_ratio,0.018575302138137847,0.010529514632083034,0.023655947588680535,0.0030881996615493286,0.020779646126089246,0.024504537077157124,1999
R_g,resection_time,0.08002706438864438,0.02008858822076252,0.1081590484424808,0.011775526471543398,0.07714765579959416,0.10770732205827321,1999
R_g,chemo_kill_rate,0.0008880840475936379,0.002336864769133083,0.0011609702058750604,0.0002606352783839661,0.001410793744074743,0.00117936473731832,1999
R_g,rt_alpha,0.03337450688565119,0.014010547846823936,0.050481876088464404,0.005178295224923928,0.035664571759168144,0.05197349589165326,1999
R_g,rt_alpha_beta_ratio,-0.0003418400247716568,0.001856138948698856,0.0008515562335546483,0.00019749817093731617,-0.001275420831840748,0.0008889976574701507,1999
R_g,seed_peak_density,0.005777138450900641,0.004016718654371654,0.0047552520850540295,0.0005677513212790998,0.0058952131725471466,0.004768569798757237,1999
R_g,seed_relative_width,0.06722219441573188,0.016389119919205636,0.0831032328489477,0.007269745206762823,0.0698232685852254,0.0823463735062865,1999
R_g,gaussian_seed_x_fraction,0.013815065738494427,0.013972184117914479,0.050036253636533065,0.006444331623754636,0.01706593624896684,0.050788562231181944,1999
R_g,gaussian_seed_y_fraction,0.01817677904479326,0.01313908754211478,0.04766085357685165,0.006537081940908551,0.021103014167826423,0.046815502830174396,1999
R_g,gaussian_seed_z_fraction,0.025185904426830663,0.013300333490386665,0.04501312744495163,0.0059333651800260925,0.029407581942867092,0.05182060634044196,1999
log10_anisotropy,front_speed_mm_per_day,0.17659679216893195,0.034277118544841174,0.3130770058651811,0.030759578035781786,0.18043718897828825,0.31195211151508256,1999
log10_anisotropy,front_width_mm,0.020996293705200737,0.03000722987676601,0.24983447757512184,0.026404597989741797,0.010739713895235961,0.2571121754381346,1999
log10_anisotropy,diffusivity_ratio,-9.449413222430496e-05,0.014528958103058685,0.05818967021803355,0.008152014377444335,0.003893156442474857,0.055651321716061276,1999
log10_anisotropy,resection_time,0.09684380525715684,0.02789489282465852,0.18109023686326553,0.021036708581587436,0.08343623565208097,0.1918370990393277,1999
log10_anisotropy,chemo_kill_rate,-0.00028603471841906025,0.0017847482275374451,0.0008181723621327979,0.0002141423760962428,0.0008134013131347493,0.0009540842383576401,1999
log10_anisotropy,rt_alpha,0.256004806436165,0.04349259675030183,0.44060831401688766,0.04121688901984898,0.2587524575312814,0.4570942278663589,1999
log10_anisotropy,rt_alpha_beta_ratio,0.0015103437396335453,0.005735294122877477,0.008639080925782977,0.0016869082642957114,-0.001368861477238984,0.009301059781367306,1999
log10_anisotropy,seed_peak_density,0.0012249375395404138,0.006934891536262912,0.011351772350048785,0.004992497677781317,0.0026688388026950803,0.014547462921059363,1999
log10_anisotropy,seed_relative_width,0.01924323580896998,0.01589271463292721,0.06068371915154238,0.01076995028082933,0.0224280759285868,0.06002443533720931,1999
log10_anisotropy,gaussian_seed_x_fraction,0.02816575391680936,0.03036710280704241,0.20690907708447895,0.019006884483966945,0.0229637508341466,0.20139015714466352,1999
log10_anisotropy,gaussian_seed_y_fraction,0.01340119740335099,0.03002328320361846,0.19539349750420235,0.021350898850010284,0.02671732235133062,0.21134936178813274,1999
log10_anisotropy,gaussian_seed_z_fraction,0.0016378658969841565,0.02816946438887579,0.1740966951116044,0.01863586281722504,-0.006415192062870304,0.17703203115424204,1999
wm_fraction,front_speed_mm_per_day,0.08111136890641707,0.026189286621010607,0.2110654336147992,0.02189964868876938,0.06673015129911888,0.20102034417364606,1999
wm_fraction,front_width_mm,0.023163818110026605,0.023772506586748985,0.17309986015703094,0.020148598513517475,0.03744732801958509,0.1630248800606272,1999
wm_fraction,diffusivity_ratio,0.02968326123604989,0.0148971356383863,0.051427350170882444,0.006525202954010382,0.020249589163020967,0.053967207854449716,1999
wm_fraction,resection_time,0.01968359273907138,0.019079655696772738,0.10397137000981334,0.013877597182179516,0.0056379995589248295,0.10435430714439765,1999
wm_fraction,chemo_kill_rate,0.001519092780275398,0.0015509673976204653,0.0006688307239925683,0.00016233390499271775,0.0009613085557261347,0.0008044807941944559,1999
wm_fraction,rt_alpha,0.11184034422874001,0.03003781387099404,0.2301728820681786,0.02830582505804167,0.10799996110908454,0.24308157080900394,1999
wm_fraction,rt_alpha_beta_ratio,-0.001583902787156627,0.003776778245810915,0.004538886114610016,0.001890229355184483,-0.0027630439516741485,0.004979382842835502,1999
wm_fraction,seed_peak_density,-0.00011571467936064732,0.005098583466734139,0.006354016225103335,0.0030262516175667774,-7.2488000031945e-05,0.008445756482903665,1999
wm_fraction,seed_relative_width,-0.0030378874433078336,0.012373554690225674,0.03677757123876769,0.006389759249723054,0.0011611602863908978,0.035459828588324846,1999
wm_fraction,gaussian_seed_x_fraction,0.058209659432018945,0.03692399790917855,0.33986113462110673,0.033641259416977876,0.02764209127946432,0.34668058713037764,1999
wm_fraction,gaussian_seed_y_fraction,0.028655981110160125,0.03192743051992799,0.2907111445138674,0.029408769741628715,0.03498756365574518,0.2853126847154595,1999
wm_fraction,gaussian_seed_z_fraction,0.17499426350254496,0.0415746214658916,0.4136746874411327,0.0423984660040826,0.17555740100075395,0.42232676632705324,1999
pre_log10_mass,front_speed_mm_per_day,0.2090412135990443,0.03153054713660383,0.26380528847686713,0.02354375978789571,0.19901469853731144,0.2652902419865681,2048
pre_log10_mass,front_width_mm,0.43144961139100996,0.03945836129890775,0.47235831499014325,0.030753751829524476,0.435644769453655,0.4715359079390302,2048
pre_log10_mass,diffusivity_ratio,0.003189474450259806,0.0047353975725595064,0.00604395826172485,0.0010886660083676979,0.0039451279501831705,0.006334664963985531,2048
pre_log10_mass,resection_time,0.12028624683484848,0.023421178274955178,0.15579551988683077,0.015940196501585745,0.12013816424757792,0.1531451092014712,2048
pre_log10_mass,chemo_kill_rate,0.0,0.0,0.0,0.0,0.0,0.0,2048
pre_log10_mass,rt_alpha,0.0,0.0,0.0,0.0,0.0,0.0,2048
pre_log10_mass,rt_alpha_beta_ratio,0.0,0.0,0.0,0.0,0.0,0.0,2048
pre_log10_mass,seed_peak_density,0.008903758572442803,0.005488345109399452,0.008522248478996873,0.0006001772113773775,0.0100031120598809,0.008482781995099052,2048
pre_log10_mass,seed_relative_width,0.14157590794327582,0.022281365625493606,0.1458232610432049,0.009408144817310086,0.13966753688312028,0.14565641211111094,2048
pre_log10_mass,gaussian_seed_x_fraction,0.006911865327520793,0.007241974359275058,0.014795847048347206,0.0018444737494832616,0.005847125700946327,0.01494098989425195,2048
pre_log10_mass,gaussian_seed_y_fraction,0.0029010005547756863,0.005957088305564531,0.009408899267110717,0.0015561199886395503,0.0014201043845281265,0.008651384753900883,2048
pre_log10_mass,gaussian_seed_z_fraction,0.0012831830336794306,0.005584706030272887,0.00882867748911999,0.0016211393018876873,0.0030376322341675874,0.009771966328468815,2048
pre_V_core,front_speed_mm_per_day,0.22175038481459486,0.049178773208212914,0.5091178790185136,0.11273595368401015,0.20874434909173703,0.45305901993410796,2048
pre_V_core,front_width_mm,0.12079861128174778,0.03344300697510853,0.24286822801705843,0.050517891699009755,0.11541141185746386,0.24544353104010191,2048
pre_V_core,diffusivity_ratio,0.004038832793269337,0.006734436766700486,0.015941228359166653,0.007208024282138653,0.0022509597378416383,0.014137260171501482,2048
pre_V_core,resection_time,0.12448596695164298,0.03598495033753957,0.2955518935038891,0.07279616541884851,0.11057914694423351,0.28276747699744037,2048
pre_V_core,chemo_kill_rate,0.0,0.0,0.0,0.0,0.0,0.0,2048
pre_V_core,rt_alpha,0.0,0.0,0.0,0.0,0.0,0.0,2048
pre_V_core,rt_alpha_beta_ratio,0.0,0.0,0.0,0.0,0.0,0.0,2048
pre_V_core,seed_peak_density,0.010173937026491617,0.0072239783826754285,0.018956226699088342,0.00411945211067189,0.01117529942708945,0.017171679311574872,2048
pre_V_core,seed_relative_width,0.11950253667722185,0.03352513269920694,0.2232317308954272,0.04858849514361639,0.11294544745545339,0.18188322938296836,2048
pre_V_core,gaussian_seed_x_fraction,0.005643436662683699,0.007515326160376958,0.049535834030297446,0.022964109861463924,0.011260069138390899,0.03252867364191131,2048
pre_V_core,gaussian_seed_y_fraction,-0.001238366225091631,0.007068121567641395,0.023318501441512905,0.010371386460424644,-0.005449927046403325,0.021148518260140903,2048
pre_V_core,gaussian_seed_z_fraction,-0.0011742106857422579,0.008338488924195022,0.019724664999622478,0.007414768791240935,0.0022569469440155087,0.02498142678654083,2048
pre_V_edema,front_speed_mm_per_day,0.14887504731053042,0.03464286405034157,0.3080666457069006,0.06201654742034203,0.1461457061371964,0.29604356130506554,2048
pre_V_edema,front_width_mm,0.30487928897610916,0.049774017699980716,0.4301167648172035,0.06247918494747908,0.3034954993798738,0.4123245429293545,2048
pre_V_edema,diffusivity_ratio,0.005669842795778269,0.00690064828046877,0.015496674674403013,0.0050324805270604645,0.006746473648809921,0.013525295566746112,2048
pre_V_edema,resection_time,0.08869894172079432,0.027712636087122013,0.18178513722305198,0.036285928996832195,0.08088688037495538,0.17557272272560973,2048
pre_V_edema,chemo_kill_rate,0.0,0.0,0.0,0.0,0.0,0.0,2048
pre_V_edema,rt_alpha,0.0,0.0,0.0,0.0,0.0,0.0,2048
pre_V_edema,rt_alpha_beta_ratio,0.0,0.0,0.0,0.0,0.0,0.0,2048
pre_V_edema,seed_peak_density,0.010790853136401742,0.006409561596663656,0.013840598014131344,0.00250488179127515,0.012088582900068475,0.012630278935019924,2048
pre_V_edema,seed_relative_width,0.1420502928731503,0.03446700178870958,0.25086475966955707,0.04339186278579791,0.13779315319123137,0.21435669719025546,2048
pre_V_edema,gaussian_seed_x_fraction,0.00667210881375199,0.009305613576861802,0.049619203176986044,0.018086639641581744,0.009935276639752962,0.03745491699762985,2048
pre_V_edema,gaussian_seed_y_fraction,0.001581122528326911,0.008345838665014168,0.02703606494154547,0.00911087094574777,-0.0011470110598523027,0.023333916120501313,2048
pre_V_edema,gaussian_seed_z_fraction,-0.000562840825402375,0.009145124894080047,0.025284907877893333,0.012791980410314782,0.004018314034511851,0.03484310618286728,2048
pre_log10_V_core,front_speed_mm_per_day,0.3203852242457349,0.036526293216932786,0.3663745196751224,0.028739524881082737,0.31163217702784973,0.36739862312628185,2048
pre_log10_V_core,front_width_mm,0.21563135464988914,0.02879317616892829,0.2446315264177855,0.017808937746190627,0.21746125065859115,0.24473043618308324,2048
pre_log10_V_core,diffusivity_ratio,0.00012866885084208596,0.00505784919369377,0.008977249063676753,0.003981589769795724,0.0010824061105038963,0.011024174481487731,2048
pre_log10_V_core,resection_time,0.21156245647878166,0.027891794827005136,0.23320010861213553,0.019967747722132473,0.20638428351955432,0.2266894470889855,2048
pre_log10_V_core,chemo_kill_rate,0.0,0.0,0.0,0.0,0.0,0.0,2048
pre_log10_V_core,rt_alpha,0.0,0.0,0.0,0.0,0.0,0.0,2048
pre_log10_V_core,rt_alpha_beta_ratio,0.0,0.0,0.0,0.0,0.0,0.0,2048
pre_log10_V_core,seed_peak_density,0.031248378264516857,0.012964545878119998,0.04411463124177528,0.005522890852610088,0.033196765234493116,0.04205462071553565,2048
pre_log10_V_core,seed_relative_width,0.1581069069625252,0.023461344729894747,0.1718884764632539,0.01253767369345987,0.1572913910248759,0.16906413216332586,2048
pre_log10_V_core,gaussian_seed_x_fraction,0.005605647389192651,0.0063813512686600625,0.012621858925491695,0.0017930412273810961,0.004886555985751891,0.013177546505855219,2048
pre_log10_V_core,gaussian_seed_y_fraction,-0.0020716120517077947,0.007565461317140177,0.01344105732136424,0.005216393643332476,0.004118303816920497,0.01340140460868833,2048
pre_log10_V_core,gaussian_seed_z_fraction,-0.006841897141388562,0.007940370861911596,0.01547596485284068,0.007485325916816971,-0.003830287365336648,0.012209389186007875,2048
pre_log10_V_edema,front_speed_mm_per_day,0.17932460130907613,0.030208343545312023,0.23770896543025194,0.022353111326697216,0.1698769410791876,0.24062072792156342,2048
pre_log10_V_edema,front_width_mm,0.46500444864562807,0.04050843637662751,0.5062121815431113,0.03247438360260708,0.46715868208936023,0.5035427459166594,2048
pre_log10_V_edema,diffusivity_ratio,0.002310024163849644,0.005038411900041864,0.006854321360975151,0.0011863714569479847,0.0030988355601129555,0.007253595923385536,2048
pre_log10_V_edema,resection_time,0.10622754472295817,0.022592918911419093,0.1407827189827431,0.01508176048918296,0.10609756089199317,0.1378525412211598,2048
pre_log10_V_edema,chemo_kill_rate,0.0,0.0,0.0,0.0,0.0,0.0,2048
pre_log10_V_edema,rt_alpha,0.0,0.0,0.0,0.0,0.0,0.0,2048
pre_log10_V_edema,rt_alpha_beta_ratio,0.0,0.0,0.0,0.0,0.0,0.0,2048
pre_log10_V_edema,seed_peak_density,0.00817601389679624,0.005409464021916324,0.008248206474504213,0.0006150454931987214,0.009309194399398842,0.008216928745825346,2048
pre_log10_V_edema,seed_relative_width,0.14946665602210857,0.022988712040419947,0.1555391316661968,0.010089722209147216,0.14815711465264425,0.15592446309931549,2048
pre_log10_V_edema,gaussian_seed_x_fraction,0.0063050064869842725,0.00751936832538549,0.015973260856526006,0.002015649521443199,0.005218863935292618,0.016278795757099757,2048
pre_log10_V_edema,gaussian_seed_y_fraction,0.0016893859596295029,0.00641872546946571,0.01070139078264397,0.001740441215486437,-0.0008222476242446921,0.009841383691631124,2048
pre_log10_V_edema,gaussian_seed_z_fraction,-0.00016705592092713362,0.006028221301943795,0.010107704617510429,0.0017777292833551772,0.0017103476317667098,0.011318216920731861,2048
pre_r95_core,front_speed_mm_per_day,0.38060478121690633,0.04413388981973387,0.4771845927678757,0.040811003738061034,0.36162551374871854,0.4761655580241659,2048
pre_r95_core,front_width_mm,0.14955726066653652,0.026437080165016964,0.18872852065561727,0.016903990402878807,0.157907863435138,0.18838398462143366,2048
pre_r95_core,diffusivity_ratio,-0.0006895472497945761,0.003584672052979766,0.0035473471950714696,0.0008158225533825226,-2.61718537564054e-05,0.003709292115560508,2048
pre_r95_core,resection_time,0.21510225167552638,0.031382756828087076,0.2859537820012565,0.028991416483474895,0.20578607140941857,0.2791259265190636,2048
pre_r95_core,chemo_kill_rate,0.0,0.0,0.0,0.0,0.0,0.0,2048
pre_r95_core,rt_alpha,0.0,0.0,0.0,0.0,0.0,0.0,2048
pre_r95_core,rt_alpha_beta_ratio,0.0,0.0,0.0,0.0,0.0,0.0,2048
pre_r95_core,seed_peak_density,0.018546563137856437,0.009005555877120063,0.020254904255279777,0.002363983344695583,0.01956529437047529,0.019445709746275453,2048
pre_r95_core,seed_relative_width,0.12749212636887583,0.021241765454743815,0.140219026289635,0.012243253544742648,0.12553735295176305,0.13685136659697383,2048
pre_r95_core,gaussian_seed_x_fraction,0.0021264522303996018,0.003551979915334482,0.004059400568849166,0.0006534999470829494,0.0034218807284976892,0.004212367455222718,2048
pre_r95_core,gaussian_seed_y_fraction,0.00029512253269473455,0.004513867272274376,0.004977142900409524,0.001063232491985905,-0.0010680336536641783,0.004784192839879422,2048
pre_r95_core,gaussian_seed_z_fraction,-0.0023427249888203364,0.005105558520101311,0.005903946802568153,0.001454300678713698,-0.00040283320578184334,0.005563227390355599,2048
pre_r95_edema,front_speed_mm_per_day,0.2710245285965654,0.03892824741448414,0.35798635414228613,0.03317101555240498,0.25599610242007415,0.3606986028003314,2048
pre_r95_edema,front_width_mm,0.33220811911290543,0.03620021746620252,0.36951751178342324,0.02883284041546738,0.3396864345879094,0.3663865644129611,2048
pre_r95_edema,diffusivity_ratio,0.0008685159630385577,0.003635469508078319,0.0031829752165340704,0.0006509085254800144,0.0030647434593638963,0.0029528467020639316,2048
pre_r95_edema,resection_time,0.1447564236403035,0.028379227219138534,0.2142984192935833,0.023517505380238002,0.14153234198993103,0.2118463279717636,2048
pre_r95_edema,chemo_kill_rate,0.0,0.0,0.0,0.0,0.0,0.0,2048
pre_r95_edema,rt_alpha,0.0,0.0,0.0,0.0,0.0,0.0,2048
pre_r95_edema,rt_alpha_beta_ratio,0.0,0.0,0.0,0.0,0.0,0.0,2048
pre_r95_edema,seed_peak_density,0.009466069713351764,0.0053431122007237,0.007922377154200595,0.000736203794412935,0.010737102614707901,0.007712158066320582,2048
pre_r95_edema,seed_relative_width,0.13266688788366607,0.022233973695404932,0.15202463457390455,0.012632447001083083,0.1335971507937845,0.15092459261064856,2048
pre_r95_edema,gaussian_seed_x_fraction,-0.0004982983757811008,0.0034890334542693746,0.003537798234146041,0.0005811586416732748,0.0006870058190686865,0.0037713225652224775,2048
pre_r95_edema,gaussian_seed_y_fraction,0.0005131715009280436,0.003534031648833135,0.003638201928748645,0.0006983647762954027,-0.003618267319044514,0.003421083035731198,2048
pre_r95_edema,gaussian_seed_z_fraction,-0.000551188705904186,0.004447683323631255,0.004680452775366628,0.0009907386246781563,0.002134846087392581,0.005215600155102109,2048
pre_centroid_drift,front_speed_mm_per_day,0.3150103203048697,0.050474473426360696,0.4836442709989936,0.051296359118986515,0.29949036669984447,0.5082478191627358,2048
pre_centroid_drift,front_width_mm,0.012503056597656556,0.020972814399573225,0.10605376704251686,0.01640400918493312,0.028193334678234087,0.12312638512810449,2048
pre_centroid_drift,diffusivity_ratio,-0.001526239442769013,0.007302986184302667,0.013656352505900702,0.0023122722719896224,-0.0017266656197066478,0.013018237418171723,2048
pre_centroid_drift,resection_time,0.1534556844615031,0.03353471274768029,0.3073500771242329,0.04284028990049681,0.14943787466410238,0.3237509644072732,2048
pre_centroid_drift,chemo_kill_rate,0.0,0.0,0.0,0.0,0.0,0.0,2048
pre_centroid_drift,rt_alpha,0.0,0.0,0.0,0.0,0.0,0.0,2048
pre_centroid_drift,rt_alpha_beta_ratio,0.0,0.0,0.0,0.0,0.0,0.0,2048
pre_centroid_drift,seed_peak_density,0.0019070500684033364,0.0025049920222319946,0.0015292937533978091,0.00022466424545498315,0.0026014289246802345,0.001676945581651138,2048
pre_centroid_drift,seed_relative_width,0.00820856512504376,0.014428118941536196,0.0427183334752762,0.006799702540071126,-0.002595413988216048,0.04734272212566433,2048
pre_centroid_drift,gaussian_seed_x_fraction,0.13529452556756327,0.04200750526464209,0.2896254641513777,0.03567542590467391,0.13590401568745067,0.29611177882852485,2048
pre_centroid_drift,gaussian_seed_y_fraction,0.027409957353387193,0.021401460998337805,0.13710694759816772,0.02550293692267503,0.017375015258206068,0.1492063070708137,2048
pre_centroid_drift,gaussian_seed_z_fraction,0.020404028318794863,0.014033276740293943,0.07721781492489133,0.018939819061134892,0.021615413387334085,0.09070826783208107,2048
pre_centroid_x_mm,front_speed_mm_per_day,0.000734869492765536,0.0020353176666374757,0.0010383100148370396,0.0001429325901715135,0.00029599132167459365,0.0010620017935834144,2048
pre_centroid_x_mm,front_width_mm,0.00027104501250444727,0.0011015620825982168,0.00037113297179182473,5.899573700731473e-05,-0.00019732995586785253,0.0004140788732035797,2048
pre_centroid_x_mm,diffusivity_ratio,-0.00027400902884916814,0.00038913139359981406,4.338943183743785e-05,1.0130421611073474e-05,-0.0002189615644874041,4.7866041811445425e-05,2048
pre_centroid_x_mm,resection_time,0.0003487696845346802,0.0015019948760193467,0.000692166744317962,0.0001284661857177195,0.00032532450673979004,0.0006907292135580383,2048
pre_centroid_x_mm,chemo_kill_rate,0.0,0.0,0.0,0.0,0.0,0.0,2048
pre_centroid_x_mm,rt_alpha,0.0,0.0,0.0,0.0,0.0,0.0,2048
pre_centroid_x_mm,rt_alpha_beta_ratio,0.0,0.0,0.0,0.0,0.0,0.0,2048
pre_centroid_x_mm,seed_peak_density,-1.0235868375645282e-05,0.00014415641927755467,5.2837354606424815e-06,8.948717333357643e-07,3.615694379228126e-05,5.536985634576227e-06,2048
pre_centroid_x_mm,seed_relative_width,-8.387804270925764e-05,0.0007392992156343077,0.00013808498881871694,2.314303212507137e-05,-6.429696592022839e-05,0.00013758378437618102,2048
pre_centroid_x_mm,gaussian_seed_x_fraction,0.9989206458078821,0.04955275818860005,1.0018584141402622,0.04360518656875906,0.9993051356655573,1.0007790520441422,2048
pre_centroid_x_mm,gaussian_seed_y_fraction,0.0007531557785788124,0.0010219950903251037,0.0002372191553070073,6.127652513403019e-05,0.0010727352776203514,0.0002625099887122681,2048
pre_centroid_x_mm,gaussian_seed_z_fraction,-0.00017669926632158344,0.0008592516983919445,0.00017091868059455708,3.758132124410938e-05,0.00016096091979886826,0.00018172686668581584,2048
pre_centroid_y_mm,front_speed_mm_per_day,3.629487766038319e-05,0.0014443146662058484,0.0004836286950465158,9.35274807250363e-05,0.0004037446341612015,0.0005119763231814001,2048
pre_centroid_y_mm,front_width_mm,-3.9189176829593123e-05,0.0006795545342879776,0.00011483274314780085,2.6455026094352217e-05,-1.981655831864341e-05,0.00011591354845518377,2048
pre_centroid_y_mm,diffusivity_ratio,-3.318493378106079e-05,0.00028634606193177653,2.1010765444607973e-05,4.944745885465442e-06,0.00010603163008369666,1.6962899941285804e-05,2048
pre_centroid_y_mm,resection_time,-0.0002026049481160206,0.0011405718116476093,0.0002953778516249015,6.241949033296968e-05,-0.0002259398258971312,0.0002993026973776067,2048
pre_centroid_y_mm,chemo_kill_rate,0.0,0.0,0.0,0.0,0.0,0.0,2048
pre_centroid_y_mm,rt_alpha,0.0,0.0,0.0,0.0,0.0,0.0,2048
pre_centroid_y_mm,rt_alpha_beta_ratio,0.0,0.0,0.0,0.0,0.0,0.0,2048
pre_centroid_y_mm,seed_peak_density,-6.687684049367699e-05,8.195422525600698e-05,1.6168617160074382e-06,3.8746767440563174e-07,-4.814296480787162e-05,1.6962301989263453e-06,2048
pre_centroid_y_mm,seed_relative_width,-0.00016639827591671867,0.0004213243739451344,4.28156071480366e-05,1.3719313517676103e-05,-0.00015290068844850735,4.7481640202426745e-05,2048
pre_centroid_y_mm,gaussian_seed_x_fraction,0.007938843845085366,0.01769395968252692,0.09546288312689045,0.010247961610120475,0.007256154184778039,0.09546556490493249,2048
pre_centroid_y_mm,gaussian_seed_y_fraction,0.9038281795368368,0.051407531291216196,0.9903565570618872,0.0523718744149711,0.9040811052477052,0.9907555095958437,2048
pre_centroid_y_mm,gaussian_seed_z_fraction,5.44260885579308e-05,0.000761993517494333,0.0001624826475081612,3.101920142248426e-05,0.00027518596608412313,0.00016616178547435218,2048
pre_centroid_z_mm,front_speed_mm_per_day,-0.0009303815767449737,0.0021791246526363718,0.0012053934936727287,0.00019598127887141567,-9.86343971329276e-05,0.0010471413119068499,2048
pre_centroid_z_mm,front_width_mm,-0.0003109933181826231,0.0008881318329545769,0.00022243395329633558,5.017850813118996e-05,-0.0015090870942743133,0.0002530552861098434,2048
pre_centroid_z_mm,diffusivity_ratio,-0.00020012285790388406,0.0005837311417441552,5.851804987939388e-05,1.4356103435715264e-05,-4.4543175977624464e-05,5.2213683153978065e-05,2048
pre_centroid_z_mm,resection_time,-0.0005964700561653591,0.001620374097433574,0.0007328515963832757,0.00013847161056208945,-0.0016291216696607718,0.000712193782518069,2048
pre_centroid_z_mm,chemo_kill_rate,0.0,0.0,0.0,0.0,0.0,0.0,2048
pre_centroid_z_mm,rt_alpha,0.0,0.0,0.0,0.0,0.0,0.0,2048
pre_centroid_z_mm,rt_alpha_beta_ratio,0.0,0.0,0.0,0.0,0.0,0.0,2048
pre_centroid_z_mm,seed_peak_density,-8.444750516691875e-05,0.00010893051792340547,2.761887944544974e-06,6.846117777722795e-07,-0.00013515796894132237,2.755382231947264e-06,2048
pre_centroid_z_mm,seed_relative_width,0.0005236243375770903,0.000759676108046205,9.947032903019254e-05,3.248757708845807e-05,-1.4677652926248016e-06,9.865297223630949e-05,2048
pre_centroid_z_mm,gaussian_seed_x_fraction,0.022129289439965033,0.01697652662291019,0.09235365580399858,0.009640994035320299,0.02371478216045615,0.0916724832195657,2048
pre_centroid_z_mm,gaussian_seed_y_fraction,0.03106019573888939,0.021637716264483204,0.1501259853835471,0.012421772895606916,0.02808943643792325,0.15217245624194292,2048
pre_centroid_z_mm,gaussian_seed_z_fraction,0.8051502630277355,0.053258750990971764,0.9297984278921075,0.05844342443905486,0.8145682667273927,0.9292535863528638,2048
pre_R_g,front_speed_mm_per_day,0.15461635697887205,0.02990681877533156,0.21125167761035984,0.02169281107142613,0.148021166866774,0.21541208782847168,2048
pre_R_g,front_width_mm,0.5308375968630501,0.043463349096812404,0.5619198744761444,0.036854504993667575,0.5356307806033153,0.5574215416029548,2048
pre_R_g,diffusivity_ratio,0.007888782430857163,0.006874458594707773,0.011529225659159557,0.001629992065876396,0.009135204566336241,0.011289078672679927,2048
pre_R_g,resection_time,0.08435224374126343,0.021967252210480476,0.12298859100614039,0.014165804967845164,0.0839482871123899,0.12198032790557516,2048
pre_R_g,chemo_kill_rate,0.0,0.0,0.0,0.0,0.0,0.0,2048
pre_R_g,rt_alpha,0.0,0.0,0.0,0.0,0.0,0.0,2048
pre_R_g,rt_alpha_beta_ratio,0.0,0.0,0.0,0.0,0.0,0.0,2048
pre_R_g,seed_peak_density,0.005845983139301881,0.003668106800784148,0.0039378424266696644,0.00033701158453864103,0.006972535153026274,0.003877623003434936,2048
pre_R_g,seed_relative_width,0.11457128441357124,0.02152230240627782,0.1375914269056924,0.01123138886213679,0.1161962523434238,0.13576150786616806,2048
pre_R_g,gaussian_seed_x_fraction,0.005692551285389857,0.008268662681580234,0.018895655554890523,0.002308362433905364,0.005748763708325848,0.018519687762789692,2048
pre_R_g,gaussian_seed_y_fraction,0.004608204634356857,0.007301874202896513,0.014798010771369762,0.002270705324562646,-0.00023760308589991782,0.0135915402076128,2048
pre_R_g,gaussian_seed_z_fraction,0.0052234898543856165,0.008029560492148157,0.015624166283982876,0.002178372230694662,0.007900286602150594,0.017702897653712493,2048
pre_log10_anisotropy,front_speed_mm_per_day,0.16154212468924978,0.03230848670249433,0.31107218036532885,0.03303344996951851,0.16078951253247886,0.29882364125619154,2048
pre_log10_anisotropy,front_width_mm,-0.007154739078826286,0.02987210730394351,0.25431981685262156,0.02531250537819033,0.0009660341989458168,0.277352464619184,2048
pre_log10_anisotropy,diffusivity_ratio,0.004102550136307805,0.014521801040876546,0.06012890030311345,0.009308546639187502,-0.0011874475476310426,0.061704332458947186,2048
pre_log10_anisotropy,resection_time,0.10040429610727684,0.02634915615831549,0.20037508884487115,0.025990091935255866,0.10773383654901529,0.2043162886466008,2048
pre_log10_anisotropy,chemo_kill_rate,0.0,0.0,0.0,0.0,0.0,0.0,2048
pre_log10_anisotropy,rt_alpha,0.0,0.0,0.0,0.0,0.0,0.0,2048
pre_log10_anisotropy,rt_alpha_beta_ratio,0.0,0.0,0.0,0.0,0.0,0.0,2048
pre_log10_anisotropy,seed_peak_density,0.0009259132598659781,0.0029061604598749893,0.0018973651652882146,0.000245438281091754,-1.0312442151332764e-05,0.0021082135592135113,2048
pre_log10_anisotropy,seed_relative_width,-0.005444256124995393,0.014774757684898693,0.06329212164711064,0.007796128352053615,-0.023259302518641042,0.06394776054548487,2048
pre_log10_anisotropy,gaussian_seed_x_fraction,0.30496896014156927,0.05917863579925012,0.5902255876099731,0.050423532762703824,0.2889060545605996,0.5625852409705979,2048
pre_log10_anisotropy,gaussian_seed_y_fraction,0.01537243652002784,0.0316368482197739,0.24367398549114974,0.0325590993274815,-0.0032563092000855286,0.2645956400225406,2048
pre_log10_anisotropy,gaussian_seed_z_fraction,0.0012888533128188225,0.022729117871904656,0.15202680425518073,0.01961331269991522,-0.007932365165053811,0.16398753691165677,2048
pre_wm_fraction,front_speed_mm_per_day,0.0211756201752262,0.013946620626107803,0.058830125934044186,0.007184442537050858,0.01849676352469863,0.06013578629242775,2048
pre_wm_fraction,front_width_mm,0.004665690263076713,0.015204205311413909,0.07180893803944335,0.007587983392354659,0.012216606111383437,0.06883770477336872,2048
pre_wm_fraction,diffusivity_ratio,-0.0013210387986810706,0.004206340727572859,0.0051194452029438885,0.0008774954457907888,-0.005351727511897047,0.005016124533720526,2048
pre_wm_fraction,resection_time,0.010413690240690127,0.01132424845226005,0.036812985341839265,0.0054278067218007575,0.010734240334800523,0.0367249490432682,2048
pre_wm_fraction,chemo_kill_rate,0.0,0.0,0.0,0.0,0.0,0.0,2048
pre_wm_fraction,rt_alpha,0.0,0.0,0.0,0.0,0.0,0.0,2048
pre_wm_fraction,rt_alpha_beta_ratio,0.0,0.0,0.0,0.0,0.0,0.0,2048
pre_wm_fraction,seed_peak_density,-1.1333035859843901e-05,0.0010973214266922968,0.0003953799513593442,4.6772256679692575e-05,-0.0007195380651522772,0.0003925536342699587,2048
pre_wm_fraction,seed_relative_width,0.002974257770116343,0.0062597451479329234,0.013574566057486265,0.001583477837837705,0.003635361256042842,0.013177665671107439,2048
pre_wm_fraction,gaussian_seed_x_fraction,0.21403420739883133,0.04076929101337015,0.5177436653720593,0.04696535936935494,0.22475074622198166,0.5273296675787039,2048
pre_wm_fraction,gaussian_seed_y_fraction,0.1124717254200757,0.038459032600346214,0.3981290254648253,0.037755253255643495,0.13277322223882426,0.38806488518196697,2048
pre_wm_fraction,gaussian_seed_z_fraction,0.25907137320535406,0.04405145781473008,0.5609250013926035,0.04966204271313005,0.25395569863861217,0.5589650711194882,2048
mid_crt_log10_mass,front_speed_mm_per_day,0.12258450136803453,0.023084839493331146,0.1697773247714752,0.01601857591811863,0.12179569155202141,0.173801007821639,2048
mid_crt_log10_mass,front_width_mm,0.22050361613287806,0.030955050548444926,0.2882184790921459,0.027109230790320113,0.23040545636273907,0.28901345145383134,2048
mid_crt_log10_mass,diffusivity_ratio,0.005413413894280459,0.006032961928833766,0.01059549458477997,0.0012850391233869662,0.005091954323038926,0.01170574792976775,2048
mid_crt_log10_mass,resection_time,0.017009491997699824,0.011916445499356,0.03226371204772475,0.0037054852312135285,0.018685651035229792,0.03211148760265989,2048
mid_crt_log10_mass,chemo_kill_rate,0.03605013643673946,0.011584143641526322,0.034659363054946164,0.002737582880646107,0.035355959692411724,0.03496210005738058,2048
mid_crt_log10_mass,rt_alpha,0.44962930356049835,0.04385798564271926,0.4912312456780798,0.032551570468996475,0.44043966165198983,0.4980375746131042,2048
mid_crt_log10_mass,rt_alpha_beta_ratio,0.004472250167174386,0.00450992642601339,0.004901097091645232,0.0005954342573041766,0.005931610469353377,0.005135897589560989,2048
mid_crt_log10_mass,seed_peak_density,0.0005601036874977644,0.0029529292338621588,0.0017360114503620185,0.000493583397918782,-0.0007995320531598977,0.0018065150973962994,2048
mid_crt_log10_mass,seed_relative_width,0.035860421088976295,0.013237328823292132,0.044313607171394494,0.0044174581076827845,0.037881484520852986,0.043539173114952624,2048
mid_crt_log10_mass,gaussian_seed_x_fraction,0.003627724213930788,0.007095281406439532,0.01552687018410321,0.0017714492195517475,0.0004471754104256885,0.015199628871341346,2048
mid_crt_log10_mass,gaussian_seed_y_fraction,0.002726150098515723,0.007375475942008035,0.012990693682969996,0.0016547326985285552,-0.0002947178668117975,0.013004272704476934,2048
mid_crt_log10_mass,gaussian_seed_z_fraction,0.006256520587882967,0.008619889070088352,0.015526331381343966,0.001955697307711464,0.008205997321211588,0.0161682451415896,2048
mid_crt_V_core,front_speed_mm_per_day,-7.264618893143152e-05,0.0030228502134459576,0.18259235414093736,1.37931170015228,-0.00016153477774353124,0.16294496935092587,2048
mid_crt_V_core,front_width_mm,0.00018936957141538064,0.002413505047319766,0.11843407868761699,0.8436564709277955,0.00025874077443551987,0.05081568761072465,2048
mid_crt_V_core,diffusivity_ratio,-0.00021336943749250152,0.0014727256270292985,0.08783621283760966,0.6030750763094279,-0.00023863496756138813,0.09655878418322991,2048
mid_crt_V_core,resection_time,-6.220246481304726e-05,0.0013107546321919174,0.03909997286701273,0.22785608910572303,0.00010898345926227666,0.02788299447890021,2048
mid_crt_V_core,chemo_kill_rate,-0.00019897964715893222,0.0029042124545621225,0.16986061301752997,1.1683344098943365,-0.00015925612978770446,0.12725626451603694,2048
mid_crt_V_core,rt_alpha,0.0009083435243297539,0.005098101890204967,0.10177474349744026,0.6582928261036332,-9.401203011500867e-05,0.09102403219028493,2048
mid_crt_V_core,rt_alpha_beta_ratio,2.1599520335749305e-05,0.0003485807381425074,0.002561029328896758,0.01885784853310295,4.379276540104571e-06,0.00042925386894527337,2048
mid_crt_V_core,seed_peak_density,8.915736072654766e-06,8.47132874882218e-05,0.0001453871522209358,0.001043213153978224,-3.471377745204815e-06,1.1722871768323557e-05,2048
mid_crt_V_core,seed_relative_width,-3.4090451738703235e-05,0.00031980449687557,0.0033689375104656084,0.019655916198840398,-2.57950069374451e-05,0.0012974005752851513,2048
mid_crt_V_core,gaussian_seed_x_fraction,4.664072248323888e-05,0.0006006934095516102,0.014658654695402045,0.08898181411880861,6.973018783572981e-05,0.014186860832278868,2048
mid_crt_V_core,gaussian_seed_y_fraction,-2.834937044067095e-05,0.0010753265469630449,0.029778219078864597,0.17670311919747453,0.00012083954940743774,0.014268588572220929,2048
mid_crt_V_core,gaussian_seed_z_fraction,-0.00039478463954324206,0.0025846829608476398,0.14014240383106452,0.9299650897603176,-0.00033052856715496407,0.1385985149139829,2048
mid_crt_V_edema,front_speed_mm_per_day,0.013405972112899964,0.031866059525018815,0.42338272482957057,0.14770430232654608,0.027639559963990878,0.40173226498582043,2048
mid_crt_V_edema,front_width_mm,0.019285088709802167,0.02766646171350962,0.1381301551557127,0.07549238746152315,0.00527223399058757,0.11077036309490593,2048
mid_crt_V_edema,diffusivity_ratio,0.0004336651467453294,0.003270628675804957,0.034487356856272196,0.02051259369952597,-0.0002754020236965545,0.02830895944686817,2048
mid_crt_V_edema,resection_time,0.009065320318533323,0.016053326640948468,0.16748586129276452,0.08002358510663664,0.004805176362056545,0.13595384272616717,2048
mid_crt_V_edema,chemo_kill_rate,0.04210235442363993,0.0414621200134482,0.3735036152952523,0.1438869185903543,0.006930804368743216,0.3580329695163728,2048
mid_crt_V_edema,rt_alpha,0.09085996161878991,0.048930100898386744,0.537320759079753,0.17557585117063157,0.09706344318750249,0.4849231570839295,2048
mid_crt_V_edema,rt_alpha_beta_ratio,0.0028442276391822826,0.002479519412218404,0.010582801192518856,0.005015070533693928,0.0014370358163262192,0.007370928510879889,2048
mid_crt_V_edema,seed_peak_density,-0.0008643870479056377,0.0023960443768057437,0.002130894516008886,0.0013093605780171984,0.00031251749376194713,0.0019128006755662447,2048
mid_crt_V_edema,seed_relative_width,0.006351765553590614,0.008855856218193315,0.06246894567811341,0.03855562696497899,0.002225646581710352,0.05790109742110054,2048
mid_crt_V_edema,gaussian_seed_x_fraction,0.0012720092034293683,0.005868009939745398,0.06457105055630671,0.04389585122304018,0.0017073773850193488,0.0409480114465523,2048
mid_crt_V_edema,gaussian_seed_y_fraction,0.007647301770690892,0.015070705749465825,0.03885365489221012,0.020923117043668532,5.167572306122252e-05,0.03993147577352671,2048
mid_crt_V_edema,gaussian_seed_z_fraction,0.0018879159231974653,0.0039172890100298745,0.07010889523079777,0.0449694214005915,0.00031782463585445174,0.09004630997115416,2048
mid_crt_log10_V_core,front_speed_mm_per_day,-0.00021943012777288445,0.0037610201865193632,0.7231065354027544,0.3977559669154763,-0.00029911814845208815,0.6703029347875742,2048
mid_crt_log10_V_core,front_width_mm,0.048209748572136384,0.10093437696066676,0.8522366409472778,0.4285987773498284,0.10470363522575328,0.8241395803875264,2048
mid_crt_log10_V_core,diffusivity_ratio,4.6334986335751485e-05,0.00029704208269863453,0.0049071702659227315,0.004496124696145972,-1.417057273440813e-05,0.008326297173226426,2048
mid_crt_log10_V_core,resection_time,-0.00015536965758733496,0.00040448378084653925,0.009426955791701457,0.009269311285995962,8.140330167058541e-05,0.01224415602537011,2048
mid_crt_log10_V_core,chemo_kill_rate,-0.0015146972383309478,0.0034259426478737993,0.5755812585077263,0.37468503277013093,-0.0013874178865438563,0.57593380359299,2048
mid_crt_log10_V_core,rt_alpha,0.06051864064070328,0.12090333707254117,0.6277834796561358,0.36718780197932904,-0.0023788958505153632,0.6274428692547943,2048
mid_crt_log10_V_core,rt_alpha_beta_ratio,0.00016993860130003695,0.0005612175646259378,0.019397001584214757,0.031383128840972364,-1.9492421308752346e-05,0.00013746786051902637,2048
mid_crt_log10_V_core,seed_peak_density,6.967777162532713e-05,0.0001524623559166399,0.001173926483236334,0.0025176264880731156,0.00012540559070667643,0.002440562993356153,2048
mid_crt_log10_V_core,seed_relative_width,0.00010839439273594956,0.00015163685397646517,0.001199409010365569,0.0013854201137557898,8.417370075043863e-05,0.0011933651367243994,2048
mid_crt_log10_V_core,gaussian_seed_x_fraction,7.2303739896343004e-06,0.0002716619362092079,0.004212872916005214,0.005312028285679432,-3.4136515050740955e-05,0.007687555332575018,2048
mid_crt_log10_V_core,gaussian_seed_y_fraction,-0.00011610519578138229,0.0003424108294933645,0.006437661542834406,0.00906154682758385,-4.0496397899112123e-05,0.011040506855265295,2048
mid_crt_log10_V_core,gaussian_seed_z_fraction,-0.00015418951427019226,0.000549383540714443,0.017307182762410094,0.02285780716518962,-0.00029894899209857137,0.029983455858785816,2048
mid_crt_log10_V_edema,front_speed_mm_per_day,0.03539049135990544,0.03542373639437697,0.26235497894743637,0.041599447288417336,0.0262185440474799,0.25382893759281666,2048
mid_crt_log10_V_edema,front_width_mm,0.013709682470018966,0.020446569996128046,0.1432172894517779,0.02951600788636903,0.0029214443381972576,0.11511451099903217,2048
mid_crt_log10_V_edema,diffusivity_ratio,0.004680084398685208,0.0036156696412673077,0.005944604058414841,0.0025385906305051063,0.004272601634303943,0.0035888601903785876,2048
mid_crt_log10_V_edema,resection_time,9.502218967495825e-05,0.007111166843672776,0.021076675340322797,0.006923723403280051,-0.005041836069636169,0.021082421018207675,2048
mid_crt_log10_V_edema,chemo_kill_rate,0.10359211093735578,0.043113269081966714,0.43855383592239394,0.05608992666022099,0.06260634892755854,0.4118103956877185,2048
mid_crt_log10_V_edema,rt_alpha,0.3620275025770761,0.057518975148635285,0.7984177588814302,0.06823274747143071,0.3364437133947263,0.7987286434685649,2048
mid_crt_log10_V_edema,rt_alpha_beta_ratio,0.007436330693834714,0.009247723643974722,0.030864329183562186,0.010143545717128654,0.0033200346882362795,0.030304429928601894,2048
mid_crt_log10_V_edema,seed_peak_density,-7.813477838808727e-05,0.0014478092883249334,0.001253331775089368,0.0009048179420267932,0.00020807483012972818,0.0009989550023293463,2048
mid_crt_log10_V_edema,seed_relative_width,0.005850544074331944,0.008488732867531372,0.0097099231687191,0.003483121232660437,0.002415771035909424,0.008302523921913755,2048
mid_crt_log10_V_edema,gaussian_seed_x_fraction,0.0009373691037643486,0.0043191708895454735,0.00708210821704633,0.0027878672417043066,0.0018253853597560647,0.005538488437517265,2048
mid_crt_log10_V_edema,gaussian_seed_y_fraction,0.0005451699838709748,0.003132875401275939,0.005937292746822656,0.002787288981186896,-0.0007585511599496768,0.003820724848852779,2048
mid_crt_log10_V_edema,gaussian_seed_z_fraction,0.007410533319802277,0.006877834463398464,0.008156898912517254,0.00393659214994548,0.0044648309236201686,0.00637488394120948,2048
mid_crt_r95_core,front_speed_mm_per_day,-0.0005445963614849156,0.003647328967848691,0.6873663055818627,0.4985164001989114,-0.0008143739475242629,0.6984124080068954,2048
mid_crt_r95_core,front_width_mm,0.01636889519115488,0.037738992184885536,0.6889639080552216,0.4176493314629258,0.0386749349929457,0.6999894164237549,2048
mid_crt_r95_core,diffusivity_ratio,-0.00027631958474041567,0.0005524486800307204,0.017785869184940052,0.03225662707287007,-0.0004768892624223698,0.036524661702972916,2048
mid_crt_r95_core,resection_time,-0.0003631136698323445,0.0008547544594842752,0.043125929254893926,0.046888388185804916,9.743050433167127e-05,0.07153786881243321,2048
mid_crt_r95_core,chemo_kill_rate,-0.0016607086461102399,0.0032612910698910876,0.5206226719535751,0.3506807575270737,-0.0018887347208382036,0.6001729989677593,2048
mid_crt_r95_core,rt_alpha,0.04585209318285358,0.09270037408378794,0.6624079002053166,0.4686536510965248,-0.002797982600374048,0.6790419192222109,2048
mid_crt_r95_core,rt_alpha_beta_ratio,0.00010376632947296594,0.0008828738625677974,0.05071502024280457,0.06645342162283689,1.1849721945327013e-05,1.8479053226307463e-05,2048
mid_crt_r95_core,seed_peak_density,1.244566969385594e-05,5.96656291908816e-05,0.00023164147847012153,0.0002954209206478702,6.08095107958205e-06,4.481472605380558e-05,2048
mid_crt_r95_core,seed_relative_width,0.00015527255489149752,0.00035740427645733177,0.007837439573666257,0.013090561728292156,2.7378229647188233e-05,0.0008239317766332708,2048
mid_crt_r95_core,gaussian_seed_x_fraction,-0.00026478601866756867,0.0008666103942531348,0.04341738480478608,0.06553349387626295,-0.0005192121898231739,0.06617289170199976,2048
mid_crt_r95_core,gaussian_seed_y_fraction,-0.0002574964771973961,0.0007434721488047941,0.03175143010205015,0.06229536508001342,-0.00044244128831115204,0.07048453452581724,2048
mid_crt_r95_core,gaussian_seed_z_fraction,-1.8087649014988485e-05,0.000827732437013956,0.04034779427753504,0.05653275000538287,-0.0003512502420663512,0.07090416179265474,2048
mid_crt_r95_edema,front_speed_mm_per_day,0.0678532268001109,0.04624106410508207,0.3931403172190982,0.0634734663513874,0.05273316203719374,0.37430806734743427,2048
mid_crt_r95_edema,front_width_mm,-0.0010947040834423502,0.02090586888446462,0.15728795636180914,0.038011516772045596,-0.006746111128056116,0.12803270714997633,2048
mid_crt_r95_edema,diffusivity_ratio,0.002040481976755299,0.003147636708380685,0.015151159500958248,0.011425122153979343,0.000514059166517923,0.004180088000046825,2048
mid_crt_r95_edema,resection_time,0.0157651888239891,0.01781370116477264,0.1027091294046794,0.02555163545572753,0.009096961497802225,0.11475393442866039,2048
mid_crt_r95_edema,chemo_kill_rate,0.07209020088292832,0.0430029712208089,0.372181454807186,0.06273742952107589,0.0334453999987226,0.3536773513186134,2048
mid_crt_r95_edema,rt_alpha,0.29021088188350247,0.05604231195254838,0.7417311489205937,0.09045866659123221,0.27009527807512557,0.7599852705165536,2048
mid_crt_r95_edema,rt_alpha_beta_ratio,0.002943084873743595,0.008069533197702459,0.05328332212428888,0.023795881129727036,-0.003478801359808122,0.0705115306451581,2048
mid_crt_r95_edema,seed_peak_density,-0.0013168615730589273,0.00412414986277064,0.007169422001249927,0.004865652679815321,-0.00023781195574892354,0.007939920774104797,2048
mid_crt_r95_edema,seed_relative_width,0.014809138553452407,0.015241627572212398,0.03757818536515768,0.015155615546986582,0.009565375264156436,0.029093439332186378,2048
mid_crt_r95_edema,gaussian_seed_x_fraction,0.0035862555995503378,0.007842961144717494,0.016402419908687398,0.010590978758817666,0.0008832921809911398,0.016351691815312625,2048
mid_crt_r95_edema,gaussian_seed_y_fraction,-0.0008141666920069122,0.004766978918757666,0.016558554217785976,0.0117428870787136,0.0016561173998856555,0.011676304015817304,2048
mid_crt_r95_edema,gaussian_seed_z_fraction,0.003988322976279564,0.008190617214126825,0.0178136490195139,0.012129981919905662,0.0023338168463176226,0.01114613584231033,2048
mid_crt_centroid_drift,front_speed_mm_per_day,0.3058693255219059,0.04429958864927225,0.4299021752687579,0.04171203506092369,0.2711135476645533,0.4054095572428682,2048
mid_crt_centroid_drift,front_width_mm,0.08795870605645213,0.030521413845958995,0.22783451613831965,0.025848880182682294,0.08480929605873785,0.22205798016474623,2048
mid_crt_centroid_drift,diffusivity_ratio,0.0005521921545804376,0.008963661996697583,0.012488759186243332,0.0029731702422781023,0.0036977294018065952,0.012884183903609476,2048
mid_crt_centroid_drift,resection_time,0.11036804172450965,0.02507769838200225,0.20986653259764784,0.026467041851363317,0.11209056768906425,0.20654734568086158,2048
mid_crt_centroid_drift,chemo_kill_rate,-4.6846295859691325e-05,0.00019005496306548537,8.848087078197952e-06,1.4839686003519794e-06,1.6967865603694962e-05,8.819598531429739e-06,2048
mid_crt_centroid_drift,rt_alpha,0.07414119227868052,0.027031216995560266,0.17203349100406254,0.020180952519576,0.0797270823827998,0.16619269136496398,2048
mid_crt_centroid_drift,rt_alpha_beta_ratio,0.0003438088630520873,0.002952034836562906,0.0029650206534246365,0.0007893538780773964,-0.0016243257722634772,0.003099241329181555,2048
mid_crt_centroid_drift,seed_peak_density,0.0008729520795929496,0.004454300387139947,0.0059052209533721435,0.0034744990972237068,0.0005968602396571345,0.004964541614072085,2048
mid_crt_centroid_drift,seed_relative_width,0.022895419898730653,0.013622342750171986,0.044940703385117194,0.005750505362033962,0.015180123409079146,0.04552485523923332,2048
mid_crt_centroid_drift,gaussian_seed_x_fraction,0.04072575295981361,0.021151744504141708,0.11526314437700302,0.015259019611948891,0.02825241561343998,0.116985666663417,2048
mid_crt_centroid_drift,gaussian_seed_y_fraction,0.030346887000081174,0.023004949682233235,0.10396625429483511,0.01608739876747104,0.009871757286860097,0.10754253371931813,2048
mid_crt_centroid_drift,gaussian_seed_z_fraction,0.023302746032109058,0.01764670835026108,0.07992043653649882,0.013542208786769459,0.018147965603525402,0.09341451641952875,2048
mid_crt_centroid_x_mm,front_speed_mm_per_day,0.0005160189042278545,0.0052564168925863675,0.007148429505158243,0.0008973683113411088,0.0004864950283204802,0.006985977306035214,2048
mid_crt_centroid_x_mm,front_width_mm,-0.0014827820888297994,0.0038296906384114784,0.00409802628337864,0.0005656303179123158,-0.0018155518621383567,0.003987774305622726,2048
mid_crt_centroid_x_mm,diffusivity_ratio,-0.001229753249283977,0.001022737130229447,0.0002834387708318622,5.761902496134876e-05,-0.0015375109038340534,0.00028719954513947065,2048
mid_crt_centroid_x_mm,resection_time,-9.85618790565756e-05,0.003421458652536522,0.003374030586798583,0.00048713348256976686,0.00038006554934973656,0.0032360593033957954,2048
mid_crt_centroid_x_mm,chemo_kill_rate,2.0226667139001694e-06,2.3274032800130543e-05,1.4896916809493078e-07,2.796614210300577e-08,-2.153752740665656e-06,1.6252278029272265e-07,2048
mid_crt_centroid_x_mm,rt_alpha,-0.00020970352855716401,0.0031504917098598892,0.002570969973839815,0.0003797257382548941,0.0011227257343734748,0.0024831400175805824,2048
mid_crt_centroid_x_mm,rt_alpha_beta_ratio,1.602184223924811e-05,0.0004958326063822473,4.8162404882128174e-05,1.582985875007084e-05,0.00019609718050041003,4.820905656195974e-05,2048
mid_crt_centroid_x_mm,seed_peak_density,-0.00047309364833160396,0.0008025078749444335,0.00012873633762152206,7.713746412423562e-05,-0.0001321320702634456,0.00011646968398868565,2048
mid_crt_centroid_x_mm,seed_relative_width,-0.0005048962099268054,0.0019529562742856474,0.0009485167984013113,0.00011745076675499352,0.0004134313872537319,0.0008888253889197903,2048
mid_crt_centroid_x_mm,gaussian_seed_x_fraction,0.9853904535139058,0.04961982629730867,1.001891605285181,0.04550176166411087,0.9861246096261485,0.9993921946290647,2048
mid_crt_centroid_x_mm,gaussian_seed_y_fraction,0.0016291450831510325,0.0027362457823384965,0.002025269249846279,0.00033711916359544235,0.0018874338296845162,0.002065533950325745,2048
mid_crt_centroid_x_mm,gaussian_seed_z_fraction,-0.0009164732708628638,0.0022459030808209043,0.001494711988386181,0.00026730040034570395,-0.0008309502717280058,0.0016783934863343006,2048
mid_crt_centroid_y_mm,front_speed_mm_per_day,2.347560887134532e-05,0.0036401393745466998,0.003538515199556353,0.0005486777071053104,0.0014527973873627762,0.003442158535602213,2048
mid_crt_centroid_y_mm,front_width_mm,0.0017476636744436808,0.0027258133334477855,0.0020972246805819688,0.0003811949253898203,0.002382126298588206,0.0020954008986292937,2048
mid_crt_centroid_y_mm,diffusivity_ratio,-3.3558813619361255e-05,0.0007453155533504504,0.00015018757281052935,3.145445907302969e-05,-0.0003245775489036749,0.000136767623895596,2048
mid_crt_centroid_y_mm,resection_time,0.00033087770996810355,0.0027101536355865854,0.0017862314234182537,0.00034720831828765936,0.001573935919081751,0.0017759539905424998,2048
mid_crt_centroid_y_mm,chemo_kill_rate,-2.563850590974975e-06,1.7225076298515136e-05,8.398920231338993e-08,1.996840482218053e-08,-2.906946327908445e-05,7.817826994829954e-08,2048
mid_crt_centroid_y_mm,rt_alpha,0.00015177858422962216,0.002219402736661038,0.0013348595021678642,0.0002479409298384763,-0.00015124539122150118,0.0012067140953722396,2048
mid_crt_centroid_y_mm,rt_alpha_beta_ratio,-9.239008650518683e-05,0.0002729012765468201,2.0582069563349768e-05,8.27406670449178e-06,-1.5136207723299146e-06,2.1841852168993485e-05,2048
mid_crt_centroid_y_mm,seed_peak_density,-6.627018590940385e-05,0.00039200782314124786,4.495253183503067e-05,1.1972784637864838e-05,0.0001396180001245117,5.851888188181177e-05,2048
mid_crt_centroid_y_mm,seed_relative_width,-0.00039907252777857306,0.0014046554939000063,0.0004935923470255979,0.00011194105482897426,0.0006148280722964764,0.0005636704730221062,2048
mid_crt_centroid_y_mm,gaussian_seed_x_fraction,0.009734749913190191,0.01769457814214292,0.09944411958692023,0.010616388138779612,0.0093895524735867,0.09922701106721696,2048
mid_crt_centroid_y_mm,gaussian_seed_y_fraction,0.8961905407731782,0.05120453438787647,0.989389180807562,0.052481233787033524,0.8987220732596589,0.9905888458213402,2048
mid_crt_centroid_y_mm,gaussian_seed_z_fraction,-0.0003188802078747121,0.0026618790491104456,0.0017173021368904798,0.0003083652004087352,0.0015702865525770542,0.0019494509109003815,2048
mid_crt_centroid_z_mm,front_speed_mm_per_day,-0.0025418968957970217,0.006503767855499053,0.010368812812555807,0.0013353600908852185,-0.0036449765269087634,0.00881630940013314,2048
mid_crt_centroid_z_mm,front_width_mm,-0.0005080558004563175,0.004693767394770803,0.006505865157209146,0.0010259348137512162,-0.004870335178053052,0.006442349566398193,2048
mid_crt_centroid_z_mm,diffusivity_ratio,-0.0002796639340458418,0.0019834760398818336,0.0008953974263413389,0.0003318339206321354,9.655948794589912e-05,0.0011437826135261495,2048
mid_crt_centroid_z_mm,resection_time,0.0006014410074452517,0.004432457707680052,0.00528457692287826,0.0008088608281798173,-0.002318447478721516,0.005258546468682354,2048
mid_crt_centroid_z_mm,chemo_kill_rate,3.4717506993436975e-06,3.230473724663197e-05,2.6993670865395265e-07,6.617184180322285e-08,-9.933697578775552e-06,2.3713633183638608e-07,2048
mid_crt_centroid_z_mm,rt_alpha,0.0026100754164285218,0.004580465611020918,0.0047241997529827474,0.0007534377139978667,0.004057841915544202,0.004756250518615212,2048
mid_crt_centroid_z_mm,rt_alpha_beta_ratio,-0.00013860890030202474,0.0005388205839292159,8.470694729757701e-05,4.2787049922427204e-05,-0.001318035966116295,9.883565681851475e-05,2048
mid_crt_centroid_z_mm,seed_peak_density,-0.0005731112083465897,0.0010662173503108432,0.00022880931058839204,0.0001307589203324565,-0.00029140600417723584,0.0001358397001146629,2048
mid_crt_centroid_z_mm,seed_relative_width,0.002203946839127383,0.002657885816641651,0.0016963878198929217,0.00035600280162225963,0.0010693113969727774,0.0017669596420087758,2048
mid_crt_centroid_z_mm,gaussian_seed_x_fraction,0.022101665569787512,0.01807709621913352,0.10023097196117904,0.010011410234109817,0.021761698087419772,0.1001761848658935,2048
mid_crt_centroid_z_mm,gaussian_seed_y_fraction,0.03175027058411393,0.023383354706044777,0.17076751147540417,0.014142395023204527,0.02916028576178167,0.17313388067113347,2048
mid_crt_centroid_z_mm,gaussian_seed_z_fraction,0.7725788532102479,0.05317466603097354,0.9203025114768384,0.06039039816599831,0.7815419707418062,0.91756379456425,2048
mid_crt_R_g,front_speed_mm_per_day,0.2155216609777912,0.03286667552668237,0.27883410201642983,0.026235806045677153,0.2126350756833523,0.2871119022540323,2048
mid_crt_R_g,front_width_mm,0.4349476595407976,0.04080866899107001,0.4689162925346575,0.03316035519205057,0.4398946949130405,0.4637324301060283,2048
mid_crt_R_g,diffusivity_ratio,0.01161194363262581,0.008191536935160258,0.015729881487171943,0.0021979681491057024,0.013329939456349355,0.01597636328939973,2048
mid_crt_R_g,resection_time,0.09610514710628607,0.022107371805525588,0.12665215332483454,0.013637807681004841,0.09495866566221649,0.12576268411943675,2048
mid_crt_R_g,chemo_kill_rate,9.24018865825181e-05,0.0001940920432859952,8.155360557278006e-06,1.5766817034061609e-06,7.93700512656302e-05,8.128407897987718e-06,2048
mid_crt_R_g,rt_alpha,0.01781247093450789,0.011175070643826508,0.03266736980266426,0.0036554606476757903,0.018811135215337695,0.033725630437193455,2048
mid_crt_R_g,rt_alpha_beta_ratio,-8.764658588845711e-05,0.0012579689499362706,0.0005250856314808581,0.00013881502073635835,0.00024018310326333927,0.0005811782811524504,2048
mid_crt_R_g,seed_peak_density,0.0072644397875846044,0.004331398810154987,0.005245159600573662,0.0005658400011840106,0.007931409503926146,0.0050000935798135545,2048
mid_crt_R_g,seed_relative_width,0.09060296179189276,0.018703269121049252,0.10673786732883384,0.008994388327690865,0.09201275121386039,0.10309500599961412,2048
mid_crt_R_g,gaussian_seed_x_fraction,0.008172342107036512,0.010977792776392638,0.0330033060393584,0.004052990405439874,0.008957589318529243,0.030897015866494314,2048
mid_crt_R_g,gaussian_seed_y_fraction,0.009352494540243587,0.010663971848696111,0.030156100500489964,0.004603251843277975,0.009399772964169257,0.028068560078251096,2048
mid_crt_R_g,gaussian_seed_z_fraction,0.015753228099905578,0.010755924750875506,0.02844765776717667,0.004080753547240879,0.019273892857940237,0.03214257006398263,2048
mid_crt_log10_anisotropy,front_speed_mm_per_day,0.24117446474657933,0.0399128277649477,0.441852816668299,0.04131490727824387,0.2512381006369815,0.42234177642783094,2048
mid_crt_log10_anisotropy,front_width_mm,0.013999546909348426,0.030604110365788202,0.2638336879919438,0.02796614398047785,0.02260591350692453,0.26530151873394475,2048
mid_crt_log10_anisotropy,diffusivity_ratio,0.004619876033275099,0.014647701017717528,0.051774935008995444,0.0074581847589333915,0.005509149765688937,0.05394685405481488,2048
mid_crt_log10_anisotropy,resection_time,0.12712560242294355,0.032105821817183106,0.25908897642925116,0.027456209986720864,0.1301016971420559,0.26108234829718857,2048
mid_crt_log10_anisotropy,chemo_kill_rate,-1.9619170131743816e-05,0.00018454872153590184,1.0499058890889109e-05,2.9179113023739377e-06,0.00020247925285889928,1.1828913369113252e-05,2048
mid_crt_log10_anisotropy,rt_alpha,0.0603940904656878,0.027600896541987243,0.18445389253291944,0.023128052152586516,0.0743929456060493,0.20027933954110605,2048
mid_crt_log10_anisotropy,rt_alpha_beta_ratio,0.0008568067568025932,0.004525315113958268,0.005339525393003492,0.001275871888758953,0.004631301091626572,0.005678065317073333,2048
mid_crt_log10_anisotropy,seed_peak_density,0.0015067323229981562,0.0053746253733519345,0.009051446979906275,0.004579196076320185,0.005812803443092439,0.007836798267572406,2048
mid_crt_log10_anisotropy,seed_relative_width,0.012931535044467821,0.015418753588384928,0.05540117947270401,0.007228435569353711,0.015866021739495972,0.05578032065735381,2048
mid_crt_log10_anisotropy,gaussian_seed_x_fraction,0.07744718804976154,0.03254836295723873,0.2751785193399091,0.025062308446992546,0.07973046639713192,0.2752666614975347,2048
mid_crt_log10_anisotropy,gaussian_seed_y_fraction,0.02686236465013161,0.031412985399541675,0.21016394553697318,0.022090130745482984,0.027626491001469737,0.22331852018585183,2048
mid_crt_log10_anisotropy,gaussian_seed_z_fraction,0.013849793797597628,0.02838181784385763,0.1863467440939232,0.020455590161286223,0.021312801194020185,0.19659918538149584,2048
mid_crt_wm_fraction,front_speed_mm_per_day,0.08210319737779768,0.024592922599120024,0.18892756269127484,0.017812256104211128,0.06738371946657534,0.18580205324948035,2048
mid_crt_wm_fraction,front_width_mm,0.0025697110609021003,0.020698000694852392,0.13134725559409954,0.014528396597949838,0.02121102216375746,0.1313341399399965,2048
mid_crt_wm_fraction,diffusivity_ratio,0.01923149930257794,0.011623280368245567,0.03405445716904057,0.003929413706223482,0.008239524906447745,0.03628956240144468,2048
mid_crt_wm_fraction,resection_time,0.028624933431893314,0.018516875340385076,0.10916630930582799,0.011647125629626677,0.025376631417034497,0.10782421641186776,2048
mid_crt_wm_fraction,chemo_kill_rate,0.00017472649903048037,0.00014294022247147655,6.609079094592908e-06,1.4501013289810683e-06,0.00017629350070300407,7.379888972644403e-06,2048
mid_crt_wm_fraction,rt_alpha,0.02321926176205221,0.017875699313943328,0.0856676096121264,0.012464995098732811,0.02430071019274827,0.08779702284163941,2048
mid_crt_wm_fraction,rt_alpha_beta_ratio,-0.0018217043090868828,0.002948179257246794,0.0019133015998252538,0.0006977845126762735,-0.001194937701812173,0.0020098379748715784,2048
mid_crt_wm_fraction,seed_peak_density,0.0013966219119763957,0.0038126516574305412,0.0037036351138073583,0.0010962448119741393,0.00010292873204871234,0.003748196842989053,2048
mid_crt_wm_fraction,seed_relative_width,0.005185358871165302,0.01102609818643096,0.034503551994434695,0.004750588632662668,0.005111485609828794,0.03196676584773786,2048
mid_crt_wm_fraction,gaussian_seed_x_fraction,0.10827253569498475,0.03962309418627316,0.4181611221789349,0.03997558869280379,0.09922639638550565,0.42516554229082293,2048
mid_crt_wm_fraction,gaussian_seed_y_fraction,0.05484112937004538,0.03563490248044837,0.33868617665270107,0.03327464908095845,0.07080013050054765,0.3320367333213657,2048
mid_crt_wm_fraction,gaussian_seed_z_fraction,0.1993514837198163,0.04269537526023708,0.478528900611979,0.045373563746600974,0.19935457108034516,0.48194317927165287,2048
end_crt_log10_mass,front_speed_mm_per_day,0.14631431242292536,0.024080889421728115,0.1995669665722178,0.021482035549406416,0.14587424032630852,0.20587450946173555,2048
end_crt_log10_mass,front_width_mm,0.18394962490263947,0.030888786886925125,0.29876958064135944,0.03314023876048715,0.1905352067131999,0.2943391792732322,2048
end_crt_log10_mass,diffusivity_ratio,0.004145024991428045,0.005186409934216931,0.009101267320336446,0.0013011012660374055,0.0037643634359731696,0.00953698200382571,2048
end_crt_log10_mass,resection_time,0.014350238245353635,0.010199992396638522,0.028521502414295047,0.0036682601196275644,0.01590372983212297,0.02739317489538261,2048
end_crt_log10_mass,chemo_kill_rate,0.06530640084227894,0.01550509756544576,0.062464629581483355,0.005188246823824672,0.06603888757619214,0.06227701025067611,2048
end_crt_log10_mass,rt_alpha,0.41295683358136137,0.04392987966106058,0.5206102383652665,0.03931527688174428,0.3895494151641487,0.5152661563599795,2048
end_crt_log10_mass,rt_alpha_beta_ratio,0.0019988923914590006,0.004261123155811996,0.004301719944420586,0.0006453944942106524,0.0022007452432015575,0.004333297368093843,2048
end_crt_log10_mass,seed_peak_density,3.787628598392453e-05,0.0029160797198767865,0.001823619404639619,0.00043949372182023103,-0.0017486349231517018,0.0018090814002120362,2048
end_crt_log10_mass,seed_relative_width,0.018196129828822603,0.010214798606764922,0.026861521529594593,0.0032456716509039626,0.018950718813273107,0.025338779244390614,2048
end_crt_log10_mass,gaussian_seed_x_fraction,0.004365429267558047,0.006212044471513225,0.01339310202355805,0.002049432077907115,0.0025558098869526828,0.012601505545153761,2048
end_crt_log10_mass,gaussian_seed_y_fraction,0.003856107354876151,0.00656010948317798,0.01078467303147493,0.001955169301028866,-0.001772407174893188,0.010927922015126287,2048
end_crt_log10_mass,gaussian_seed_z_fraction,0.006922941232598188,0.007821552506479527,0.012825726927895542,0.0017813275416020235,0.0058640018361692135,0.013140039583837033,2048
end_crt_V_core,front_speed_mm_per_day,0.00011994665045916749,0.0033630817905945256,0.12874509420515926,1.6222715628955797,1.3466799350201878e-05,0.1119700115247499,2048
end_crt_V_core,front_width_mm,0.00013964907326449169,0.0033573269587451725,0.11771802701696447,1.3459730894316566,0.00013240655462070102,0.05474547927780905,2048
end_crt_V_core,diffusivity_ratio,-0.00018425603277500934,0.0014653750626266238,0.0866015624552581,0.6863581572911719,-0.00021641884462588032,0.09278382181322513,2048
end_crt_V_core,resection_time,-3.2177314064457906e-05,0.001508741490894373,0.04054237393768163,0.28858356670192475,0.0001037958171834391,0.030653138781035875,2048
end_crt_V_core,chemo_kill_rate,-1.0497028633167424e-05,0.0024084746685086667,0.11035192144674548,0.9452140513222238,2.0993448850040642e-05,0.06243073314413674,2048
end_crt_V_core,rt_alpha,2.7773388258588813e-05,0.002200535560744743,0.09146585631051264,0.7998815570234378,-2.5992767512923738e-05,0.08138868336040413,2048
end_crt_V_core,rt_alpha_beta_ratio,1.1462272645412699e-05,0.0004659555028293942,0.0028787541752873244,0.02890191309787665,2.7855982217540887e-06,0.0008151662510826223,2048
end_crt_V_core,seed_peak_density,6.711462272642946e-06,9.9363725328335e-05,0.0001670748475026219,0.001525657500111336,-4.270635684344791e-06,2.77676329083833e-05,2048
end_crt_V_core,seed_relative_width,-3.751632000718964e-05,0.0003672991548045748,0.003529652530299299,0.024720645342220984,-3.100131001097827e-05,0.0019168708482952311,2048
end_crt_V_core,gaussian_seed_x_fraction,4.8737281649541e-05,0.0006530741545945729,0.01574955223376049,0.1157372922715549,7.241632993043457e-05,0.015732897969615994,2048
end_crt_V_core,gaussian_seed_y_fraction,-1.9606518998732284e-05,0.0013122214265620371,0.03181940216748856,0.2525520522624789,0.0001098189815503444,0.01598602080193864,2048
end_crt_V_core,gaussian_seed_z_fraction,-0.0003140738114531539,0.002595829489834332,0.13239030013991598,1.0325567267432496,-0.0002855053700594498,0.13034982519085261,2048
end_crt_V_edema,front_speed_mm_per_day,0.02229989968991491,0.04072239564251659,0.5008538301134055,0.3073960237009706,0.03445764224546569,0.5143261154311539,2048
end_crt_V_edema,front_width_mm,0.000496136605965135,0.005208842731461846,0.3470664832494426,0.2227301157799816,0.0015100035877473783,0.38112022695596964,2048
end_crt_V_edema,diffusivity_ratio,0.00018515604272068836,0.0016098160301795267,0.043591922729832575,0.04753556657974493,0.00014435626217951697,0.047554129840374625,2048
end_crt_V_edema,resection_time,0.0027581541917778437,0.0071180390422834125,0.19209468106310554,0.13469322646835716,0.006237372869123622,0.15136440717920624,2048
end_crt_V_edema,chemo_kill_rate,-0.0013897805321885755,0.004489503017537491,0.326991226657874,0.23120810100398964,-0.001493433028570432,0.29740937369338516,2048
end_crt_V_edema,rt_alpha,0.029022310147318254,0.028442020088678983,0.40054036508537927,0.2285994307019959,0.023471279968686934,0.3653254982137424,2048
end_crt_V_edema,rt_alpha_beta_ratio,-9.493016485739663e-05,0.0013454344155343894,0.014808942012631247,0.011902718738457784,-0.0007801690624692157,0.007405762813566833,2048
end_crt_V_edema,seed_peak_density,-7.189441015858438e-05,0.00022979467090116689,0.0009076971787409132,0.0007659856746594263,-0.00012899302209112872,0.00031056045682318153,2048
end_crt_V_edema,seed_relative_width,0.0022062623318232348,0.005715908648072836,0.019198352143468836,0.015827580645969428,0.004164256105334624,0.02203115399218888,2048
end_crt_V_edema,gaussian_seed_x_fraction,-0.0007539576769096975,0.0014647369282301012,0.03577506878502195,0.030230939058569453,8.857690160310934e-05,0.032010320538821864,2048
end_crt_V_edema,gaussian_seed_y_fraction,8.774472204127752e-05,0.0016792008310529296,0.04722904904179061,0.03839564374697607,0.0011927429923406408,0.05301298204186013,2048
end_crt_V_edema,gaussian_seed_z_fraction,-0.0013698732847500785,0.0027073396922282496,0.11165995355068394,0.10375612981714603,-0.0011803484568192306,0.1293085101127566,2048
end_crt_log10_V_core,front_speed_mm_per_day,0.0006878464977331546,0.003175651304863122,0.7792960779711862,0.4675817514339284,0.0007435272304341179,0.6496233925269638,2048
end_crt_log10_V_core,front_width_mm,0.039007748621352645,0.08395208467743132,0.792400599898537,0.4706509886656022,0.07340694836447262,0.7291819007053759,2048
end_crt_log10_V_core,diffusivity_ratio,1.4566256407364192e-05,0.00016630990490952392,0.00217653344151267,0.002216191794189328,-3.0188517201299766e-06,0.002741821316677242,2048
end_crt_log10_V_core,resection_time,-2.9357633590235968e-05,0.00023612049481016955,0.004647868098913976,0.006525867799214928,0.00012355520458269417,0.007107668744879147,2048
end_crt_log10_V_core,chemo_kill_rate,-0.0002703243128831986,0.002903101982706215,0.591008019892069,0.45948102531696894,-5.8420064429000295e-05,0.5225624737371862,2048
end_crt_log10_V_core,rt_alpha,-0.00011400065503801159,0.003198259808068612,0.6032310343029942,0.4454694846838328,-0.0009912664648839182,0.6148853049410996,2048
end_crt_log10_V_core,rt_alpha_beta_ratio,0.00021349061349331102,0.00047169893201714466,0.017201540277168005,0.03385469855415058,-4.686468535756183e-05,0.0007123583750267098,2048
end_crt_log10_V_core,seed_peak_density,7.198053433040379e-06,1.215277220307021e-05,1.3682856098494784e-05,1.9267206542756914e-05,-3.844204930001637e-06,1.5090973176930453e-06,2048
end_crt_log10_V_core,seed_relative_width,1.257826854670086e-06,5.882479268862415e-05,0.00025042503674174385,0.00021388306074123469,-7.498334270209862e-06,8.946467370985567e-05,2048
end_crt_log10_V_core,gaussian_seed_x_fraction,4.945074434804347e-05,0.00010913018766874288,0.001113439581956366,0.0014376016727627823,7.568655912453607e-05,0.001752158884434097,2048
end_crt_log10_V_core,gaussian_seed_y_fraction,3.530108096795238e-05,0.00016986579887234797,0.002244431292060223,0.0018902135610508488,0.0001536158628080903,0.0021892128109126034,2048
end_crt_log10_V_core,gaussian_seed_z_fraction,-0.00014688727969096804,0.00019145517278778616,0.003177545868412038,0.0034531609477171047,-8.341945343066148e-05,0.00232553053954448,2048
end_crt_log10_V_edema,front_speed_mm_per_day,0.030627323345795657,0.03849756517822059,0.5512957354949539,0.10566745619700026,0.0366415478456293,0.5837652892655686,2048
end_crt_log10_V_edema,front_width_mm,0.03918352848048024,0.033298333108624366,0.3596969017899647,0.0838968824199813,0.046229751176266425,0.35963688862667886,2048
end_crt_log10_V_edema,diffusivity_ratio,-4.618441391612892e-05,0.0025947236977815883,0.004714054638337668,0.0030607528116682707,-0.0006128936717384708,0.00645533310333495,2048
end_crt_log10_V_edema,resection_time,0.002351434708017653,0.005482389268396957,0.03575315390045095,0.018293831888157423,0.003820531323881362,0.03765813495073593,2048
end_crt_log10_V_edema,chemo_kill_rate,0.012547335642064691,0.028614834106717116,0.4039638632224611,0.08650768275908513,0.016078362248961545,0.40054433437690684,2048
end_crt_log10_V_edema,rt_alpha,0.13107284468818975,0.0693905567975416,0.7455131314099515,0.12703334411331632,0.12229295575547575,0.7525156017393932,2048
end_crt_log10_V_edema,rt_alpha_beta_ratio,-0.0012197699833217518,0.012269329412184967,0.02972019082901618,0.015519108749785208,-0.008240451393396998,0.026355288197075787,2048
end_crt_log10_V_edema,seed_peak_density,-0.0009904392045276772,0.0011240057043430704,0.0024185206741699026,0.0031207091074789118,-0.0010184828136422545,0.0001556464697842878,2048
end_crt_log10_V_edema,seed_relative_width,0.0019291135470628376,0.004930719602802959,0.007189074421615894,0.004462371806980893,0.0035828057736620317,0.006733900283823695,2048
end_crt_log10_V_edema,gaussian_seed_x_fraction,-0.0016463526711009793,0.0025180820027825334,0.013291968448430438,0.009479605754414547,-0.00020232864231444842,0.01182841992569734,2048
end_crt_log10_V_edema,gaussian_seed_y_fraction,-0.0005826329924537792,0.0023196869796098746,0.009572931166725224,0.005374487511359595,-0.0011629760456307035,0.00952695153311838,2048
end_crt_log10_V_edema,gaussian_seed_z_fraction,-0.00011036745135569564,0.0020956503864039216,0.015485205162216742,0.011880589258698004,0.00042493450403449987,0.01306479512013919,2048
end_crt_r95_core,front_speed_mm_per_day,-1.9508670157679228e-05,0.0032311170983087027,0.7930687594930567,0.661280480691422,3.166604776625631e-05,0.8581263657907146,2048
end_crt_r95_core,front_width_mm,0.025235043624601425,0.0541450186407471,0.6567907125464357,0.47164401636849523,0.05198046346305911,0.5022242154945656,2048
end_crt_r95_core,diffusivity_ratio,2.2182272030308143e-05,0.00017482177228144826,0.0025207575647243838,0.003017479455831555,-9.29248788912292e-07,0.004114864956647594,2048
end_crt_r95_core,resection_time,-8.663899026657744e-05,0.0006966726996964079,0.045092558479208254,0.060071618494381494,0.00041049611678829995,0.068555385029006,2048
end_crt_r95_core,chemo_kill_rate,-0.00020594091108125975,0.0024055455388825105,0.47052520400639636,0.41277761222698583,-2.650738442626238e-05,0.48383874316036873,2048
end_crt_r95_core,rt_alpha,-0.00047285033515423263,0.0029406903785744462,0.5609573899500484,0.5236925395630332,-0.0008963931092173896,0.6767534575864927,2048
end_crt_r95_core,rt_alpha_beta_ratio,8.689794798206517e-05,0.0001715071407922043,0.00247014659941559,0.004882863871157354,1.8962892875460724e-05,9.06421732678008e-05,2048
end_crt_r95_core,seed_peak_density,2.021255312767053e-05,3.7298941404238934e-05,0.0001369748258309527,0.0002367372083750395,-7.942462697788791e-06,1.0102726023448222e-05,2048
end_crt_r95_core,seed_relative_width,-2.9182949408960526e-05,0.00012347976477866446,0.001315564760518495,0.001425959923375075,-3.013471188266995e-05,0.00045181729510650426,2048
end_crt_r95_core,gaussian_seed_x_fraction,6.2806049758454e-05,9.976129102281438e-05,0.0011530082489965999,0.0013483218774843649,0.00011251865601159799,0.0019169542399718918,2048
end_crt_r95_core,gaussian_seed_y_fraction,0.00010368025870680549,0.0001993911906141448,0.004571080647096783,0.007617855737512305,0.00023056279916597064,0.008797167870253189,2048
end_crt_r95_core,gaussian_seed_z_fraction,-6.982342697937543e-05,0.00019619329711941018,0.0029521431488960586,0.0050105370793919225,-3.5237767344507774e-05,0.0014031893800928563,2048
end_crt_r95_edema,front_speed_mm_per_day,0.03927665267714445,0.05073904101979669,0.5843839532728936,0.13172304359007153,0.047926351050207025,0.5730773006153221,2048
end_crt_r95_edema,front_width_mm,0.020439903852788693,0.020861449088706442,0.31984031889976633,0.10143344365088401,0.02207866900786842,0.34348081518992446,2048
end_crt_r95_edema,diffusivity_ratio,0.00019031298813373617,0.0022235153770903404,0.018598761115809978,0.021986834950223442,0.0016538015685461174,0.018081012925268678,2048
end_crt_r95_edema,resection_time,0.005711859880981403,0.010138844664524532,0.13371943143630036,0.0510117011694737,0.00805486886124337,0.15266723621882397,2048
end_crt_r95_edema,chemo_kill_rate,0.013544576040151945,0.015430767482618433,0.36738535985964704,0.09905874077377186,0.011430543221525324,0.32695132466729837,2048
end_crt_r95_edema,rt_alpha,0.12191763312218677,0.06796491579423176,0.7086165542986868,0.1537419236533541,0.14691197271668677,0.7349510241116857,2048
end_crt_r95_edema,rt_alpha_beta_ratio,0.006261038818625082,0.013029665672087685,0.055589296804484954,0.044131500882573386,0.001109464053623113,0.03876649329525608,2048
end_crt_r95_edema,seed_peak_density,-0.0006491652514443836,0.001441644151748911,0.009223375232828778,0.017480184077402084,-0.0003449551374731613,0.0006321701618477228,2048
end_crt_r95_edema,seed_relative_width,0.005204581757835354,0.008940727115388653,0.029111229080093476,0.020800794609495077,0.010477985691728288,0.02421567913075735,2048
end_crt_r95_edema,gaussian_seed_x_fraction,-0.001854361021257008,0.001453971652685687,0.009237361359128738,0.007856127468321202,-0.0009556064842344505,0.005220106868070499,2048
end_crt_r95_edema,gaussian_seed_y_fraction,-7.243551723027267e-05,0.0022958781095704065,0.017572865876535573,0.019308100454684132,0.0010744159722305012,0.003207243974548082,2048
end_crt_r95_edema,gaussian_seed_z_fraction,0.00024645324983743453,0.002737090395927421,0.0298529695565717,0.027350342668412547,0.0003818906063770541,0.032463114662056536,2048
end_crt_centroid_drift,front_speed_mm_per_day,0.2536934866503134,0.038961240434110984,0.3627341142048444,0.036377532018639226,0.23884587471135063,0.3474528461162876,1985
end_crt_centroid_drift,front_width_mm,0.11711777370246362,0.029422385464575894,0.22903934253818445,0.02339441011788134,0.10590511278332161,0.22533108067787672,1985
end_crt_centroid_drift,diffusivity_ratio,0.0004223841881832903,0.009354355928352553,0.016378413192065313,0.003342934575752455,0.003514694328860168,0.01743493065495674,1985
end_crt_centroid_drift,resection_time,0.09116840117440178,0.02445028792538818,0.16167340416637827,0.019698329938591826,0.08897100574418036,0.16136761694393195,1985
end_crt_centroid_drift,chemo_kill_rate,1.9425372344003834e-06,0.0004066337978791497,4.367828651169432e-05,8.256970667851674e-06,0.0002901109213347783,4.3708403073706006e-05,1985
end_crt_centroid_drift,rt_alpha,0.20257808520786422,0.037861936614669876,0.31418810828548277,0.02822086362889194,0.20339298613282075,0.32068679062006433,1985
end_crt_centroid_drift,rt_alpha_beta_ratio,0.004404099542871537,0.004520261908238947,0.0046261862668789955,0.001512636708675466,0.004307612182866734,0.005461941960669721,1985
end_crt_centroid_drift,seed_peak_density,0.0018882609370387334,0.0049739411295750355,0.008059951284507764,0.003627234086454899,-0.00048140439174772427,0.009127951051719528,1985
end_crt_centroid_drift,seed_relative_width,0.020005023802038564,0.012330995637476208,0.03909653155138873,0.005090877840521567,0.019787022750456858,0.03804485074264803,1985
end_crt_centroid_drift,gaussian_seed_x_fraction,0.02811057456985804,0.020107277498032657,0.10695021106823184,0.013376498916092062,0.02587605707342444,0.10658007566407866,1985
end_crt_centroid_drift,gaussian_seed_y_fraction,0.025542345096602578,0.020573674115720225,0.0939331831290291,0.0123648878519455,0.011611702338293789,0.09721250198683602,1985
end_crt_centroid_drift,gaussian_seed_z_fraction,0.015858774830743296,0.018219268092622098,0.08270598557967485,0.012204166726122775,0.004651349929970813,0.09051404621552722,1985
end_crt_centroid_x_mm,front_speed_mm_per_day,0.001593934780775984,0.006272550057865515,0.010094754013746182,0.0012821037030780367,-0.0006048991231997139,0.009937777077208361,1985
end_crt_centroid_x_mm,front_width_mm,-0.00030877450155575157,0.005500074184835932,0.007052829290663388,0.000811450261172582,0.0005804400282242937,0.006977051443913281,1985
end_crt_centroid_x_mm,diffusivity_ratio,-0.0011363476633632704,0.0015044973290311606,0.000616130779500889,0.00013089086142350275,-0.0013354771501274823,0.000640332593824406,1985
end_crt_centroid_x_mm,resection_time,0.00014675340926895714,0.004051964701242866,0.004449164063718743,0.0006698381884382178,0.0012565646050154157,0.004588375035815011,1985
end_crt_centroid_x_mm,chemo_kill_rate,7.199532844234346e-07,7.05195008057349e-05,1.2631317136860069e-06,2.7391822518539463e-07,-5.156812485566906e-06,1.39319096443623e-06,1985
end_crt_centroid_x_mm,rt_alpha,8.429162246332016e-05,0.005736453542936601,0.008422476082855386,0.0009143637391651637,-0.0008119557910524803,0.008592605787156227,1985
end_crt_centroid_x_mm,rt_alpha_beta_ratio,0.0004402671671952787,0.0006294564453364422,0.00011777461637335385,4.1934268634395675e-05,0.0005107673096998854,0.00013528518140514973,1985
end_crt_centroid_x_mm,seed_peak_density,-2.3397827750638764e-05,0.001064150895784224,0.0003077133491480599,0.0001595016173043816,0.0005382625906772065,0.0003535580625690865,1985
end_crt_centroid_x_mm,seed_relative_width,0.00023989980684134942,0.002255817437986365,0.0014879810100854104,0.00021540953662405288,0.0017519984475421705,0.0014068951192245417,1985
end_crt_centroid_x_mm,gaussian_seed_x_fraction,0.9745932985155318,0.05054598874751177,1.000350465743493,0.047096194674990204,0.9723123447175894,0.9944341332079032,1985
end_crt_centroid_x_mm,gaussian_seed_y_fraction,0.0018104290864358649,0.003976812556013264,0.00406555806011163,0.0006422126241756632,0.0014813688484638888,0.003824758400601719,1985
end_crt_centroid_x_mm,gaussian_seed_z_fraction,-0.0022925156202195703,0.0038504183396854815,0.0036924381615693093,0.0008872795829380889,-0.003751891707181866,0.004253991174826266,1985
end_crt_centroid_y_mm,front_speed_mm_per_day,-0.0004335359342194299,0.004344261077014673,0.005473161432585585,0.0008948390874088749,0.0015619380274989798,0.005887571719533874,1985
end_crt_centroid_y_mm,front_width_mm,0.0015414495435616814,0.0034567670757685554,0.003540060369609724,0.0005472478934057125,0.001390384760614371,0.0035698262130451045,1985
end_crt_centroid_y_mm,diffusivity_ratio,0.00014153030171512444,0.001213631175528353,0.00043358745737744373,0.0001646956975109501,0.0001955686745703834,0.0005311850096619309,1985
end_crt_centroid_y_mm,resection_time,0.00023446713852663754,0.003050793639619954,0.0027046063639278883,0.0005440557292311655,0.0022135885319866646,0.0029938696007620075,1985
end_crt_centroid_y_mm,chemo_kill_rate,3.917555878060513e-06,4.811728500445923e-05,7.077219868761709e-07,2.2960216877461054e-07,-5.814513979124198e-05,6.001557570128061e-07,1985
end_crt_centroid_y_mm,rt_alpha,-0.0015159515842496723,0.0038289773546853587,0.0041141855857913185,0.0005707833829633238,-0.0011576089560538824,0.004303352940258164,1985
end_crt_centroid_y_mm,rt_alpha_beta_ratio,-0.00024364763634617486,0.0004264000003064542,7.778438798905462e-05,4.576837450239454e-05,-0.0004899015148626313,0.00010524778382116782,1985
end_crt_centroid_y_mm,seed_peak_density,-0.00040367248703292044,0.0007446127552349888,0.00013240567778958508,3.482381912714765e-05,-0.0006591702659386375,0.00017177041784434524,1985
end_crt_centroid_y_mm,seed_relative_width,0.00014720245542805926,0.0020198136075085496,0.0009677447717121881,0.00017540251569875476,0.001208854132971227,0.0011000744568087795,1985
end_crt_centroid_y_mm,gaussian_seed_x_fraction,0.014820084743236657,0.01800454212865435,0.10218282019697825,0.010898252008406733,0.015087167242367054,0.1026699335781292,1985
end_crt_centroid_y_mm,gaussian_seed_y_fraction,0.8794205965155224,0.05383020916048667,0.9810214128812536,0.05289922146655976,0.8752059027668381,0.9712296706425869,1985
end_crt_centroid_y_mm,gaussian_seed_z_fraction,-1.917378955199762e-05,0.0036734817105693878,0.0035573664107175678,0.0005794091167502264,0.0011260919103290978,0.004013135031286145,1985
end_crt_centroid_z_mm,front_speed_mm_per_day,-0.0028890628855087613,0.007700715773776087,0.01697951613301781,0.0025521987198725963,-0.002943052740562599,0.014975428843678645,1985
end_crt_centroid_z_mm,front_width_mm,0.0015496801512660133,0.006768077955604636,0.01181781282491751,0.0016550233653519692,-0.004333504422412638,0.011636886661844967,1985
end_crt_centroid_z_mm,diffusivity_ratio,-0.0003503100437278051,0.002926005266960404,0.001901491451731114,0.0007045098300804362,-0.00021702612344288622,0.002488074791177113,1985
end_crt_centroid_z_mm,resection_time,0.0030717139382822538,0.005317225008965762,0.007839417373151254,0.0012895530180791234,0.0015947848739496517,0.00724557884329137,1985
end_crt_centroid_z_mm,chemo_kill_rate,-1.2879397639277887e-05,9.82620163973404e-05,2.35278532116329e-06,6.188591796053666e-07,-3.7221681848715505e-05,2.224041298871657e-06,1985
end_crt_centroid_z_mm,rt_alpha,0.0033373104254614417,0.007320850579947449,0.014002001881793668,0.0018407013742749645,0.004510310749929817,0.014308351902421476,1985
end_crt_centroid_z_mm,rt_alpha_beta_ratio,-0.00010146990760958708,0.0007562280653503044,0.00016338226835423532,6.0385830540968294e-05,-0.000715692017332697,0.00016579458443507686,1985
end_crt_centroid_z_mm,seed_peak_density,-0.00013036124123421452,0.0014609527252282444,0.0004632683365174073,0.0001802125293706359,0.0002949181150258594,0.00037586407554983847,1985
end_crt_centroid_z_mm,seed_relative_width,0.0015950363848705868,0.0034312023470763893,0.0029056500322973034,0.0005464778088773088,-0.0011547547652814199,0.0028916508342785173,1985
end_crt_centroid_z_mm,gaussian_seed_x_fraction,0.022357426729340848,0.01895042321733504,0.10640607181072222,0.010958710817776319,0.018410193139014024,0.10772031270103333,1985
end_crt_centroid_z_mm,gaussian_seed_y_fraction,0.031222559005455012,0.02527548622679471,0.18443009469011762,0.015301728826766822,0.03033270289430456,0.18905582198468812,1985
end_crt_centroid_z_mm,gaussian_seed_z_fraction,0.7524912439599777,0.05491060950827053,0.92016905168579,0.06252696307330566,0.7594674167211882,0.9187081188036186,1985
end_crt_R_g,front_speed_mm_per_day,0.22007388733040795,0.03356665319439186,0.2818854455337137,0.025410662480660554,0.22151056141701225,0.2931002523654009,1985
end_crt_R_g,front_width_mm,0.4084162292873782,0.04097400134477562,0.44096902109890734,0.032742652310600334,0.4175608783151434,0.44242679694563153,1985
end_crt_R_g,diffusivity_ratio,0.01722584567493644,0.010236701657634805,0.022280512678843192,0.003018743831034362,0.019275283574490425,0.02344391386887837,1985
end_crt_R_g,resection_time,0.08361372367622771,0.021725476402155507,0.11616577750417746,0.01298785893409363,0.08073745160098972,0.11522228449678461,1985
end_crt_R_g,chemo_kill_rate,0.00014359429915584027,0.0005031777115150425,5.3995401971302477e-05,1.1775702327775865e-05,0.00014935603148396483,5.5556329181908736e-05,1985
end_crt_R_g,rt_alpha,0.046144600884168586,0.015278852335022377,0.06418742596734082,0.006331996727225994,0.046630663706785515,0.0656744549672068,1985
end_crt_R_g,rt_alpha_beta_ratio,-0.00033561869894663883,0.001944517879274576,0.0009531645294168088,0.00022741956545600537,-0.0014871644945267772,0.00099341648065422,1985
end_crt_R_g,seed_peak_density,0.0062575127158040365,0.004353332314997143,0.005174021036846624,0.0006467859526936656,0.006652362999268284,0.005202059816375131,1985
end_crt_R_g,seed_relative_width,0.07250056632162981,0.018145478929641457,0.09126093694667323,0.007888110068200664,0.07440226989620138,0.09031950885024004,1985
end_crt_R_g,gaussian_seed_x_fraction,0.015186799992940439,0.013977415412255044,0.05102119385151703,0.00719683293211993,0.02040828657710717,0.05126987765854276,1985
end_crt_R_g,gaussian_seed_y_fraction,0.017335810581560408,0.013690459226804457,0.047892805962728165,0.007204807843766368,0.021363680729717466,0.046794229986886045,1985
end_crt_R_g,gaussian_seed_z_fraction,0.023766895379920973,0.014536716934406614,0.04494192593535164,0.006503813583105466,0.02854876375027539,0.05172007407878561,1985
end_crt_log10_anisotropy,front_speed_mm_per_day,0.16211607952054316,0.03399282096247382,0.2970113192916227,0.03078625022484677,0.17116905481540404,0.29760618921014675,1985
end_crt_log10_anisotropy,front_width_mm,0.027271133373521588,0.029885964563086887,0.2547701027517712,0.027622324578363222,0.018877937908487546,0.2561919384475608,1985
end_crt_log10_anisotropy,diffusivity_ratio,-0.0013733969963202822,0.014214844891730642,0.05488821931538066,0.007918433465313169,0.0023825732709612216,0.05255607960167459,1985
end_crt_log10_anisotropy,resection_time,0.08548812619699342,0.026649169347245004,0.17378891903716254,0.020001912765535073,0.07561382011607132,0.1852004334343361,1985
end_crt_log10_anisotropy,chemo_kill_rate,-0.00013685984515127915,0.00043192140129943356,4.794586168940347e-05,1.2115497412411402e-05,6.657307993769859e-05,5.5683802593501176e-05,1985
end_crt_log10_anisotropy,rt_alpha,0.2842157433667682,0.04723668123616419,0.4856271164361112,0.04404873324922187,0.293386538443879,0.5085528126448893,1985
end_crt_log10_anisotropy,rt_alpha_beta_ratio,0.0024820278178457277,0.005971099063586049,0.009228794075932826,0.0018228792832087903,0.0008922712181924208,0.010125556737769529,1985
end_crt_log10_anisotropy,seed_peak_density,0.0025424539084209067,0.007937361786272237,0.01116637121860362,0.005432089018905235,0.004491830102840633,0.013855489475365712,1985
end_crt_log10_anisotropy,seed_relative_width,0.020816308690208667,0.015540113613506337,0.05702549298683251,0.010038350412630372,0.025442009670378567,0.05656136347702914,1985
end_crt_log10_anisotropy,gaussian_seed_x_fraction,0.028779140235310224,0.029567159542068254,0.19339770688135727,0.01870925074642055,0.02590071004957779,0.1893886749199557,1985
end_crt_log10_anisotropy,gaussian_seed_y_fraction,0.02230193370480258,0.030161396708272576,0.18575509440268104,0.02029784627623502,0.03675358788554799,0.20237150857205968,1985
end_crt_log10_anisotropy,gaussian_seed_z_fraction,0.004547261978633765,0.0266768138419113,0.1662208003247028,0.017452716600714284,0.003016393067155875,0.16922671562102432,1985
end_crt_wm_fraction,front_speed_mm_per_day,0.07404994014981907,0.02594539225367299,0.19638448556515736,0.021158808513977997,0.06182776125186314,0.1877452774937495,1985
end_crt_wm_fraction,front_width_mm,0.028697873039152465,0.024838510538910463,0.17917624862371528,0.020151347085228647,0.04340968835547005,0.16953990248337136,1985
end_crt_wm_fraction,diffusivity_ratio,0.029290816449308463,0.014772149574547984,0.052887810726214936,0.006888131526470548,0.018787559061405935,0.05577782457019694,1985
end_crt_wm_fraction,resection_time,0.02011503304158003,0.01954660686538854,0.11096563583553312,0.014238264786725073,0.006443743987155219,0.10802692179679507,1985
end_crt_wm_fraction,chemo_kill_rate,0.0003748513931154143,0.00036762931217905237,3.8411379183909256e-05,8.74475306854308e-06,0.0004256702953879507,4.299422893826536e-05,1985
end_crt_wm_fraction,rt_alpha,0.11851742191582319,0.03262790153147668,0.24801488163766955,0.029362995875609962,0.11557560916964013,0.26252302423103807,1985
end_crt_wm_fraction,rt_alpha_beta_ratio,-0.0028907387709438013,0.003468782794903565,0.004338580258943063,0.0017979427855923048,-0.002514665502760147,0.005024367333926387,1985
end_crt_wm_fraction,seed_peak_density,7.95610901420965e-07,0.00551442122725687,0.0067448192419773375,0.0031354639013873808,0.0002686739470753784,0.008726372282751032,1985
end_crt_wm_fraction,seed_relative_width,-0.002124703804054862,0.0124207153201511,0.039461420184675446,0.006770370394749443,0.0010330573693752684,0.038250589890815666,1985
end_crt_wm_fraction,gaussian_seed_x_fraction,0.05487766807316591,0.0357294487674465,0.3363720745727186,0.03292578819845786,0.027238792022117982,0.3450843959444834,1985
end_crt_wm_fraction,gaussian_seed_y_fraction,0.024548112167695705,0.03299655155625383,0.28927511520728666,0.031100011245226288,0.03309770625474403,0.28160197327867353,1985
end_crt_wm_fraction,gaussian_seed_z_fraction,0.1666648754406508,0.04124676365878211,0.40578132819569374,0.041256502721578964,0.16880535486506004,0.411662895417153,1985
