qoi,factor,S1,S1_conf,ST,ST_conf,S1_half,ST_half,n_blocks_used
ses01_dice_core,front_speed_mm_per_day,0.028428132111946728,0.045301271227144925,0.29149813451072065,0.04278707013769233,0.04413138620865583,0.3294733748887705,1024
ses01_dice_core,front_width_mm,0.13651286018953698,0.05659102435419635,0.5004632706079788,0.06219199565343795,0.13684878062540576,0.5005545988724259,1024
ses01_dice_core,seed_peak_density,0.013149689994442715,0.021004539203344254,0.07331100404087644,0.020610821932504013,0.024735008549934275,0.08577123117719007,1024
ses01_dice_core,seed_sigma_mm,0.09043801514622683,0.05985233196990723,0.525788193253949,0.057851930045543724,0.08084533537752837,0.5314812007648243,1024
ses01_dice_core,preop_time,0.0364330798739954,0.04334781834763136,0.23168213702836843,0.04156258722938838,0.039732248553194884,0.26981880225172267,1024
ses01_dice_core,diffusivity_ratio,0.010839941057267008,0.011864330430140877,0.020432303448520032,0.010227325968097117,-0.004262739375236947,0.028216461687592977,1024
ses01_dice_core,chemo_kill_rate,0.0,0.0,0.0,0.0,0.0,0.0,1024
ses01_dice_core,rt_alpha,0.0,0.0,0.0,0.0,0.0,0.0,1024
ses01_dice_core,rt_alpha_beta_ratio,0.0,0.0,0.0,0.0,0.0,0.0,1024
ses01_dice_core,gaussian_seed_x_fraction,0.009900907937981263,0.027682248380299,0.11498179118766358,0.019737134934537593,0.028127198529401952,0.1036613354863387,1024
ses01_dice_core,gaussian_seed_y_fraction,0.0355584704168986,0.029015357384143948,0.11002374787638065,0.019868081799235604,0.037814576960568766,0.10221147440963729,1024
ses01_dice_core,gaussian_seed_z_fraction,0.007700136903649517,0.02376269731858582,0.08231752912192147,0.01331907377703189,0.00367156355412953,0.08466330485723329,1024
ses01_dice_core,core_threshold,0.03849610383879095,0.03144598176900412,0.12528603802529995,0.02680461017154649,0.023814899460680872,0.14116366331127125,1024
ses01_dice_core,edema_threshold_ratio,0.0,0.0,0.0,0.0,0.0,0.0,1024
ses01_dice_whole,front_speed_mm_per_day,0.1642422856179684,0.04389827761771538,0.22673125163447566,0.030062660578492252,0.18638887674021007,0.24188577809416278,1024
ses01_dice_whole,front_width_mm,0.06178299261740042,0.028733066485093644,0.10925033756101805,0.01806740088491634,0.07127874585526647,0.1123193655231105,1024
ses01_dice_whole,seed_peak_density,0.011016276981492514,0.009898682875159253,0.011817655025492273,0.0016268644073967101,0.01383830395773433,0.01159150157074537,1024
ses01_dice_whole,seed_sigma_mm,0.3742892755078811,0.057853605459570086,0.48233043478240556,0.04594707407203003,0.3402626487227151,0.4723958943370902,1024
ses01_dice_whole,preop_time,0.09320804705328711,0.031491821803093054,0.14229214398864487,0.0220441092731782,0.07169575031255664,0.15032613536723607,1024
ses01_dice_whole,diffusivity_ratio,-0.0034170634703468207,0.0075892788671708,0.0060769168710039494,0.0018458082068655614,-0.007878040562459752,0.0042190690921982705,1024
ses01_dice_whole,chemo_kill_rate,0.0,0.0,0.0,0.0,0.0,0.0,1024
ses01_dice_whole,rt_alpha,0.0,0.0,0.0,0.0,0.0,0.0,1024
ses01_dice_whole,rt_alpha_beta_ratio,0.0,0.0,0.0,0.0,0.0,0.0,1024
ses01_dice_whole,gaussian_seed_x_fraction,0.08312066419778483,0.029572762505434377,0.12736341009548607,0.01593391377228617,0.08936509200196491,0.13245560990107863,1024
ses01_dice_whole,gaussian_seed_y_fraction,0.017043625845911292,0.015967106069978088,0.03960389143963076,0.00587647202569385,0.00829671199468258,0.037973986874068645,1024
ses01_dice_whole,gaussian_seed_z_fraction,0.0711606100525081,0.027046873907593652,0.09777166788142763,0.012691727480104246,0.061523585060180096,0.09449596684892678,1024
ses01_dice_whole,core_threshold,0.0071629935854310035,0.00923163415387265,0.00983788461850376,0.001774088627311977,0.009245790220614855,0.010881256230402618,1024
ses01_dice_whole,edema_threshold_ratio,0.01158926648257178,0.01366464207859368,0.02527179953109142,0.00418351723010771,0.01192426224615437,0.023908840448997323,1024
ses01_log10_V_core,front_speed_mm_per_day,0.08585671646598263,0.03542079844112747,0.14322115677659286,0.03172894040280178,0.05650903245387656,0.15470014291809706,1024
ses01_log10_V_core,front_width_mm,0.22378709470975658,0.0504102870836449,0.37508961844367245,0.06846579468242044,0.2324186314867796,0.37684610145499886,1024
ses01_log10_V_core,seed_peak_density,0.025818203504746118,0.026838026428542154,0.09167800793768636,0.02734751700974709,0.022878960488744594,0.09051382334411405,1024
ses01_log10_V_core,seed_sigma_mm,0.2512829257458904,0.05419754897064094,0.37567246323748504,0.06401047222782877,0.25800802140979473,0.39741502424791014,1024
ses01_log10_V_core,preop_time,0.059292426063908915,0.029266326177351094,0.11457354415500796,0.029652307156272706,0.02471181655198893,0.1158797406885909,1024
ses01_log10_V_core,diffusivity_ratio,-0.011812513831919448,0.01983204174254004,0.05957108767544329,0.02202149896872432,-0.02593412989683619,0.06880691929281599,1024
ses01_log10_V_core,chemo_kill_rate,0.0,0.0,0.0,0.0,0.0,0.0,1024
ses01_log10_V_core,rt_alpha,0.0,0.0,0.0,0.0,0.0,0.0,1024
ses01_log10_V_core,rt_alpha_beta_ratio,0.0,0.0,0.0,0.0,0.0,0.0,1024
ses01_log10_V_core,gaussian_seed_x_fraction,-0.0006439993458254723,0.014329926975322255,0.05631880668227912,0.019931389229150775,0.004296274589211242,0.053605712590241314,1024
ses01_log10_V_core,gaussian_seed_y_fraction,0.009536774560439483,0.02573657666563405,0.033398109089129185,0.014627224876297336,0.010245826188302477,0.04105386722673873,1024
ses01_log10_V_core,gaussian_seed_z_fraction,-0.0018217503453182978,0.013793727685235499,0.05492035017381636,0.021170222978224847,-0.0075557732875338275,0.05356126623302072,1024
ses01_log10_V_core,core_threshold,0.049492003500562154,0.031888022924173184,0.1556249281619456,0.038847666187459454,0.0529782243899755,0.17136171894437582,1024
ses01_log10_V_core,edema_threshold_ratio,0.0,0.0,0.0,0.0,0.0,0.0,1024
ses01_log10_V_whole,front_speed_mm_per_day,0.09492506003369854,0.03613992358924026,0.1369542976298586,0.02142371294161554,0.08189311260337083,0.14222442626982507,1024
ses01_log10_V_whole,front_width_mm,0.058939331030619053,0.02441306282598693,0.11589946466608482,0.06632218554856276,0.06312659597098284,0.0861739214388874,1024
ses01_log10_V_whole,seed_peak_density,0.007591110810479345,0.012497689765818996,0.01895412504528946,0.006049283823481714,0.006421130886697509,0.021604627456015473,1024
ses01_log10_V_whole,seed_sigma_mm,0.6650780030197466,0.0768520111064443,0.7072787336489285,0.061387421021334564,0.6458172553859013,0.7114420032082877,1024
ses01_log10_V_whole,preop_time,0.05524806662990787,0.02850199607725198,0.08426315556799004,0.015082961391937672,0.050931965770803125,0.09180042839094196,1024
ses01_log10_V_whole,diffusivity_ratio,-0.012114524358749308,0.017729813076313754,0.03152977781606843,0.03549105947796282,-0.008965466441480606,0.021013789667804286,1024
ses01_log10_V_whole,chemo_kill_rate,0.0,0.0,0.0,0.0,0.0,0.0,1024
ses01_log10_V_whole,rt_alpha,0.0,0.0,0.0,0.0,0.0,0.0,1024
ses01_log10_V_whole,rt_alpha_beta_ratio,0.0,0.0,0.0,0.0,0.0,0.0,1024
ses01_log10_V_whole,gaussian_seed_x_fraction,0.003216010098231893,0.009285002004437978,0.01039304236341024,0.004508935586788366,0.007738328775015049,0.012050842193960621,1024
ses01_log10_V_whole,gaussian_seed_y_fraction,0.0033700646662036013,0.007270845611039853,0.006403695054217272,0.005548483729895711,0.004847259664030313,0.010436563305813362,1024
ses01_log10_V_whole,gaussian_seed_z_fraction,0.005814507091949578,0.006336495361581057,0.005737873262894373,0.003717694828194741,0.010812951058895771,0.008339301228155148,1024
ses01_log10_V_whole,core_threshold,0.0018798891573263987,0.014273209166764536,0.02005778365482701,0.013783400624783409,-0.0008316057182035868,0.023027967736420827,1024
ses01_log10_V_whole,edema_threshold_ratio,0.04392991394418922,0.03471045149663544,0.090226944878877,0.07738951665355473,0.029263252477712297,0.04097542434407755,1024
ses01_log_vol_ratio_core,front_speed_mm_per_day,0.08585671646598263,0.03542079844112747,0.14322115677659286,0.03172894040280178,0.05650903245387655,0.15470014291809706,1024
ses01_log_vol_ratio_core,front_width_mm,0.22378709470975658,0.0504102870836449,0.37508961844367245,0.06846579468242044,0.2324186314867796,0.37684610145499886,1024
ses01_log_vol_ratio_core,seed_peak_density,0.025818203504746118,0.026838026428542154,0.09167800793768636,0.02734751700974709,0.022878960488744597,0.09051382334411405,1024
ses01_log_vol_ratio_core,seed_sigma_mm,0.2512829257458904,0.05419754897064095,0.37567246323748504,0.06401047222782875,0.25800802140979473,0.39741502424791014,1024
ses01_log_vol_ratio_core,preop_time,0.059292426063908915,0.029266326177351094,0.11457354415500796,0.02965230715627271,0.024711816551988935,0.11587974068859089,1024
ses01_log_vol_ratio_core,diffusivity_ratio,-0.011812513831919448,0.01983204174254004,0.05957108767544329,0.02202149896872432,-0.025934129896836185,0.06880691929281599,1024
ses01_log_vol_ratio_core,chemo_kill_rate,0.0,0.0,0.0,0.0,0.0,0.0,1024
ses01_log_vol_ratio_core,rt_alpha,0.0,0.0,0.0,0.0,0.0,0.0,1024
ses01_log_vol_ratio_core,rt_alpha_beta_ratio,0.0,0.0,0.0,0.0,0.0,0.0,1024
ses01_log_vol_ratio_core,gaussian_seed_x_fraction,-0.0006439993458254723,0.014329926975322255,0.05631880668227912,0.019931389229150775,0.00429627458921124,0.05360571259024132,1024
ses01_log_vol_ratio_core,gaussian_seed_y_fraction,0.009536774560439486,0.02573657666563405,0.033398109089129185,0.014627224876297338,0.010245826188302479,0.04105386722673874,1024
ses01_log_vol_ratio_core,gaussian_seed_z_fraction,-0.0018217503453182983,0.013793727685235499,0.05492035017381635,0.021170222978224847,-0.0075557732875338275,0.05356126623302072,1024
ses01_log_vol_ratio_core,core_threshold,0.049492003500562154,0.031888022924173184,0.1556249281619456,0.038847666187459454,0.0529782243899755,0.17136171894437582,1024
ses01_log_vol_ratio_core,edema_threshold_ratio,0.0,0.0,0.0,0.0,0.0,0.0,1024
ses01_log_vol_ratio_whole,front_speed_mm_per_day,0.09492506003369854,0.03613992358924026,0.1369542976298586,0.021423712941615543,0.08189311260337083,0.14222442626982507,1024
ses01_log_vol_ratio_whole,front_width_mm,0.05893933103061905,0.02441306282598693,0.11589946466608482,0.06632218554856276,0.06312659597098284,0.08617392143888741,1024
ses01_log_vol_ratio_whole,seed_peak_density,0.007591110810479342,0.012497689765818996,0.01895412504528946,0.006049283823481713,0.00642113088669751,0.021604627456015477,1024
ses01_log_vol_ratio_whole,seed_sigma_mm,0.6650780030197466,0.0768520111064443,0.7072787336489285,0.061387421021334564,0.6458172553859012,0.7114420032082875,1024
ses01_log_vol_ratio_whole,preop_time,0.05524806662990787,0.028501996077251984,0.08426315556799004,0.015082961391937674,0.05093196577080313,0.09180042839094195,1024
ses01_log_vol_ratio_whole,diffusivity_ratio,-0.01211452435874931,0.017729813076313758,0.03152977781606843,0.03549105947796282,-0.008965466441480616,0.021013789667804282,1024
ses01_log_vol_ratio_whole,chemo_kill_rate,0.0,0.0,0.0,0.0,0.0,0.0,1024
ses01_log_vol_ratio_whole,rt_alpha,0.0,0.0,0.0,0.0,0.0,0.0,1024
ses01_log_vol_ratio_whole,rt_alpha_beta_ratio,0.0,0.0,0.0,0.0,0.0,0.0,1024
ses01_log_vol_ratio_whole,gaussian_seed_x_fraction,0.0032160100982318927,0.009285002004437975,0.01039304236341024,0.004508935586788365,0.007738328775015048,0.012050842193960616,1024
ses01_log_vol_ratio_whole,gaussian_seed_y_fraction,0.0033700646662036017,0.007270845611039852,0.006403695054217272,0.005548483729895711,0.004847259664030313,0.010436563305813355,1024
ses01_log_vol_ratio_whole,gaussian_seed_z_fraction,0.00581450709194958,0.006336495361581057,0.005737873262894373,0.0037176948281947416,0.010812951058895771,0.008339301228155146,1024
ses01_log_vol_ratio_whole,core_threshold,0.0018798891573263972,0.014273209166764538,0.02005778365482701,0.013783400624783409,-0.000831605718203591,0.02302796773642082,1024
ses01_log_vol_ratio_whole,edema_threshold_ratio,0.04392991394418922,0.03471045149663544,0.090226944878877,0.07738951665355473,0.02926325247771229,0.040975424344077555,1024
ses01_msd_core,front_speed_mm_per_day,0.021380022362693613,0.0734123222325811,0.35865963465553247,0.06158843693537741,-0.0014984173359637208,0.3669873673500026,850
ses01_msd_core,front_width_mm,-0.061619193576814696,0.06504462313027023,0.45153481396163575,0.06666806708533989,-0.053966618115365156,0.45330735190391785,850
ses01_msd_core,seed_peak_density,-0.003001842199289696,0.028532503088332946,0.07732029334019362,0.018780842156229362,0.012537165345092251,0.07025793029149643,850
ses01_msd_core,seed_sigma_mm,0.12574448861364293,0.09149360465175237,0.6536533693867471,0.08389951801596655,0.1903842625110973,0.6307089688832921,850
ses01_msd_core,preop_time,0.04337902023628619,0.05351367704260661,0.25272051345096475,0.042290039293142026,0.06763556558100273,0.2619603985612771,850
ses01_msd_core,diffusivity_ratio,0.013579831640736399,0.015142306335015805,0.02225158967040773,0.006582472471083998,0.006512955772872264,0.02175702458165233,850
ses01_msd_core,chemo_kill_rate,0.0,0.0,0.0,0.0,0.0,0.0,850
ses01_msd_core,rt_alpha,0.0,0.0,0.0,0.0,0.0,0.0,850
ses01_msd_core,rt_alpha_beta_ratio,0.0,0.0,0.0,0.0,0.0,0.0,850
ses01_msd_core,gaussian_seed_x_fraction,0.005343716992355909,0.03217353725075963,0.08867456048112302,0.015653992200612865,0.004847132980093169,0.07746189087957385,850
ses01_msd_core,gaussian_seed_y_fraction,0.042662327484111966,0.026124779210671634,0.06934291948570805,0.011482684372453212,0.0618582163059285,0.06566315814130311,850
ses01_msd_core,gaussian_seed_z_fraction,0.00856516504510268,0.020328767548072037,0.04293665580827134,0.006876280548680824,0.004297164416709741,0.04271375297207616,850
ses01_msd_core,core_threshold,0.023252372748187818,0.0356841436312492,0.11431825471877258,0.023850158344232052,-0.013206757096661805,0.12170758118874103,850
ses01_msd_core,edema_threshold_ratio,0.0,0.0,0.0,0.0,0.0,0.0,850
ses01_msd_whole,front_speed_mm_per_day,0.14905044062020878,0.04253857833998736,0.20752212389839955,0.029932532657084263,0.17276053089593701,0.22985344755314097,1019
ses01_msd_whole,front_width_mm,0.059348757336355105,0.027893357220916497,0.10990188739601021,0.01685287411098972,0.06426810939822458,0.11401715746538803,1019
ses01_msd_whole,seed_peak_density,0.00877428799988548,0.009989475611910848,0.013865930768057092,0.0019751752381142787,0.011774945154922611,0.014468141743627802,1019
ses01_msd_whole,seed_sigma_mm,0.3741316846215244,0.059232432813059274,0.49898961487417737,0.04835440166976775,0.3424592857415484,0.5135282402038714,1019
ses01_msd_whole,preop_time,0.08953984679048799,0.03082017202664584,0.1271702257302422,0.02039535984379859,0.07555124299655062,0.13983934923483324,1019
ses01_msd_whole,diffusivity_ratio,-0.0017698159382001735,0.00893310175584388,0.006193566325371107,0.0031738793168787265,-0.003997241888937296,0.0032648625131095287,1019
ses01_msd_whole,chemo_kill_rate,0.0,0.0,0.0,0.0,0.0,0.0,1019
ses01_msd_whole,rt_alpha,0.0,0.0,0.0,0.0,0.0,0.0,1019
ses01_msd_whole,rt_alpha_beta_ratio,0.0,0.0,0.0,0.0,0.0,0.0,1019
ses01_msd_whole,gaussian_seed_x_fraction,0.06486556109785929,0.030569419267293563,0.11488414932996587,0.013462992861795416,0.06453528728840749,0.12412827535572163,1019
ses01_msd_whole,gaussian_seed_y_fraction,0.04234712681472378,0.022343379004984232,0.06595601557645461,0.009004428510509865,0.04233349771818451,0.06683484992434097,1019
ses01_msd_whole,gaussian_seed_z_fraction,0.05176795766776244,0.02157036953202973,0.06270016230678192,0.007627000536812992,0.05431667849374167,0.06493861870385792,1019
ses01_msd_whole,core_threshold,0.006760252416063045,0.009790144845883725,0.011423626823889177,0.0023198316156595234,0.008665819986392848,0.011350683008305412,1019
ses01_msd_whole,edema_threshold_ratio,0.017190943929551422,0.01566879603566696,0.030269698206125597,0.005170851018076869,0.016492568957636147,0.03458896165631044,1019
ses01_hd95_core,front_speed_mm_per_day,-0.006574314440532912,0.06654934294339569,0.3706471925142879,0.06181209445968726,-0.023272851904611425,0.376118521143945,850
ses01_hd95_core,front_width_mm,-0.04006134585413408,0.06440606651712491,0.4413357903420193,0.061004601995220384,-0.023116646836880785,0.4465085905968153,850
ses01_hd95_core,seed_peak_density,-0.000739624143156728,0.026781442105793907,0.05554549524598452,0.010583641160802064,0.015112494955929907,0.051982830327586965,850
ses01_hd95_core,seed_sigma_mm,0.08401342078831264,0.07823855269959898,0.5528728533174474,0.06379001711888226,0.1281319356721436,0.5550737778224428,850
ses01_hd95_core,preop_time,0.05083367152493484,0.05601853842130259,0.2689797414475759,0.0416391068171525,0.08053081805783023,0.28819093656055145,850
ses01_hd95_core,diffusivity_ratio,0.01151099781353985,0.013251840514251252,0.017857217825391597,0.005904160412879539,0.0006635209912282489,0.020413174528290303,850
ses01_hd95_core,chemo_kill_rate,0.0,0.0,0.0,0.0,0.0,0.0,850
ses01_hd95_core,rt_alpha,0.0,0.0,0.0,0.0,0.0,0.0,850
ses01_hd95_core,rt_alpha_beta_ratio,0.0,0.0,0.0,0.0,0.0,0.0,850
ses01_hd95_core,gaussian_seed_x_fraction,0.015139856507473246,0.038738245905106244,0.149003931859119,0.021840123670461446,0.014769058313653093,0.1444957580248198,850
ses01_hd95_core,gaussian_seed_y_fraction,0.08377039285026633,0.04061288108167664,0.17329996419609242,0.02807501656437496,0.095483353597024,0.1678350827571695,850
ses01_hd95_core,gaussian_seed_z_fraction,0.019396783105502163,0.02781847715729419,0.08872086236882248,0.013917117872872023,0.024777049878822975,0.08882370720720459,850
ses01_hd95_core,core_threshold,0.02118866276568838,0.031782845634410375,0.09932528448000726,0.017950305123890974,-0.003792256056055942,0.09599360857127474,850
ses01_hd95_core,edema_threshold_ratio,0.0,0.0,0.0,0.0,0.0,0.0,850
ses01_hd95_whole,front_speed_mm_per_day,0.15684773225713994,0.04265978553977485,0.2008326830566174,0.027239404848212717,0.18292396660666108,0.21487998756838853,1019
ses01_hd95_whole,front_width_mm,0.06454967160568212,0.026444963348814434,0.09273290882169234,0.011795689728540537,0.07337758241723337,0.09819101885681489,1019
ses01_hd95_whole,seed_peak_density,0.006401524413466843,0.00853796100598608,0.010323062080767158,0.0012677634780482573,0.006180217141700893,0.01119738697749781,1019
ses01_hd95_whole,seed_sigma_mm,0.35785948086199,0.053879083179199594,0.44680914306365377,0.04137143568609326,0.32517384887857553,0.46271342175337915,1019
ses01_hd95_whole,preop_time,0.08272854694970824,0.02991929662229516,0.12496721192567505,0.020103438123005468,0.07916398883781817,0.13067708660625932,1019
ses01_hd95_whole,diffusivity_ratio,-0.0010956217832936948,0.006363306708709244,0.0032954874686209525,0.001707477945740519,-0.000910622872546207,0.0020708305460110953,1019
ses01_hd95_whole,chemo_kill_rate,0.0,0.0,0.0,0.0,0.0,0.0,1019
ses01_hd95_whole,rt_alpha,0.0,0.0,0.0,0.0,0.0,0.0,1019
ses01_hd95_whole,rt_alpha_beta_ratio,0.0,0.0,0.0,0.0,0.0,0.0,1019
ses01_hd95_whole,gaussian_seed_x_fraction,0.03679774211683996,0.02850960720379827,0.10605013267982265,0.012446842975301653,0.03353313993539876,0.11207897292960331,1019
ses01_hd95_whole,gaussian_seed_y_fraction,0.13110804478330537,0.0370755846422236,0.1877970257422329,0.022522180117083627,0.1329788905648417,0.19410068756725865,1019
ses01_hd95_whole,gaussian_seed_z_fraction,0.035179170214408306,0.02053116603529142,0.05102518726508077,0.006239631031468262,0.039603107867763936,0.053391710034351295,1019
ses01_hd95_whole,core_threshold,0.0046101968755421965,0.007880498117218164,0.007859642237573438,0.0011608020759646292,0.004604812089518618,0.007826331138505897,1019
ses01_hd95_whole,edema_threshold_ratio,0.00894610759903174,0.01292472726311492,0.02114972495341151,0.0030601503155386436,0.007762552255013826,0.023245563486313268,1019
ses01_dice_star_core,front_speed_mm_per_day,0.02954245138659556,0.04748799905507429,0.2594364890794434,0.04015000867108423,0.03737952189284494,0.27904860409335963,1024
ses01_dice_star_core,front_width_mm,-0.019416780366922824,0.04707954416330129,0.27600463781186846,0.05039317829470729,-0.007192476007477939,0.25720840313935084,1024
ses01_dice_star_core,seed_peak_density,-0.0005162234790184954,0.01344187470139846,0.027073781952398103,0.007629123107875024,-0.006771477118874333,0.0274275660482097,1024
ses01_dice_star_core,seed_sigma_mm,0.07450324026941264,0.06300355978799951,0.42653412933907275,0.05511506786186927,0.13282480485672055,0.40521497871596834,1024
ses01_dice_star_core,preop_time,0.042883758258002246,0.03732135668911471,0.16167668917996914,0.0321733861607884,0.05205311338300986,0.16409399633281183,1024
ses01_dice_star_core,diffusivity_ratio,0.006336699792704173,0.011707317289156333,0.018403195363151482,0.0083185820768242,0.006100783490574347,0.015681424773731897,1024
ses01_dice_star_core,chemo_kill_rate,0.0,0.0,0.0,0.0,0.0,0.0,1024
ses01_dice_star_core,rt_alpha,0.0,0.0,0.0,0.0,0.0,0.0,1024
ses01_dice_star_core,rt_alpha_beta_ratio,0.0,0.0,0.0,0.0,0.0,0.0,1024
ses01_dice_star_core,gaussian_seed_x_fraction,0.05476391242627636,0.043249389055759084,0.24908436274090406,0.034929944811334976,0.07732185361593906,0.2507652857983427,1024
ses01_dice_star_core,gaussian_seed_y_fraction,0.08697909014579641,0.046291250139761916,0.27779254937812925,0.041882572323461535,0.11954089055586292,0.27611846802011897,1024
ses01_dice_star_core,gaussian_seed_z_fraction,0.07564092813567581,0.032990197836756635,0.18362700918798286,0.02978869180079221,0.07780160537190568,0.17570926890445593,1024
ses01_dice_star_core,core_threshold,0.0,0.0,0.0,0.0,0.0,0.0,1024
ses01_dice_star_core,edema_threshold_ratio,0.0,0.0,0.0,0.0,0.0,0.0,1024
ses01_dice_star_whole,front_speed_mm_per_day,0.18150567026576933,0.04480210912019595,0.24933167596445738,0.03302998733893683,0.19663801406637746,0.26965012943287936,1024
ses01_dice_star_whole,front_width_mm,0.007095238530547375,0.015594458541967544,0.03173501862718939,0.005958030165118024,0.012136043873467978,0.03137978521360541,1024
ses01_dice_star_whole,seed_peak_density,0.007428744037591499,0.00843051376513057,0.009219424832073627,0.0013456062313430698,0.012290823513397805,0.009825278778787597,1024
ses01_dice_star_whole,seed_sigma_mm,0.3487706494212602,0.057909961936716235,0.45377990815665026,0.04285393284969236,0.32871137195821143,0.44684379175228156,1024
ses01_dice_star_whole,preop_time,0.11335502549065697,0.03226945657544067,0.1534244551812734,0.024043300148001778,0.09666649086181762,0.16355490414823817,1024
ses01_dice_star_whole,diffusivity_ratio,-0.0017055011483993045,0.007838772730312896,0.006753761506576042,0.0014669522401032976,-0.005309777353806506,0.006237361054370573,1024
ses01_dice_star_whole,chemo_kill_rate,0.0,0.0,0.0,0.0,0.0,0.0,1024
ses01_dice_star_whole,rt_alpha,0.0,0.0,0.0,0.0,0.0,0.0,1024
ses01_dice_star_whole,rt_alpha_beta_ratio,0.0,0.0,0.0,0.0,0.0,0.0,1024
ses01_dice_star_whole,gaussian_seed_x_fraction,0.11693663358337031,0.034181033708197354,0.1662864259283661,0.018791216805781157,0.10777839565549571,0.1702938023930619,1024
ses01_dice_star_whole,gaussian_seed_y_fraction,0.0313763256700244,0.02082867294468364,0.058607113748986625,0.008448889438240473,0.030481679377807165,0.05594497775004226,1024
ses01_dice_star_whole,gaussian_seed_z_fraction,0.09815927359087924,0.0306193868919661,0.12448511852037387,0.015346527307338341,0.09339881628176808,0.12630075074362046,1024
ses01_dice_star_whole,core_threshold,0.0,0.0,0.0,0.0,0.0,0.0,1024
ses01_dice_star_whole,edema_threshold_ratio,0.0,0.0,0.0,0.0,0.0,0.0,1024
ses01_core_threshold_star,front_speed_mm_per_day,0.13553638942770274,0.04813630510602795,0.2866118771422003,0.04347137103651234,0.1418675353939942,0.2686953570917115,1024
ses01_core_threshold_star,front_width_mm,0.1458658167216471,0.04660009350484052,0.30578479571770634,0.038980159714946346,0.17971603513763826,0.3125660738157245,1024
ses01_core_threshold_star,seed_peak_density,0.012044745759632476,0.014122289729418761,0.030697341331133606,0.010842846016692173,0.013928105696534116,0.03579196003124606,1024
ses01_core_threshold_star,seed_sigma_mm,0.38870483983665594,0.0631496037691239,0.5736371864908806,0.06025571457831407,0.35357687911285474,0.5625984803197149,1024
ses01_core_threshold_star,preop_time,0.0886405028560989,0.03799870921750273,0.20844735060459157,0.035811238756522756,0.11454555695345707,0.210252199497834,1024
ses01_core_threshold_star,diffusivity_ratio,0.0055484140115768105,0.009731492170745691,0.010826755907192745,0.00407997523846066,0.0033153501370460593,0.007567442978034881,1024
ses01_core_threshold_star,chemo_kill_rate,0.0,0.0,0.0,0.0,0.0,0.0,1024
ses01_core_threshold_star,rt_alpha,0.0,0.0,0.0,0.0,0.0,0.0,1024
ses01_core_threshold_star,rt_alpha_beta_ratio,0.0,0.0,0.0,0.0,0.0,0.0,1024
ses01_core_threshold_star,gaussian_seed_x_fraction,0.04432928674112517,0.028621190009278347,0.11777649982096548,0.027134205975160742,0.05941320559544978,0.11192657215485377,1024
ses01_core_threshold_star,gaussian_seed_y_fraction,0.010865694968082895,0.020836485556326643,0.07253151272431989,0.019170766468867256,-0.0003308059921972719,0.08595183544646375,1024
ses01_core_threshold_star,gaussian_seed_z_fraction,0.01968333096555245,0.02194932026130706,0.06687265939812607,0.01908348410705395,0.01238143164244951,0.07787307875369678,1024
ses01_core_threshold_star,core_threshold,0.0,0.0,0.0,0.0,0.0,0.0,1024
ses01_core_threshold_star,edema_threshold_ratio,0.0,0.0,0.0,0.0,0.0,0.0,1024
ses01_edema_threshold_star,front_speed_mm_per_day,0.06226459385207003,0.05529038211339738,0.3868837552959724,0.08861671546919224,0.07639415329402752,0.4174966729369303,1024
ses01_edema_threshold_star,front_width_mm,0.006832355247248749,0.03374874852345483,0.24749816232670688,0.0674858809100443,0.035547619736929215,0.22545953301071686,1024
ses01_edema_threshold_star,seed_peak_density,0.008597999429200618,0.01553230624164917,0.049211843904496365,0.03041561226134145,0.0063665059853943,0.06212410917966987,1024
ses01_edema_threshold_star,seed_sigma_mm,0.200861391351832,0.08896824949571044,0.6955849515623842,0.13008961116363513,0.247203413787069,0.8112011338476041,1024
ses01_edema_threshold_star,preop_time,0.05471548395670113,0.061962412627745996,0.22802446970952797,0.06666052756486494,0.14086735248022703,0.2585042719360731,1024
ses01_edema_threshold_star,diffusivity_ratio,0.0009030045285010259,0.012827696674397746,0.0791418542323772,0.038124014136969274,-0.0035620827110552883,0.07817441094341437,1024
ses01_edema_threshold_star,chemo_kill_rate,0.0,0.0,0.0,0.0,0.0,0.0,1024
ses01_edema_threshold_star,rt_alpha,0.0,0.0,0.0,0.0,0.0,0.0,1024
ses01_edema_threshold_star,rt_alpha_beta_ratio,0.0,0.0,0.0,0.0,0.0,0.0,1024
ses01_edema_threshold_star,gaussian_seed_x_fraction,0.019840758869955878,0.051068184962113676,0.326927805119929,0.0880067003239599,0.03366561859032101,0.3780318133060762,1024
ses01_edema_threshold_star,gaussian_seed_y_fraction,-0.0012834671888954903,0.03197301062836639,0.18351317229883343,0.06779328713412866,0.01796890659716453,0.17976337975393838,1024
ses01_edema_threshold_star,gaussian_seed_z_fraction,0.014039013617823075,0.04548238323781551,0.24366098151544008,0.07426557265473023,0.03976326726905701,0.28418475475806426,1024
ses01_edema_threshold_star,core_threshold,0.0,0.0,0.0,0.0,0.0,0.0,1024
ses01_edema_threshold_star,edema_threshold_ratio,0.0,0.0,0.0,0.0,0.0,0.0,1024
ses01_dice_core_fixed,front_speed_mm_per_day,0.0242984991575093,0.043275465709470606,0.29380188902847876,0.04269723622077107,0.06485623977559038,0.3267597079672956,1024
ses01_dice_core_fixed,front_width_mm,0.13734268736372157,0.05829677669950701,0.5101807607312785,0.06259267833664313,0.13859056509631004,0.5063957606596664,1024
ses01_dice_core_fixed,seed_peak_density,0.0181961304370625,0.0209500641858639,0.06943016809939197,0.017633248086826262,0.024807836945801822,0.07314476865492453,1024
ses01_dice_core_fixed,seed_sigma_mm,0.09182627872492723,0.06340984740671735,0.5545675435674725,0.0622673664671594,0.09891594465505232,0.5598456191725959,1024
ses01_dice_core_fixed,preop_time,0.03611794882344357,0.04107414545377967,0.2078283728589951,0.035956969711902945,0.03389808524610623,0.24604775375612373,1024
ses01_dice_core_fixed,diffusivity_ratio,0.009380817000787092,0.011593055249419459,0.0224948831779015,0.012643654134136066,-0.00530820750344432,0.02914182242524786,1024
ses01_dice_core_fixed,chemo_kill_rate,0.0,0.0,0.0,0.0,0.0,0.0,1024
ses01_dice_core_fixed,rt_alpha,0.0,0.0,0.0,0.0,0.0,0.0,1024
ses01_dice_core_fixed,rt_alpha_beta_ratio,0.0,0.0,0.0,0.0,0.0,0.0,1024
ses01_dice_core_fixed,gaussian_seed_x_fraction,0.013484755225424933,0.028343731539273075,0.11717001946726062,0.018970690721766183,0.031547452140831815,0.1088630953641706,1024
ses01_dice_core_fixed,gaussian_seed_y_fraction,0.033320161374113345,0.03171094898204054,0.11663360700665051,0.020758261330763365,0.04500423148123787,0.10057360922574968,1024
ses01_dice_core_fixed,gaussian_seed_z_fraction,0.020705529364708212,0.023842718082155066,0.08911459769424893,0.015932248965665734,0.021819834375117714,0.08573206838153569,1024
ses01_dice_core_fixed,core_threshold,0.0,0.0,0.0,0.0,0.0,0.0,1024
ses01_dice_core_fixed,edema_threshold_ratio,0.0,0.0,0.0,0.0,0.0,0.0,1024
ses01_dice_whole_fixed,front_speed_mm_per_day,0.1591815099754009,0.04296175342885515,0.2180746435481213,0.0293432709938653,0.18368877030039116,0.2318675737139858,1024
ses01_dice_whole_fixed,front_width_mm,0.07846428144074928,0.031470403608429606,0.12856083170431487,0.019422877899707192,0.08902935322803551,0.1292553684709796,1024
ses01_dice_whole_fixed,seed_peak_density,0.00977113957137557,0.009943400098362712,0.012503939695419427,0.0016818220252710133,0.013784386351796083,0.012408491885592017,1024
ses01_dice_whole_fixed,seed_sigma_mm,0.3861339231448793,0.05820794408746501,0.4878106793542895,0.04566218336849085,0.34781357419320236,0.4708816778149291,1024
ses01_dice_whole_fixed,preop_time,0.08903910231017052,0.030831586534197788,0.1386336997462466,0.021369945653920527,0.06492811313588577,0.1472366774225623,1024
ses01_dice_whole_fixed,diffusivity_ratio,-0.003452949974999569,0.007158469439241647,0.005648726950598672,0.0015642556965899945,-0.006258155825425414,0.004672169320506954,1024
ses01_dice_whole_fixed,chemo_kill_rate,0.0,0.0,0.0,0.0,0.0,0.0,1024
ses01_dice_whole_fixed,rt_alpha,0.0,0.0,0.0,0.0,0.0,0.0,1024
ses01_dice_whole_fixed,rt_alpha_beta_ratio,0.0,0.0,0.0,0.0,0.0,0.0,1024
ses01_dice_whole_fixed,gaussian_seed_x_fraction,0.07478612549879889,0.028913349471526503,0.1217015123597012,0.015403180233372548,0.07712717985681117,0.1231841411860505,1024
ses01_dice_whole_fixed,gaussian_seed_y_fraction,0.011343060036895596,0.015650600403787244,0.036844932598596704,0.005644404422991133,0.003607040098985762,0.035489943687553524,1024
ses01_dice_whole_fixed,gaussian_seed_z_fraction,0.0647727004071384,0.027046885864906466,0.09408578661685002,0.01239393461652505,0.05461209982604089,0.08947151721584425,1024
ses01_dice_whole_fixed,core_threshold,0.0,0.0,0.0,0.0,0.0,0.0,1024
ses01_dice_whole_fixed,edema_threshold_ratio,0.0,0.0,0.0,0.0,0.0,0.0,1024
ses01_log10_V_core_fixed,front_speed_mm_per_day,0.0823560829297606,0.046386874295521456,0.1494906977629643,0.032163606264508066,0.04835610254791036,0.1511541453206778,1024
ses01_log10_V_core_fixed,front_width_mm,0.24349004144226588,0.0617223875966953,0.4367968149525402,0.07413844505689539,0.21843441888852458,0.4034717567988413,1024
ses01_log10_V_core_fixed,seed_peak_density,0.008146439805133266,0.020574691571174693,0.07744697081296718,0.023243931821421437,0.0024983552590579577,0.07832865619840865,1024
ses01_log10_V_core_fixed,seed_sigma_mm,0.31407205887225326,0.06818155777001479,0.44321932820143,0.06665178237359161,0.30919194356950336,0.4687946202363092,1024
ses01_log10_V_core_fixed,preop_time,0.06874022107072103,0.03610744852627893,0.10735409957644078,0.025817134316918233,0.015971978514704544,0.09525859414337033,1024
ses01_log10_V_core_fixed,diffusivity_ratio,-0.021434749862174512,0.022074738255424824,0.08586816598773418,0.032918059657280466,-0.03259173951612647,0.11516114492198712,1024
ses01_log10_V_core_fixed,chemo_kill_rate,0.0,0.0,0.0,0.0,0.0,0.0,1024
ses01_log10_V_core_fixed,rt_alpha,0.0,0.0,0.0,0.0,0.0,0.0,1024
ses01_log10_V_core_fixed,rt_alpha_beta_ratio,0.0,0.0,0.0,0.0,0.0,0.0,1024
ses01_log10_V_core_fixed,gaussian_seed_x_fraction,-0.00814091439977154,0.022380640949957526,0.06423027058124517,0.022277576939666095,-0.017755142037201112,0.05745951587305513,1024
ses01_log10_V_core_fixed,gaussian_seed_y_fraction,0.009156544248998092,0.015206477623968484,0.03534295229911817,0.016234765080974933,0.016063487944339466,0.049504490547689954,1024
ses01_log10_V_core_fixed,gaussian_seed_z_fraction,-0.005974049871773999,0.014632378356161126,0.060619323902076236,0.023867184927237328,-0.003598210107175166,0.06580102757482309,1024
ses01_log10_V_core_fixed,core_threshold,0.0,0.0,0.0,0.0,0.0,0.0,1024
ses01_log10_V_core_fixed,edema_threshold_ratio,0.0,0.0,0.0,0.0,0.0,0.0,1024
ses01_log10_V_whole_fixed,front_speed_mm_per_day,0.0902779694983915,0.03503047324386296,0.13073242599972143,0.025031891361376978,0.0812543854685598,0.14311416586223816,1024
ses01_log10_V_whole_fixed,front_width_mm,0.08546842168646057,0.032448634537564906,0.16430343106891443,0.08897877075472835,0.08641185539862244,0.08904239170586833,1024
ses01_log10_V_whole_fixed,seed_peak_density,0.007117313007738817,0.017894906851482664,0.041758985956249405,0.027444150091220827,0.0091990063080548,0.021085409393403542,1024
ses01_log10_V_whole_fixed,seed_sigma_mm,0.6263130709863889,0.08847553431656745,0.7060172936482764,0.09877026299032103,0.6310275708254184,0.6448770176575379,1024
ses01_log10_V_whole_fixed,preop_time,0.05568374672808321,0.030413803480767186,0.09703592530992744,0.027989101630138097,0.04474823324837229,0.09397272973255907,1024
ses01_log10_V_whole_fixed,diffusivity_ratio,-0.015849861243825328,0.01617861548184905,0.031814565453803643,0.027176481360785036,-0.002463728436636853,0.014531124327736001,1024
ses01_log10_V_whole_fixed,chemo_kill_rate,0.0,0.0,0.0,0.0,0.0,0.0,1024
ses01_log10_V_whole_fixed,rt_alpha,0.0,0.0,0.0,0.0,0.0,0.0,1024
ses01_log10_V_whole_fixed,rt_alpha_beta_ratio,0.0,0.0,0.0,0.0,0.0,0.0,1024
ses01_log10_V_whole_fixed,gaussian_seed_x_fraction,-0.0005508254957628658,0.010950728807756698,0.019490573233436198,0.015174291940560287,0.00798603033718782,0.014116950326008723,1024
ses01_log10_V_whole_fixed,gaussian_seed_y_fraction,0.004017065408772845,0.008290648501274598,0.007416607969382732,0.008219727099440645,0.00819448810349182,0.010713736539641977,1024
ses01_log10_V_whole_fixed,gaussian_seed_z_fraction,0.004245347205279094,0.007873909634533037,0.006981902105780974,0.005546750685573366,0.008076643280364046,0.007011494968599026,1024
ses01_log10_V_whole_fixed,core_threshold,0.0,0.0,0.0,0.0,0.0,0.0,1024
ses01_log10_V_whole_fixed,edema_threshold_ratio,0.0,0.0,0.0,0.0,0.0,0.0,1024
ses01_log_vol_ratio_core_fixed,front_speed_mm_per_day,0.0823560829297606,0.046386874295521456,0.1494906977629643,0.032163606264508066,0.048356102547910354,0.15115414532067778,1024
ses01_log_vol_ratio_core_fixed,front_width_mm,0.24349004144226588,0.06172238759669529,0.43679681495254014,0.07413844505689539,0.21843441888852455,0.40347175679884123,1024
ses01_log_vol_ratio_core_fixed,seed_peak_density,0.008146439805133264,0.020574691571174693,0.07744697081296717,0.02324393182142144,0.0024983552590579607,0.07832865619840863,1024
ses01_log_vol_ratio_core_fixed,seed_sigma_mm,0.31407205887225326,0.06818155777001479,0.44321932820143,0.06665178237359162,0.3091919435695033,0.4687946202363091,1024
ses01_log_vol_ratio_core_fixed,preop_time,0.06874022107072103,0.036107448526278944,0.10735409957644078,0.025817134316918237,0.015971978514704537,0.09525859414337032,1024
ses01_log_vol_ratio_core_fixed,diffusivity_ratio,-0.021434749862174515,0.022074738255424824,0.08586816598773417,0.03291805965728047,-0.03259173951612647,0.11516114492198709,1024
ses01_log_vol_ratio_core_fixed,chemo_kill_rate,0.0,0.0,0.0,0.0,0.0,0.0,1024
ses01_log_vol_ratio_core_fixed,rt_alpha,0.0,0.0,0.0,0.0,0.0,0.0,1024
ses01_log_vol_ratio_core_fixed,rt_alpha_beta_ratio,0.0,0.0,0.0,0.0,0.0,0.0,1024
ses01_log_vol_ratio_core_fixed,gaussian_seed_x_fraction,-0.00814091439977154,0.022380640949957523,0.06423027058124516,0.022277576939666092,-0.017755142037201105,0.05745951587305512,1024
ses01_log_vol_ratio_core_fixed,gaussian_seed_y_fraction,0.009156544248998096,0.015206477623968484,0.03534295229911818,0.016234765080974933,0.01606348794433946,0.04950449054768995,1024
ses01_log_vol_ratio_core_fixed,gaussian_seed_z_fraction,-0.005974049871773998,0.014632378356161126,0.06061932390207625,0.023867184927237325,-0.003598210107175165,0.06580102757482308,1024
ses01_log_vol_ratio_core_fixed,core_threshold,0.0,0.0,0.0,0.0,0.0,0.0,1024
ses01_log_vol_ratio_core_fixed,edema_threshold_ratio,0.0,0.0,0.0,0.0,0.0,0.0,1024
ses01_log_vol_ratio_whole_fixed,front_speed_mm_per_day,0.0902779694983915,0.03503047324386295,0.13073242599972143,0.025031891361376974,0.08125438546855979,0.14311416586223816,1024
ses01_log_vol_ratio_whole_fixed,front_width_mm,0.08546842168646056,0.03244863453756491,0.16430343106891443,0.08897877075472835,0.08641185539862244,0.08904239170586833,1024
ses01_log_vol_ratio_whole_fixed,seed_peak_density,0.007117313007738816,0.01789490685148266,0.041758985956249405,0.027444150091220827,0.009199006308054803,0.021085409393403542,1024
ses01_log_vol_ratio_whole_fixed,seed_sigma_mm,0.626313070986389,0.08847553431656743,0.7060172936482764,0.09877026299032103,0.6310275708254183,0.644877017657538,1024
ses01_log_vol_ratio_whole_fixed,preop_time,0.05568374672808321,0.030413803480767186,0.09703592530992745,0.027989101630138097,0.04474823324837228,0.09397272973255905,1024
ses01_log_vol_ratio_whole_fixed,diffusivity_ratio,-0.015849861243825328,0.016178615481849044,0.031814565453803643,0.027176481360785036,-0.002463728436636851,0.014531124327736001,1024
ses01_log_vol_ratio_whole_fixed,chemo_kill_rate,0.0,0.0,0.0,0.0,0.0,0.0,1024
ses01_log_vol_ratio_whole_fixed,rt_alpha,0.0,0.0,0.0,0.0,0.0,0.0,1024
ses01_log_vol_ratio_whole_fixed,rt_alpha_beta_ratio,0.0,0.0,0.0,0.0,0.0,0.0,1024
ses01_log_vol_ratio_whole_fixed,gaussian_seed_x_fraction,-0.0005508254957628716,0.010950728807756696,0.019490573233436198,0.015174291940560287,0.007986030337187809,0.014116950326008716,1024
ses01_log_vol_ratio_whole_fixed,gaussian_seed_y_fraction,0.004017065408772846,0.0082906485012746,0.0074166079693827325,0.008219727099440645,0.008194488103491817,0.01071373653964197,1024
ses01_log_vol_ratio_whole_fixed,gaussian_seed_z_fraction,0.0042453472052790915,0.007873909634533034,0.006981902105780973,0.005546750685573367,0.008076643280364042,0.0070114949685990266,1024
ses01_log_vol_ratio_whole_fixed,core_threshold,0.0,0.0,0.0,0.0,0.0,0.0,1024
ses01_log_vol_ratio_whole_fixed,edema_threshold_ratio,0.0,0.0,0.0,0.0,0.0,0.0,1024
ses01_msd_core_fixed,front_speed_mm_per_day,0.03145938490525066,0.06907736434652006,0.3853627231170938,0.06183341437256932,0.033289721344109915,0.4186148291389242,892
ses01_msd_core_fixed,front_width_mm,-0.014238836094844387,0.06523837847561074,0.47295578373712827,0.06852859031826575,-0.020542694389057554,0.4689108856031344,892
ses01_msd_core_fixed,seed_peak_density,0.021345105376952594,0.02463717164447796,0.07033160814144047,0.014846138593296837,0.03020627420459309,0.06904905959602456,892
ses01_msd_core_fixed,seed_sigma_mm,0.12208027616755894,0.08856566410749965,0.7200708526509845,0.0900652909377679,0.2155722816885841,0.7206143935199718,892
ses01_msd_core_fixed,preop_time,0.06433741627016715,0.050599114201880416,0.25383842240558185,0.041240028907655435,0.09231819814741625,0.27608094683362516,892
ses01_msd_core_fixed,diffusivity_ratio,0.014395884572843852,0.014610612235584058,0.04105999625457272,0.029288488682228907,-0.000153673448496223,0.04894806428514448,892
ses01_msd_core_fixed,chemo_kill_rate,0.0,0.0,0.0,0.0,0.0,0.0,892
ses01_msd_core_fixed,rt_alpha,0.0,0.0,0.0,0.0,0.0,0.0,892
ses01_msd_core_fixed,rt_alpha_beta_ratio,0.0,0.0,0.0,0.0,0.0,0.0,892
ses01_msd_core_fixed,gaussian_seed_x_fraction,0.004675104038490423,0.02776991998200325,0.09481444858923498,0.017216920292138754,0.006716535825713495,0.09405792978716411,892
ses01_msd_core_fixed,gaussian_seed_y_fraction,0.03218791439191256,0.024433164188338862,0.0723857299727684,0.01136793897056095,0.05258476152511127,0.07074498860014473,892
ses01_msd_core_fixed,gaussian_seed_z_fraction,0.009548412857781482,0.021883923098494337,0.04798537513523331,0.0074996709580655374,0.008013464827614955,0.04825788385111024,892
ses01_msd_core_fixed,core_threshold,0.0,0.0,0.0,0.0,0.0,0.0,892
ses01_msd_core_fixed,edema_threshold_ratio,0.0,0.0,0.0,0.0,0.0,0.0,892
ses01_msd_whole_fixed,front_speed_mm_per_day,0.14719657007587916,0.038950621670061476,0.19793238143676053,0.027367136451831194,0.17270712399373606,0.22318853961995833,1015
ses01_msd_whole_fixed,front_width_mm,0.07824561839024888,0.032073767839256785,0.12583596008899298,0.01815380455754853,0.08066827911325154,0.13295820100184522,1015
ses01_msd_whole_fixed,seed_peak_density,0.008178758438427325,0.010485237823423905,0.014958606931473687,0.002082422010785756,0.013830576324301003,0.016468270099770713,1015
ses01_msd_whole_fixed,seed_sigma_mm,0.40270315987436617,0.06128496455715605,0.5083822943402081,0.04859520795400997,0.3709875707038911,0.5168650933424432,1015
ses01_msd_whole_fixed,preop_time,0.08837212283189316,0.02892009563001857,0.12255216631382805,0.019750230679763253,0.07182647076491874,0.13693058633930694,1015
ses01_msd_whole_fixed,diffusivity_ratio,-0.00018106119798950656,0.007405216006684038,0.0047754374398413044,0.001665721567930068,-0.0007089961422456135,0.004400193129522732,1015
ses01_msd_whole_fixed,chemo_kill_rate,0.0,0.0,0.0,0.0,0.0,0.0,1015
ses01_msd_whole_fixed,rt_alpha,0.0,0.0,0.0,0.0,0.0,0.0,1015
ses01_msd_whole_fixed,rt_alpha_beta_ratio,0.0,0.0,0.0,0.0,0.0,0.0,1015
ses01_msd_whole_fixed,gaussian_seed_x_fraction,0.060253826633545234,0.028946528540081635,0.11018688564318183,0.012784186371236305,0.05430500797791623,0.11687506598153205,1015
ses01_msd_whole_fixed,gaussian_seed_y_fraction,0.0409788280197341,0.022544808198355856,0.061807530211612303,0.0080220993428307,0.042499681050106326,0.06316237187591592,1015
ses01_msd_whole_fixed,gaussian_seed_z_fraction,0.04837624845406536,0.020850268790487528,0.059194338911022076,0.007125416673709738,0.04930597378972687,0.06142983697247423,1015
ses01_msd_whole_fixed,core_threshold,0.0,0.0,0.0,0.0,0.0,0.0,1015
ses01_msd_whole_fixed,edema_threshold_ratio,0.0,0.0,0.0,0.0,0.0,0.0,1015
ses01_hd95_core_fixed,front_speed_mm_per_day,0.0027619381083672204,0.06491489020533019,0.3957225693271493,0.061589546079483366,-0.000714401701961468,0.4256791587830994,892
ses01_hd95_core_fixed,front_width_mm,-0.006065541747095345,0.061359139802754384,0.45751007433813473,0.06124764804771479,-0.013433544141670202,0.45523599418269944,892
ses01_hd95_core_fixed,seed_peak_density,0.012632558934069468,0.02354261269745759,0.055989741943731665,0.009867098663042199,0.024455254161404035,0.05595594584561304,892
ses01_hd95_core_fixed,seed_sigma_mm,0.07459255597743997,0.0774646257080141,0.5897872533529633,0.06795711210209823,0.1299199827180772,0.5893491880037418,892
ses01_hd95_core_fixed,preop_time,0.052510902675737194,0.05428916771958624,0.2695290166762182,0.04021961426582058,0.07117052948914744,0.29832312031283154,892
ses01_hd95_core_fixed,diffusivity_ratio,0.012161084499824698,0.01295102869582524,0.029291429214678033,0.02255578758893702,-0.002303329937315735,0.03804046535182646,892
ses01_hd95_core_fixed,chemo_kill_rate,0.0,0.0,0.0,0.0,0.0,0.0,892
ses01_hd95_core_fixed,rt_alpha,0.0,0.0,0.0,0.0,0.0,0.0,892
ses01_hd95_core_fixed,rt_alpha_beta_ratio,0.0,0.0,0.0,0.0,0.0,0.0,892
ses01_hd95_core_fixed,gaussian_seed_x_fraction,0.013792288786654104,0.03477891998157765,0.1495641902232424,0.020530739804269137,0.019289378409016594,0.15693392543136156,892
ses01_hd95_core_fixed,gaussian_seed_y_fraction,0.0710161940088614,0.03761130356150818,0.18226540045704206,0.028392048492462952,0.08124105020882084,0.18215510403033297,892
ses01_hd95_core_fixed,gaussian_seed_z_fraction,0.02807278985022644,0.028126408538559845,0.09403212711090045,0.014233751887279005,0.03513854423689957,0.0990206464338773,892
ses01_hd95_core_fixed,core_threshold,0.0,0.0,0.0,0.0,0.0,0.0,892
ses01_hd95_core_fixed,edema_threshold_ratio,0.0,0.0,0.0,0.0,0.0,0.0,892
ses01_hd95_whole_fixed,front_speed_mm_per_day,0.15814226063364545,0.03918473047188872,0.1970336476082255,0.025582725262225305,0.18331893171791253,0.21209389873800066,1015
ses01_hd95_whole_fixed,front_width_mm,0.08188693425617205,0.029118333189516694,0.10882956529211064,0.013031851848971945,0.09095613645166799,0.11793525688959254,1015
ses01_hd95_whole_fixed,seed_peak_density,0.007902664999948005,0.009020179448713575,0.010998408073147052,0.001303480322435738,0.007699405707192688,0.012305053081675312,1015
ses01_hd95_whole_fixed,seed_sigma_mm,0.36391402376618986,0.054618793880499554,0.4432760379058676,0.04220762648503622,0.3334442457365151,0.46128173820267726,1015
ses01_hd95_whole_fixed,preop_time,0.0851058730830335,0.028402454485798496,0.12284973863226265,0.019691337101479828,0.08490166172370694,0.12953549989561616,1015
ses01_hd95_whole_fixed,diffusivity_ratio,-0.00016210018095234806,0.005553633862179208,0.002557975131111826,0.0008946228647006443,0.0006614325833934704,0.002192380284624763,1015
ses01_hd95_whole_fixed,chemo_kill_rate,0.0,0.0,0.0,0.0,0.0,0.0,1015
ses01_hd95_whole_fixed,rt_alpha,0.0,0.0,0.0,0.0,0.0,0.0,1015
ses01_hd95_whole_fixed,rt_alpha_beta_ratio,0.0,0.0,0.0,0.0,0.0,0.0,1015
ses01_hd95_whole_fixed,gaussian_seed_x_fraction,0.03664741494241455,0.027185989771766114,0.1060030480199515,0.012488267944418652,0.030940962362089413,0.11060658187354117,1015
ses01_hd95_whole_fixed,gaussian_seed_y_fraction,0.13544027443333062,0.03842505946023704,0.18657490929137108,0.021301901533994746,0.14021660604514782,0.19507617707020958,1015
ses01_hd95_whole_fixed,gaussian_seed_z_fraction,0.032795986559716134,0.01960623797488127,0.048999308752928517,0.006002279719803409,0.03896892171979359,0.051516678304814045,1015
ses01_hd95_whole_fixed,core_threshold,0.0,0.0,0.0,0.0,0.0,0.0,1015
ses01_hd95_whole_fixed,edema_threshold_ratio,0.0,0.0,0.0,0.0,0.0,0.0,1015
ses01_log10_mass,front_speed_mm_per_day,0.14944549334110874,0.03576515530074342,0.1675258408799003,0.019714658840653602,0.15705509787816427,0.17473838554390297,1024
ses01_log10_mass,front_width_mm,0.08402870277544815,0.02388019649739118,0.08728241638465528,0.009210429090959846,0.09034185760027337,0.0860421487188363,1024
ses01_log10_mass,seed_peak_density,0.012416283322905355,0.010493933445645256,0.01437473212494774,0.001389403782005203,0.015012418931804675,0.014327847524131857,1024
ses01_log10_mass,seed_sigma_mm,0.6414932808398125,0.06389802763723816,0.6499206948742714,0.05078972663788234,0.6407571303916119,0.6490540664629918,1024
ses01_log10_mass,preop_time,0.08742724263021066,0.028284194027653604,0.10059216365237644,0.011913197746648778,0.08341808256778281,0.10453945799827685,1024
ses01_log10_mass,diffusivity_ratio,0.0010548492127534213,0.00574195457878821,0.003543918748706819,0.00084413902978486,0.0013543852383171725,0.0036552224853325546,1024
ses01_log10_mass,chemo_kill_rate,0.0,0.0,0.0,0.0,0.0,0.0,1024
ses01_log10_mass,rt_alpha,0.0,0.0,0.0,0.0,0.0,0.0,1024
ses01_log10_mass,rt_alpha_beta_ratio,0.0,0.0,0.0,0.0,0.0,0.0,1024
ses01_log10_mass,gaussian_seed_x_fraction,0.003814977525246846,0.006529130356890101,0.006092160199368472,0.0009380133004593898,0.0023228168702667897,0.005830003074990156,1024
ses01_log10_mass,gaussian_seed_y_fraction,0.00221664768193424,0.0031125022711477983,0.0013759323536583718,0.0004008880058070922,0.002806340155378786,0.0014937729412546476,1024
ses01_log10_mass,gaussian_seed_z_fraction,0.0010390169170868355,0.003618900485874611,0.0012742540156728864,0.0003037292863146293,-0.000611888620823872,0.0013266880221379416,1024
ses01_log10_mass,core_threshold,0.0,0.0,0.0,0.0,0.0,0.0,1024
ses01_log10_mass,edema_threshold_ratio,0.0,0.0,0.0,0.0,0.0,0.0,1024
ses01_centroid_drift,front_speed_mm_per_day,0.3322504021362385,0.0776141899425998,0.5509764244524902,0.08700710733425603,0.3236806933855479,0.5278413161239784,1024
ses01_centroid_drift,front_width_mm,0.029060429629563414,0.02589908315404188,0.11817733771657753,0.03302595767202475,0.022481645904128905,0.11344665139479759,1024
ses01_centroid_drift,seed_peak_density,0.0005310260006145378,0.0037689399521470815,0.002421154435594572,0.00057634423141634,-0.0012969930279151,0.0026909780614061806,1024
ses01_centroid_drift,seed_sigma_mm,0.05114275591828868,0.0351416643435407,0.12044930898491511,0.023066032782424518,0.08257039799130794,0.12994855466714345,1024
ses01_centroid_drift,preop_time,0.16065588693876764,0.05889469043957132,0.33447206115977024,0.06818927511267164,0.2017935110700579,0.3470934585172836,1024
ses01_centroid_drift,diffusivity_ratio,0.008010208646584492,0.013219298938496953,0.02293994590538866,0.005844467480583928,-0.005492325520724786,0.01996985085495365,1024
ses01_centroid_drift,chemo_kill_rate,0.0,0.0,0.0,0.0,0.0,0.0,1024
ses01_centroid_drift,rt_alpha,0.0,0.0,0.0,0.0,0.0,0.0,1024
ses01_centroid_drift,rt_alpha_beta_ratio,0.0,0.0,0.0,0.0,0.0,0.0,1024
ses01_centroid_drift,gaussian_seed_x_fraction,0.11059409036099183,0.04061533684005946,0.19325442326819223,0.03502388687109295,0.11324825205329316,0.17868999716684889,1024
ses01_centroid_drift,gaussian_seed_y_fraction,-0.010201359347627517,0.00940842192154749,0.011242099781291894,0.004273998210095864,-0.012869268499573587,0.011339625942986839,1024
ses01_centroid_drift,gaussian_seed_z_fraction,-0.004162415977859682,0.013445530914515799,0.022717594760872182,0.007042943078309668,0.007290359323734815,0.0167663645089011,1024
ses01_centroid_drift,core_threshold,0.0,0.0,0.0,0.0,0.0,0.0,1024
ses01_centroid_drift,edema_threshold_ratio,0.0,0.0,0.0,0.0,0.0,0.0,1024
ses01_R_g,front_speed_mm_per_day,0.14470098347384758,0.03968973601005046,0.17972979957604873,0.023560171748599968,0.14402440354442828,0.1784185520140038,1024
ses01_R_g,front_width_mm,0.006728038088683505,0.011218175468492264,0.018775963851446913,0.003279871340175218,0.01296757877035468,0.018760517107402255,1024
ses01_R_g,seed_peak_density,0.007604107979193203,0.007930774171752343,0.008080550962935383,0.000938409245698517,0.008242356463391186,0.008077573878887625,1024
ses01_R_g,seed_sigma_mm,0.695676967990226,0.07037356096058164,0.7024740987303547,0.05566710299762779,0.6960368342387538,0.7010642039668538,1024
ses01_R_g,preop_time,0.07722643018934754,0.03062609139674951,0.10643900568697069,0.014716731298259149,0.10445296112634807,0.10941481301018884,1024
ses01_R_g,diffusivity_ratio,0.014815791260050814,0.0118084020242137,0.018218943950665215,0.0034467893073249563,0.012700479643573015,0.018328292054129523,1024
ses01_R_g,chemo_kill_rate,0.0,0.0,0.0,0.0,0.0,0.0,1024
ses01_R_g,rt_alpha,0.0,0.0,0.0,0.0,0.0,0.0,1024
ses01_R_g,rt_alpha_beta_ratio,0.0,0.0,0.0,0.0,0.0,0.0,1024
ses01_R_g,gaussian_seed_x_fraction,0.009241171576231439,0.009404173837252236,0.013467752000711573,0.0021292648083245003,0.005125838123269091,0.012656217127761016,1024
ses01_R_g,gaussian_seed_y_fraction,0.004829241265547779,0.0065300464837841025,0.005699873564440336,0.0011745404939717036,0.005193970924742832,0.005598452761660674,1024
ses01_R_g,gaussian_seed_z_fraction,0.0008525470506575566,0.00623887562599296,0.004557156018736041,0.0008513704011034892,-0.0003373686265445149,0.004743433815425995,1024
ses01_R_g,core_threshold,0.0,0.0,0.0,0.0,0.0,0.0,1024
ses01_R_g,edema_threshold_ratio,0.0,0.0,0.0,0.0,0.0,0.0,1024
ses01_log10_anisotropy,front_speed_mm_per_day,0.2755501714115388,0.05864050371272963,0.44036501362690744,0.058770033631801256,0.3160303853303953,0.4392891043904663,1024
ses01_log10_anisotropy,front_width_mm,0.0026473782281506864,0.019945337103343213,0.047985794322801464,0.008610525964341227,0.021806174604567154,0.04556293959356882,1024
ses01_log10_anisotropy,seed_peak_density,-0.0006604956460157364,0.005066181054854084,0.003685769609280695,0.0006411418387231837,0.002244627136871539,0.0038769958755020405,1024
ses01_log10_anisotropy,seed_sigma_mm,-0.0029865417871115215,0.04334768140136591,0.27180429568590464,0.040748154748858435,0.01871817625894146,0.26416380948459506,1024
ses01_log10_anisotropy,preop_time,0.1440211675110514,0.04358954650387133,0.2697649765574393,0.050141727193383216,0.1267812040664856,0.2681340212860451,1024
ses01_log10_anisotropy,diffusivity_ratio,0.0022253726665362097,0.0160257762681195,0.03936683912804171,0.010489246363333761,0.00897636056486978,0.03988395230780963,1024
ses01_log10_anisotropy,chemo_kill_rate,0.0,0.0,0.0,0.0,0.0,0.0,1024
ses01_log10_anisotropy,rt_alpha,0.0,0.0,0.0,0.0,0.0,0.0,1024
ses01_log10_anisotropy,rt_alpha_beta_ratio,0.0,0.0,0.0,0.0,0.0,0.0,1024
ses01_log10_anisotropy,gaussian_seed_x_fraction,0.10019019179261038,0.052850241290115035,0.3415064341800003,0.051433555334929174,0.11468283930848204,0.34004199282435543,1024
ses01_log10_anisotropy,gaussian_seed_y_fraction,0.0016137060447978073,0.013764640402803357,0.028066013552138558,0.0069178146491612035,-0.0016488805281915419,0.028902072120928615,1024
ses01_log10_anisotropy,gaussian_seed_z_fraction,0.003962477247474754,0.01735872488286606,0.03832214490212051,0.00821134909480551,0.015436902838516873,0.03534451865949476,1024
ses01_log10_anisotropy,core_threshold,0.0,0.0,0.0,0.0,0.0,0.0,1024
ses01_log10_anisotropy,edema_threshold_ratio,0.0,0.0,0.0,0.0,0.0,0.0,1024
ses01_wm_fraction,front_speed_mm_per_day,-0.014514514650913213,0.020920717751569094,0.058986814247705945,0.01077775834764828,0.008461516522932908,0.05912784631260748,1024
ses01_wm_fraction,front_width_mm,0.006243819305993208,0.011782780975348267,0.018063548754234385,0.0035281045155006645,0.00047135137437947236,0.01799372518437791,1024
ses01_wm_fraction,seed_peak_density,0.003038993881262178,0.004136990993698429,0.0021924657757051696,0.00031449764754442293,0.002791846045534412,0.00206912897332734,1024
ses01_wm_fraction,seed_sigma_mm,0.1476765224218241,0.047912705458536285,0.27613959913292696,0.03548667107746163,0.13435297831884016,0.2546152284286602,1024
ses01_wm_fraction,preop_time,-0.006837580063651193,0.01773174748382692,0.040444095134895046,0.007853355859773977,-0.02141768533586481,0.04264013017979043,1024
ses01_wm_fraction,diffusivity_ratio,0.01012959443329632,0.009501176239031846,0.015360400619875775,0.0035867880294195584,0.012891077179961385,0.015092250310416885,1024
ses01_wm_fraction,chemo_kill_rate,0.0,0.0,0.0,0.0,0.0,0.0,1024
ses01_wm_fraction,rt_alpha,0.0,0.0,0.0,0.0,0.0,0.0,1024
ses01_wm_fraction,rt_alpha_beta_ratio,0.0,0.0,0.0,0.0,0.0,0.0,1024
ses01_wm_fraction,gaussian_seed_x_fraction,0.26492073330749305,0.05515162218224078,0.46369470863404066,0.06670930248201877,0.28435781627078055,0.4617644010538791,1024
ses01_wm_fraction,gaussian_seed_y_fraction,0.1599791543569525,0.03996375154547973,0.24733938601305167,0.03268687023681572,0.158550537150561,0.239452557820212,1024
ses01_wm_fraction,gaussian_seed_z_fraction,0.16403107185726312,0.043223006918545234,0.232880510556767,0.036263340413197925,0.16006926790634177,0.2350420917639497,1024
ses01_wm_fraction,core_threshold,0.0,0.0,0.0,0.0,0.0,0.0,1024
ses01_wm_fraction,edema_threshold_ratio,0.0,0.0,0.0,0.0,0.0,0.0,1024
ses02_dice_core,front_speed_mm_per_day,0.00011233993472088532,0.04932455530179492,0.30186985903558083,0.04747024452470819,-0.01362132459034327,0.30932900525434714,1024
ses02_dice_core,front_width_mm,0.07630495578942603,0.059192632772897075,0.5001829240287375,0.08176422846440094,0.05513443419837629,0.457978967263033,1024
ses02_dice_core,seed_peak_density,0.011455122694077965,0.021029972002711478,0.0688706996147921,0.021021191847001127,0.014815070948706129,0.0846758832198453,1024
ses02_dice_core,seed_sigma_mm,0.03499609211350603,0.0612245488197897,0.525409331036414,0.07323518170733723,0.0446160190051313,0.5142798748612698,1024
ses02_dice_core,preop_time,0.017451377715903545,0.042531561735394144,0.23124788422386997,0.046046774668307616,0.001954097372235334,0.246006386135644,1024
ses02_dice_core,diffusivity_ratio,0.011691339514016923,0.011405949992986764,0.019044419814829572,0.005212316726510087,-0.001933523581590227,0.020568388183657672,1024
ses02_dice_core,chemo_kill_rate,0.0,0.0,0.0,0.0,0.0,0.0,1024
ses02_dice_core,rt_alpha,0.0,0.0,0.0,0.0,0.0,0.0,1024
ses02_dice_core,rt_alpha_beta_ratio,0.0,0.0,0.0,0.0,0.0,0.0,1024
ses02_dice_core,gaussian_seed_x_fraction,0.11495302921379223,0.05991438094422284,0.39308021065767673,0.06775043546381396,0.1319714057994806,0.38840648077656026,1024
ses02_dice_core,gaussian_seed_y_fraction,0.04000037905192063,0.037229731770249845,0.23610852548609948,0.041019071528914645,0.02152622276391092,0.23948811611123597,1024
ses02_dice_core,gaussian_seed_z_fraction,-0.0041730197930574245,0.029110490924932547,0.1679348976032446,0.035229410492304714,-0.0040632878343186945,0.17938870933536505,1024
ses02_dice_core,core_threshold,0.019859135682443803,0.030717983127298336,0.13305857423000442,0.030058538154159344,0.006913606884053696,0.13006370482966215,1024
ses02_dice_core,edema_threshold_ratio,0.0,0.0,0.0,0.0,0.0,0.0,1024
ses02_dice_whole,front_speed_mm_per_day,0.19597673433091845,0.047574574989569816,0.25476767945810874,0.03248539900808885,0.22075511042674345,0.26935879774284366,1024
ses02_dice_whole,front_width_mm,0.06505290132878071,0.028109580915971988,0.10729826587719173,0.01709827718001296,0.07883971673175068,0.11078889798902525,1024
ses02_dice_whole,seed_peak_density,0.009975428422455994,0.008692504879524861,0.009589615734256348,0.0013318378378720966,0.012622472365114861,0.009452307323982301,1024
ses02_dice_whole,seed_sigma_mm,0.3318327806922619,0.05455062621892004,0.42580339709705967,0.04136227457975097,0.29761265762787387,0.41551494893441976,1024
ses02_dice_whole,preop_time,0.08563826539701339,0.02999189965497564,0.1330799440461134,0.021452758062919897,0.06835003048713893,0.1400448026637359,1024
ses02_dice_whole,diffusivity_ratio,-0.0038617182804516342,0.008336412858373908,0.007477332388879273,0.0016827824426517161,-0.007918604309146244,0.00595301074324359,1024
ses02_dice_whole,chemo_kill_rate,0.0,0.0,0.0,0.0,0.0,0.0,1024
ses02_dice_whole,rt_alpha,0.0,0.0,0.0,0.0,0.0,0.0,1024
ses02_dice_whole,rt_alpha_beta_ratio,0.0,0.0,0.0,0.0,0.0,0.0,1024
ses02_dice_whole,gaussian_seed_x_fraction,0.08805222115567687,0.030752441095011258,0.1348408185470811,0.01630428872972376,0.08609251119027808,0.13715289647078577,1024
ses02_dice_whole,gaussian_seed_y_fraction,0.02988142231811711,0.019583797162920885,0.05751855593769909,0.007623094840496117,0.020758619931672113,0.055364489903786895,1024
ses02_dice_whole,gaussian_seed_z_fraction,0.08098868045110949,0.029497769852167705,0.1146267368807508,0.01472665505385915,0.07358109824346315,0.11045303204078076,1024
ses02_dice_whole,core_threshold,0.005180547876180506,0.008083092768664346,0.007710332173687289,0.0014068857265594795,0.007375344482669862,0.008331614356499786,1024
ses02_dice_whole,edema_threshold_ratio,0.005499821107996777,0.011939816790824773,0.019688977730886806,0.0032307244573191343,0.007611205949818046,0.01880084686804965,1024
ses02_log10_V_core,front_speed_mm_per_day,0.10799557441804693,0.039364515032146934,0.16565384309808226,0.034267334044390065,0.07683507023267752,0.17600292773103166,1024
ses02_log10_V_core,front_width_mm,0.23188796012085058,0.0529872387346565,0.37292560053194285,0.06481662018730751,0.24886894348308258,0.3505889612284496,1024
ses02_log10_V_core,seed_peak_density,0.01921098918070626,0.02591082042254118,0.07818259531913081,0.02257466028626389,0.013110372028715378,0.07700086416260628,1024
ses02_log10_V_core,seed_sigma_mm,0.2685626299291765,0.053572949120069865,0.38779588378182567,0.06119960672744757,0.2823256023291978,0.4097740312986607,1024
ses02_log10_V_core,preop_time,0.05314091282518286,0.02518499303784201,0.09633037725063587,0.023374509471040195,0.018567350026396628,0.09511655658387211,1024
ses02_log10_V_core,diffusivity_ratio,-0.012246873852447228,0.019488344564350595,0.052656480395771754,0.020976392163506,-0.024243212106090806,0.051827097848221225,1024
ses02_log10_V_core,chemo_kill_rate,0.0,0.0,0.0,0.0,0.0,0.0,1024
ses02_log10_V_core,rt_alpha,0.0,0.0,0.0,0.0,0.0,0.0,1024
ses02_log10_V_core,rt_alpha_beta_ratio,0.0,0.0,0.0,0.0,0.0,0.0,1024
ses02_log10_V_core,gaussian_seed_x_fraction,0.005987073810512947,0.016016350854278036,0.05995133123915543,0.01935301073814411,0.011763927513039327,0.05599648065606711,1024
ses02_log10_V_core,gaussian_seed_y_fraction,0.006264973136265451,0.02497065838117461,0.04383484473161349,0.016998136531941106,-0.00041653654955599507,0.05146153223358353,1024
ses02_log10_V_core,gaussian_seed_z_fraction,-0.0018911779714016884,0.015842655616330296,0.07176068211236211,0.02428110727974966,-0.00877343228285453,0.06652492795819416,1024
ses02_log10_V_core,core_threshold,0.03523221038444476,0.0273692384459214,0.12711989659696576,0.03358537844203854,0.028912662810473107,0.13332791833580526,1024
ses02_log10_V_core,edema_threshold_ratio,0.0,0.0,0.0,0.0,0.0,0.0,1024
ses02_log10_V_whole,front_speed_mm_per_day,0.11610224965059654,0.035299599230974754,0.1460734497479231,0.023355304602968283,0.11066373444024005,0.1430362061376742,1024
ses02_log10_V_whole,front_width_mm,0.06137912511923041,0.027109854595607132,0.12246283411696059,0.0656646691455877,0.06809698343584768,0.10997843009239273,1024
ses02_log10_V_whole,seed_peak_density,0.006013180487694865,0.011700086493233347,0.017301393284938148,0.005697418506312821,0.005876595056461278,0.019923291880199097,1024
ses02_log10_V_whole,seed_sigma_mm,0.6372143092503311,0.07601731011663695,0.7209876043122604,0.08124970231403333,0.618379171973611,0.7626074993717465,1024
ses02_log10_V_whole,preop_time,0.05350049696870302,0.023948018084270245,0.06848674153665092,0.01092807900791002,0.057317841946677925,0.06960234421227533,1024
ses02_log10_V_whole,diffusivity_ratio,-0.014913849977089033,0.01811464854450154,0.03127554120497594,0.037550379304713666,-0.011589992965512138,0.017965664113633418,1024
ses02_log10_V_whole,chemo_kill_rate,0.0,0.0,0.0,0.0,0.0,0.0,1024
ses02_log10_V_whole,rt_alpha,0.0,0.0,0.0,0.0,0.0,0.0,1024
ses02_log10_V_whole,rt_alpha_beta_ratio,0.0,0.0,0.0,0.0,0.0,0.0,1024
ses02_log10_V_whole,gaussian_seed_x_fraction,-0.0031178432679459986,0.011714489872843096,0.015150838253278533,0.004261733994314517,0.0067279631664548985,0.015775329615979515,1024
ses02_log10_V_whole,gaussian_seed_y_fraction,0.0034076741343253415,0.010254522583198278,0.010825110886298499,0.004957763974956099,0.003012820203422632,0.013893354488494797,1024
ses02_log10_V_whole,gaussian_seed_z_fraction,-0.0009981219871504827,0.011607785900429095,0.014237245248067939,0.012302069903315418,0.007238800746885321,0.00883294738723668,1024
ses02_log10_V_whole,core_threshold,0.0044250786871424625,0.010244297831581232,0.025128979798774227,0.03261667507981055,0.006992609030459878,0.008393774473952455,1024
ses02_log10_V_whole,edema_threshold_ratio,0.04210015680654743,0.033457391039936134,0.07483378736397404,0.05987973353937667,0.030830053117587294,0.0422939058696546,1024
ses02_log_vol_ratio_core,front_speed_mm_per_day,0.10799557441804693,0.03936451503214693,0.16565384309808232,0.034267334044390065,0.07683507023267754,0.17600292773103166,1024
ses02_log_vol_ratio_core,front_width_mm,0.23188796012085058,0.05298723873465651,0.37292560053194285,0.06481662018730751,0.24886894348308258,0.3505889612284496,1024
ses02_log_vol_ratio_core,seed_peak_density,0.019210989180706257,0.025910820422541173,0.07818259531913081,0.02257466028626389,0.013110372028715372,0.07700086416260629,1024
ses02_log_vol_ratio_core,seed_sigma_mm,0.2685626299291765,0.05357294912006987,0.38779588378182567,0.06119960672744757,0.28232560232919796,0.4097740312986607,1024
ses02_log_vol_ratio_core,preop_time,0.05314091282518286,0.02518499303784201,0.09633037725063587,0.023374509471040195,0.018567350026396628,0.09511655658387212,1024
ses02_log_vol_ratio_core,diffusivity_ratio,-0.012246873852447228,0.019488344564350595,0.052656480395771754,0.020976392163506,-0.024243212106090803,0.051827097848221225,1024
ses02_log_vol_ratio_core,chemo_kill_rate,0.0,0.0,0.0,0.0,0.0,0.0,1024
ses02_log_vol_ratio_core,rt_alpha,0.0,0.0,0.0,0.0,0.0,0.0,1024
ses02_log_vol_ratio_core,rt_alpha_beta_ratio,0.0,0.0,0.0,0.0,0.0,0.0,1024
ses02_log_vol_ratio_core,gaussian_seed_x_fraction,0.0059870738105129466,0.016016350854278036,0.05995133123915542,0.019353010738144105,0.011763927513039327,0.05599648065606711,1024
ses02_log_vol_ratio_core,gaussian_seed_y_fraction,0.0062649731362654495,0.02497065838117461,0.04383484473161349,0.016998136531941106,-0.00041653654955599507,0.051461532233583525,1024
ses02_log_vol_ratio_core,gaussian_seed_z_fraction,-0.0018911779714016902,0.015842655616330296,0.07176068211236211,0.02428110727974966,-0.008773432282854533,0.06652492795819416,1024
ses02_log_vol_ratio_core,core_threshold,0.03523221038444476,0.027369238445921398,0.12711989659696576,0.03358537844203854,0.028912662810473107,0.1333279183358053,1024
ses02_log_vol_ratio_core,edema_threshold_ratio,0.0,0.0,0.0,0.0,0.0,0.0,1024
ses02_log_vol_ratio_whole,front_speed_mm_per_day,0.11610224965059654,0.03529959923097474,0.1460734497479231,0.023355304602968283,0.11066373444024005,0.1430362061376742,1024
ses02_log_vol_ratio_whole,front_width_mm,0.0613791251192304,0.027109854595607132,0.1224628341169606,0.06566466914558773,0.06809698343584766,0.10997843009239276,1024
ses02_log_vol_ratio_whole,seed_peak_density,0.006013180487694864,0.011700086493233347,0.01730139328493815,0.005697418506312822,0.005876595056461268,0.019923291880199097,1024
ses02_log_vol_ratio_whole,seed_sigma_mm,0.6372143092503311,0.07601731011663695,0.7209876043122604,0.08124970231403333,0.618379171973611,0.7626074993717465,1024
ses02_log_vol_ratio_whole,preop_time,0.05350049696870302,0.02394801808427025,0.06848674153665092,0.01092807900791002,0.05731784194667791,0.06960234421227533,1024
ses02_log_vol_ratio_whole,diffusivity_ratio,-0.014913849977089035,0.01811464854450154,0.03127554120497595,0.03755037930471368,-0.011589992965512125,0.017965664113633414,1024
ses02_log_vol_ratio_whole,chemo_kill_rate,0.0,0.0,0.0,0.0,0.0,0.0,1024
ses02_log_vol_ratio_whole,rt_alpha,0.0,0.0,0.0,0.0,0.0,0.0,1024
ses02_log_vol_ratio_whole,rt_alpha_beta_ratio,0.0,0.0,0.0,0.0,0.0,0.0,1024
ses02_log_vol_ratio_whole,gaussian_seed_x_fraction,-0.003117843267945999,0.011714489872843096,0.015150838253278533,0.004261733994314516,0.006727963166454895,0.015775329615979515,1024
ses02_log_vol_ratio_whole,gaussian_seed_y_fraction,0.0034076741343253467,0.010254522583198278,0.010825110886298497,0.004957763974956097,0.0030128202034226375,0.013893354488494799,1024
ses02_log_vol_ratio_whole,gaussian_seed_z_fraction,-0.000998121987150484,0.011607785900429097,0.014237245248067937,0.012302069903315414,0.007238800746885324,0.008832947387236681,1024
ses02_log_vol_ratio_whole,core_threshold,0.004425078687142462,0.010244297831581237,0.02512897979877423,0.032616675079810545,0.0069926090304598815,0.008393774473952455,1024
ses02_log_vol_ratio_whole,edema_threshold_ratio,0.04210015680654743,0.033457391039936134,0.07483378736397406,0.05987973353937667,0.030830053117587294,0.04229390586965461,1024
ses02_msd_core,front_speed_mm_per_day,0.022224058492841283,0.0704904691419823,0.36422555099222137,0.0656988468726068,0.010586756968844875,0.36744612435391505,855
ses02_msd_core,front_width_mm,-0.05559143103035899,0.06910800502410329,0.45346402491592525,0.06818734871526042,-0.06876267682124523,0.4485979939340616,855
ses02_msd_core,seed_peak_density,-0.006452555615680033,0.02238167250346554,0.06486750365233135,0.01641142964403651,-0.002927593183929505,0.05643976482510193,855
ses02_msd_core,seed_sigma_mm,0.08674933871265886,0.08361867012300986,0.5946826620790832,0.08115529227156855,0.11649120947031248,0.5656580616625491,855
ses02_msd_core,preop_time,0.05785462686373608,0.04874714058719876,0.21171766281062232,0.03556683743648453,0.06804773018867674,0.21929691222853548,855
ses02_msd_core,diffusivity_ratio,0.018140153299787642,0.01842558664468302,0.031116236072142874,0.013627487993615229,0.007861850754847601,0.031188896904377705,855
ses02_msd_core,chemo_kill_rate,0.0,0.0,0.0,0.0,0.0,0.0,855
ses02_msd_core,rt_alpha,0.0,0.0,0.0,0.0,0.0,0.0,855
ses02_msd_core,rt_alpha_beta_ratio,0.0,0.0,0.0,0.0,0.0,0.0,855
ses02_msd_core,gaussian_seed_x_fraction,0.027841623094131313,0.037231272652830064,0.1333312300483627,0.0211566195011029,0.02972653991870056,0.12655238959927329,855
ses02_msd_core,gaussian_seed_y_fraction,0.04249122819230777,0.027261721072415954,0.08319915162759206,0.013795160598985206,0.05911369519693409,0.07970782380776456,855
ses02_msd_core,gaussian_seed_z_fraction,0.0020349268700610447,0.021121824444396593,0.04722376678847297,0.00786916845074635,-0.004501213878364491,0.05024157206892712,855
ses02_msd_core,core_threshold,0.017603155160144265,0.0313852524484724,0.10082923445168358,0.021277013187865353,-0.01024585217283412,0.10947315439559639,855
ses02_msd_core,edema_threshold_ratio,0.0,0.0,0.0,0.0,0.0,0.0,855
ses02_msd_whole,front_speed_mm_per_day,0.16379526430731164,0.043430736871836496,0.22303003496670493,0.030359762977770908,0.19400602939919726,0.2476408804251983,1016
ses02_msd_whole,front_width_mm,0.060501969360918735,0.026775803816235864,0.10703697752725984,0.016456809203305032,0.06829042063315023,0.11055682080315603,1016
ses02_msd_whole,seed_peak_density,0.006978645613741351,0.009250515208274104,0.011979390544670164,0.0017465204863778467,0.009766219300908659,0.012569139219854085,1016
ses02_msd_whole,seed_sigma_mm,0.39518563895566583,0.05821438436255711,0.49703981068653774,0.0490213644626074,0.37405431361785435,0.5175481820829783,1016
ses02_msd_whole,preop_time,0.07961668121775434,0.029042772823781877,0.10803010547903658,0.016527838648038057,0.06655317139400858,0.11994722779699138,1016
ses02_msd_whole,diffusivity_ratio,-0.0002831369942118273,0.0065050568909831245,0.00381888616728777,0.0011167398811369944,-0.005036853009810952,0.0030183607548030433,1016
ses02_msd_whole,chemo_kill_rate,0.0,0.0,0.0,0.0,0.0,0.0,1016
ses02_msd_whole,rt_alpha,0.0,0.0,0.0,0.0,0.0,0.0,1016
ses02_msd_whole,rt_alpha_beta_ratio,0.0,0.0,0.0,0.0,0.0,0.0,1016
ses02_msd_whole,gaussian_seed_x_fraction,0.05875336262076146,0.028309689308770144,0.1079397595154066,0.01376080189226704,0.060035472482626286,0.11781723921072093,1016
ses02_msd_whole,gaussian_seed_y_fraction,0.04082391300663767,0.022484142613759875,0.06410926444992955,0.009169859709778481,0.04309335759832398,0.0660008664259803,1016
ses02_msd_whole,gaussian_seed_z_fraction,0.03406647628094891,0.01788255430454015,0.04633966420659654,0.006139102277896125,0.038850195628728997,0.04891719661330459,1016
ses02_msd_whole,core_threshold,0.007258772008900001,0.008391175441704644,0.009294695350700244,0.0014490229529598732,0.008857673732683674,0.009742424148846985,1016
ses02_msd_whole,edema_threshold_ratio,0.015010165205063342,0.014285623548050956,0.026428244994012376,0.004705151899265374,0.013081311829314638,0.030278227117960847,1016
ses02_hd95_core,front_speed_mm_per_day,0.0006755882561810095,0.06901158152256552,0.3975562213511154,0.07070295885939737,-0.012156766659298913,0.39027316808107376,855
ses02_hd95_core,front_width_mm,-0.06427688787852555,0.06074222679965191,0.42258488534195127,0.06680885077434236,-0.05227531188675054,0.41107905593479244,855
ses02_hd95_core,seed_peak_density,-0.00459673688721756,0.021541567523361952,0.04620282076118279,0.009623121426168904,0.003415004107489103,0.044857328900288186,855
ses02_hd95_core,seed_sigma_mm,0.10531002300678068,0.07935548133850828,0.5761740292764507,0.07139651659412839,0.1673246965636106,0.5701104306019764,855
ses02_hd95_core,preop_time,0.06444496385859468,0.052357541958177205,0.2361512429806441,0.038816613631920426,0.0941984729477245,0.2502467109362258,855
ses02_hd95_core,diffusivity_ratio,0.014433398101872514,0.013902885496412878,0.020074561898614656,0.006732184683860072,0.004101015187501171,0.02021835954667223,855
ses02_hd95_core,chemo_kill_rate,0.0,0.0,0.0,0.0,0.0,0.0,855
ses02_hd95_core,rt_alpha,0.0,0.0,0.0,0.0,0.0,0.0,855
ses02_hd95_core,rt_alpha_beta_ratio,0.0,0.0,0.0,0.0,0.0,0.0,855
ses02_hd95_core,gaussian_seed_x_fraction,-0.008815708152216797,0.03782072808353422,0.14671275514720933,0.02078919596300855,0.012005181228016928,0.14047325047491108,855
ses02_hd95_core,gaussian_seed_y_fraction,0.047119443063004814,0.0357514451222171,0.1417086249966399,0.02470468473322462,0.06411444785242797,0.12916218114597736,855
ses02_hd95_core,gaussian_seed_z_fraction,-0.005012553051387761,0.02503630859566745,0.07767140636634648,0.013077160013074353,0.0009055245318400363,0.08059802595462853,855
ses02_hd95_core,core_threshold,0.008578030905196356,0.027643653474719747,0.07757092762344016,0.0129075927005,-0.002019557528863079,0.07573091953705682,855
ses02_hd95_core,edema_threshold_ratio,0.0,0.0,0.0,0.0,0.0,0.0,855
ses02_hd95_whole,front_speed_mm_per_day,0.1775367755863656,0.04554421786017163,0.21937632948652847,0.027279025413740738,0.20388859302336895,0.23405064026177383,1016
ses02_hd95_whole,front_width_mm,0.06566640374251652,0.027196765680216364,0.09110593439795167,0.011501659928993544,0.07322062321888477,0.0956042157668779,1016
ses02_hd95_whole,seed_peak_density,0.006846779802009025,0.007824083958953234,0.008549450768729218,0.001116941410123227,0.006828317468944252,0.009085215085919564,1016
ses02_hd95_whole,seed_sigma_mm,0.34946348305110103,0.05119641353916952,0.41717422246356356,0.03949146628799234,0.32119897246973755,0.43330617135821836,1016
ses02_hd95_whole,preop_time,0.07839904723184289,0.02973596147050167,0.11338072558836557,0.016918669937896324,0.07462353335273028,0.1208868271560405,1016
ses02_hd95_whole,diffusivity_ratio,8.101995237891055e-05,0.005557562692593054,0.0027381761416065964,0.001192973113176322,-0.002143671848225781,0.0020421717710575726,1016
ses02_hd95_whole,chemo_kill_rate,0.0,0.0,0.0,0.0,0.0,0.0,1016
ses02_hd95_whole,rt_alpha,0.0,0.0,0.0,0.0,0.0,0.0,1016
ses02_hd95_whole,rt_alpha_beta_ratio,0.0,0.0,0.0,0.0,0.0,0.0,1016
ses02_hd95_whole,gaussian_seed_x_fraction,0.03820694687816761,0.024796189181106813,0.08784008911751982,0.010487082436062587,0.0365090706377641,0.09273640394922483,1016
ses02_hd95_whole,gaussian_seed_y_fraction,0.1432541941070058,0.038069259905916863,0.1916525603589185,0.02220874138514204,0.1464141700399628,0.19824214890765685,1016
ses02_hd95_whole,gaussian_seed_z_fraction,0.03387352167561223,0.020522555881898722,0.049583147358001955,0.005930254538888707,0.03596497763818282,0.052176694961445724,1016
ses02_hd95_whole,core_threshold,0.003987925425792064,0.006986003016187594,0.0064634851393759575,0.000963189324135593,0.0037442930982439634,0.0065122660064253,1016
ses02_hd95_whole,edema_threshold_ratio,0.007623767833632766,0.011742012807526948,0.01763460423397462,0.0025543098280184457,0.007554480343349878,0.019251084687209603,1016
ses02_dice_star_core,front_speed_mm_per_day,0.0009064958420558109,0.04813772772359762,0.25475274917311214,0.04605142219977184,0.03268683511822688,0.27012169083536663,1024
ses02_dice_star_core,front_width_mm,-0.024909716801460452,0.04118953118588083,0.26978162156346325,0.06251755799236727,-0.020298457520995353,0.23817401134871669,1024
ses02_dice_star_core,seed_peak_density,-0.005002968174043659,0.013209110255615221,0.030157248263761614,0.017763257716178336,-0.0007824736329681216,0.029064513988849433,1024
ses02_dice_star_core,seed_sigma_mm,0.023677496587852644,0.052803925786261925,0.3126605267063228,0.053659154802205115,0.06831031900014735,0.2980487023470768,1024
ses02_dice_star_core,preop_time,0.03854999857732825,0.030543916807122245,0.12831144097479666,0.028246140918442273,0.0612243454243172,0.1289029732367857,1024
ses02_dice_star_core,diffusivity_ratio,0.0028751062328486797,0.012649536460509187,0.027197120260346968,0.016183557546628865,0.009384869075433505,0.017575712130989636,1024
ses02_dice_star_core,chemo_kill_rate,0.0,0.0,0.0,0.0,0.0,0.0,1024
ses02_dice_star_core,rt_alpha,0.0,0.0,0.0,0.0,0.0,0.0,1024
ses02_dice_star_core,rt_alpha_beta_ratio,0.0,0.0,0.0,0.0,0.0,0.0,1024
ses02_dice_star_core,gaussian_seed_x_fraction,0.17913941890724444,0.06226404917006229,0.5359800529248239,0.07540092123486472,0.17107578562317483,0.5344733078383715,1024
ses02_dice_star_core,gaussian_seed_y_fraction,0.10346571431354559,0.051559774388296835,0.332949755130649,0.0508579440870677,0.07621945329471075,0.3064698477929467,1024
ses02_dice_star_core,gaussian_seed_z_fraction,0.0558492954798819,0.03428058313674016,0.17509930639737156,0.029511539249603883,0.07248732395631562,0.166068163507246,1024
ses02_dice_star_core,core_threshold,0.0,0.0,0.0,0.0,0.0,0.0,1024
ses02_dice_star_core,edema_threshold_ratio,0.0,0.0,0.0,0.0,0.0,0.0,1024
ses02_dice_star_whole,front_speed_mm_per_day,0.21804087472903977,0.047988011999891764,0.2769391656770694,0.03551255252211348,0.2402127955518812,0.29610583623051717,1024
ses02_dice_star_whole,front_width_mm,0.010849768162865887,0.015285335144443857,0.031117852174498455,0.005394525738371146,0.01826885321128959,0.030607738298400692,1024
ses02_dice_star_whole,seed_peak_density,0.008301198956538138,0.007806054912224915,0.007950151899132361,0.0010984649808199428,0.012817664755410364,0.008257370635849618,1024
ses02_dice_star_whole,seed_sigma_mm,0.32500288029975327,0.05379638858120917,0.41161503259709264,0.038923252985589456,0.3007332974075582,0.41030635562212503,1024
ses02_dice_star_whole,preop_time,0.10200892625443904,0.030164389041150617,0.13768456835649137,0.02223360280203326,0.08773939478410336,0.14494458344350564,1024
ses02_dice_star_whole,diffusivity_ratio,-0.00036245382681784514,0.009374362441994707,0.009485888873160977,0.0019059324334854172,-0.004197558455900207,0.008735981155686655,1024
ses02_dice_star_whole,chemo_kill_rate,0.0,0.0,0.0,0.0,0.0,0.0,1024
ses02_dice_star_whole,rt_alpha,0.0,0.0,0.0,0.0,0.0,0.0,1024
ses02_dice_star_whole,rt_alpha_beta_ratio,0.0,0.0,0.0,0.0,0.0,0.0,1024
ses02_dice_star_whole,gaussian_seed_x_fraction,0.11403951447733061,0.03409266384323208,0.16212412693654846,0.017894802418980955,0.10601053150046065,0.16564428513991086,1024
ses02_dice_star_whole,gaussian_seed_y_fraction,0.047917477120511615,0.023508938967687413,0.0768235634895549,0.009865368422632406,0.04505510158782011,0.07295917407212038,1024
ses02_dice_star_whole,gaussian_seed_z_fraction,0.09120286279839919,0.030505466097620556,0.12644597025535878,0.015740492490925632,0.08837654870697773,0.12575310712698118,1024
ses02_dice_star_whole,core_threshold,0.0,0.0,0.0,0.0,0.0,0.0,1024
ses02_dice_star_whole,edema_threshold_ratio,0.0,0.0,0.0,0.0,0.0,0.0,1024
ses02_core_threshold_star,front_speed_mm_per_day,0.12705711286916818,0.051368739777647596,0.30207197771781835,0.04089265456781838,0.15322821100811754,0.3194758562371917,1024
ses02_core_threshold_star,front_width_mm,0.15257409156195473,0.05069843661573437,0.34595365488923285,0.04305377761499516,0.15125085772548252,0.3447659254947807,1024
ses02_core_threshold_star,seed_peak_density,0.019003784470361548,0.016638718835311782,0.033587272905255657,0.008665717469778915,0.011056376363030158,0.03392455185859413,1024
ses02_core_threshold_star,seed_sigma_mm,0.29350047768578275,0.05897044250821405,0.49624246924495313,0.05183676917954772,0.26760562763756923,0.4827760982157651,1024
ses02_core_threshold_star,preop_time,0.04990080294852257,0.03806450549608577,0.1874815007366813,0.031508853409926145,0.0381699358993617,0.20147126069012092,1024
ses02_core_threshold_star,diffusivity_ratio,0.011946383558195274,0.013445218337130393,0.019497696559406887,0.008945890264086811,-0.006031931993128237,0.01481545102030397,1024
ses02_core_threshold_star,chemo_kill_rate,0.0,0.0,0.0,0.0,0.0,0.0,1024
ses02_core_threshold_star,rt_alpha,0.0,0.0,0.0,0.0,0.0,0.0,1024
ses02_core_threshold_star,rt_alpha_beta_ratio,0.0,0.0,0.0,0.0,0.0,0.0,1024
ses02_core_threshold_star,gaussian_seed_x_fraction,0.06013959360526478,0.042581559137924614,0.23257288900849699,0.03432926657053997,0.09660766231078204,0.23133807755589292,1024
ses02_core_threshold_star,gaussian_seed_y_fraction,-0.011399400096889925,0.03551402061440535,0.1712334202705089,0.031096841634565334,-0.016803044941589886,0.18113540276097756,1024
ses02_core_threshold_star,gaussian_seed_z_fraction,0.019226707976842974,0.0327370296332482,0.14051624625051876,0.025023046166393694,0.016190161725141913,0.13324469325267013,1024
ses02_core_threshold_star,core_threshold,0.0,0.0,0.0,0.0,0.0,0.0,1024
ses02_core_threshold_star,edema_threshold_ratio,0.0,0.0,0.0,0.0,0.0,0.0,1024
ses02_edema_threshold_star,front_speed_mm_per_day,0.07920527618205273,0.06669303294239598,0.4917765074113837,0.11555688258400287,0.1020106990058513,0.4418450925668722,1024
ses02_edema_threshold_star,front_width_mm,0.0035607949789050416,0.020614603623117754,0.28984172091559585,0.08794753192985018,0.022927351944355787,0.2552725907534911,1024
ses02_edema_threshold_star,seed_peak_density,-0.024258904562845737,0.04722773090036113,0.04897672060532167,0.030809486494360713,-0.007032322871669599,0.013410633799952991,1024
ses02_edema_threshold_star,seed_sigma_mm,0.13064965775407109,0.08611678383382737,0.6255206290643774,0.1424126645062291,0.21432693980080264,0.6771193697590301,1024
ses02_edema_threshold_star,preop_time,0.056348921361802036,0.07399811523593404,0.3060417131158177,0.0921122444673838,0.13163992144963882,0.37479192356710733,1024
ses02_edema_threshold_star,diffusivity_ratio,0.008096562235485119,0.015640121313382712,0.11754412945277201,0.0582432168624174,0.0059928884673558095,0.11834296142765538,1024
ses02_edema_threshold_star,chemo_kill_rate,0.0,0.0,0.0,0.0,0.0,0.0,1024
ses02_edema_threshold_star,rt_alpha,0.0,0.0,0.0,0.0,0.0,0.0,1024
ses02_edema_threshold_star,rt_alpha_beta_ratio,0.0,0.0,0.0,0.0,0.0,0.0,1024
ses02_edema_threshold_star,gaussian_seed_x_fraction,0.014345398707248078,0.06848632227547152,0.3522556443536597,0.10981284505047958,0.0544905794938708,0.34679428458124056,1024
ses02_edema_threshold_star,gaussian_seed_y_fraction,0.007858031282016186,0.023606708504049088,0.2200184987192912,0.08196058247392383,0.004266126914389347,0.22045199772905186,1024
ses02_edema_threshold_star,gaussian_seed_z_fraction,-0.0009595812058702389,0.05223807332226386,0.2342091895613459,0.08261553233056841,0.014752489852073595,0.2496260081008794,1024
ses02_edema_threshold_star,core_threshold,0.0,0.0,0.0,0.0,0.0,0.0,1024
ses02_edema_threshold_star,edema_threshold_ratio,0.0,0.0,0.0,0.0,0.0,0.0,1024
ses02_dice_core_fixed,front_speed_mm_per_day,0.0043650070964668395,0.04866138368184582,0.3163015891111337,0.04967298362485501,0.013605394503785463,0.31513695775213607,1024
ses02_dice_core_fixed,front_width_mm,0.0612559503486265,0.06417491599209742,0.48991101461733366,0.07850635915327646,0.010995275589008507,0.45043997307549477,1024
ses02_dice_core_fixed,seed_peak_density,0.01488429032189359,0.01946444359824443,0.05689909267649059,0.019288722854231475,0.022021551594466712,0.06828299492584694,1024
ses02_dice_core_fixed,seed_sigma_mm,0.05233444930252614,0.06340924627328731,0.5323228883827525,0.0768767319288773,0.06471323121310509,0.5251345894634927,1024
ses02_dice_core_fixed,preop_time,0.020965870016627645,0.03795835509069484,0.19680892016904145,0.037886601089215245,0.02125399805044297,0.2220108166453149,1024
ses02_dice_core_fixed,diffusivity_ratio,0.011421352436036182,0.014080971465140665,0.031078618832141885,0.013826663883159274,0.000430852013455276,0.03221284465177169,1024
ses02_dice_core_fixed,chemo_kill_rate,0.0,0.0,0.0,0.0,0.0,0.0,1024
ses02_dice_core_fixed,rt_alpha,0.0,0.0,0.0,0.0,0.0,0.0,1024
ses02_dice_core_fixed,rt_alpha_beta_ratio,0.0,0.0,0.0,0.0,0.0,0.0,1024
ses02_dice_core_fixed,gaussian_seed_x_fraction,0.13695133059191228,0.05909969981510432,0.42154785906460673,0.07409437007854601,0.13279508320790703,0.4145854125878491,1024
ses02_dice_core_fixed,gaussian_seed_y_fraction,0.04214039098627183,0.040694184050911644,0.24671823855758773,0.04263436680523157,0.04037873727887268,0.21486252514558007,1024
ses02_dice_core_fixed,gaussian_seed_z_fraction,0.005838722011236292,0.02991243898698679,0.16371618314768252,0.03445098002128286,0.006346471076358912,0.1840412175992369,1024
ses02_dice_core_fixed,core_threshold,0.0,0.0,0.0,0.0,0.0,0.0,1024
ses02_dice_core_fixed,edema_threshold_ratio,0.0,0.0,0.0,0.0,0.0,0.0,1024
ses02_dice_whole_fixed,front_speed_mm_per_day,0.19143368495766244,0.04754756820746571,0.247941544218945,0.032272580707015566,0.2174414265547278,0.2603986227639062,1024
ses02_dice_whole_fixed,front_width_mm,0.07934714021650996,0.030792730838467373,0.1268134697264866,0.018780727467369654,0.09701178870557002,0.12907565604113075,1024
ses02_dice_whole_fixed,seed_peak_density,0.009561049898554205,0.008738561848125518,0.009994996030701425,0.0014078854637501928,0.012525363800364514,0.009982856386135068,1024
ses02_dice_whole_fixed,seed_sigma_mm,0.3359419400663864,0.05417955213296989,0.42559264779874445,0.041407203163025326,0.3001883298694932,0.4125399383196961,1024
ses02_dice_whole_fixed,preop_time,0.08343947337608279,0.02992434656519703,0.1300744681173901,0.021010250172505435,0.06663213992563415,0.13658729841900616,1024
ses02_dice_whole_fixed,diffusivity_ratio,-0.0032265899597813865,0.008100839809737342,0.0070329322509486885,0.001680829518924448,-0.006171588119435955,0.005712962065552748,1024
ses02_dice_whole_fixed,chemo_kill_rate,0.0,0.0,0.0,0.0,0.0,0.0,1024
ses02_dice_whole_fixed,rt_alpha,0.0,0.0,0.0,0.0,0.0,0.0,1024
ses02_dice_whole_fixed,rt_alpha_beta_ratio,0.0,0.0,0.0,0.0,0.0,0.0,1024
ses02_dice_whole_fixed,gaussian_seed_x_fraction,0.08087397988946951,0.030085082213500716,0.13015927379656214,0.01597020786754774,0.07578735550300947,0.13048337099651167,1024
ses02_dice_whole_fixed,gaussian_seed_y_fraction,0.02282710473927465,0.019629500571751255,0.054691883304891005,0.007370632650953662,0.0139622019100383,0.0529129340424459,1024
ses02_dice_whole_fixed,gaussian_seed_z_fraction,0.07739239394628562,0.029643919459546392,0.11353119110865068,0.014694802303103306,0.07153123633455451,0.10866952089170465,1024
ses02_dice_whole_fixed,core_threshold,0.0,0.0,0.0,0.0,0.0,0.0,1024
ses02_dice_whole_fixed,edema_threshold_ratio,0.0,0.0,0.0,0.0,0.0,0.0,1024
ses02_log10_V_core_fixed,front_speed_mm_per_day,0.09702848131413216,0.04759605562231102,0.1666124350706836,0.034323865490978746,0.06527078173362379,0.16014455239200998,1024
ses02_log10_V_core_fixed,front_width_mm,0.22872019374051555,0.05563189353617214,0.40716766110477165,0.06982924257104198,0.21578613935397717,0.3767249242058869,1024
ses02_log10_V_core_fixed,seed_peak_density,0.009200167433227005,0.018407473621017512,0.06704180387404446,0.02056337166817172,0.004369408267134484,0.06946202016031572,1024
ses02_log10_V_core_fixed,seed_sigma_mm,0.31484076716919396,0.06469910053684817,0.4423353045209417,0.06305446218325615,0.31778714866588675,0.4771238898845919,1024
ses02_log10_V_core_fixed,preop_time,0.06076615760901131,0.029063297210944916,0.09679512492995211,0.024530517569982774,0.021550162280866772,0.09682398212304692,1024
ses02_log10_V_core_fixed,diffusivity_ratio,-0.018802633998228374,0.020162206522710894,0.0722765609646776,0.029090260009449198,-0.029254595471187667,0.09589904035297923,1024
ses02_log10_V_core_fixed,chemo_kill_rate,0.0,0.0,0.0,0.0,0.0,0.0,1024
ses02_log10_V_core_fixed,rt_alpha,0.0,0.0,0.0,0.0,0.0,0.0,1024
ses02_log10_V_core_fixed,rt_alpha_beta_ratio,0.0,0.0,0.0,0.0,0.0,0.0,1024
ses02_log10_V_core_fixed,gaussian_seed_x_fraction,-3.794616489649283e-05,0.023967934336937256,0.08313327821506135,0.02452939610447267,-0.0010469423312897514,0.07444955993246724,1024
ses02_log10_V_core_fixed,gaussian_seed_y_fraction,0.006569305738228005,0.01821101008397938,0.05798420994818576,0.01999344544096256,0.009942619671349717,0.07726159828514094,1024
ses02_log10_V_core_fixed,gaussian_seed_z_fraction,-0.012379513011048606,0.017341783440401094,0.0749767827743938,0.02689725984702729,-0.010831732345628144,0.08130882551564543,1024
ses02_log10_V_core_fixed,core_threshold,0.0,0.0,0.0,0.0,0.0,0.0,1024
ses02_log10_V_core_fixed,edema_threshold_ratio,0.0,0.0,0.0,0.0,0.0,0.0,1024
ses02_log10_V_whole_fixed,front_speed_mm_per_day,0.10847345362778096,0.0334857304229382,0.13563583354950112,0.022064971231605852,0.10796752292981941,0.1359327106420669,1024
ses02_log10_V_whole_fixed,front_width_mm,0.08441940981967135,0.03159250746301482,0.18275879348273838,0.08628239515985099,0.08851950141457536,0.11962203289567987,1024
ses02_log10_V_whole_fixed,seed_peak_density,0.01142695986196206,0.012817894291431646,0.026424034132147032,0.014837366605717769,0.00995228568938098,0.020220637133683605,1024
ses02_log10_V_whole_fixed,seed_sigma_mm,0.5914680363372441,0.08472010056925265,0.6939620532675768,0.08821659405095944,0.6056943312426453,0.6756899331608298,1024
ses02_log10_V_whole_fixed,preop_time,0.051661596553735666,0.024195038523892202,0.07120998233909137,0.016740166004651304,0.05206626070049703,0.06612548272727208,1024
ses02_log10_V_whole_fixed,diffusivity_ratio,-0.016713050027694094,0.015814524670171994,0.02866805917163948,0.019154292543928284,-0.00393001179563129,0.01470207558940222,1024
ses02_log10_V_whole_fixed,chemo_kill_rate,0.0,0.0,0.0,0.0,0.0,0.0,1024
ses02_log10_V_whole_fixed,rt_alpha,0.0,0.0,0.0,0.0,0.0,0.0,1024
ses02_log10_V_whole_fixed,rt_alpha_beta_ratio,0.0,0.0,0.0,0.0,0.0,0.0,1024
ses02_log10_V_whole_fixed,gaussian_seed_x_fraction,-0.00950170305217132,0.00927509014597869,0.016921972319169764,0.007805567402561898,-0.0036669137505316975,0.012728327549207951,1024
ses02_log10_V_whole_fixed,gaussian_seed_y_fraction,0.003977729341171613,0.011319316989361136,0.023474569430476235,0.023134925164937793,0.004649060363474674,0.015096778224236157,1024
ses02_log10_V_whole_fixed,gaussian_seed_z_fraction,0.0017256492528423197,0.01393558702236337,0.02760239911208915,0.02199382031423496,0.009927367910903128,0.018586290988833548,1024
ses02_log10_V_whole_fixed,core_threshold,0.0,0.0,0.0,0.0,0.0,0.0,1024
ses02_log10_V_whole_fixed,edema_threshold_ratio,0.0,0.0,0.0,0.0,0.0,0.0,1024
ses02_log_vol_ratio_core_fixed,front_speed_mm_per_day,0.09702848131413216,0.047596055622311034,0.1666124350706836,0.03432386549097875,0.06527078173362379,0.16014455239200998,1024
ses02_log_vol_ratio_core_fixed,front_width_mm,0.22872019374051555,0.05563189353617216,0.4071676611047716,0.06982924257104199,0.2157861393539772,0.3767249242058869,1024
ses02_log_vol_ratio_core_fixed,seed_peak_density,0.009200167433227009,0.018407473621017516,0.06704180387404444,0.02056337166817172,0.004369408267134492,0.06946202016031573,1024
ses02_log_vol_ratio_core_fixed,seed_sigma_mm,0.3148407671691939,0.06469910053684817,0.44233530452094166,0.06305446218325618,0.31778714866588675,0.477123889884592,1024
ses02_log_vol_ratio_core_fixed,preop_time,0.06076615760901131,0.029063297210944913,0.09679512492995211,0.024530517569982778,0.02155016228086676,0.09682398212304694,1024
ses02_log_vol_ratio_core_fixed,diffusivity_ratio,-0.018802633998228374,0.020162206522710897,0.0722765609646776,0.029090260009449184,-0.029254595471187667,0.09589904035297925,1024
ses02_log_vol_ratio_core_fixed,chemo_kill_rate,0.0,0.0,0.0,0.0,0.0,0.0,1024
ses02_log_vol_ratio_core_fixed,rt_alpha,0.0,0.0,0.0,0.0,0.0,0.0,1024
ses02_log_vol_ratio_core_fixed,rt_alpha_beta_ratio,0.0,0.0,0.0,0.0,0.0,0.0,1024
ses02_log_vol_ratio_core_fixed,gaussian_seed_x_fraction,-3.794616489649593e-05,0.023967934336937256,0.08313327821506133,0.02452939610447266,-0.001046942331289744,0.07444955993246724,1024
ses02_log_vol_ratio_core_fixed,gaussian_seed_y_fraction,0.0065693057382280005,0.018211010083979382,0.05798420994818575,0.019993445440962553,0.00994261967134972,0.07726159828514094,1024
ses02_log_vol_ratio_core_fixed,gaussian_seed_z_fraction,-0.012379513011048605,0.01734178344040109,0.0749767827743938,0.026897259847027278,-0.010831732345628143,0.08130882551564546,1024
ses02_log_vol_ratio_core_fixed,core_threshold,0.0,0.0,0.0,0.0,0.0,0.0,1024
ses02_log_vol_ratio_core_fixed,edema_threshold_ratio,0.0,0.0,0.0,0.0,0.0,0.0,1024
ses02_log_vol_ratio_whole_fixed,front_speed_mm_per_day,0.10847345362778098,0.0334857304229382,0.13563583354950112,0.022064971231605852,0.10796752292981943,0.13593271064206688,1024
ses02_log_vol_ratio_whole_fixed,front_width_mm,0.08441940981967135,0.03159250746301481,0.18275879348273835,0.086282395159851,0.08851950141457536,0.1196220328956799,1024
ses02_log_vol_ratio_whole_fixed,seed_peak_density,0.011426959861962053,0.012817894291431636,0.026424034132147032,0.014837366605717769,0.009952285689380978,0.020220637133683612,1024
ses02_log_vol_ratio_whole_fixed,seed_sigma_mm,0.5914680363372441,0.08472010056925262,0.6939620532675768,0.08821659405095945,0.6056943312426453,0.6756899331608298,1024
ses02_log_vol_ratio_whole_fixed,preop_time,0.051661596553735666,0.024195038523892216,0.07120998233909137,0.016740166004651304,0.05206626070049704,0.06612548272727208,1024
ses02_log_vol_ratio_whole_fixed,diffusivity_ratio,-0.01671305002769409,0.01581452467017199,0.028668059171639473,0.019154292543928284,-0.003930011795631286,0.014702075589402227,1024
ses02_log_vol_ratio_whole_fixed,chemo_kill_rate,0.0,0.0,0.0,0.0,0.0,0.0,1024
ses02_log_vol_ratio_whole_fixed,rt_alpha,0.0,0.0,0.0,0.0,0.0,0.0,1024
ses02_log_vol_ratio_whole_fixed,rt_alpha_beta_ratio,0.0,0.0,0.0,0.0,0.0,0.0,1024
ses02_log_vol_ratio_whole_fixed,gaussian_seed_x_fraction,-0.009501703052171321,0.00927509014597868,0.016921972319169764,0.007805567402561895,-0.0036669137505316966,0.012728327549207953,1024
ses02_log_vol_ratio_whole_fixed,gaussian_seed_y_fraction,0.003977729341171621,0.01131931698936114,0.02347456943047623,0.023134925164937786,0.004649060363474676,0.015096778224236157,1024
ses02_log_vol_ratio_whole_fixed,gaussian_seed_z_fraction,0.0017256492528423192,0.013935587022363376,0.027602399112089143,0.02199382031423495,0.009927367910903132,0.01858629098883355,1024
ses02_log_vol_ratio_whole_fixed,core_threshold,0.0,0.0,0.0,0.0,0.0,0.0,1024
ses02_log_vol_ratio_whole_fixed,edema_threshold_ratio,0.0,0.0,0.0,0.0,0.0,0.0,1024
ses02_msd_core_fixed,front_speed_mm_per_day,0.038834898725042526,0.06685997094345669,0.3874617196635352,0.06464918238863775,0.05357909624149598,0.4113762304357021,882
ses02_msd_core_fixed,front_width_mm,0.00016915271735837918,0.06102121823973661,0.4845139831713492,0.07892948051985929,-0.006731556897682216,0.4584929799387389,882
ses02_msd_core_fixed,seed_peak_density,0.018443647574333883,0.0208541716883755,0.05339155785646692,0.011527205023521735,0.023822645925423293,0.05036355384557823,882
ses02_msd_core_fixed,seed_sigma_mm,0.11933351947631575,0.08029359375990847,0.6303477942564982,0.0839128189663295,0.20347410384403883,0.6269558504654911,882
ses02_msd_core_fixed,preop_time,0.06863782829950729,0.04398402225496649,0.20345727237196026,0.03384506379925147,0.08935566993001867,0.22322544293022334,882
ses02_msd_core_fixed,diffusivity_ratio,0.017413884315820034,0.017040738789804992,0.039496155372874577,0.016372971227784056,-0.0028874638094607383,0.038608143209983924,882
ses02_msd_core_fixed,chemo_kill_rate,0.0,0.0,0.0,0.0,0.0,0.0,882
ses02_msd_core_fixed,rt_alpha,0.0,0.0,0.0,0.0,0.0,0.0,882
ses02_msd_core_fixed,rt_alpha_beta_ratio,0.0,0.0,0.0,0.0,0.0,0.0,882
ses02_msd_core_fixed,gaussian_seed_x_fraction,0.03045744957033515,0.03672686136311519,0.1455651663566231,0.022351602773840934,0.02377995153529152,0.14528031305739655,882
ses02_msd_core_fixed,gaussian_seed_y_fraction,0.0410116247440592,0.028248445647672156,0.08935615304726278,0.014879755219573137,0.0656570547611799,0.08625050702630313,882
ses02_msd_core_fixed,gaussian_seed_z_fraction,0.014194890868856133,0.0216177776281625,0.051681280207439714,0.008119101647001291,0.011421849333791433,0.05392646090962858,882
ses02_msd_core_fixed,core_threshold,0.0,0.0,0.0,0.0,0.0,0.0,882
ses02_msd_core_fixed,edema_threshold_ratio,0.0,0.0,0.0,0.0,0.0,0.0,882
ses02_msd_whole_fixed,front_speed_mm_per_day,0.16349538219505236,0.04048583914764067,0.21593566241116308,0.02854494082649175,0.19417043934026168,0.24120666662073756,1014
ses02_msd_whole_fixed,front_width_mm,0.08091524999354227,0.031139582523107626,0.12272403892482428,0.017726412390950647,0.0868280496121666,0.1314352094231705,1014
ses02_msd_whole_fixed,seed_peak_density,0.008365103131349385,0.009684788391570194,0.012868810235999364,0.001778476272908731,0.012849899064146936,0.014130557874204041,1014
ses02_msd_whole_fixed,seed_sigma_mm,0.414664810062795,0.05975222001224331,0.5046642963583247,0.0481110022763833,0.3865716263318337,0.5202511611171345,1014
ses02_msd_whole_fixed,preop_time,0.08125142075945149,0.02731636462462934,0.10569294949854473,0.016637625563040728,0.06592999944711812,0.1180300745775386,1014
ses02_msd_whole_fixed,diffusivity_ratio,-0.0002273256421941534,0.006732712075844454,0.0044686905354467095,0.001671589009829279,-0.0009843868331598316,0.004078084783231665,1014
ses02_msd_whole_fixed,chemo_kill_rate,0.0,0.0,0.0,0.0,0.0,0.0,1014
ses02_msd_whole_fixed,rt_alpha,0.0,0.0,0.0,0.0,0.0,0.0,1014
ses02_msd_whole_fixed,rt_alpha_beta_ratio,0.0,0.0,0.0,0.0,0.0,0.0,1014
ses02_msd_whole_fixed,gaussian_seed_x_fraction,0.05462518009534506,0.02877046537292931,0.1038654408772755,0.012230567983532517,0.04878257553413766,0.11047564866399898,1014
ses02_msd_whole_fixed,gaussian_seed_y_fraction,0.03908522672944526,0.021744002414071182,0.06028552526157837,0.00783869696923429,0.04212963068616219,0.061966171733366764,1014
ses02_msd_whole_fixed,gaussian_seed_z_fraction,0.029294479161353207,0.018209813678087723,0.04413839743043417,0.005586739425566858,0.03406937146910675,0.04718332415071782,1014
ses02_msd_whole_fixed,core_threshold,0.0,0.0,0.0,0.0,0.0,0.0,1014
ses02_msd_whole_fixed,edema_threshold_ratio,0.0,0.0,0.0,0.0,0.0,0.0,1014
ses02_hd95_core_fixed,front_speed_mm_per_day,0.006120971909580771,0.06642192599001483,0.42182813143361897,0.07097135613807364,0.007328509325055165,0.438417585228514,882
ses02_hd95_core_fixed,front_width_mm,-0.0263475172823886,0.05292097263247531,0.4456841063603772,0.07387526555575147,-0.007353169109519433,0.4351527986414942,882
ses02_hd95_core_fixed,seed_peak_density,0.010806893483838106,0.020100012217604026,0.04371939062104535,0.008452322248720471,0.017461697252259004,0.043031797606599774,882
ses02_hd95_core_fixed,seed_sigma_mm,0.10867325929883659,0.07739615227009525,0.5902004142075236,0.07326952529010328,0.1832185600659685,0.6035602908174006,882
ses02_hd95_core_fixed,preop_time,0.06444104155193993,0.04956257410173052,0.23912374901638103,0.03989253924929047,0.09411734745623172,0.25850432855687466,882
ses02_hd95_core_fixed,diffusivity_ratio,0.011766857126793186,0.013318170854181377,0.02373626153966297,0.007996668210108459,0.0014018342726946772,0.025591750131376156,882
ses02_hd95_core_fixed,chemo_kill_rate,0.0,0.0,0.0,0.0,0.0,0.0,882
ses02_hd95_core_fixed,rt_alpha,0.0,0.0,0.0,0.0,0.0,0.0,882
ses02_hd95_core_fixed,rt_alpha_beta_ratio,0.0,0.0,0.0,0.0,0.0,0.0,882
ses02_hd95_core_fixed,gaussian_seed_x_fraction,-0.0031212663375815627,0.03510301117525248,0.15183923603728955,0.022482283232404223,0.006852632236463862,0.15344182075137056,882
ses02_hd95_core_fixed,gaussian_seed_y_fraction,0.042459214343620676,0.03568792670266509,0.1516036070428222,0.025453186699643013,0.06136387072125099,0.14626980521567706,882
ses02_hd95_core_fixed,gaussian_seed_z_fraction,0.005081207849549042,0.024091378396574107,0.08391891800392685,0.013700608106849232,0.006052247335686713,0.08741006548313628,882
ses02_hd95_core_fixed,core_threshold,0.0,0.0,0.0,0.0,0.0,0.0,882
ses02_hd95_core_fixed,edema_threshold_ratio,0.0,0.0,0.0,0.0,0.0,0.0,882
ses02_hd95_whole_fixed,front_speed_mm_per_day,0.17822430128803793,0.04223001309934269,0.21620086385690956,0.026305316056247016,0.20254549572379602,0.23105507926727317,1014
ses02_hd95_whole_fixed,front_width_mm,0.08186424344838861,0.029854260361313358,0.1059931752384016,0.01274011154258434,0.09153984080955926,0.11497389612875913,1014
ses02_hd95_whole_fixed,seed_peak_density,0.007643522648929462,0.008399551042615963,0.009050278758139399,0.0011530037759549987,0.007970932612128766,0.009894665049922499,1014
ses02_hd95_whole_fixed,seed_sigma_mm,0.35114120993040204,0.0523024231394902,0.412236513034831,0.03935108030890814,0.3213731173311784,0.4277978329973257,1014
ses02_hd95_whole_fixed,preop_time,0.08058513068231053,0.028155898510633198,0.11129643246875262,0.017115934947311676,0.08027147517135594,0.11859815735169955,1014
ses02_hd95_whole_fixed,diffusivity_ratio,-0.00023549319416214763,0.005625425220529751,0.0027650105279355833,0.000917831161033399,2.933869627865798e-05,0.0023962304632458124,1014
ses02_hd95_whole_fixed,chemo_kill_rate,0.0,0.0,0.0,0.0,0.0,0.0,1014
ses02_hd95_whole_fixed,rt_alpha,0.0,0.0,0.0,0.0,0.0,0.0,1014
ses02_hd95_whole_fixed,rt_alpha_beta_ratio,0.0,0.0,0.0,0.0,0.0,0.0,1014
ses02_hd95_whole_fixed,gaussian_seed_x_fraction,0.03571061780081591,0.02469736014896593,0.08711993324902063,0.009877853241376076,0.031423105403855366,0.09078699219137133,1014
ses02_hd95_whole_fixed,gaussian_seed_y_fraction,0.14406201174289807,0.03828912701241149,0.19069407629787713,0.02144275488934036,0.1482240003793185,0.19813565836952787,1014
ses02_hd95_whole_fixed,gaussian_seed_z_fraction,0.02864418119388052,0.0201028305035796,0.04855591451363505,0.005832943925893003,0.03248442426770728,0.05060564545375638,1014
ses02_hd95_whole_fixed,core_threshold,0.0,0.0,0.0,0.0,0.0,0.0,1014
ses02_hd95_whole_fixed,edema_threshold_ratio,0.0,0.0,0.0,0.0,0.0,0.0,1014
ses02_log10_mass,front_speed_mm_per_day,0.17105533855363225,0.03786479064055219,0.1890774582430733,0.02244407447456726,0.18202049286662858,0.19695451587397128,1024
ses02_log10_mass,front_width_mm,0.08055252345592577,0.023443925532856416,0.0833333511265026,0.008836855078290027,0.08614842243284547,0.08178619339496869,1024
ses02_log10_mass,seed_peak_density,0.011314161549387521,0.009861751844112867,0.012841166084185365,0.0012510047628037674,0.014202442566705085,0.01275221201758369,1024
ses02_log10_mass,seed_sigma_mm,0.6280675806267431,0.06449835650783237,0.641802573440632,0.051684660669788315,0.6283123877562683,0.648042913855396,1024
ses02_log10_mass,preop_time,0.07734089415330188,0.026905322095070287,0.08728678399306299,0.01068543071943754,0.07447389315417331,0.09111463572612774,1024
ses02_log10_mass,diffusivity_ratio,0.002281142650430426,0.006689640675841007,0.005039910397320806,0.0010869858992075927,0.0027424639512134415,0.005184381259213088,1024
ses02_log10_mass,chemo_kill_rate,0.0,0.0,0.0,0.0,0.0,0.0,1024
ses02_log10_mass,rt_alpha,0.0,0.0,0.0,0.0,0.0,0.0,1024
ses02_log10_mass,rt_alpha_beta_ratio,0.0,0.0,0.0,0.0,0.0,0.0,1024
ses02_log10_mass,gaussian_seed_x_fraction,-0.0025176934047708853,0.007838045926738757,0.008558524118039338,0.0016038092203372219,-0.0007963711171933478,0.008349986157428541,1024
ses02_log10_mass,gaussian_seed_y_fraction,0.0009259104026689294,0.006505009922297212,0.004810676323421569,0.001014823916443007,0.0026076613636328793,0.004534719647699661,1024
ses02_log10_mass,gaussian_seed_z_fraction,-0.002466315809502947,0.006098998691954231,0.004108043855509318,0.000875063279555663,-0.00354719531031612,0.004369853291465695,1024
ses02_log10_mass,core_threshold,0.0,0.0,0.0,0.0,0.0,0.0,1024
ses02_log10_mass,edema_threshold_ratio,0.0,0.0,0.0,0.0,0.0,0.0,1024
ses02_centroid_drift,front_speed_mm_per_day,0.35019569864592826,0.0927843396255376,0.661311295481732,0.1074401773845619,0.32613007821397677,0.6255882311760066,1024
ses02_centroid_drift,front_width_mm,0.05238778378001385,0.02833226717138343,0.1528115772566993,0.041798538799875794,0.03165962799825788,0.14389321762618665,1024
ses02_centroid_drift,seed_peak_density,0.000454213022166063,0.0037351892754361794,0.0026013097831560383,0.0006537819095382886,-0.003146327059600814,0.0027801515261417216,1024
ses02_centroid_drift,seed_sigma_mm,0.03339256385915348,0.035541294664256574,0.12168363671034896,0.02289457564499362,0.062232815125473906,0.13833654621281494,1024
ses02_centroid_drift,preop_time,0.1272161925137381,0.064336688242168,0.35990208952876357,0.07889043338171195,0.16854648612563414,0.3670454483305716,1024
ses02_centroid_drift,diffusivity_ratio,0.01333663736373706,0.015017708582278081,0.03192333709338571,0.00794805350944145,-0.0020731451503814245,0.028302227527242232,1024
ses02_centroid_drift,chemo_kill_rate,0.0,0.0,0.0,0.0,0.0,0.0,1024
ses02_centroid_drift,rt_alpha,0.0,0.0,0.0,0.0,0.0,0.0,1024
ses02_centroid_drift,rt_alpha_beta_ratio,0.0,0.0,0.0,0.0,0.0,0.0,1024
ses02_centroid_drift,gaussian_seed_x_fraction,0.012813120371896247,0.03172284762127251,0.12191166899123225,0.023915179607540932,0.018646122060315802,0.10827820221942759,1024
ses02_centroid_drift,gaussian_seed_y_fraction,-0.0018824911641888253,0.013955533354032788,0.023672535824876925,0.005279057854900763,-0.006777411184176262,0.024977789716345143,1024
ses02_centroid_drift,gaussian_seed_z_fraction,0.0008369461397398046,0.0187854113150522,0.02864747176861355,0.007316215028331994,0.016133935119301838,0.02275802156902064,1024
ses02_centroid_drift,core_threshold,0.0,0.0,0.0,0.0,0.0,0.0,1024
ses02_centroid_drift,edema_threshold_ratio,0.0,0.0,0.0,0.0,0.0,0.0,1024
ses02_R_g,front_speed_mm_per_day,0.18137123801986038,0.042901029986667005,0.21485303565279718,0.026453555648849592,0.18513839878214555,0.21479323895015048,1024
ses02_R_g,front_width_mm,0.007529912523891012,0.01174760689194118,0.019721599335576427,0.0033739979230464354,0.013302843147597177,0.01973694228649455,1024
ses02_R_g,seed_peak_density,0.007320679103310666,0.00772443081930927,0.007726691411427017,0.0008859528918221748,0.007863684134020514,0.0077744155853208905,1024
ses02_R_g,seed_sigma_mm,0.650842188277133,0.06804709401116883,0.6597187292138353,0.053669300482116225,0.6516777266821311,0.6613597693635572,1024
ses02_R_g,preop_time,0.07524124419878402,0.0301475384039465,0.1039786571948631,0.014473927902846379,0.10346603422425807,0.10755641754135914,1024
ses02_R_g,diffusivity_ratio,0.017310764010315446,0.012719701051601312,0.02102562304468241,0.0035698880754624737,0.014841245430609577,0.020829122380349452,1024
ses02_R_g,chemo_kill_rate,0.0,0.0,0.0,0.0,0.0,0.0,1024
ses02_R_g,rt_alpha,0.0,0.0,0.0,0.0,0.0,0.0,1024
ses02_R_g,rt_alpha_beta_ratio,0.0,0.0,0.0,0.0,0.0,0.0,1024
ses02_R_g,gaussian_seed_x_fraction,0.019350495360662683,0.011937692256322746,0.021439591688734362,0.0028646896205545874,0.015747520205478555,0.0204385668530074,1024
ses02_R_g,gaussian_seed_y_fraction,0.006786576899292234,0.007381692782645384,0.007210565970634297,0.0013267048539956831,0.008831245458631877,0.007114155464909603,1024
ses02_R_g,gaussian_seed_z_fraction,0.0027438021524942564,0.006832650661003963,0.005352166440328549,0.0009158286494181636,0.0020743359731500337,0.0054712139828003515,1024
ses02_R_g,core_threshold,0.0,0.0,0.0,0.0,0.0,0.0,1024
ses02_R_g,edema_threshold_ratio,0.0,0.0,0.0,0.0,0.0,0.0,1024
ses02_log10_anisotropy,front_speed_mm_per_day,0.04549548705139937,0.049400152414118076,0.2668797746413252,0.04595725086145903,0.06377478104673882,0.2624743607851908,1024
ses02_log10_anisotropy,front_width_mm,0.013215312419156003,0.021089478022185745,0.05665264649998855,0.01033844946781214,0.014874593093176987,0.051130200574511,1024
ses02_log10_anisotropy,seed_peak_density,-0.0007868733895820009,0.006052556653509633,0.005592475330689287,0.0009001286196395071,-0.003982510280540482,0.00534342104456309,1024
ses02_log10_anisotropy,seed_sigma_mm,0.09975587875119729,0.05746955926331969,0.4788642833452952,0.05751765421829497,0.12102686139370045,0.5060397765495701,1024
ses02_log10_anisotropy,preop_time,-0.002940299614069718,0.03665113866558807,0.16417744799083991,0.03481624241698985,-0.01591270319994401,0.15241819701355244,1024
ses02_log10_anisotropy,diffusivity_ratio,-0.010306909777761,0.01846614710163683,0.054237176073922165,0.013217179063984159,0.0030499625481885157,0.05484160121787374,1024
ses02_log10_anisotropy,chemo_kill_rate,0.0,0.0,0.0,0.0,0.0,0.0,1024
ses02_log10_anisotropy,rt_alpha,0.0,0.0,0.0,0.0,0.0,0.0,1024
ses02_log10_anisotropy,rt_alpha_beta_ratio,0.0,0.0,0.0,0.0,0.0,0.0,1024
ses02_log10_anisotropy,gaussian_seed_x_fraction,0.1364386474515255,0.06492956103562701,0.5451376372025325,0.06908720717014442,0.13852432258525169,0.5484530341682298,1024
ses02_log10_anisotropy,gaussian_seed_y_fraction,-0.004331947427984332,0.024519690199169285,0.08303993514050231,0.01649576932113984,-0.0017735461238924648,0.09092485690262031,1024
ses02_log10_anisotropy,gaussian_seed_z_fraction,0.015126175833297005,0.023683686413680266,0.09852183061844458,0.019848610549052417,0.0365508956367084,0.10048037790020768,1024
ses02_log10_anisotropy,core_threshold,0.0,0.0,0.0,0.0,0.0,0.0,1024
ses02_log10_anisotropy,edema_threshold_ratio,0.0,0.0,0.0,0.0,0.0,0.0,1024
ses02_wm_fraction,front_speed_mm_per_day,0.00386926931242344,0.023131678145457475,0.0731878609514038,0.013021479545478757,0.01894292920873877,0.0731648261801549,1024
ses02_wm_fraction,front_width_mm,0.009288521053086704,0.014451563235667588,0.024378590321204912,0.004800016874884255,0.0035421018675891552,0.02315834134514898,1024
ses02_wm_fraction,seed_peak_density,0.0015423389402263526,0.003686084981040669,0.0016032762160797863,0.00027520187833894724,0.0020561467269080216,0.0014916864725792482,1024
ses02_wm_fraction,seed_sigma_mm,0.07483934543571735,0.03814156389000885,0.1746077611955825,0.027157953160299154,0.06583682905779711,0.15206409482967262,1024
ses02_wm_fraction,preop_time,-0.0045031334895890025,0.018513287533247755,0.03981027918133741,0.007798640616946578,-0.016294054547463722,0.04165316654407739,1024
ses02_wm_fraction,diffusivity_ratio,0.009918425735452053,0.00998965691996159,0.018052369797792057,0.0042754050231992215,0.012270562418907527,0.016460434392300643,1024
ses02_wm_fraction,chemo_kill_rate,0.0,0.0,0.0,0.0,0.0,0.0,1024
ses02_wm_fraction,rt_alpha,0.0,0.0,0.0,0.0,0.0,0.0,1024
ses02_wm_fraction,rt_alpha_beta_ratio,0.0,0.0,0.0,0.0,0.0,0.0,1024
ses02_wm_fraction,gaussian_seed_x_fraction,0.18077889096721506,0.047426676590263235,0.34350408565496426,0.05272862261890235,0.19231110015731204,0.3421646214345904,1024
ses02_wm_fraction,gaussian_seed_y_fraction,0.2513792426587693,0.047023754800618704,0.3862968430489452,0.04913152049787913,0.25358655901845106,0.36923818101468486,1024
ses02_wm_fraction,gaussian_seed_z_fraction,0.19441358087849975,0.04835497794717216,0.2882710761139359,0.04619369272431749,0.1885525884180353,0.29089191925292657,1024
ses02_wm_fraction,core_threshold,0.0,0.0,0.0,0.0,0.0,0.0,1024
ses02_wm_fraction,edema_threshold_ratio,0.0,0.0,0.0,0.0,0.0,0.0,1024
ses03_dice_core,front_speed_mm_per_day,-0.022186455672921525,0.04194971298712995,0.2917945515174523,0.04310189734889799,-0.028218879185180266,0.3084996686386291,1024
ses03_dice_core,front_width_mm,0.09489642028016881,0.05933532793899811,0.4633284981992451,0.07825864954196111,0.11475102645592643,0.4223128554133707,1024
ses03_dice_core,seed_peak_density,0.015005082819550373,0.01515772140540801,0.03984362925431897,0.01171775996869685,0.012235330435910803,0.03632246808722316,1024
ses03_dice_core,seed_sigma_mm,0.04815441354229253,0.05626834414910945,0.46149564998477116,0.06951037411512996,0.05282602721061798,0.43744926243250853,1024
ses03_dice_core,preop_time,0.03535137694649865,0.0364863396675423,0.15932699807780845,0.03127683674771606,0.024145272713721203,0.16343143629581516,1024
ses03_dice_core,diffusivity_ratio,0.013954808215271609,0.014836969063851513,0.03315452596666233,0.016091685800577484,0.0024098278003521494,0.03455919759501459,1024
ses03_dice_core,chemo_kill_rate,0.0,0.0,0.0,0.0,0.0,0.0,1024
ses03_dice_core,rt_alpha,0.0,0.0,0.0,0.0,0.0,0.0,1024
ses03_dice_core,rt_alpha_beta_ratio,0.0,0.0,0.0,0.0,0.0,0.0,1024
ses03_dice_core,gaussian_seed_x_fraction,0.06664598358252571,0.04261552433742232,0.24978559137481438,0.03933337018933234,0.0848694500595709,0.2409173300084136,1024
ses03_dice_core,gaussian_seed_y_fraction,0.09180314690558214,0.04671939969044982,0.2937371841782706,0.0471837010238116,0.10232308560152711,0.2742850377378573,1024
ses03_dice_core,gaussian_seed_z_fraction,0.03221458405968715,0.031183346886298518,0.145197341133058,0.02626288526850785,0.05163448860011748,0.16212273730453783,1024
ses03_dice_core,core_threshold,0.013225977477701859,0.024290673615665934,0.0944530770276025,0.025539075552965983,9.761532886050995e-06,0.1036456840431844,1024
ses03_dice_core,edema_threshold_ratio,0.0,0.0,0.0,0.0,0.0,0.0,1024
ses03_dice_whole,front_speed_mm_per_day,0.1581371661451284,0.05329927374326304,0.3866908639073611,0.051213551646166464,0.2114268663378076,0.40530870850089545,1024
ses03_dice_whole,front_width_mm,0.052580043883826526,0.03455994979092323,0.16528334349327206,0.028422912653848328,0.08048751449810942,0.15254172400703758,1024
ses03_dice_whole,seed_peak_density,0.007806268090566756,0.010236739243278822,0.01318045603048015,0.0023086513062617556,0.015511348975871949,0.012732030885538523,1024
ses03_dice_whole,seed_sigma_mm,0.1861046349536879,0.06313116575332715,0.46493397125640834,0.046212628391487647,0.1640913358632791,0.5008727509718689,1024
ses03_dice_whole,preop_time,0.0616903779186798,0.03280803140081806,0.14292892293250528,0.0255944346105108,0.05736253967997154,0.15212580134671597,1024
ses03_dice_whole,diffusivity_ratio,0.002690498625220632,0.01078869089622021,0.012362829715093884,0.0029832423146951993,0.0011989134181240259,0.012953041396430087,1024
ses03_dice_whole,chemo_kill_rate,0.0,0.0,0.0,0.0,0.0,0.0,1024
ses03_dice_whole,rt_alpha,0.0,0.0,0.0,0.0,0.0,0.0,1024
ses03_dice_whole,rt_alpha_beta_ratio,0.0,0.0,0.0,0.0,0.0,0.0,1024
ses03_dice_whole,gaussian_seed_x_fraction,0.021393252518399065,0.030036154357652646,0.12632146740738565,0.01647733626814649,0.0316242158565582,0.1314273663987808,1024
ses03_dice_whole,gaussian_seed_y_fraction,0.080135698889747,0.033760410376815,0.1656580218074193,0.022940660571594728,0.08916243152545356,0.1534454689781942,1024
ses03_dice_whole,gaussian_seed_z_fraction,0.08664107348934243,0.03176845752008616,0.13395718822175323,0.018736350360892672,0.09764380006886648,0.13474288387850164,1024
ses03_dice_whole,core_threshold,0.004590936745931127,0.008800142965553698,0.010224810026603515,0.0022693197657725705,0.006293564411534243,0.010056695597984491,1024
ses03_dice_whole,edema_threshold_ratio,0.00827261697231357,0.015872872092707112,0.030148059835530518,0.006602890592723204,0.0008694347221418534,0.03039390438460638,1024
ses03_log10_V_core,front_speed_mm_per_day,0.13012204089948318,0.04137903423588121,0.20802146240407043,0.04101107979467046,0.10293329611476876,0.21342534869188126,1024
ses03_log10_V_core,front_width_mm,0.22440807774212523,0.0498777895140522,0.35882894412910765,0.06320598579571514,0.23854371342963546,0.3451444325011654,1024
ses03_log10_V_core,seed_peak_density,0.009772559393537545,0.02317517919903334,0.058902995019088515,0.019927252455977842,0.006726992053542749,0.06739963527890806,1024
ses03_log10_V_core,seed_sigma_mm,0.27563754712774446,0.05544059263518958,0.3975235862437609,0.0633687738676554,0.2786986736553993,0.4301833722337898,1024
ses03_log10_V_core,preop_time,0.03606455107419923,0.022581023658250994,0.0787586342800957,0.021281121528419402,0.007096586347536133,0.08038789137960686,1024
ses03_log10_V_core,diffusivity_ratio,-0.015966737718248133,0.020059458240774656,0.0416067662208257,0.016701098992772567,-0.02419961924434588,0.04448543953456438,1024
ses03_log10_V_core,chemo_kill_rate,0.0,0.0,0.0,0.0,0.0,0.0,1024
ses03_log10_V_core,rt_alpha,0.0,0.0,0.0,0.0,0.0,0.0,1024
ses03_log10_V_core,rt_alpha_beta_ratio,0.0,0.0,0.0,0.0,0.0,0.0,1024
ses03_log10_V_core,gaussian_seed_x_fraction,0.0029726598441103982,0.015324101924233693,0.05955512318605345,0.019889182042526633,0.015078722926191009,0.05780724194769651,1024
ses03_log10_V_core,gaussian_seed_y_fraction,0.00034352726987759894,0.024178120234816646,0.050393626123203604,0.019437945560692574,-0.0038818263375887427,0.061527405320799824,1024
ses03_log10_V_core,gaussian_seed_z_fraction,-0.0017941412370942869,0.015127070248773149,0.06721811934895792,0.023917970977500796,0.00023388187625681572,0.06598866115547414,1024
ses03_log10_V_core,core_threshold,0.02011445960589581,0.026425847307317257,0.1058155963702813,0.029806543091991624,0.01742853585024458,0.11269022398264285,1024
ses03_log10_V_core,edema_threshold_ratio,0.0,0.0,0.0,0.0,0.0,0.0,1024
ses03_log10_V_whole,front_speed_mm_per_day,0.15151231530813433,0.038692101131706194,0.18181588115207392,0.028468720729820325,0.15123991444790663,0.1847795910697926,1024
ses03_log10_V_whole,front_width_mm,0.0676274418095326,0.02928218182332229,0.12938850972724109,0.06659383931340222,0.07614874330615601,0.12005309333408277,1024
ses03_log10_V_whole,seed_peak_density,0.00335998121176475,0.012649835412786147,0.01783711821223561,0.006743564552847788,0.005837482264490651,0.02117192549181815,1024
ses03_log10_V_whole,seed_sigma_mm,0.5832858614984945,0.07577621527381845,0.6756677786968165,0.08247409400774873,0.5853235893940334,0.7399255136563575,1024
ses03_log10_V_whole,preop_time,0.04572244638477197,0.021247238381990215,0.059551170810862274,0.009452579312964273,0.053283752290532733,0.06283189471716064,1024
ses03_log10_V_whole,diffusivity_ratio,-0.01770347917251902,0.019894495203568428,0.031095663370817664,0.03334659263024961,-0.01234310998100356,0.018079301486815764,1024
ses03_log10_V_whole,chemo_kill_rate,0.0,0.0,0.0,0.0,0.0,0.0,1024
ses03_log10_V_whole,rt_alpha,0.0,0.0,0.0,0.0,0.0,0.0,1024
ses03_log10_V_whole,rt_alpha_beta_ratio,0.0,0.0,0.0,0.0,0.0,0.0,1024
ses03_log10_V_whole,gaussian_seed_x_fraction,-0.01186297845439342,0.013750354981174035,0.01871837828993468,0.005860296291359877,-0.002531836309582994,0.017535722322055036,1024
ses03_log10_V_whole,gaussian_seed_y_fraction,0.002793563831402002,0.016054131853100454,0.01568402649912805,0.006966323398480672,0.004967473450536939,0.018330616796912964,1024
ses03_log10_V_whole,gaussian_seed_z_fraction,-0.005930320215607671,0.018104764215276813,0.027979106237253564,0.03219852779893126,0.008731648696976674,0.012853803003659403,1024
ses03_log10_V_whole,core_threshold,0.009762344553185854,0.017576057394298843,0.025253806713085542,0.0257818313714242,0.00511090301839,0.007056114036693377,1024
ses03_log10_V_whole,edema_threshold_ratio,0.036178508883978173,0.025964206224007243,0.05899716389406464,0.047620526737017686,0.030347895869878332,0.03867378086711736,1024
ses03_log_vol_ratio_core,front_speed_mm_per_day,0.13012204089948318,0.041379034235881205,0.20802146240407043,0.04101107979467046,0.10293329611476879,0.21342534869188126,1024
ses03_log_vol_ratio_core,front_width_mm,0.22440807774212526,0.0498777895140522,0.3588289441291077,0.06320598579571514,0.23854371342963546,0.34514443250116544,1024
ses03_log_vol_ratio_core,seed_peak_density,0.009772559393537545,0.02317517919903334,0.05890299501908851,0.01992725245597784,0.00672699205354275,0.06739963527890809,1024
ses03_log_vol_ratio_core,seed_sigma_mm,0.2756375471277445,0.05544059263518958,0.39752358624376083,0.0633687738676554,0.2786986736553993,0.4301833722337898,1024
ses03_log_vol_ratio_core,preop_time,0.036064551074199244,0.022581023658250994,0.07875863428009572,0.021281121528419402,0.007096586347536124,0.08038789137960688,1024
ses03_log_vol_ratio_core,diffusivity_ratio,-0.015966737718248133,0.020059458240774656,0.0416067662208257,0.016701098992772563,-0.024199619244345875,0.04448543953456438,1024
ses03_log_vol_ratio_core,chemo_kill_rate,0.0,0.0,0.0,0.0,0.0,0.0,1024
ses03_log_vol_ratio_core,rt_alpha,0.0,0.0,0.0,0.0,0.0,0.0,1024
ses03_log_vol_ratio_core,rt_alpha_beta_ratio,0.0,0.0,0.0,0.0,0.0,0.0,1024
ses03_log_vol_ratio_core,gaussian_seed_x_fraction,0.0029726598441103982,0.015324101924233693,0.05955512318605345,0.019889182042526633,0.015078722926191009,0.05780724194769652,1024
ses03_log_vol_ratio_core,gaussian_seed_y_fraction,0.0003435272698776011,0.024178120234816646,0.050393626123203604,0.019437945560692574,-0.003881826337588753,0.06152740532079984,1024
ses03_log_vol_ratio_core,gaussian_seed_z_fraction,-0.0017941412370942815,0.015127070248773147,0.06721811934895792,0.023917970977500796,0.0002338818762568131,0.06598866115547415,1024
ses03_log_vol_ratio_core,core_threshold,0.02011445960589581,0.026425847307317257,0.1058155963702813,0.02980654309199162,0.017428535850244578,0.11269022398264286,1024
ses03_log_vol_ratio_core,edema_threshold_ratio,0.0,0.0,0.0,0.0,0.0,0.0,1024
ses03_log_vol_ratio_whole,front_speed_mm_per_day,0.15151231530813433,0.038692101131706194,0.18181588115207392,0.028468720729820325,0.15123991444790666,0.18477959106979264,1024
ses03_log_vol_ratio_whole,front_width_mm,0.0676274418095326,0.02928218182332229,0.12938850972724109,0.06659383931340222,0.07614874330615604,0.1200530933340828,1024
ses03_log_vol_ratio_whole,seed_peak_density,0.00335998121176475,0.012649835412786147,0.01783711821223561,0.006743564552847788,0.0058374822644906505,0.021171925491818157,1024
ses03_log_vol_ratio_whole,seed_sigma_mm,0.5832858614984945,0.07577621527381845,0.6756677786968165,0.08247409400774873,0.5853235893940334,0.7399255136563576,1024
ses03_log_vol_ratio_whole,preop_time,0.04572244638477197,0.021247238381990215,0.059551170810862274,0.009452579312964273,0.05328375229053274,0.06283189471716064,1024
ses03_log_vol_ratio_whole,diffusivity_ratio,-0.01770347917251902,0.019894495203568428,0.031095663370817664,0.03334659263024961,-0.012343109981003554,0.018079301486815764,1024
ses03_log_vol_ratio_whole,chemo_kill_rate,0.0,0.0,0.0,0.0,0.0,0.0,1024
ses03_log_vol_ratio_whole,rt_alpha,0.0,0.0,0.0,0.0,0.0,0.0,1024
ses03_log_vol_ratio_whole,rt_alpha_beta_ratio,0.0,0.0,0.0,0.0,0.0,0.0,1024
ses03_log_vol_ratio_whole,gaussian_seed_x_fraction,-0.01186297845439342,0.013750354981174035,0.01871837828993468,0.005860296291359877,-0.002531836309582996,0.017535722322055042,1024
ses03_log_vol_ratio_whole,gaussian_seed_y_fraction,0.002793563831402002,0.016054131853100454,0.01568402649912805,0.006966323398480672,0.004967473450536938,0.018330616796912974,1024
ses03_log_vol_ratio_whole,gaussian_seed_z_fraction,-0.005930320215607671,0.018104764215276813,0.027979106237253564,0.03219852779893126,0.00873164869697667,0.012853803003659407,1024
ses03_log_vol_ratio_whole,core_threshold,0.009762344553185854,0.017576057394298843,0.025253806713085542,0.0257818313714242,0.005110903018390005,0.007056114036693376,1024
ses03_log_vol_ratio_whole,edema_threshold_ratio,0.036178508883978173,0.025964206224007243,0.05899716389406464,0.047620526737017686,0.03034789586987834,0.03867378086711737,1024
ses03_msd_core,front_speed_mm_per_day,0.016625358144252596,0.07896598712631965,0.4730297693558563,0.07904152317404377,0.024054898486428188,0.49504768997537385,861
ses03_msd_core,front_width_mm,-0.034342432633842804,0.07258390940002434,0.4666506612655666,0.06789569787316416,-0.05177353674577521,0.44870133781669397,861
ses03_msd_core,seed_peak_density,-0.003295553212933402,0.02138272972077481,0.04927830812996046,0.011797414478178262,0.005257671509911304,0.042901190574157526,861
ses03_msd_core,seed_sigma_mm,0.08191146965905337,0.08098142099572923,0.5583635839443852,0.07906973414816741,0.10902618306331663,0.5199591634776953,861
ses03_msd_core,preop_time,0.03390138316672538,0.04759679632892114,0.1983879865951279,0.03590154547201772,0.03203547777072586,0.21005193773366188,861
ses03_msd_core,diffusivity_ratio,0.017384094083368724,0.02018272249444287,0.03473475534931319,0.011464532500299772,0.0070889444346624066,0.030653125882096136,861
ses03_msd_core,chemo_kill_rate,0.0,0.0,0.0,0.0,0.0,0.0,861
ses03_msd_core,rt_alpha,0.0,0.0,0.0,0.0,0.0,0.0,861
ses03_msd_core,rt_alpha_beta_ratio,0.0,0.0,0.0,0.0,0.0,0.0,861
ses03_msd_core,gaussian_seed_x_fraction,0.01343584697238114,0.02944005886779276,0.09479205222370889,0.01738743611046186,0.022695785019525152,0.08638774503572143,861
ses03_msd_core,gaussian_seed_y_fraction,0.06222710805799878,0.0310202398309408,0.10127608751161152,0.017548142947303544,0.09411819437563983,0.1003369911263471,861
ses03_msd_core,gaussian_seed_z_fraction,0.0028989115567726936,0.02139844736665364,0.041773011020693515,0.007031285678765764,0.0036452523200333486,0.04554507024610324,861
ses03_msd_core,core_threshold,0.01774012545741013,0.025471984448174476,0.07902447103241332,0.01682683891748987,-0.0038417376143174914,0.08339903638017644,861
ses03_msd_core,edema_threshold_ratio,0.0,0.0,0.0,0.0,0.0,0.0,861
ses03_msd_whole,front_speed_mm_per_day,0.2132465120011806,0.045363358327222866,0.24462417766612848,0.029821444052421583,0.2404406841838356,0.266224761085723,1016
ses03_msd_whole,front_width_mm,0.07110784267890695,0.0259448182611735,0.09564833186689382,0.013854142366153378,0.07980371651340566,0.0951915483909935,1016
ses03_msd_whole,seed_peak_density,0.007829613056622237,0.007658946273853573,0.008508441820681325,0.001158078545115264,0.009671001824305058,0.008767221278483358,1016
ses03_msd_whole,seed_sigma_mm,0.41892501188275116,0.05461124498162215,0.4628251974161561,0.0443840890458746,0.40193509315754333,0.48140487631725715,1016
ses03_msd_whole,preop_time,0.0668773948651328,0.02490434939920641,0.07834635082025188,0.011872767695305746,0.06827324839412387,0.08557043599408981,1016
ses03_msd_whole,diffusivity_ratio,-0.0021488459185474073,0.005057645460932897,0.0028095006851630157,0.00053047270758493,-0.005857621038784594,0.0028382954262543758,1016
ses03_msd_whole,chemo_kill_rate,0.0,0.0,0.0,0.0,0.0,0.0,1016
ses03_msd_whole,rt_alpha,0.0,0.0,0.0,0.0,0.0,0.0,1016
ses03_msd_whole,rt_alpha_beta_ratio,0.0,0.0,0.0,0.0,0.0,0.0,1016
ses03_msd_whole,gaussian_seed_x_fraction,0.07722786103269227,0.027529963339668215,0.10517340029490664,0.01227789512802085,0.07324092356189836,0.11308429796469145,1016
ses03_msd_whole,gaussian_seed_y_fraction,0.03300270795083554,0.019148980511595946,0.048396629675404375,0.00650660373163064,0.03494571894754476,0.04845458323402947,1016
ses03_msd_whole,gaussian_seed_z_fraction,0.02643951343166962,0.016579702594480796,0.03776592691368807,0.005145055329314028,0.028992114364140235,0.03955819121736194,1016
ses03_msd_whole,core_threshold,0.004185543565050709,0.00671234791712187,0.006204808645783099,0.0009752619372660648,0.005219644664215725,0.006112924973979111,1016
ses03_msd_whole,edema_threshold_ratio,0.010982083312685449,0.010967822898011986,0.017946939437020165,0.0033707237700218522,0.010235384167976458,0.019846982763529364,1016
ses03_hd95_core,front_speed_mm_per_day,0.017144509524250534,0.07631911033164661,0.4837430913268929,0.07949114249787434,0.01316943420501081,0.4742734415200426,861
ses03_hd95_core,front_width_mm,-0.046095553745117174,0.05867808630455675,0.43270787481326733,0.07061911718574303,-0.036682918002783546,0.41459409234533745,861
ses03_hd95_core,seed_peak_density,-0.0008862880187560195,0.018099388752614753,0.030976254446357373,0.005716202100182819,0.006787556118426536,0.027473296908307902,861
ses03_hd95_core,seed_sigma_mm,0.07762392970368562,0.07470557440381256,0.5264052279540469,0.06969319584953815,0.12934845600036673,0.5050807500173193,861
ses03_hd95_core,preop_time,0.04979475185825636,0.053228570078070456,0.22458231499725645,0.040130788823583965,0.08061496027415989,0.23571697126810964,861
ses03_hd95_core,diffusivity_ratio,0.01624772881279407,0.015029949819099468,0.023544703752959955,0.007878509225265647,0.0034463036853005545,0.023693914598656902,861
ses03_hd95_core,chemo_kill_rate,0.0,0.0,0.0,0.0,0.0,0.0,861
ses03_hd95_core,rt_alpha,0.0,0.0,0.0,0.0,0.0,0.0,861
ses03_hd95_core,rt_alpha_beta_ratio,0.0,0.0,0.0,0.0,0.0,0.0,861
ses03_hd95_core,gaussian_seed_x_fraction,0.010095490838155313,0.035939769797333314,0.14848623768802988,0.02323650595198227,0.023262832122539975,0.1378673226095098,861
ses03_hd95_core,gaussian_seed_y_fraction,0.08428692826114033,0.037460623101658375,0.15669212692202886,0.02584880186793805,0.11272782626506524,0.14766830955620633,861
ses03_hd95_core,gaussian_seed_z_fraction,0.003807998813159982,0.027516850563584976,0.07952002119601823,0.015711879566733526,0.013420116257502945,0.08139779014997595,861
ses03_hd95_core,core_threshold,0.0007344400442217784,0.023068609320282152,0.05948661087744017,0.011770701543215084,-0.009167915124561984,0.05745219910614004,861
ses03_hd95_core,edema_threshold_ratio,0.0,0.0,0.0,0.0,0.0,0.0,861
ses03_hd95_whole,front_speed_mm_per_day,0.218522243755162,0.04759273819011953,0.2409396341834971,0.02721863136529995,0.22199054288865047,0.24615460051433838,1016
ses03_hd95_whole,front_width_mm,0.07177830078029893,0.025738419891480582,0.09009024515986983,0.011864507848816177,0.0784795223027701,0.09022076707899009,1016
ses03_hd95_whole,seed_peak_density,0.005797101362509664,0.006418898227287468,0.005506465348942303,0.0006248168740463917,0.006271465666929578,0.005496732277835162,1016
ses03_hd95_whole,seed_sigma_mm,0.2901772076640754,0.043282642336751546,0.2928541864161473,0.027945546535667335,0.27754334218338045,0.29870144248327174,1016
ses03_hd95_whole,preop_time,0.06445380851697226,0.02872683729877138,0.08469407764965627,0.011932659559473062,0.0837799240196786,0.08805788270016363,1016
ses03_hd95_whole,diffusivity_ratio,-0.0019940815106825015,0.005858921045375757,0.002948763907952917,0.0008113195780920185,-0.0030247792073932515,0.002722959447018859,1016
ses03_hd95_whole,chemo_kill_rate,0.0,0.0,0.0,0.0,0.0,0.0,1016
ses03_hd95_whole,rt_alpha,0.0,0.0,0.0,0.0,0.0,0.0,1016
ses03_hd95_whole,rt_alpha_beta_ratio,0.0,0.0,0.0,0.0,0.0,0.0,1016
ses03_hd95_whole,gaussian_seed_x_fraction,0.20403351092121563,0.03879802175356654,0.22043611072905878,0.02282179192599364,0.19075460932937938,0.22482312686724448,1016
ses03_hd95_whole,gaussian_seed_y_fraction,0.05182174117810712,0.022932295820192513,0.06856045971112835,0.008507801630246213,0.05321321300438405,0.06846983752781366,1016
ses03_hd95_whole,gaussian_seed_z_fraction,0.03368185810579634,0.01867656561527751,0.04432477437970627,0.005377611380470632,0.032413647195924794,0.04425831206026908,1016
ses03_hd95_whole,core_threshold,0.0021539001344645886,0.005199639013212472,0.003828275261788108,0.0005423198077895347,0.0024862054344456023,0.0036906906898482614,1016
ses03_hd95_whole,edema_threshold_ratio,0.0069368908145696654,0.008506474019317688,0.010638884154036476,0.0016115778245214478,0.009288350658507256,0.011025086863601243,1016
ses03_dice_star_core,front_speed_mm_per_day,-0.027886036269206552,0.040174761733432984,0.22621481778850908,0.03795685681595126,-0.0010184743333711964,0.23856091495322018,1024
ses03_dice_star_core,front_width_mm,-0.021966810574053152,0.0405691801239175,0.2385169829833973,0.051837416459182294,-0.006821903764007022,0.19960582187252537,1024
ses03_dice_star_core,seed_peak_density,0.00021385967660447365,0.01123023220318728,0.02058901732128064,0.011618742897908117,-0.0007242162214496207,0.014694041683314263,1024
ses03_dice_star_core,seed_sigma_mm,0.015127946415995285,0.050435613241329724,0.31460201325035014,0.05395452184045262,0.04626009850825379,0.3040912713411376,1024
ses03_dice_star_core,preop_time,0.01896730646308507,0.024933950800100062,0.08212811407689637,0.018885744106439322,0.0263769989025137,0.0843680267642379,1024
ses03_dice_star_core,diffusivity_ratio,0.010047197246654435,0.011251961773135236,0.02100423513658351,0.008621415578793203,0.005360468264567709,0.016503980874409362,1024
ses03_dice_star_core,chemo_kill_rate,0.0,0.0,0.0,0.0,0.0,0.0,1024
ses03_dice_star_core,rt_alpha,0.0,0.0,0.0,0.0,0.0,0.0,1024
ses03_dice_star_core,rt_alpha_beta_ratio,0.0,0.0,0.0,0.0,0.0,0.0,1024
ses03_dice_star_core,gaussian_seed_x_fraction,0.08393644226328362,0.04509846783085172,0.30586122386602727,0.04248204194750961,0.09246276149219045,0.3007001243767195,1024
ses03_dice_star_core,gaussian_seed_y_fraction,0.24465425991384931,0.05938343437875105,0.4613821016729285,0.06444184234412748,0.2645943650047322,0.3924405413204081,1024
ses03_dice_star_core,gaussian_seed_z_fraction,0.05243613915122505,0.03669667014048949,0.17140758831789704,0.02845183904800824,0.06702941145667352,0.17267869469855074,1024
ses03_dice_star_core,core_threshold,0.0,0.0,0.0,0.0,0.0,0.0,1024
ses03_dice_star_core,edema_threshold_ratio,0.0,0.0,0.0,0.0,0.0,0.0,1024
ses03_dice_star_whole,front_speed_mm_per_day,0.16399335058041212,0.05629252810791234,0.38933616578325636,0.051608866337051376,0.22241236064131809,0.41836507305334786,1024
ses03_dice_star_whole,front_width_mm,-0.007768661548900157,0.02129443105181,0.06494011509980707,0.01420741397513591,0.008593916477653247,0.059536863035096886,1024
ses03_dice_star_whole,seed_peak_density,0.0008079395015926647,0.008811830600405773,0.010784004788788378,0.002201758501459622,0.008205980441326526,0.011552100582777978,1024
ses03_dice_star_whole,seed_sigma_mm,0.1429212074678389,0.059745682500385054,0.41647892065931186,0.0422765082797561,0.15205689595567948,0.45189897518084093,1024
ses03_dice_star_whole,preop_time,0.06172524317902224,0.03274815510295862,0.13479002093272618,0.024771010643385036,0.056164056987697705,0.14202598482195725,1024
ses03_dice_star_whole,diffusivity_ratio,0.004493568364909161,0.010978227832644532,0.01158593850328767,0.0028144125992646198,-0.0020901476136397043,0.012247790256269347,1024
ses03_dice_star_whole,chemo_kill_rate,0.0,0.0,0.0,0.0,0.0,0.0,1024
ses03_dice_star_whole,rt_alpha,0.0,0.0,0.0,0.0,0.0,0.0,1024
ses03_dice_star_whole,rt_alpha_beta_ratio,0.0,0.0,0.0,0.0,0.0,0.0,1024
ses03_dice_star_whole,gaussian_seed_x_fraction,0.011272322684002602,0.03234540750352386,0.14477971844310786,0.01992134651280057,0.019885953000509965,0.1511343574158769,1024
ses03_dice_star_whole,gaussian_seed_y_fraction,0.12553754354785449,0.037481071700617666,0.2090487337898651,0.02838039859451301,0.14881877746601196,0.20128801905525,1024
ses03_dice_star_whole,gaussian_seed_z_fraction,0.08479985527181017,0.0336688077637227,0.15283391161026041,0.02274590888908286,0.10080678261362128,0.1675983897940604,1024
ses03_dice_star_whole,core_threshold,0.0,0.0,0.0,0.0,0.0,0.0,1024
ses03_dice_star_whole,edema_threshold_ratio,0.0,0.0,0.0,0.0,0.0,0.0,1024
ses03_core_threshold_star,front_speed_mm_per_day,0.15784296007828463,0.0547132759757476,0.3593592325989049,0.04602325026630486,0.19863324582168723,0.3725460597154874,1024
ses03_core_threshold_star,front_width_mm,0.14552131408761879,0.04896613825445115,0.35186288167270335,0.04304398207623676,0.16913899726151452,0.33779066555519616,1024
ses03_core_threshold_star,seed_peak_density,0.0031658366665428383,0.014866235939217817,0.03128911690936306,0.008854681275873189,0.007916044931616786,0.029943827495627264,1024
ses03_core_threshold_star,seed_sigma_mm,0.29213309035275425,0.05938508744130741,0.5005560287709935,0.054097349015175974,0.25795498106773146,0.5141369195271039,1024
ses03_core_threshold_star,preop_time,0.029303190255143916,0.03787907558590336,0.201889301962795,0.0341431277200115,0.049484692669801336,0.18867881319007568,1024
ses03_core_threshold_star,diffusivity_ratio,-0.007728940873523316,0.012214905584109289,0.01708795521686941,0.007142652405957256,-0.016263580716708657,0.016630269248741506,1024
ses03_core_threshold_star,chemo_kill_rate,0.0,0.0,0.0,0.0,0.0,0.0,1024
ses03_core_threshold_star,rt_alpha,0.0,0.0,0.0,0.0,0.0,0.0,1024
ses03_core_threshold_star,rt_alpha_beta_ratio,0.0,0.0,0.0,0.0,0.0,0.0,1024
ses03_core_threshold_star,gaussian_seed_x_fraction,-0.0017319459570135651,0.03480427222665042,0.16824884516664199,0.029190434037063014,-0.011456575989492207,0.16658297792419163,1024
ses03_core_threshold_star,gaussian_seed_y_fraction,0.06696503129898386,0.04155809196109913,0.24954467570793348,0.0395052636302487,0.04070776452246025,0.2604785992443332,1024
ses03_core_threshold_star,gaussian_seed_z_fraction,0.01452773793982303,0.032799332148457816,0.13763486545249584,0.026185319322528364,0.028597189180489438,0.1293050148329115,1024
ses03_core_threshold_star,core_threshold,0.0,0.0,0.0,0.0,0.0,0.0,1024
ses03_core_threshold_star,edema_threshold_ratio,0.0,0.0,0.0,0.0,0.0,0.0,1024
ses03_edema_threshold_star,front_speed_mm_per_day,0.1702540231075631,0.06619005585766019,0.40781511434166107,0.060897702880301545,0.17191405889893424,0.40386938499805614,1024
ses03_edema_threshold_star,front_width_mm,0.05721792655747332,0.036192068062073,0.2372267474655499,0.0423114214743067,0.11417437266835949,0.2673216944304503,1024
ses03_edema_threshold_star,seed_peak_density,-0.0013246723916177745,0.011639706466130849,0.029069199704945623,0.010860746012724945,-0.0051963885138592465,0.029373631110473357,1024
ses03_edema_threshold_star,seed_sigma_mm,0.2019527679405853,0.06806299082853734,0.48942965224744517,0.06510225695148998,0.20049098890454164,0.45742032918471764,1024
ses03_edema_threshold_star,preop_time,0.04364321021403482,0.041035272284442675,0.2142289628888524,0.043841849159069544,0.07693634876901784,0.22170956946283568,1024
ses03_edema_threshold_star,diffusivity_ratio,-0.007120954063093163,0.022206795774298044,0.04308864918290041,0.01580053805517382,-0.005771854235836492,0.03839501658666296,1024
ses03_edema_threshold_star,chemo_kill_rate,0.0,0.0,0.0,0.0,0.0,0.0,1024
ses03_edema_threshold_star,rt_alpha,0.0,0.0,0.0,0.0,0.0,0.0,1024
ses03_edema_threshold_star,rt_alpha_beta_ratio,0.0,0.0,0.0,0.0,0.0,0.0,1024
ses03_edema_threshold_star,gaussian_seed_x_fraction,0.046012381791611885,0.032905845048740924,0.16827019019078016,0.037554466922316516,0.04374194947065611,0.15827118679427038,1024
ses03_edema_threshold_star,gaussian_seed_y_fraction,0.021157400341211663,0.0338811428308247,0.20190215035574255,0.04291342378191681,0.014580461878021282,0.20171817924759952,1024
ses03_edema_threshold_star,gaussian_seed_z_fraction,0.013808570573597988,0.0321178894214746,0.11892614360301804,0.03040653483120241,0.03161297861621532,0.11929880153713132,1024
ses03_edema_threshold_star,core_threshold,0.0,0.0,0.0,0.0,0.0,0.0,1024
ses03_edema_threshold_star,edema_threshold_ratio,0.0,0.0,0.0,0.0,0.0,0.0,1024
ses03_dice_core_fixed,front_speed_mm_per_day,-0.013239439229976781,0.0440302987785985,0.31905219498623943,0.047068581945320986,0.015337028727990636,0.34329937959498785,1024
ses03_dice_core_fixed,front_width_mm,0.08599528641744415,0.05535523371315856,0.4479302509600634,0.0766252765970495,0.11205795260273756,0.4056886936692997,1024
ses03_dice_core_fixed,seed_peak_density,0.02125877695826699,0.015568943400925298,0.03695658081203852,0.009979715334939424,0.026416677919634608,0.04207963090497002,1024
ses03_dice_core_fixed,seed_sigma_mm,0.056825066651539684,0.05700070609949241,0.4815529543078923,0.07433036903267545,0.07256229281155727,0.47685512092934207,1024
ses03_dice_core_fixed,preop_time,0.03600596272109105,0.03565604891111143,0.14561646424372818,0.02610688050474077,0.03664616518726978,0.16014362579058042,1024
ses03_dice_core_fixed,diffusivity_ratio,0.010069377849770177,0.014687695854401763,0.03258412584982604,0.014756262364342547,0.0021174619989633224,0.04278361912215713,1024
ses03_dice_core_fixed,chemo_kill_rate,0.0,0.0,0.0,0.0,0.0,0.0,1024
ses03_dice_core_fixed,rt_alpha,0.0,0.0,0.0,0.0,0.0,0.0,1024
ses03_dice_core_fixed,rt_alpha_beta_ratio,0.0,0.0,0.0,0.0,0.0,0.0,1024
ses03_dice_core_fixed,gaussian_seed_x_fraction,0.06761471106014227,0.0428654661898955,0.254251789722703,0.03951368166478043,0.09573349657649388,0.25488741163548373,1024
ses03_dice_core_fixed,gaussian_seed_y_fraction,0.08619055600627194,0.04835362285477847,0.3060000896138353,0.04911050913765855,0.0977735993465667,0.26529522843057285,1024
ses03_dice_core_fixed,gaussian_seed_z_fraction,0.03595311204121148,0.031561305830100625,0.14857893687999263,0.029027586792380333,0.05792504465886645,0.1704612350768279,1024
ses03_dice_core_fixed,core_threshold,0.0,0.0,0.0,0.0,0.0,0.0,1024
ses03_dice_core_fixed,edema_threshold_ratio,0.0,0.0,0.0,0.0,0.0,0.0,1024
ses03_dice_whole_fixed,front_speed_mm_per_day,0.158579253130802,0.05159433127083973,0.3625904480678389,0.04828207112821775,0.22632135814545898,0.38768579862344477,1024
ses03_dice_whole_fixed,front_width_mm,0.06118721011124591,0.03963786514321949,0.19935095736961558,0.035048881689682884,0.08775181597283571,0.1765322716369377,1024
ses03_dice_whole_fixed,seed_peak_density,0.009176647594427531,0.010222537193441707,0.013925611750907278,0.0023739499113021438,0.018212021452202787,0.014317846922332796,1024
ses03_dice_whole_fixed,seed_sigma_mm,0.2002460089535827,0.06151355301518117,0.4554873841721104,0.04522124120421801,0.17300131961469736,0.481416440925618,1024
ses03_dice_whole_fixed,preop_time,0.060060008406315014,0.03161121971348228,0.1390322111438541,0.024397807550054915,0.052597975303275535,0.15203693141314642,1024
ses03_dice_whole_fixed,diffusivity_ratio,0.0020676729727229547,0.010468499781322102,0.012801952985696252,0.0036907289506695256,-0.0007501973941572384,0.012224698086248363,1024
ses03_dice_whole_fixed,chemo_kill_rate,0.0,0.0,0.0,0.0,0.0,0.0,1024
ses03_dice_whole_fixed,rt_alpha,0.0,0.0,0.0,0.0,0.0,0.0,1024
ses03_dice_whole_fixed,rt_alpha_beta_ratio,0.0,0.0,0.0,0.0,0.0,0.0,1024
ses03_dice_whole_fixed,gaussian_seed_x_fraction,0.020535693134105547,0.029544230871591973,0.12147994175541188,0.015454120474393923,0.023787918749939074,0.12455450096931851,1024
ses03_dice_whole_fixed,gaussian_seed_y_fraction,0.07327653949789413,0.03367608607581843,0.15426304014663605,0.02120457138445868,0.0856593056785467,0.14039310511099415,1024
ses03_dice_whole_fixed,gaussian_seed_z_fraction,0.08160967085101604,0.03149503167973618,0.13214482021255958,0.018709741954205543,0.0905277322064533,0.13249530717511943,1024
ses03_dice_whole_fixed,core_threshold,0.0,0.0,0.0,0.0,0.0,0.0,1024
ses03_dice_whole_fixed,edema_threshold_ratio,0.0,0.0,0.0,0.0,0.0,0.0,1024
ses03_log10_V_core_fixed,front_speed_mm_per_day,0.12704483756944265,0.053063695607155355,0.20287054760746417,0.04091435881375414,0.09926842253177194,0.2062989613300103,1024
ses03_log10_V_core_fixed,front_width_mm,0.22162591004450644,0.05431902984841267,0.4039010597999632,0.07063524041828483,0.21866509863081673,0.3747826797097649,1024
ses03_log10_V_core_fixed,seed_peak_density,0.013229012855224199,0.01563555706215012,0.05025653565490572,0.016161227457952333,0.016671079661395118,0.046768776865356736,1024
ses03_log10_V_core_fixed,seed_sigma_mm,0.31863783696277775,0.06268962206236085,0.44340012407961465,0.06571960587174214,0.32217470375493074,0.4754593866657835,1024
ses03_log10_V_core_fixed,preop_time,0.054614658139431255,0.023586557953984448,0.07542603326019877,0.02037909820339361,0.03751350187610274,0.07633466298647608,1024
ses03_log10_V_core_fixed,diffusivity_ratio,-0.011497590747396015,0.021255635185577694,0.061310294140346465,0.02587418600984901,-0.017961305995612548,0.08570093184145916,1024
ses03_log10_V_core_fixed,chemo_kill_rate,0.0,0.0,0.0,0.0,0.0,0.0,1024
ses03_log10_V_core_fixed,rt_alpha,0.0,0.0,0.0,0.0,0.0,0.0,1024
ses03_log10_V_core_fixed,rt_alpha_beta_ratio,0.0,0.0,0.0,0.0,0.0,0.0,1024
ses03_log10_V_core_fixed,gaussian_seed_x_fraction,0.007573391099483158,0.019748092789370196,0.07337363916694542,0.02304360375744571,0.019181438281167744,0.05211513740401569,1024
ses03_log10_V_core_fixed,gaussian_seed_y_fraction,0.01253461741501644,0.019132132769066636,0.07216372744648741,0.024810626968855488,0.018264033739128226,0.08215121340922951,1024
ses03_log10_V_core_fixed,gaussian_seed_z_fraction,-0.004281509082487613,0.017679265987444147,0.07585218130878572,0.02649021238407153,0.002702062990222735,0.07368449073507821,1024
ses03_log10_V_core_fixed,core_threshold,0.0,0.0,0.0,0.0,0.0,0.0,1024
ses03_log10_V_core_fixed,edema_threshold_ratio,0.0,0.0,0.0,0.0,0.0,0.0,1024
ses03_log10_V_whole_fixed,front_speed_mm_per_day,0.13305411112849744,0.037210311496039455,0.16158175820201603,0.028221197838807263,0.13534119215906865,0.16839323848640267,1024
ses03_log10_V_whole_fixed,front_width_mm,0.08440035963659338,0.033530804754084105,0.18554111073862062,0.08537300872748846,0.088905831523431,0.12406017056825323,1024
ses03_log10_V_whole_fixed,seed_peak_density,0.010085077629100252,0.012885511309349965,0.029379814275570994,0.01638247080268937,0.01090900919725699,0.02718171692967906,1024
ses03_log10_V_whole_fixed,seed_sigma_mm,0.550412529176575,0.07592439519796101,0.6292611797158411,0.09152032982317715,0.5737037800044729,0.6494367565541685,1024
ses03_log10_V_whole_fixed,preop_time,0.0372357898604242,0.020925080166067405,0.0563994705614052,0.010649783036303212,0.044056149937503584,0.056902609413585124,1024
ses03_log10_V_whole_fixed,diffusivity_ratio,-0.014920553145261,0.01629005895175239,0.03548716380145149,0.031023601932496838,-0.005193070163051736,0.017857778952104938,1024
ses03_log10_V_whole_fixed,chemo_kill_rate,0.0,0.0,0.0,0.0,0.0,0.0,1024
ses03_log10_V_whole_fixed,rt_alpha,0.0,0.0,0.0,0.0,0.0,0.0,1024
ses03_log10_V_whole_fixed,rt_alpha_beta_ratio,0.0,0.0,0.0,0.0,0.0,0.0,1024
ses03_log10_V_whole_fixed,gaussian_seed_x_fraction,-0.011988232057725699,0.011017046622704424,0.024181713934849858,0.013701755787315716,-0.005286570212013584,0.019268854696812852,1024
ses03_log10_V_whole_fixed,gaussian_seed_y_fraction,0.005463462507661618,0.013508644068404406,0.026355927303118035,0.01999114565433814,0.008122480845384058,0.02092972789257092,1024
ses03_log10_V_whole_fixed,gaussian_seed_z_fraction,-0.004550818991803695,0.015181830897573209,0.03311595078021539,0.0253482007792843,0.006997844616657266,0.016476837720631857,1024
ses03_log10_V_whole_fixed,core_threshold,0.0,0.0,0.0,0.0,0.0,0.0,1024
ses03_log10_V_whole_fixed,edema_threshold_ratio,0.0,0.0,0.0,0.0,0.0,0.0,1024
ses03_log_vol_ratio_core_fixed,front_speed_mm_per_day,0.12704483756944263,0.05306369560715535,0.20287054760746417,0.04091435881375413,0.09926842253177194,0.20629896133001027,1024
ses03_log_vol_ratio_core_fixed,front_width_mm,0.22162591004450644,0.05431902984841267,0.4039010597999632,0.07063524041828483,0.2186650986308167,0.37478267970976487,1024
ses03_log_vol_ratio_core_fixed,seed_peak_density,0.013229012855224199,0.01563555706215012,0.05025653565490572,0.016161227457952333,0.016671079661395114,0.04676877686535673,1024
ses03_log_vol_ratio_core_fixed,seed_sigma_mm,0.31863783696277775,0.06268962206236085,0.44340012407961465,0.06571960587174212,0.3221747037549307,0.47545938666578347,1024
ses03_log_vol_ratio_core_fixed,preop_time,0.05461465813943126,0.023586557953984445,0.07542603326019877,0.02037909820339361,0.037513501876102744,0.07633466298647608,1024
ses03_log_vol_ratio_core_fixed,diffusivity_ratio,-0.011497590747396017,0.021255635185577694,0.061310294140346465,0.025874186009849007,-0.01796130599561254,0.08570093184145915,1024
ses03_log_vol_ratio_core_fixed,chemo_kill_rate,0.0,0.0,0.0,0.0,0.0,0.0,1024
ses03_log_vol_ratio_core_fixed,rt_alpha,0.0,0.0,0.0,0.0,0.0,0.0,1024
ses03_log_vol_ratio_core_fixed,rt_alpha_beta_ratio,0.0,0.0,0.0,0.0,0.0,0.0,1024
ses03_log_vol_ratio_core_fixed,gaussian_seed_x_fraction,0.0075733910994831575,0.019748092789370196,0.07337363916694542,0.02304360375744571,0.01918143828116774,0.052115137404015674,1024
ses03_log_vol_ratio_core_fixed,gaussian_seed_y_fraction,0.012534617415016438,0.019132132769066633,0.07216372744648741,0.02481062696885549,0.018264033739128226,0.0821512134092295,1024
ses03_log_vol_ratio_core_fixed,gaussian_seed_z_fraction,-0.0042815090824876115,0.017679265987444143,0.07585218130878572,0.02649021238407153,0.0027020629902227327,0.0736844907350782,1024
ses03_log_vol_ratio_core_fixed,core_threshold,0.0,0.0,0.0,0.0,0.0,0.0,1024
ses03_log_vol_ratio_core_fixed,edema_threshold_ratio,0.0,0.0,0.0,0.0,0.0,0.0,1024
ses03_log_vol_ratio_whole_fixed,front_speed_mm_per_day,0.13305411112849744,0.037210311496039455,0.16158175820201603,0.028221197838807263,0.13534119215906867,0.16839323848640267,1024
ses03_log_vol_ratio_whole_fixed,front_width_mm,0.08440035963659338,0.033530804754084105,0.18554111073862062,0.08537300872748846,0.088905831523431,0.12406017056825323,1024
ses03_log_vol_ratio_whole_fixed,seed_peak_density,0.010085077629100252,0.012885511309349965,0.029379814275570994,0.01638247080268937,0.01090900919725699,0.027181716929679058,1024
ses03_log_vol_ratio_whole_fixed,seed_sigma_mm,0.550412529176575,0.07592439519796101,0.6292611797158411,0.09152032982317715,0.5737037800044729,0.6494367565541685,1024
ses03_log_vol_ratio_whole_fixed,preop_time,0.0372357898604242,0.020925080166067405,0.0563994705614052,0.010649783036303212,0.04405614993750359,0.056902609413585124,1024
ses03_log_vol_ratio_whole_fixed,diffusivity_ratio,-0.014920553145261,0.01629005895175239,0.03548716380145149,0.031023601932496838,-0.005193070163051737,0.017857778952104945,1024
ses03_log_vol_ratio_whole_fixed,chemo_kill_rate,0.0,0.0,0.0,0.0,0.0,0.0,1024
ses03_log_vol_ratio_whole_fixed,rt_alpha,0.0,0.0,0.0,0.0,0.0,0.0,1024
ses03_log_vol_ratio_whole_fixed,rt_alpha_beta_ratio,0.0,0.0,0.0,0.0,0.0,0.0,1024
ses03_log_vol_ratio_whole_fixed,gaussian_seed_x_fraction,-0.011988232057725699,0.011017046622704424,0.024181713934849858,0.013701755787315716,-0.005286570212013577,0.019268854696812856,1024
ses03_log_vol_ratio_whole_fixed,gaussian_seed_y_fraction,0.005463462507661618,0.013508644068404406,0.026355927303118035,0.01999114565433814,0.008122480845384056,0.020929727892570926,1024
ses03_log_vol_ratio_whole_fixed,gaussian_seed_z_fraction,-0.004550818991803695,0.015181830897573209,0.03311595078021539,0.0253482007792843,0.006997844616657263,0.016476837720631857,1024
ses03_log_vol_ratio_whole_fixed,core_threshold,0.0,0.0,0.0,0.0,0.0,0.0,1024
ses03_log_vol_ratio_whole_fixed,edema_threshold_ratio,0.0,0.0,0.0,0.0,0.0,0.0,1024
ses03_msd_core_fixed,front_speed_mm_per_day,0.034964509096405874,0.07225403439754609,0.48758833768648807,0.07847869205663953,0.05809182874861373,0.5169087693765216,886
ses03_msd_core_fixed,front_width_mm,0.017924422911629732,0.06166499610493633,0.5017624303305528,0.07915685818120095,0.04157918231636723,0.5111361563161976,886
ses03_msd_core_fixed,seed_peak_density,0.018742524595410818,0.021977836712768553,0.04617147863235557,0.009587619742326529,0.028769092958156436,0.04617470620946211,886
ses03_msd_core_fixed,seed_sigma_mm,0.10174387749363144,0.07445670566664625,0.5910066502723744,0.07921592918512982,0.17830267466651342,0.5854391718034854,886
ses03_msd_core_fixed,preop_time,0.04232699245176485,0.043655664665633455,0.18653327721602267,0.03269981917624051,0.05547898613979325,0.20746599732424653,886
ses03_msd_core_fixed,diffusivity_ratio,0.017959626734445695,0.016947769768209678,0.03435434736341788,0.010771333720998894,-0.0005415461381983273,0.029552126201237285,886
ses03_msd_core_fixed,chemo_kill_rate,0.0,0.0,0.0,0.0,0.0,0.0,886
ses03_msd_core_fixed,rt_alpha,0.0,0.0,0.0,0.0,0.0,0.0,886
ses03_msd_core_fixed,rt_alpha_beta_ratio,0.0,0.0,0.0,0.0,0.0,0.0,886
ses03_msd_core_fixed,gaussian_seed_x_fraction,0.008884129534745617,0.028957380724984185,0.10997387217124746,0.020929972692222687,0.00528726590574859,0.10124832392749664,886
ses03_msd_core_fixed,gaussian_seed_y_fraction,0.051684407353325336,0.029660588796975376,0.10587781608651856,0.01772403330966321,0.08545369056511753,0.10081634649524135,886
ses03_msd_core_fixed,gaussian_seed_z_fraction,0.01347761880180843,0.020888830738497594,0.046144056431245084,0.007261243341145423,0.019009293155229666,0.05131068176878925,886
ses03_msd_core_fixed,core_threshold,0.0,0.0,0.0,0.0,0.0,0.0,886
ses03_msd_core_fixed,edema_threshold_ratio,0.0,0.0,0.0,0.0,0.0,0.0,886
ses03_msd_whole_fixed,front_speed_mm_per_day,0.2096557186138984,0.04606850562568392,0.23972243551910405,0.02873187815533779,0.24125777716972047,0.26247710084013753,1011
ses03_msd_whole_fixed,front_width_mm,0.08864326928149335,0.027075830123544822,0.10858991105483391,0.014841019629533072,0.09708607359644814,0.11318865714164125,1011
ses03_msd_whole_fixed,seed_peak_density,0.009224095060644548,0.008288849191831519,0.009454377312758644,0.0013192028222996973,0.012871999976952186,0.010105275552173885,1011
ses03_msd_whole_fixed,seed_sigma_mm,0.42807592466833744,0.05547660206952883,0.4633578778670462,0.04339479524826339,0.4036924813002723,0.47479572740856774,1011
ses03_msd_whole_fixed,preop_time,0.06880087323757732,0.024804205332142774,0.07887293840992289,0.012163896947868008,0.06967572963180317,0.08632127201009207,1011
ses03_msd_whole_fixed,diffusivity_ratio,3.0584606896581446e-06,0.004885215742150324,0.0028405258095504653,0.0005650914045921514,-0.0011250366523242801,0.003230182774574123,1011
ses03_msd_whole_fixed,chemo_kill_rate,0.0,0.0,0.0,0.0,0.0,0.0,1011
ses03_msd_whole_fixed,rt_alpha,0.0,0.0,0.0,0.0,0.0,0.0,1011
ses03_msd_whole_fixed,rt_alpha_beta_ratio,0.0,0.0,0.0,0.0,0.0,0.0,1011
ses03_msd_whole_fixed,gaussian_seed_x_fraction,0.07554206657320146,0.02830613525394083,0.10390692657639918,0.011410318640358061,0.06603840065094481,0.11002570832093607,1011
ses03_msd_whole_fixed,gaussian_seed_y_fraction,0.032211248124450136,0.019366003080371782,0.04613257635362923,0.0060604469322134554,0.035658410577822625,0.045967478296926906,1011
ses03_msd_whole_fixed,gaussian_seed_z_fraction,0.023862593383143976,0.016270720330643616,0.037590246284310964,0.005138782552258064,0.025731597422849712,0.04027645425669081,1011
ses03_msd_whole_fixed,core_threshold,0.0,0.0,0.0,0.0,0.0,0.0,1011
ses03_msd_whole_fixed,edema_threshold_ratio,0.0,0.0,0.0,0.0,0.0,0.0,1011
ses03_hd95_core_fixed,front_speed_mm_per_day,0.021583429320213402,0.07537070695605093,0.5025659886104052,0.08220189254313533,0.03671423669590733,0.49974008648943286,886
ses03_hd95_core_fixed,front_width_mm,-0.016122596010853685,0.053914535105124985,0.44801046864404515,0.07462891642233851,0.01021950814726758,0.4483118272554249,886
ses03_hd95_core_fixed,seed_peak_density,0.009437966415383157,0.017877362132105255,0.032258649284092195,0.005871955395474583,0.01526843701539538,0.03205605861808235,886
ses03_hd95_core_fixed,seed_sigma_mm,0.08536437648327841,0.0733573767537639,0.5465314383673364,0.07399955146254962,0.1530439524348493,0.543698716124568,886
ses03_hd95_core_fixed,preop_time,0.058795736592414334,0.051477228849070196,0.2166058660325042,0.03645552520122761,0.09404399429814325,0.23424707737519565,886
ses03_hd95_core_fixed,diffusivity_ratio,0.015022811652848071,0.013592202633674659,0.023543888636812844,0.007677896709573437,0.0005262400336820629,0.023535658948418667,886
ses03_hd95_core_fixed,chemo_kill_rate,0.0,0.0,0.0,0.0,0.0,0.0,886
ses03_hd95_core_fixed,rt_alpha,0.0,0.0,0.0,0.0,0.0,0.0,886
ses03_hd95_core_fixed,rt_alpha_beta_ratio,0.0,0.0,0.0,0.0,0.0,0.0,886
ses03_hd95_core_fixed,gaussian_seed_x_fraction,0.011362333477248718,0.037345408193384146,0.16118521898044366,0.02558393993814181,0.026177420328106518,0.1532579546960254,886
ses03_hd95_core_fixed,gaussian_seed_y_fraction,0.07149513052869846,0.03582388596791397,0.16223650155381644,0.026874083227935067,0.10222100342442324,0.15121256766857202,886
ses03_hd95_core_fixed,gaussian_seed_z_fraction,0.015361288324886552,0.02623653808877973,0.086586273379284,0.015890742700246752,0.021239011686930175,0.09011943120465052,886
ses03_hd95_core_fixed,core_threshold,0.0,0.0,0.0,0.0,0.0,0.0,886
ses03_hd95_core_fixed,edema_threshold_ratio,0.0,0.0,0.0,0.0,0.0,0.0,886
ses03_hd95_whole_fixed,front_speed_mm_per_day,0.2151317130810014,0.049028184777264616,0.23770278534555644,0.02700638187711153,0.21907214931096838,0.24559112670198857,1011
ses03_hd95_whole_fixed,front_width_mm,0.08800919443612584,0.02624046626243254,0.10472850376776002,0.013232233178748068,0.09735791087736884,0.10756742923116425,1011
ses03_hd95_whole_fixed,seed_peak_density,0.006816609186424421,0.006892240825407286,0.00581784771749231,0.000700761025586938,0.008242530667212698,0.006061994126797657,1011
ses03_hd95_whole_fixed,seed_sigma_mm,0.2890594328263578,0.04440416257914313,0.290922926354632,0.02782752295385939,0.27164282498506975,0.2958361012463606,1011
ses03_hd95_whole_fixed,preop_time,0.06614144744332986,0.02831565175430267,0.08501506049278103,0.01235582205237539,0.08712623043433572,0.08905965051159413,1011
ses03_hd95_whole_fixed,diffusivity_ratio,-0.0011165293070437854,0.006009297231928441,0.0030507682564255394,0.0008246910383111205,-0.0009216566424538622,0.0030029868497906563,1011
ses03_hd95_whole_fixed,chemo_kill_rate,0.0,0.0,0.0,0.0,0.0,0.0,1011
ses03_hd95_whole_fixed,rt_alpha,0.0,0.0,0.0,0.0,0.0,0.0,1011
ses03_hd95_whole_fixed,rt_alpha_beta_ratio,0.0,0.0,0.0,0.0,0.0,0.0,1011
ses03_hd95_whole_fixed,gaussian_seed_x_fraction,0.2070539756542531,0.03983608434464644,0.22362769066413604,0.022403796358890712,0.19391315974837875,0.22790956908554574,1011
ses03_hd95_whole_fixed,gaussian_seed_y_fraction,0.05052981157813096,0.02369381792430344,0.06788699358876658,0.008542114195373976,0.05324446795000219,0.06809856737914687,1011
ses03_hd95_whole_fixed,gaussian_seed_z_fraction,0.0315070670142671,0.018096709580852403,0.04513639429783861,0.005471727382842794,0.0302838663959986,0.046503818798075254,1011
ses03_hd95_whole_fixed,core_threshold,0.0,0.0,0.0,0.0,0.0,0.0,1011
ses03_hd95_whole_fixed,edema_threshold_ratio,0.0,0.0,0.0,0.0,0.0,0.0,1011
ses03_log10_mass,front_speed_mm_per_day,0.21693785117110617,0.04205495073929717,0.23590203258359482,0.027010716330318086,0.22925916903284882,0.2461443345134401,1024
ses03_log10_mass,front_width_mm,0.0910269169692634,0.025180511988013632,0.09438954195826756,0.009989948084357424,0.09657133684334114,0.09202311004774864,1024
ses03_log10_mass,seed_peak_density,0.010007227803263762,0.00920488667970989,0.011372918775306953,0.001129809044212677,0.013359968364035548,0.011292430573829226,1024
ses03_log10_mass,seed_sigma_mm,0.5805933566000894,0.06262753642045851,0.5975684200494443,0.04964577393011579,0.5813089236982452,0.6050223800304816,1024
ses03_log10_mass,preop_time,0.06484587886503242,0.0246780766900075,0.07268050170594942,0.008949641598866678,0.06309138595963525,0.07619004574691321,1024
ses03_log10_mass,diffusivity_ratio,0.003156612105924734,0.00771025693168375,0.006783185559212894,0.0013289804921635946,0.0035409727974899355,0.006892426475297744,1024
ses03_log10_mass,chemo_kill_rate,0.0,0.0,0.0,0.0,0.0,0.0,1024
ses03_log10_mass,rt_alpha,0.0,0.0,0.0,0.0,0.0,0.0,1024
ses03_log10_mass,rt_alpha_beta_ratio,0.0,0.0,0.0,0.0,0.0,0.0,1024
ses03_log10_mass,gaussian_seed_x_fraction,-0.0019712377018088795,0.00785699122408374,0.009048162611885737,0.0015373474067157124,-0.0007417485243219416,0.008714180458146642,1024
ses03_log10_mass,gaussian_seed_y_fraction,0.0013930424886551673,0.006634187730476581,0.005245720899979848,0.0009983623405356327,0.0026486852301258693,0.004961269802963223,1024
ses03_log10_mass,gaussian_seed_z_fraction,-0.002585620970239073,0.006299692398055839,0.004474126705563694,0.0008449346475261196,-0.00359030436380846,0.004680082804233493,1024
ses03_log10_mass,core_threshold,0.0,0.0,0.0,0.0,0.0,0.0,1024
ses03_log10_mass,edema_threshold_ratio,0.0,0.0,0.0,0.0,0.0,0.0,1024
ses03_centroid_drift,front_speed_mm_per_day,0.4379141529578766,0.0919606799679741,0.6973340658333415,0.10114226646845546,0.41256728195935083,0.6603872231746604,1024
ses03_centroid_drift,front_width_mm,0.060118730536880896,0.029460068157563354,0.14971451831900234,0.03764512264662572,0.04276671721155052,0.14003225550649412,1024
ses03_centroid_drift,seed_peak_density,0.00042738621341780744,0.0032988576810474785,0.0020181262039286993,0.0004857587857113075,-0.003073357721164825,0.0021007538244505234,1024
ses03_centroid_drift,seed_sigma_mm,0.026240442671394318,0.030896466658469568,0.0951538916774696,0.017408959218383355,0.05226305098363456,0.10720626680546388,1024
ses03_centroid_drift,preop_time,0.1091514612000506,0.0534515036150317,0.2843873314056105,0.059330907707732146,0.14569392262294162,0.28355347779019585,1024
ses03_centroid_drift,diffusivity_ratio,0.016025808935396162,0.014655761157716626,0.029919154014174932,0.007176488929239127,0.0008441668020430308,0.027226246743803237,1024
ses03_centroid_drift,chemo_kill_rate,0.0,0.0,0.0,0.0,0.0,0.0,1024
ses03_centroid_drift,rt_alpha,0.0,0.0,0.0,0.0,0.0,0.0,1024
ses03_centroid_drift,rt_alpha_beta_ratio,0.0,0.0,0.0,0.0,0.0,0.0,1024
ses03_centroid_drift,gaussian_seed_x_fraction,0.01335769258823511,0.025626355698312123,0.09147825786205795,0.01728703480264777,0.015696363435345036,0.08282908882755596,1024
ses03_centroid_drift,gaussian_seed_y_fraction,-0.0028451920700525266,0.01161774325373869,0.018404807324162574,0.004012190642979036,-0.006315767936725333,0.019722259998651067,1024
ses03_centroid_drift,gaussian_seed_z_fraction,-0.003589913589344199,0.016487995911360433,0.024217011968041255,0.006044814124565765,0.009391831067763763,0.01918038204822805,1024
ses03_centroid_drift,core_threshold,0.0,0.0,0.0,0.0,0.0,0.0,1024
ses03_centroid_drift,edema_threshold_ratio,0.0,0.0,0.0,0.0,0.0,0.0,1024
ses03_R_g,front_speed_mm_per_day,0.25088417504884686,0.04910532688037148,0.2852485410628829,0.03282383219535685,0.25591962423081754,0.28587053204189905,1024
ses03_R_g,front_width_mm,0.011226701628417464,0.013214713281402236,0.024720811045442447,0.0041428385594898705,0.018196818184362248,0.025005201472745854,1024
ses03_R_g,seed_peak_density,0.006699566123511327,0.007430767954796669,0.007213438352443675,0.0008394314644443648,0.007039197465323677,0.00726479487050586,1024
ses03_R_g,seed_sigma_mm,0.5746016319715013,0.06459570356010441,0.5836604489888766,0.050064001433617354,0.5758780832928737,0.5856179511528301,1024
ses03_R_g,preop_time,0.07023303293568325,0.029224371934176686,0.0989808975639218,0.013746362989018256,0.09734891683496223,0.10267176366064514,1024
ses03_R_g,diffusivity_ratio,0.021040295823939528,0.014102313279837202,0.02550780142984978,0.004078889371625984,0.017600944615398965,0.02513731444179411,1024
ses03_R_g,chemo_kill_rate,0.0,0.0,0.0,0.0,0.0,0.0,1024
ses03_R_g,rt_alpha,0.0,0.0,0.0,0.0,0.0,0.0,1024
ses03_R_g,rt_alpha_beta_ratio,0.0,0.0,0.0,0.0,0.0,0.0,1024
ses03_R_g,gaussian_seed_x_fraction,0.019970093866261883,0.012304700847433368,0.02304679639460643,0.0030773243637748984,0.015455633737807535,0.022149429904374646,1024
ses03_R_g,gaussian_seed_y_fraction,0.007826304340124626,0.00793311664170297,0.008399890878670456,0.0015011778572817645,0.010258045356195794,0.00832406496573253,1024
ses03_R_g,gaussian_seed_z_fraction,0.0026707999088695956,0.007412482458264995,0.006195433856777177,0.001003631425934399,0.002374209445084343,0.006259882859257533,1024
ses03_R_g,core_threshold,0.0,0.0,0.0,0.0,0.0,0.0,1024
ses03_R_g,edema_threshold_ratio,0.0,0.0,0.0,0.0,0.0,0.0,1024
ses03_log10_anisotropy,front_speed_mm_per_day,0.11287790306449609,0.052485403751772394,0.3358363593550019,0.0507995065507926,0.12902247079289092,0.3325380658822633,1024
ses03_log10_anisotropy,front_width_mm,0.011614703269556853,0.023608125425077973,0.06268263252532827,0.011358248146854318,0.009662013435102215,0.05780537339659525,1024
ses03_log10_anisotropy,seed_peak_density,-0.001686198791045689,0.006407296786303988,0.005764608904776609,0.0010562937819840906,-0.005300625986063893,0.005270396323863196,1024
ses03_log10_anisotropy,seed_sigma_mm,0.10682255877213034,0.053774963699143384,0.4398824459829186,0.05394475905724949,0.12258818959909429,0.4576091050218953,1024
ses03_log10_anisotropy,preop_time,-9.844995374514995e-05,0.03505504847998268,0.15052605823096157,0.0338296043764779,-0.016903819426217177,0.14411878392387487,1024
ses03_log10_anisotropy,diffusivity_ratio,-0.006882830440999178,0.020495468676568006,0.06437590516630923,0.014556630593765765,-0.003618616590075622,0.06439680421304607,1024
ses03_log10_anisotropy,chemo_kill_rate,0.0,0.0,0.0,0.0,0.0,0.0,1024
ses03_log10_anisotropy,rt_alpha,0.0,0.0,0.0,0.0,0.0,0.0,1024
ses03_log10_anisotropy,rt_alpha_beta_ratio,0.0,0.0,0.0,0.0,0.0,0.0,1024
ses03_log10_anisotropy,gaussian_seed_x_fraction,0.11318617679623148,0.05935820435155444,0.47079919488002725,0.06287195830364115,0.12725666571830727,0.4749652828913426,1024
ses03_log10_anisotropy,gaussian_seed_y_fraction,-0.000809728343914565,0.024671238772054172,0.08221563822363238,0.01646380600144547,0.006439844637807591,0.09108083032002028,1024
ses03_log10_anisotropy,gaussian_seed_z_fraction,0.012387256127247176,0.024688844465842432,0.09831283800471569,0.019390387776231824,0.034921428618987595,0.09828810171087927,1024
ses03_log10_anisotropy,core_threshold,0.0,0.0,0.0,0.0,0.0,0.0,1024
ses03_log10_anisotropy,edema_threshold_ratio,0.0,0.0,0.0,0.0,0.0,0.0,1024
ses03_wm_fraction,front_speed_mm_per_day,0.021902542295353555,0.027774001657284723,0.10486776220728414,0.01712952464423015,0.033778536440983074,0.1037465492829924,1024
ses03_wm_fraction,front_width_mm,0.018059490001685177,0.016765754158427938,0.03497287375904219,0.006314927680719755,0.009390546870577065,0.03293163128207681,1024
ses03_wm_fraction,seed_peak_density,0.0012917607611073875,0.0036730073159073353,0.0015588768969227063,0.0002631886659592947,0.001740139857482582,0.0014050083247162356,1024
ses03_wm_fraction,seed_sigma_mm,0.06409759692333927,0.03621419955488928,0.1606291772206303,0.025510697103520528,0.053628134209719985,0.14194128011320703,1024
ses03_wm_fraction,preop_time,-0.002318580343488913,0.018783438974085173,0.04078674679925004,0.00779395122223239,-0.01210824868244829,0.040628469097504165,1024
ses03_wm_fraction,diffusivity_ratio,0.009946369578336748,0.011166632333850068,0.021665627113384992,0.004679488392062617,0.013149997773862788,0.018779854233918203,1024
ses03_wm_fraction,chemo_kill_rate,0.0,0.0,0.0,0.0,0.0,0.0,1024
ses03_wm_fraction,rt_alpha,0.0,0.0,0.0,0.0,0.0,0.0,1024
ses03_wm_fraction,rt_alpha_beta_ratio,0.0,0.0,0.0,0.0,0.0,0.0,1024
ses03_wm_fraction,gaussian_seed_x_fraction,0.1597181031033884,0.04524689569867706,0.31972960006947965,0.050641050519595054,0.1685613489538831,0.3194283236154108,1024
ses03_wm_fraction,gaussian_seed_y_fraction,0.25160266307683793,0.04712984426223515,0.38753151429785915,0.0493949117806867,0.2556593271426951,0.3683716978800162,1024
ses03_wm_fraction,gaussian_seed_z_fraction,0.19170282883443757,0.04825663001163936,0.2816198306608274,0.04419409392553213,0.18455236718573556,0.28292921959776857,1024
ses03_wm_fraction,core_threshold,0.0,0.0,0.0,0.0,0.0,0.0,1024
ses03_wm_fraction,edema_threshold_ratio,0.0,0.0,0.0,0.0,0.0,0.0,1024
ses04_dice_core,front_speed_mm_per_day,0.03980522278501273,0.04883483859208096,0.2869344219869016,0.049184127150303916,0.12025885025591197,0.29703775711203795,1024
ses04_dice_core,front_width_mm,0.028795897683501877,0.05747792325724413,0.3631655982236012,0.06413469266588108,0.029887216672182346,0.3436894537267318,1024
ses04_dice_core,seed_peak_density,-0.0013627993962451509,0.010656901025051357,0.017813425104070395,0.0055894397866049425,-0.002575258390441966,0.02344010144951212,1024
ses04_dice_core,seed_sigma_mm,0.006550933141883887,0.03929901856168773,0.23059715154729749,0.049328385916554494,-0.01158287463366972,0.2206851798703265,1024
ses04_dice_core,preop_time,-0.010416216189199292,0.024293221913561487,0.0924039111738366,0.025849956102208523,-0.006207582555414747,0.11845922951609628,1024
ses04_dice_core,diffusivity_ratio,0.013189060740542059,0.009453253062768313,0.012946238840401303,0.0037056583291417704,0.006753974232056954,0.013630986382864795,1024
ses04_dice_core,chemo_kill_rate,0.07343423244944068,0.04747123524625407,0.29114414495197743,0.07059230292511152,0.05589342278724856,0.26566593614178663,1024
ses04_dice_core,rt_alpha,0.16355129068280358,0.06082523037736145,0.5384084612240839,0.08291016800319248,0.17511460930304865,0.5338257923552877,1024
ses04_dice_core,rt_alpha_beta_ratio,0.002199465257381902,0.003015357204679099,0.002103836966691871,0.0014472610800670127,0.0014620430385924557,0.002259275656309568,1024
ses04_dice_core,gaussian_seed_x_fraction,0.005705973730185597,0.026899985036700734,0.0790969609140776,0.015627822819777648,0.01429075669922591,0.07732437207420016,1024
ses04_dice_core,gaussian_seed_y_fraction,0.013013062748810303,0.026886536346159267,0.12113816577075688,0.027800222533953332,-0.007694491324332893,0.11201509508358094,1024
ses04_dice_core,gaussian_seed_z_fraction,0.009522125767625471,0.021990483309515776,0.07192329473865686,0.01859910673020827,-0.00697328390284178,0.07308198428994558,1024
ses04_dice_core,core_threshold,0.02649517868861582,0.03630095149757515,0.176950238971658,0.05297076037375641,0.028886088369799588,0.15964386034363376,1024
ses04_dice_core,edema_threshold_ratio,0.0,0.0,0.0,0.0,0.0,0.0,1024
ses04_dice_whole,front_speed_mm_per_day,0.1976728645034246,0.05311447406525262,0.32402102697245316,0.0430916513618873,0.22428924015175167,0.3339739066425839,1024
ses04_dice_whole,front_width_mm,0.10676657062094423,0.04273631127954394,0.22270635592101784,0.03706501070086296,0.11768367512363616,0.2105181295785488,1024
ses04_dice_whole,seed_peak_density,0.0031720073047819086,0.0073586069825543644,0.007076642581043393,0.0010559378786931305,0.009862958824298189,0.006685627646362686,1024
ses04_dice_whole,seed_sigma_mm,0.13671597764402013,0.04492707093433104,0.26347368365731877,0.030524481304862155,0.10942560101203411,0.25127522831766474,1024
ses04_dice_whole,preop_time,0.02931498018777526,0.026128861574518072,0.1108963694673174,0.020556301139217244,0.010178662901257069,0.11600331736788531,1024
ses04_dice_whole,diffusivity_ratio,-0.0036373286270438157,0.009089445352813858,0.00967459339717058,0.002141777713288672,-0.0016164044662929319,0.00890428722679822,1024
ses04_dice_whole,chemo_kill_rate,0.026621929524812585,0.02044853542212355,0.05209225747041587,0.015115501330912082,0.02632153609644424,0.055453127517009954,1024
ses04_dice_whole,rt_alpha,0.20677873323823595,0.05051965032627457,0.30590063431393844,0.04970107476901189,0.22515204033865405,0.3004611298506429,1024
ses04_dice_whole,rt_alpha_beta_ratio,0.007109431767683465,0.008402726360728932,0.008219631276960262,0.009429012852876664,0.004523927593876512,0.0025330938277348374,1024
ses04_dice_whole,gaussian_seed_x_fraction,0.05117157701248032,0.027576675058311097,0.11478486974642467,0.01562455997890498,0.04954564376694854,0.10366693628842005,1024
ses04_dice_whole,gaussian_seed_y_fraction,0.0026795668866606745,0.016636882231255194,0.037167755371882896,0.005929660929674307,-0.0032814534930320784,0.03663880937436692,1024
ses04_dice_whole,gaussian_seed_z_fraction,0.04637236569904533,0.021631844862433008,0.06544440483692411,0.009967655359089039,0.037611780207397444,0.06237554428696148,1024
ses04_dice_whole,core_threshold,0.00959260226853118,0.017248351864200106,0.03244108002955178,0.01372833969701611,-0.009298036890412791,0.030294479750390964,1024
ses04_dice_whole,edema_threshold_ratio,0.0016669369887708232,0.019398356258055093,0.05048475116152553,0.013528606884867747,0.00358266629754883,0.047492354665492564,1024
ses04_log10_V_core,front_speed_mm_per_day,0.11255403362551307,0.040351677102253285,0.2109848620999846,0.033206070156635036,0.14745214549795663,0.226961191300004,1024
ses04_log10_V_core,front_width_mm,0.10202415478057919,0.0401129374357414,0.23462052222134075,0.037041267201834226,0.10125480052584472,0.21280557997256802,1024
ses04_log10_V_core,seed_peak_density,-0.001374312730125683,0.013476072338951614,0.02688759848433861,0.008452171948191972,0.0013861221365792892,0.030362205816049696,1024
ses04_log10_V_core,seed_sigma_mm,0.08054241223916739,0.03729834610708978,0.1882384751814719,0.027405120626555087,0.08316131261725537,0.18010811980941857,1024
ses04_log10_V_core,preop_time,0.015293773549837927,0.020207385422909927,0.052235522398424605,0.012016278840133707,0.021727689466932196,0.06631222423102498,1024
ses04_log10_V_core,diffusivity_ratio,-0.0015364201744897596,0.008653571186116201,0.009167298356145633,0.004001434827193764,-0.005432693864319706,0.008604178310667884,1024
ses04_log10_V_core,chemo_kill_rate,0.2333635003612049,0.061606180653577945,0.43014017122714476,0.05228856961971898,0.23653985575522624,0.45368361516677846,1024
ses04_log10_V_core,rt_alpha,0.04430271248992328,0.0326836261185381,0.1324238638455178,0.02303478237417387,0.05303000954997336,0.14519282812006623,1024
ses04_log10_V_core,rt_alpha_beta_ratio,0.0013236155283010225,0.0019898709806174687,0.0005670946741736931,0.0008370401093579169,0.0028083844292128846,0.0010122864526629482,1024
ses04_log10_V_core,gaussian_seed_x_fraction,0.012420047583014068,0.019367072635080158,0.062021911297004025,0.014661580588835117,0.03004014793382828,0.07305274026328616,1024
ses04_log10_V_core,gaussian_seed_y_fraction,-0.0025183854735989454,0.01587416484995414,0.03163139511096855,0.00885030291618825,0.011981434921815434,0.03343703405603482,1024
ses04_log10_V_core,gaussian_seed_z_fraction,0.012196493618170953,0.022507556043950088,0.07342750941597102,0.016329511817538972,0.012173582481626626,0.07310102007688729,1024
ses04_log10_V_core,core_threshold,0.04282760744491148,0.03487618203295711,0.15942928695310604,0.030470712749777418,0.05782069258728368,0.17447072624167906,1024
ses04_log10_V_core,edema_threshold_ratio,0.0,0.0,0.0,0.0,0.0,0.0,1024
ses04_log10_V_whole,front_speed_mm_per_day,0.09555240176217968,0.032325338258329936,0.1885865196358119,0.043585641408163164,0.09466542526047328,0.1726183000122044,1024
ses04_log10_V_whole,front_width_mm,0.12163899156861613,0.055340567871947105,0.20629849238374653,0.05540846719557064,0.11718116002928398,0.19851227411416678,1024
ses04_log10_V_whole,seed_peak_density,-0.0023235344519238485,0.013241057545951989,0.02415095784764883,0.012524376375939724,-0.009720815743234605,0.012188314141635284,1024
ses04_log10_V_whole,seed_sigma_mm,0.2720880178508955,0.07200427747715385,0.43082634586300284,0.06994375517067257,0.24962669580147692,0.4582675563044646,1024
ses04_log10_V_whole,preop_time,0.023120595950017184,0.015204253010115416,0.05653052175804478,0.01923440676670355,0.021267755167546493,0.0628587437772726,1024
ses04_log10_V_whole,diffusivity_ratio,-0.011551519437793725,0.015589334386625988,0.01895563716623784,0.012521824248596665,-0.017120339867952132,0.017129287141720476,1024
ses04_log10_V_whole,chemo_kill_rate,0.09143096618232115,0.055987768828877175,0.15888042876643138,0.04717279022516361,0.11728009642045947,0.12086381529883548,1024
ses04_log10_V_whole,rt_alpha,0.05988468862298477,0.05826852213311746,0.2438455638532249,0.053656076900146094,0.039099285613743,0.238761714386779,1024
ses04_log10_V_whole,rt_alpha_beta_ratio,0.004968656525524274,0.007689878510053794,0.0031791882873561336,0.0021818703141974686,0.00017361205675169795,0.002293072859971835,1024
ses04_log10_V_whole,gaussian_seed_x_fraction,0.011700267558956508,0.042791090397670394,0.10447389856208034,0.03382441590373058,0.010668290760788724,0.10133958763983765,1024
ses04_log10_V_whole,gaussian_seed_y_fraction,-0.004716537361432888,0.02299088638798747,0.049507015173241686,0.01655357314621794,-0.0019255872443174617,0.05433666352586755,1024
ses04_log10_V_whole,gaussian_seed_z_fraction,0.015061209100119754,0.03117197087511827,0.10198419025622987,0.03224597882355693,0.013117447451915983,0.09861485031274363,1024
ses04_log10_V_whole,core_threshold,0.0030173270660947293,0.020663485888707016,0.05704254379212817,0.025965961810779307,-0.011170792938356005,0.06731971017068429,1024
ses04_log10_V_whole,edema_threshold_ratio,0.03369216332986286,0.035254559492682566,0.1368905540459404,0.04746154563947235,0.04653696660602387,0.15126892294831998,1024
ses04_log_vol_ratio_core,front_speed_mm_per_day,0.11255403362551307,0.04035167710225328,0.2109848620999846,0.033206070156635036,0.14745214549795663,0.226961191300004,1024
ses04_log_vol_ratio_core,front_width_mm,0.10202415478057919,0.040112937435741396,0.23462052222134075,0.037041267201834226,0.10125480052584472,0.21280557997256802,1024
ses04_log_vol_ratio_core,seed_peak_density,-0.0013743127301256814,0.013476072338951614,0.02688759848433861,0.00845217194819197,0.0013861221365792892,0.030362205816049696,1024
ses04_log_vol_ratio_core,seed_sigma_mm,0.08054241223916739,0.03729834610708978,0.1882384751814719,0.027405120626555087,0.08316131261725537,0.18010811980941857,1024
ses04_log_vol_ratio_core,preop_time,0.015293773549837927,0.020207385422909927,0.05223552239842461,0.012016278840133707,0.021727689466932196,0.06631222423102498,1024
ses04_log_vol_ratio_core,diffusivity_ratio,-0.0015364201744897592,0.008653571186116201,0.009167298356145633,0.004001434827193764,-0.005432693864319707,0.008604178310667884,1024
ses04_log_vol_ratio_core,chemo_kill_rate,0.2333635003612049,0.061606180653577945,0.43014017122714476,0.05228856961971898,0.23653985575522624,0.45368361516677846,1024
ses04_log_vol_ratio_core,rt_alpha,0.04430271248992328,0.0326836261185381,0.1324238638455178,0.023034782374173866,0.05303000954997337,0.14519282812006623,1024
ses04_log_vol_ratio_core,rt_alpha_beta_ratio,0.001323615528301023,0.0019898709806174682,0.0005670946741736932,0.0008370401093579169,0.0028083844292128846,0.0010122864526629482,1024
ses04_log_vol_ratio_core,gaussian_seed_x_fraction,0.012420047583014068,0.019367072635080158,0.062021911297004025,0.014661580588835117,0.03004014793382828,0.07305274026328618,1024
ses04_log_vol_ratio_core,gaussian_seed_y_fraction,-0.0025183854735989467,0.01587416484995414,0.03163139511096855,0.00885030291618825,0.011981434921815434,0.03343703405603482,1024
ses04_log_vol_ratio_core,gaussian_seed_z_fraction,0.012196493618170953,0.022507556043950088,0.07342750941597102,0.016329511817538972,0.012173582481626626,0.0731010200768873,1024
ses04_log_vol_ratio_core,core_threshold,0.04282760744491148,0.034876182032957115,0.15942928695310604,0.030470712749777414,0.05782069258728368,0.17447072624167906,1024
ses04_log_vol_ratio_core,edema_threshold_ratio,0.0,0.0,0.0,0.0,0.0,0.0,1024
ses04_log_vol_ratio_whole,front_speed_mm_per_day,0.0955524017621797,0.032325338258329936,0.18858651963581197,0.04358564140816316,0.0946654252604733,0.17261830001220443,1024
ses04_log_vol_ratio_whole,front_width_mm,0.12163899156861616,0.05534056787194712,0.2062984923837466,0.055408467195570646,0.117181160029284,0.1985122741141668,1024
ses04_log_vol_ratio_whole,seed_peak_density,-0.0023235344519238494,0.01324105754595199,0.024150957847648837,0.012524376375939726,-0.00972081574323461,0.012188314141635286,1024
ses04_log_vol_ratio_whole,seed_sigma_mm,0.2720880178508955,0.07200427747715386,0.43082634586300295,0.06994375517067257,0.24962669580147695,0.45826755630446464,1024
ses04_log_vol_ratio_whole,preop_time,0.023120595950017187,0.015204253010115422,0.05653052175804478,0.019234406766703543,0.021267755167546493,0.06285874377727262,1024
ses04_log_vol_ratio_whole,diffusivity_ratio,-0.011551519437793731,0.015589334386625988,0.018955637166237837,0.01252182424859666,-0.01712033986795214,0.01712928714172048,1024
ses04_log_vol_ratio_whole,chemo_kill_rate,0.09143096618232115,0.05598776882887718,0.1588804287664314,0.04717279022516361,0.11728009642045949,0.12086381529883553,1024
ses04_log_vol_ratio_whole,rt_alpha,0.05988468862298479,0.058268522133117465,0.24384556385322492,0.05365607690014609,0.03909928561374299,0.23876171438677907,1024
ses04_log_vol_ratio_whole,rt_alpha_beta_ratio,0.004968656525524275,0.007689878510053798,0.0031791882873561336,0.0021818703141974686,0.00017361205675169836,0.0022930728599718344,1024
ses04_log_vol_ratio_whole,gaussian_seed_x_fraction,0.011700267558956515,0.042791090397670394,0.10447389856208035,0.03382441590373059,0.010668290760788719,0.10133958763983769,1024
ses04_log_vol_ratio_whole,gaussian_seed_y_fraction,-0.004716537361432888,0.022990886387987467,0.04950701517324169,0.016553573146217936,-0.0019255872443174585,0.05433666352586757,1024
ses04_log_vol_ratio_whole,gaussian_seed_z_fraction,0.015061209100119764,0.031171970875118277,0.1019841902562299,0.03224597882355693,0.013117447451915993,0.09861485031274367,1024
ses04_log_vol_ratio_whole,core_threshold,0.003017327066094733,0.020663485888707016,0.057042543792128184,0.025965961810779304,-0.011170792938356012,0.06731971017068432,1024
ses04_log_vol_ratio_whole,edema_threshold_ratio,0.03369216332986287,0.035254559492682545,0.1368905540459404,0.04746154563947235,0.046536966606023876,0.15126892294832003,1024
ses04_msd_core,front_speed_mm_per_day,0.035856587001220824,0.09087693834579226,0.3628689266475157,0.08083504300093795,0.14330559294960737,0.35694300492784825,377
ses04_msd_core,front_width_mm,0.1650497029801424,0.09842046431820578,0.40513194755358795,0.08834657984345949,0.1615297780860687,0.4328291868502749,377
ses04_msd_core,seed_peak_density,0.007711443290655102,0.020249766751712087,0.02380361479146002,0.011199495308633458,0.007362874583277327,0.03428041990148138,377
ses04_msd_core,seed_sigma_mm,-0.01708852410629457,0.08397006857358003,0.33568199726687437,0.07219566635324859,-0.06760248606303902,0.38915450590823775,377
ses04_msd_core,preop_time,-0.011280530582676418,0.05096834617398634,0.12721200818047138,0.03600024755522513,-0.014208049633028278,0.16049233789525247,377
ses04_msd_core,diffusivity_ratio,0.00900512539205291,0.02855793992889185,0.018802479742681344,0.006955339498948031,-0.012248622235776357,0.013506604612370873,377
ses04_msd_core,chemo_kill_rate,-0.016866452296450868,0.032433553588155466,0.06381771384393282,0.029004651877471227,-0.02407457834591652,0.05877915979140119,377
ses04_msd_core,rt_alpha,0.31219143596950966,0.11479978370089686,0.39054040543639723,0.07998041869979992,0.3240787703638794,0.3874723905637601,377
ses04_msd_core,rt_alpha_beta_ratio,0.005095169926491818,0.006834545685232617,0.0023252953849074052,0.0022242269667176865,-5.748208204311759e-05,0.001200630921753179,377
ses04_msd_core,gaussian_seed_x_fraction,0.024558828732098713,0.0371945390905855,0.06727552828209636,0.01759314941300232,0.034379569749051986,0.07806721504986765,377
ses04_msd_core,gaussian_seed_y_fraction,0.01968735506207664,0.0448193609501494,0.07157622205651286,0.019085031671284166,-0.009767383512870346,0.06889578679056256,377
ses04_msd_core,gaussian_seed_z_fraction,-0.011484429922543227,0.027609894017756008,0.030946677700368956,0.007998712482306955,-0.022901489745389622,0.03772989456088501,377
ses04_msd_core,core_threshold,0.056761406642174744,0.04439394103172534,0.0787556347020811,0.03028356906448656,0.055277887086037876,0.04998091963218948,377
ses04_msd_core,edema_threshold_ratio,0.0,0.0,0.0,0.0,0.0,0.0,377
ses04_msd_whole,front_speed_mm_per_day,0.23817997921143416,0.05237244547689979,0.28333335755022576,0.03723901999297784,0.2526342516185994,0.30186352642984726,887
ses04_msd_whole,front_width_mm,0.12887481706368026,0.03904088649151128,0.17869819219718588,0.029184674194373223,0.14388168709698346,0.17866097864465877,887
ses04_msd_whole,seed_peak_density,0.0051687052860624645,0.008559244712031693,0.00850671225586531,0.0014502942059786061,0.006690141097543448,0.007628636065734253,887
ses04_msd_whole,seed_sigma_mm,0.3187135188670516,0.05738781532600533,0.38351868812456724,0.04058529010505683,0.2989181836195595,0.3730038574278915,887
ses04_msd_whole,preop_time,0.043403268808881144,0.026044406600716944,0.07281122416244369,0.01225969479888906,0.03725621820848811,0.0796200976686983,887
ses04_msd_whole,diffusivity_ratio,0.001221777894885748,0.00591299464902754,0.0035576537553317278,0.0007815050216217347,0.0007408236457251471,0.002944648411075469,887
ses04_msd_whole,chemo_kill_rate,0.023093037438106517,0.01953864255746958,0.04735189301329255,0.012155937808359189,0.033865774394242,0.04751019583476547,887
ses04_msd_whole,rt_alpha,0.14654077579993685,0.043379685007561695,0.18334291910180792,0.032009880988443415,0.14126372787303318,0.18167656133139923,887
ses04_msd_whole,rt_alpha_beta_ratio,0.0021041316657450866,0.004098281688243998,0.0020804641357556057,0.0012516506627343672,0.0004538840824066673,0.002263434924266219,887
ses04_msd_whole,gaussian_seed_x_fraction,0.05788487644626116,0.024695809058359313,0.06608644121700454,0.008775433087277087,0.05726255894663557,0.06789355832656124,887
ses04_msd_whole,gaussian_seed_y_fraction,0.026484514661784975,0.018682823419788216,0.03505803267769485,0.005187352376321592,0.017870057911678238,0.03530048833341022,887
ses04_msd_whole,gaussian_seed_z_fraction,0.018585188956057784,0.01377346003719622,0.024899776629091874,0.0037558321297112463,0.01855276277703743,0.02575962847757757,887
ses04_msd_whole,core_threshold,0.011739325618962368,0.015547601894763072,0.0224779631398746,0.00627080985244987,-0.0036015868946627345,0.024717973030531797,887
ses04_msd_whole,edema_threshold_ratio,0.013642226548168188,0.01884820053450933,0.049790859317935254,0.011808029081862386,0.009293653500682753,0.054130463423534496,887
ses04_hd95_core,front_speed_mm_per_day,0.031180409553528316,0.0990762139109146,0.46843886112321537,0.0934438653459416,0.15204522474857524,0.464412999202623,377
ses04_hd95_core,front_width_mm,0.03594025432707402,0.08808593359203597,0.44801315216353543,0.10262881679340904,0.055960066324435835,0.44434795369819985,377
ses04_hd95_core,seed_peak_density,0.01440217628786585,0.025614625250545656,0.024256657269147015,0.009190326362227115,0.020847403590670728,0.028172424779188666,377
ses04_hd95_core,seed_sigma_mm,-0.03477765732382093,0.0939251753724962,0.4236640389959867,0.08704711059445505,-0.09983504697943132,0.4786711156780385,377
ses04_hd95_core,preop_time,-0.008252243368067926,0.06527339428153225,0.21857947901935978,0.0664880673181972,0.00299911175477733,0.2496685497150735,377
ses04_hd95_core,diffusivity_ratio,0.014575456604538687,0.031486575470496145,0.029531130330850995,0.012649345608164275,-0.010928875580696606,0.01874003514109581,377
ses04_hd95_core,chemo_kill_rate,-0.02732961878271972,0.027564385509993593,0.05217111405454592,0.021198589665926627,-0.026981221257502817,0.04206323420140707,377
ses04_hd95_core,rt_alpha,0.15119075239647572,0.08821520576199715,0.2849947280591242,0.07059232886551445,0.16331322263480613,0.2683273788840819,377
ses04_hd95_core,rt_alpha_beta_ratio,0.0030480184343377693,0.0064061591382154415,0.0014548684343136961,0.0013980171423263869,-0.0032133411667772454,0.000886362231175591,377
ses04_hd95_core,gaussian_seed_x_fraction,-0.002276475235603439,0.04532814878198166,0.1308786928659428,0.030964566565587038,0.013641723895397024,0.14594659965780962,377
ses04_hd95_core,gaussian_seed_y_fraction,0.0661515747778383,0.05815797012683117,0.1642506952534687,0.04080567978076364,0.029977516659923036,0.14985553254101228,377
ses04_hd95_core,gaussian_seed_z_fraction,-0.007421626296138399,0.0324106558023666,0.059436367825698125,0.017412085516601467,-0.005128459815271382,0.069097001532897,377
ses04_hd95_core,core_threshold,0.03253304460485783,0.03765152719927857,0.06926100924252773,0.019954791206754554,0.03097147574015857,0.050367571524806413,377
ses04_hd95_core,edema_threshold_ratio,0.0,0.0,0.0,0.0,0.0,0.0,377
ses04_hd95_whole,front_speed_mm_per_day,0.246328952813835,0.054617677639959575,0.2747738259131381,0.032457199969869045,0.24527592090902167,0.27053313320322375,887
ses04_hd95_whole,front_width_mm,0.10549642836508104,0.0338342031482457,0.15290589296820903,0.023906578385400314,0.1182845804159541,0.1554653572310307,887
ses04_hd95_whole,seed_peak_density,0.006676458914350205,0.007027877332909689,0.005449681579114852,0.0008600614328200203,0.004999328470431133,0.004749274907989541,887
ses04_hd95_whole,seed_sigma_mm,0.2422743001551426,0.0461434990463282,0.2522055807984525,0.02447482168250436,0.24817174067975706,0.25141817127962074,887
ses04_hd95_whole,preop_time,0.05287829978760903,0.02898566607008403,0.08259940878446852,0.01309279029133515,0.07665433747655727,0.08549498201849258,887
ses04_hd95_whole,diffusivity_ratio,0.0019979783666975227,0.006710907224424281,0.003648520082211632,0.0008969139096743642,0.001833239545993391,0.003161426698394027,887
ses04_hd95_whole,chemo_kill_rate,0.009103583396670872,0.013754441669210568,0.02552745715809719,0.006776218695003183,0.019275714260132693,0.02680780345368115,887
ses04_hd95_whole,rt_alpha,0.07976574423372469,0.030557612372463638,0.09996398628394607,0.01857877615126273,0.07288704810741334,0.10568967626741424,887
ses04_hd95_whole,rt_alpha_beta_ratio,-8.927386177584056e-05,0.002352160650580775,0.0008970780135292507,0.0006133502712235278,-0.0014206017039781532,0.00099712163122201,887
ses04_hd95_whole,gaussian_seed_x_fraction,0.18972894825396328,0.03905809941981734,0.18154257802187387,0.02070604903719846,0.18566605914118056,0.17432440274900352,887
ses04_hd95_whole,gaussian_seed_y_fraction,0.042317701343080966,0.024129064509750844,0.05538188310834267,0.007687417160859195,0.038780950612243424,0.05406122610678895,887
ses04_hd95_whole,gaussian_seed_z_fraction,0.030067589842814334,0.016248039491695405,0.037895807271382746,0.005377247060080046,0.028119595849997216,0.03692304887073262,887
ses04_hd95_whole,core_threshold,0.004073081343930948,0.010602853579047333,0.011597689090973749,0.0032728170066549504,-0.0065027047012537285,0.01310180169177859,887
ses04_hd95_whole,edema_threshold_ratio,0.008396859250313613,0.014340743195136629,0.02630362306334194,0.006431094569459148,0.011020259344047668,0.026743968969872713,887
ses04_dice_star_core,front_speed_mm_per_day,0.05387819543494176,0.04113124654207434,0.23241706713500837,0.0401518933870429,0.045158685091049956,0.2218911016549534,1024
ses04_dice_star_core,front_width_mm,0.05205396224007721,0.043921215537552336,0.283168409574918,0.05224213473297902,0.04594702756329334,0.22338482461104311,1024
ses04_dice_star_core,seed_peak_density,0.010771473215366204,0.008347660133988284,0.010830166264816561,0.0034302686925612312,0.0074292900344854725,0.009227360127226917,1024
ses04_dice_star_core,seed_sigma_mm,0.04148701390375698,0.03881631442983129,0.24474755451907657,0.04409059126115089,0.029325003397936245,0.21887474106757737,1024
ses04_dice_star_core,preop_time,0.005128807438974872,0.021112693514864323,0.06900780889930429,0.01734742256684334,0.01553522891531615,0.07272521095223583,1024
ses04_dice_star_core,diffusivity_ratio,0.01322425299138572,0.011917688440975552,0.01634318723819687,0.004659482011626399,0.011867269389706562,0.016581007059327385,1024
ses04_dice_star_core,chemo_kill_rate,0.028387411909625578,0.028266235597959412,0.09130748063180356,0.027008533451232535,0.015044215550296471,0.07485234046802072,1024
ses04_dice_star_core,rt_alpha,0.29513310349274313,0.0580018115940616,0.43758066022460723,0.06659350390467468,0.2964046256029109,0.4231459739864321,1024
ses04_dice_star_core,rt_alpha_beta_ratio,-0.0019813048300379023,0.005670433750659236,0.003411236106772747,0.001808432228142321,-0.00597996990112469,0.0024288144256107563,1024
ses04_dice_star_core,gaussian_seed_x_fraction,0.022019701231658452,0.02941009712019668,0.12288416134163667,0.017789574207255607,0.019172139443750104,0.11284102526125399,1024
ses04_dice_star_core,gaussian_seed_y_fraction,0.055472944197368895,0.03630548492785227,0.20363089958962222,0.03178706806315316,0.032933866656026045,0.1817211787857223,1024
ses04_dice_star_core,gaussian_seed_z_fraction,0.05809937813524082,0.028821832518611343,0.1119985932014236,0.020553684079863847,0.07005547586413682,0.11822657547298404,1024
ses04_dice_star_core,core_threshold,0.0,0.0,0.0,0.0,0.0,0.0,1024
ses04_dice_star_core,edema_threshold_ratio,0.0,0.0,0.0,0.0,0.0,0.0,1024
ses04_dice_star_whole,front_speed_mm_per_day,0.24976698368539507,0.0540228768054538,0.3868735294610461,0.04896513792073603,0.2792354971375077,0.4007531119116184,1024
ses04_dice_star_whole,front_width_mm,0.04388134436217384,0.032741345231467434,0.13347935132824937,0.025715226554838613,0.046893813483017174,0.12232943878552839,1024
ses04_dice_star_whole,seed_peak_density,0.008673789993758703,0.008903662952809954,0.009075152635551706,0.002001358248138245,0.014769986084138232,0.008375427666478119,1024
ses04_dice_star_whole,seed_sigma_mm,0.16999556574686586,0.05374338144583639,0.34409197518907036,0.03726149605828218,0.14339510461710733,0.34231313477813546,1024
ses04_dice_star_whole,preop_time,0.06258554668421405,0.0289763871537407,0.11934798070291575,0.02156725125786912,0.046718331062396104,0.11800731903316965,1024
ses04_dice_star_whole,diffusivity_ratio,-0.008022566756256629,0.009807095522654258,0.011890346664215106,0.002620220598963503,-0.010013086068339554,0.011962877519048438,1024
ses04_dice_star_whole,chemo_kill_rate,0.012813872060074729,0.01595142266366074,0.030918423863113484,0.010774429580276012,0.00755990927394134,0.02301392535700054,1024
ses04_dice_star_whole,rt_alpha,0.08883772205804263,0.03462748620043135,0.13941035338853563,0.028893172467970064,0.06672975685012765,0.1275938911506734,1024
ses04_dice_star_whole,rt_alpha_beta_ratio,0.0016336625873531639,0.005985117667622182,0.003996515851439902,0.0024798524363136456,0.002980571585633885,0.005972667749825055,1024
ses04_dice_star_whole,gaussian_seed_x_fraction,0.08953777032900252,0.03597760781529947,0.1645038208963729,0.01900250722705268,0.0933469546605693,0.16280645900868598,1024
ses04_dice_star_whole,gaussian_seed_y_fraction,0.017018319793539002,0.022848021179636992,0.06491301610899754,0.00905908391829433,0.020509172313695385,0.06252163577642353,1024
ses04_dice_star_whole,gaussian_seed_z_fraction,0.0497020186067111,0.024965321270653033,0.08166152655917178,0.01197999124063995,0.05328132425572678,0.07664504075845524,1024
ses04_dice_star_whole,core_threshold,0.0,0.0,0.0,0.0,0.0,0.0,1024
ses04_dice_star_whole,edema_threshold_ratio,0.0,0.0,0.0,0.0,0.0,0.0,1024
ses04_core_threshold_star,front_speed_mm_per_day,0.16226727339624833,0.06548707604731559,0.3588070880363294,0.061879487104749255,0.14811443366561977,0.3734261932409845,1024
ses04_core_threshold_star,front_width_mm,0.039439305701062015,0.04125670549500288,0.32205291558840665,0.0568469222026541,0.048720527643526496,0.3286036302908052,1024
ses04_core_threshold_star,seed_peak_density,-0.008972815245896933,0.014496377896967203,0.027774181048764,0.01427645471100931,-0.0010201393177417532,0.028739732507333672,1024
ses04_core_threshold_star,seed_sigma_mm,0.1527888987520729,0.06203134380654182,0.38613963016382324,0.06812551127521044,0.1666410865129627,0.312425635170783,1024
ses04_core_threshold_star,preop_time,0.007600486751647007,0.03494282329021594,0.18543927594218937,0.043252806986369005,0.018503930421981916,0.1712012542407062,1024
ses04_core_threshold_star,diffusivity_ratio,-0.009568304184174167,0.016605521579381072,0.04004192886182232,0.01900898487478906,-0.005363305559931222,0.017986123986377698,1024
ses04_core_threshold_star,chemo_kill_rate,0.008254960315273447,0.025881675406284846,0.13838019533129767,0.03203890587833813,-0.010468114489426174,0.1467439322063196,1024
ses04_core_threshold_star,rt_alpha,0.07807688293396221,0.040691195859000974,0.3640086131090661,0.06998292144375451,0.07682077954182483,0.38741540078594494,1024
ses04_core_threshold_star,rt_alpha_beta_ratio,-9.374524085662965e-06,0.002740205418289509,0.0015212007288192297,0.0005324153159359105,0.0012676000053901853,0.001427470157649022,1024
ses04_core_threshold_star,gaussian_seed_x_fraction,0.011572457631464,0.02949166459657482,0.15530968731331818,0.03832296775074519,0.009798662583135474,0.1440793212453748,1024
ses04_core_threshold_star,gaussian_seed_y_fraction,-0.004686507288815262,0.03459170864979252,0.17057076559276269,0.042963941928087675,-0.010369325376302405,0.19661022304685885,1024
ses04_core_threshold_star,gaussian_seed_z_fraction,-0.0018636194475622366,0.03774595302182255,0.13798762740127987,0.03540827546237382,-0.010726611119862443,0.14236635705619594,1024
ses04_core_threshold_star,core_threshold,0.0,0.0,0.0,0.0,0.0,0.0,1024
ses04_core_threshold_star,edema_threshold_ratio,0.0,0.0,0.0,0.0,0.0,0.0,1024
ses04_edema_threshold_star,front_speed_mm_per_day,0.16766904090139526,0.0753023482250092,0.509356523299079,0.1037582963648815,0.1814530364492509,0.49743253465061166,1024
ses04_edema_threshold_star,front_width_mm,0.03333028924672027,0.055953571360316125,0.3265959541046215,0.07727683409091629,0.060221146095570256,0.3537454930588452,1024
ses04_edema_threshold_star,seed_peak_density,0.004591972005851483,0.023784974107069232,0.03440098523370687,0.022566968933871653,0.009806195496954688,0.020299766318247106,1024
ses04_edema_threshold_star,seed_sigma_mm,0.0724162779968265,0.060108283366896956,0.44396904268116477,0.09892981573875219,0.12122727912109733,0.45665648230700223,1024
ses04_edema_threshold_star,preop_time,0.06187804194178937,0.05038857556754704,0.2380753047563485,0.06425040435395468,0.1270526880296884,0.2653091197941339,1024
ses04_edema_threshold_star,diffusivity_ratio,0.03453302995835547,0.03198248653749622,0.07870399103096211,0.034047443460973166,0.04582543821362057,0.07961038790895168,1024
ses04_edema_threshold_star,chemo_kill_rate,-0.019703006905964104,0.024737083613514767,0.0739237052416629,0.0331579990616845,-0.006633452001464558,0.07060788284607689,1024
ses04_edema_threshold_star,rt_alpha,0.05494802802165783,0.041862489492379425,0.18805302846118171,0.05195145305296678,0.042128005403157906,0.22012007477264467,1024
ses04_edema_threshold_star,rt_alpha_beta_ratio,0.0004248939151098298,0.0011218092265968848,0.0012804336935622893,0.000657471660984978,0.0005667075558019479,0.0010591182426911534,1024
ses04_edema_threshold_star,gaussian_seed_x_fraction,0.03168506532900247,0.037545618377914224,0.20316214604521673,0.06072697504169924,0.06415582035810055,0.1851691727638366,1024
ses04_edema_threshold_star,gaussian_seed_y_fraction,-0.00989885282394191,0.02437136493703222,0.21425923805608987,0.06977830034205387,-0.00733901368234591,0.24748062937549947,1024
ses04_edema_threshold_star,gaussian_seed_z_fraction,-0.018863139102406803,0.03654661655716389,0.13068959898959112,0.043434498947432426,-0.011664134367352677,0.10785354104738244,1024
ses04_edema_threshold_star,core_threshold,0.0,0.0,0.0,0.0,0.0,0.0,1024
ses04_edema_threshold_star,edema_threshold_ratio,0.0,0.0,0.0,0.0,0.0,0.0,1024
ses04_dice_core_fixed,front_speed_mm_per_day,0.04417592663208313,0.048743450025118276,0.3068457058660794,0.06043702926091647,0.105395336647297,0.29748595467714667,1024
ses04_dice_core_fixed,front_width_mm,0.05720036695585156,0.05556657431206657,0.38137773944088155,0.06665221485618059,0.07499927806449759,0.3634801693069255,1024
ses04_dice_core_fixed,seed_peak_density,0.0009772462998698997,0.009947716898477192,0.01689056492542217,0.005880497245082285,0.0006896061669058166,0.020010006307288844,1024
ses04_dice_core_fixed,seed_sigma_mm,0.018610220402191607,0.03926704597094606,0.22839045023050494,0.04832838456219444,0.007381044333423548,0.20900366419967567,1024
ses04_dice_core_fixed,preop_time,0.007122962867119424,0.02483085544171633,0.1178932204532539,0.03440383390434048,-0.0020514067325929034,0.12826162770402944,1024
ses04_dice_core_fixed,diffusivity_ratio,0.00825317273376298,0.009749594856598449,0.022311309093594155,0.016693615058195742,0.00235410298104082,0.015252836515474464,1024
ses04_dice_core_fixed,chemo_kill_rate,0.08274034974004923,0.048495949541424006,0.2863112866053214,0.05929080465963992,0.06629941105590885,0.2769869260522748,1024
ses04_dice_core_fixed,rt_alpha,0.21765440243238135,0.05590815660143796,0.5465120739244201,0.0787963839276349,0.2527467660733673,0.511283240433539,1024
ses04_dice_core_fixed,rt_alpha_beta_ratio,-0.0031080799912917216,0.006333049081445347,0.010352242644381011,0.010088604469826389,-0.00385518225301649,0.01790577599608132,1024
ses04_dice_core_fixed,gaussian_seed_x_fraction,0.012762977532141702,0.020465475529606945,0.07437319661009147,0.017450121808261148,0.011399283367698044,0.06567013312351086,1024
ses04_dice_core_fixed,gaussian_seed_y_fraction,-0.0008606646541392064,0.02402043206702452,0.11442607117143272,0.02521839279951628,-0.020209199595278626,0.11269545502111962,1024
ses04_dice_core_fixed,gaussian_seed_z_fraction,0.01653859831402067,0.023552779173127605,0.07530073029314548,0.0175958599755064,-0.001711514228706262,0.06785945290885337,1024
ses04_dice_core_fixed,core_threshold,0.0,0.0,0.0,0.0,0.0,0.0,1024
ses04_dice_core_fixed,edema_threshold_ratio,0.0,0.0,0.0,0.0,0.0,0.0,1024
ses04_dice_whole_fixed,front_speed_mm_per_day,0.1796839106635738,0.053849078493461024,0.32538531590880604,0.04346889704920129,0.19610777778226335,0.3377173522272038,1024
ses04_dice_whole_fixed,front_width_mm,0.09885210544106841,0.04318875312377194,0.25447547974813556,0.04034299320806611,0.12492895952623621,0.25202577863712483,1024
ses04_dice_whole_fixed,seed_peak_density,0.000894320546727837,0.007247580932435748,0.007063083509041889,0.0010677707212305388,0.007217602579935777,0.00679112290920279,1024
ses04_dice_whole_fixed,seed_sigma_mm,0.10830370182498522,0.0436846602567268,0.24892048747352022,0.03004933055168184,0.08213880483384171,0.24962752022741322,1024
ses04_dice_whole_fixed,preop_time,0.028108174262276,0.0254462118888425,0.10349509009856138,0.01963544958529283,0.014317792506323177,0.10596440485094168,1024
ses04_dice_whole_fixed,diffusivity_ratio,0.0013705740434691205,0.008583094812784174,0.00912595002787441,0.0021123533430560176,-0.0003245542950122452,0.0077108049640353445,1024
ses04_dice_whole_fixed,chemo_kill_rate,0.013764492428187185,0.027082553832119924,0.0862645127591931,0.023878406157061428,0.017893464969006016,0.09632552844612456,1024
ses04_dice_whole_fixed,rt_alpha,0.20870407710870909,0.049630821250291016,0.3261685096422628,0.051767942104158284,0.22449899757873484,0.3245612652771544,1024
ses04_dice_whole_fixed,rt_alpha_beta_ratio,0.001777196833492277,0.0029229490887601466,0.001551015330429001,0.0008888134617313229,0.0006088213043852245,0.0015888049336232099,1024
ses04_dice_whole_fixed,gaussian_seed_x_fraction,0.048701420265875296,0.02642535112204056,0.1065971330670967,0.014688249716822118,0.05139837909095606,0.09867688873662941,1024
ses04_dice_whole_fixed,gaussian_seed_y_fraction,-0.006713923528290209,0.014735859591037553,0.03360182845859728,0.005675838881517817,-0.00590421696531292,0.0347245905702622,1024
ses04_dice_whole_fixed,gaussian_seed_z_fraction,0.038068897054166266,0.021332086576527937,0.06170759416482201,0.009490851192958172,0.035828569979093214,0.060129660456978665,1024
ses04_dice_whole_fixed,core_threshold,0.0,0.0,0.0,0.0,0.0,0.0,1024
ses04_dice_whole_fixed,edema_threshold_ratio,0.0,0.0,0.0,0.0,0.0,0.0,1024
ses04_log10_V_core_fixed,front_speed_mm_per_day,0.11092755497825323,0.03920362371627445,0.2151118261656582,0.033875314812931684,0.15001587838809963,0.22520552120387594,1024
ses04_log10_V_core_fixed,front_width_mm,0.11938343115088976,0.03973002392179462,0.24060403980675618,0.037066408810978585,0.12646091455796366,0.23712104438781278,1024
ses04_log10_V_core_fixed,seed_peak_density,0.004340668581052555,0.015320875762549067,0.032146433550401976,0.009032813449636298,-0.003175014077756561,0.0341400207650886,1024
ses04_log10_V_core_fixed,seed_sigma_mm,0.09798903731447005,0.03733802053275487,0.17542599158994884,0.025528660031792955,0.10848466769790223,0.18162619813456435,1024
ses04_log10_V_core_fixed,preop_time,0.026486586031555563,0.02014355254692163,0.04781232284552553,0.010415400956959595,0.02211194226476361,0.04422061977889327,1024
ses04_log10_V_core_fixed,diffusivity_ratio,-0.0004590841485317144,0.007880231225759293,0.01012077068491528,0.005140167829205236,-0.0050267628706939385,0.011312583856563314,1024
ses04_log10_V_core_fixed,chemo_kill_rate,0.2893463835977927,0.06363945170004327,0.4631663247988324,0.05336595699048799,0.2730792469776391,0.45984961674932373,1024
ses04_log10_V_core_fixed,rt_alpha,0.05380437938549229,0.03004682124028282,0.13048461958624039,0.02262607884664516,0.06565811329758113,0.13201284678984543,1024
ses04_log10_V_core_fixed,rt_alpha_beta_ratio,0.0006761928847724275,0.001652274229736192,0.0013358568093843341,0.0012968573522675055,0.0004353797460930207,0.00048175241093736037,1024
ses04_log10_V_core_fixed,gaussian_seed_x_fraction,0.011979445324152,0.018240752098053495,0.06298935023314445,0.01438835911479594,0.02252430576273482,0.07347858011254578,1024
ses04_log10_V_core_fixed,gaussian_seed_y_fraction,0.0017533062301572575,0.014291551156498206,0.03211543281413792,0.009008999661217014,0.009256312615191659,0.031272345341768794,1024
ses04_log10_V_core_fixed,gaussian_seed_z_fraction,0.03887635673266445,0.023495643199570326,0.07951594759440048,0.01642645029808457,0.04379917219585148,0.08253567639050369,1024
ses04_log10_V_core_fixed,core_threshold,0.0,0.0,0.0,0.0,0.0,0.0,1024
ses04_log10_V_core_fixed,edema_threshold_ratio,0.0,0.0,0.0,0.0,0.0,0.0,1024
ses04_log10_V_whole_fixed,front_speed_mm_per_day,0.10253619501547533,0.03363320038223254,0.2014744580774534,0.045600404001937496,0.09386389242684565,0.207505188073134,1024
ses04_log10_V_whole_fixed,front_width_mm,0.13003350288324134,0.04233270003104427,0.2471559347443183,0.05942851823741769,0.14422426235880406,0.24215320301522464,1024
ses04_log10_V_whole_fixed,seed_peak_density,0.005782626543950674,0.009932926410263181,0.024112941354465334,0.008868346669866072,-0.00013342936959202537,0.023483188277978996,1024
ses04_log10_V_whole_fixed,seed_sigma_mm,0.27013249222906266,0.05668559380171565,0.40511968682411575,0.0635657805613417,0.26872015235147306,0.4088871296798757,1024
ses04_log10_V_whole_fixed,preop_time,0.03037111482824681,0.015680613015571658,0.055548159942917646,0.017743449834901174,0.03270472145556348,0.055522734832308886,1024
ses04_log10_V_whole_fixed,diffusivity_ratio,-0.007520042891896996,0.00952473227674597,0.02744636097212115,0.015424492135439704,0.000768775192922527,0.02649146798144188,1024
ses04_log10_V_whole_fixed,chemo_kill_rate,0.104474933765323,0.047353427630896075,0.17216939212272742,0.0460794912188388,0.1235546852411893,0.13310471280176006,1024
ses04_log10_V_whole_fixed,rt_alpha,0.0816115900310805,0.04214842209036032,0.24157631039871927,0.053464283265558084,0.09017290910847468,0.25150182468173204,1024
ses04_log10_V_whole_fixed,rt_alpha_beta_ratio,-0.0010084767788241201,0.0019832823373111363,0.0008878367942143699,0.0007301269780900897,-0.0009133894802133623,0.0011540191637335834,1024
ses04_log10_V_whole_fixed,gaussian_seed_x_fraction,0.017039409830738768,0.035096358145322186,0.1040617006513805,0.030107172988945365,0.02872090515254005,0.09728762138327829,1024
ses04_log10_V_whole_fixed,gaussian_seed_y_fraction,0.0031893713006609847,0.017703358737354204,0.05190423901146594,0.018363085382668554,0.017082765726734193,0.05287237613315881,1024
ses04_log10_V_whole_fixed,gaussian_seed_z_fraction,0.018193754695692014,0.026182616343959887,0.10583314132085883,0.032277612914915925,0.026267770133594465,0.10603718102798416,1024
ses04_log10_V_whole_fixed,core_threshold,0.0,0.0,0.0,0.0,0.0,0.0,1024
ses04_log10_V_whole_fixed,edema_threshold_ratio,0.0,0.0,0.0,0.0,0.0,0.0,1024
ses04_log_vol_ratio_core_fixed,front_speed_mm_per_day,0.11092755497825323,0.03920362371627445,0.2151118261656582,0.033875314812931684,0.15001587838809963,0.22520552120387594,1024
ses04_log_vol_ratio_core_fixed,front_width_mm,0.11938343115088976,0.03973002392179462,0.24060403980675618,0.037066408810978585,0.12646091455796366,0.23712104438781278,1024
ses04_log_vol_ratio_core_fixed,seed_peak_density,0.0043406685810525565,0.015320875762549067,0.032146433550401976,0.0090328134496363,-0.0031750140777565606,0.0341400207650886,1024
ses04_log_vol_ratio_core_fixed,seed_sigma_mm,0.09798903731447005,0.03733802053275487,0.17542599158994884,0.025528660031792955,0.10848466769790223,0.18162619813456435,1024
ses04_log_vol_ratio_core_fixed,preop_time,0.02648658603155556,0.020143552546921628,0.04781232284552553,0.010415400956959595,0.022111942264763613,0.044220619778893265,1024
ses04_log_vol_ratio_core_fixed,diffusivity_ratio,-0.0004590841485317135,0.007880231225759293,0.01012077068491528,0.005140167829205236,-0.0050267628706939385,0.011312583856563314,1024
ses04_log_vol_ratio_core_fixed,chemo_kill_rate,0.2893463835977927,0.06363945170004327,0.4631663247988324,0.053365956990487996,0.2730792469776391,0.45984961674932373,1024
ses04_log_vol_ratio_core_fixed,rt_alpha,0.0538043793854923,0.030046821240282816,0.13048461958624039,0.02262607884664516,0.06565811329758113,0.13201284678984543,1024
ses04_log_vol_ratio_core_fixed,rt_alpha_beta_ratio,0.0006761928847724279,0.0016522742297361921,0.0013358568093843341,0.0012968573522675055,0.0004353797460930205,0.0004817524109373604,1024
ses04_log_vol_ratio_core_fixed,gaussian_seed_x_fraction,0.011979445324152002,0.018240752098053495,0.06298935023314445,0.01438835911479594,0.022524305762734828,0.07347858011254578,1024
ses04_log_vol_ratio_core_fixed,gaussian_seed_y_fraction,0.0017533062301572566,0.014291551156498206,0.03211543281413792,0.009008999661217014,0.00925631261519166,0.031272345341768794,1024
ses04_log_vol_ratio_core_fixed,gaussian_seed_z_fraction,0.03887635673266445,0.023495643199570326,0.07951594759440048,0.01642645029808457,0.04379917219585148,0.08253567639050369,1024
ses04_log_vol_ratio_core_fixed,core_threshold,0.0,0.0,0.0,0.0,0.0,0.0,1024
ses04_log_vol_ratio_core_fixed,edema_threshold_ratio,0.0,0.0,0.0,0.0,0.0,0.0,1024
ses04_log_vol_ratio_whole_fixed,front_speed_mm_per_day,0.10253619501547534,0.03363320038223254,0.20147445807745343,0.04560040400193749,0.09386389242684565,0.20750518807313403,1024
ses04_log_vol_ratio_whole_fixed,front_width_mm,0.1300335028832413,0.04233270003104427,0.2471559347443183,0.05942851823741769,0.1442242623588041,0.24215320301522467,1024
ses04_log_vol_ratio_whole_fixed,seed_peak_density,0.0057826265439506735,0.009932926410263184,0.024112941354465334,0.00886834666986607,-0.00013342936959202296,0.023483188277979,1024
ses04_log_vol_ratio_whole_fixed,seed_sigma_mm,0.2701324922290626,0.05668559380171563,0.4051196868241157,0.06356578056134167,0.2687201523514731,0.4088871296798758,1024
ses04_log_vol_ratio_whole_fixed,preop_time,0.030371114828246813,0.015680613015571655,0.055548159942917646,0.017743449834901177,0.03270472145556349,0.0555227348323089,1024
ses04_log_vol_ratio_whole_fixed,diffusivity_ratio,-0.007520042891896995,0.00952473227674597,0.02744636097212115,0.015424492135439704,0.0007687751929225299,0.02649146798144188,1024
ses04_log_vol_ratio_whole_fixed,chemo_kill_rate,0.104474933765323,0.047353427630896075,0.17216939212272742,0.0460794912188388,0.12355468524118933,0.13310471280176006,1024
ses04_log_vol_ratio_whole_fixed,rt_alpha,0.0816115900310805,0.04214842209036033,0.2415763103987192,0.053464283265558084,0.09017290910847467,0.25150182468173204,1024
ses04_log_vol_ratio_whole_fixed,rt_alpha_beta_ratio,-0.001008476778824118,0.001983282337311136,0.0008878367942143696,0.0007301269780900894,-0.0009133894802133577,0.0011540191637335838,1024
ses04_log_vol_ratio_whole_fixed,gaussian_seed_x_fraction,0.017039409830738768,0.035096358145322186,0.10406170065138048,0.030107172988945365,0.028720905152540055,0.0972876213832783,1024
ses04_log_vol_ratio_whole_fixed,gaussian_seed_y_fraction,0.003189371300660988,0.017703358737354204,0.05190423901146593,0.018363085382668554,0.0170827657267342,0.05287237613315881,1024
ses04_log_vol_ratio_whole_fixed,gaussian_seed_z_fraction,0.018193754695692017,0.026182616343959877,0.1058331413208588,0.03227761291491591,0.026267770133594475,0.10603718102798418,1024
ses04_log_vol_ratio_whole_fixed,core_threshold,0.0,0.0,0.0,0.0,0.0,0.0,1024
ses04_log_vol_ratio_whole_fixed,edema_threshold_ratio,0.0,0.0,0.0,0.0,0.0,0.0,1024
ses04_msd_core_fixed,front_speed_mm_per_day,0.06002145028981171,0.09021103712882408,0.3520743690805309,0.07649145303643863,0.11003507903407984,0.37568071058621055,403
ses04_msd_core_fixed,front_width_mm,0.18511111531310329,0.09871109279550805,0.43658500600739575,0.08888540128611869,0.23923001558798912,0.47617079709224447,403
ses04_msd_core_fixed,seed_peak_density,0.01788174202537645,0.022669001373106207,0.0258511082651046,0.009631010535307355,0.016075975742808273,0.02979451691297338,403
ses04_msd_core_fixed,seed_sigma_mm,0.01751421351753161,0.08753964703545349,0.335830846475897,0.06875844291056248,-0.06363500338064255,0.35327821381116503,403
ses04_msd_core_fixed,preop_time,0.0072382849669473505,0.05266148681396784,0.1320863456275679,0.034517945409986046,-0.026353583782976808,0.15640868763873442,403
ses04_msd_core_fixed,diffusivity_ratio,-0.00016278350874513578,0.02221375245071836,0.01834866050833328,0.009002279413649365,-0.014166393947824034,0.010453205660063861,403
ses04_msd_core_fixed,chemo_kill_rate,0.0866602776709232,0.07814934835291136,0.12284125195764174,0.06064428753912461,0.04878647028510956,0.08295328386341252,403
ses04_msd_core_fixed,rt_alpha,0.3442736150955005,0.10838073277928406,0.429830428098458,0.08817101452443823,0.40612940011830095,0.3946891124553285,403
ses04_msd_core_fixed,rt_alpha_beta_ratio,-0.0034018369255941956,0.00956603147578943,0.0033584873620195244,0.0038335936569302105,-0.00016071438129032254,0.004952269379688349,403
ses04_msd_core_fixed,gaussian_seed_x_fraction,0.034648087385584336,0.038602909973008484,0.06253097501679197,0.016412687915227455,0.04649326307604427,0.0650008666770898,403
ses04_msd_core_fixed,gaussian_seed_y_fraction,0.04013776897758175,0.04066304464916993,0.06958735520388815,0.015709369377634844,0.0065221389793806445,0.07346238184978217,403
ses04_msd_core_fixed,gaussian_seed_z_fraction,0.009240153456011509,0.03223401284596238,0.0343086564621546,0.009658013242674153,-0.03489913285152215,0.03319753020821645,403
ses04_msd_core_fixed,core_threshold,0.0,0.0,0.0,0.0,0.0,0.0,403
ses04_msd_core_fixed,edema_threshold_ratio,0.0,0.0,0.0,0.0,0.0,0.0,403
ses04_msd_whole_fixed,front_speed_mm_per_day,0.23738385892896968,0.05270770737854188,0.27560340714919895,0.0378173958097695,0.2533756975100809,0.2927196556549575,847
ses04_msd_whole_fixed,front_width_mm,0.14130514898118557,0.045486904384958,0.1833319663162488,0.02650888574956614,0.14550299148244678,0.1703026795261933,847
ses04_msd_whole_fixed,seed_peak_density,0.00961503954229612,0.010021480899791895,0.009854758473309827,0.0018984910673134677,0.010515238963751282,0.010812011609936683,847
ses04_msd_whole_fixed,seed_sigma_mm,0.3023383182736896,0.059719317720719665,0.3654233776213575,0.03942767848209998,0.2960216602967528,0.37253007814554195,847
ses04_msd_whole_fixed,preop_time,0.04457585246179071,0.027792210799727914,0.0720060601365292,0.011745837535359755,0.0416392696059278,0.07819980911020055,847
ses04_msd_whole_fixed,diffusivity_ratio,0.009180063375760595,0.007378000752102838,0.004689091058955165,0.0014902611996759757,0.0067366094495128,0.005223440907152395,847
ses04_msd_whole_fixed,chemo_kill_rate,0.03599064638266047,0.032341611502305315,0.0658813487965472,0.016657651015210106,0.0551559879032982,0.07832230175359503,847
ses04_msd_whole_fixed,rt_alpha,0.17575580284145917,0.052090826335090816,0.1990775544397585,0.03243150367549928,0.18454920800584018,0.19635402016927525,847
ses04_msd_whole_fixed,rt_alpha_beta_ratio,0.003400825623501056,0.0037501822863704928,0.0015975753047297724,0.0009485017681796306,0.0030890193889307723,0.001968268209440582,847
ses04_msd_whole_fixed,gaussian_seed_x_fraction,0.059213735390381494,0.026309432133100764,0.06352188754325894,0.008684240721965763,0.06401408803449662,0.06707992065088907,847
ses04_msd_whole_fixed,gaussian_seed_y_fraction,0.021119546955127747,0.019262320460766476,0.03195125977373557,0.004675818703190914,0.011904891641460037,0.030801655990332934,847
ses04_msd_whole_fixed,gaussian_seed_z_fraction,0.02080307097069963,0.015535120915507994,0.025378679949265022,0.003863544349176621,0.015740001307761126,0.026793588771690635,847
ses04_msd_whole_fixed,core_threshold,0.0,0.0,0.0,0.0,0.0,0.0,847
ses04_msd_whole_fixed,edema_threshold_ratio,0.0,0.0,0.0,0.0,0.0,0.0,847
ses04_hd95_core_fixed,front_speed_mm_per_day,0.04026249870198765,0.09510910824934049,0.4613244082050185,0.10688169008863035,0.08138618356136462,0.4735482895139977,403
ses04_hd95_core_fixed,front_width_mm,0.06470393792018198,0.09140684271811503,0.4919294884162106,0.10417761628354312,0.11200597018613555,0.5195225223759451,403
ses04_hd95_core_fixed,seed_peak_density,0.02361964123554816,0.026463364028879503,0.025258209544516342,0.007557059710400393,0.02514909521961296,0.031312569909522095,403
ses04_hd95_core_fixed,seed_sigma_mm,0.004137006704629481,0.09532583698986793,0.4242065648046814,0.085359135465344,-0.06966724489698714,0.4566163670478909,403
ses04_hd95_core_fixed,preop_time,0.047362332738949256,0.06298377943472207,0.20801405433751427,0.05551891487665846,0.05050671542807503,0.24237520504819163,403
ses04_hd95_core_fixed,diffusivity_ratio,0.010325195678258287,0.025921555870766243,0.026104823987997818,0.010675899282775729,-0.002939126027606896,0.017625567360827484,403
ses04_hd95_core_fixed,chemo_kill_rate,0.04525281600437994,0.05569712507856425,0.09197123719636648,0.044346800380022866,0.034424333452730445,0.06819369850975952,403
ses04_hd95_core_fixed,rt_alpha,0.1700626209714224,0.08156131270784611,0.310625769819462,0.07379901609296052,0.21907823905123852,0.27052372424343424,403
ses04_hd95_core_fixed,rt_alpha_beta_ratio,-0.003186955373574423,0.00801503909412088,0.0037299522649606584,0.004826358903559905,-0.0006812357437270889,0.005639151039835182,403
ses04_hd95_core_fixed,gaussian_seed_x_fraction,0.006696087549160271,0.04446406362995575,0.12172429495946144,0.02993066947895826,0.009848542260820757,0.12792032822862426,403
ses04_hd95_core_fixed,gaussian_seed_y_fraction,0.09394536610456718,0.057175858610946526,0.16112521374531277,0.036330642620025486,0.05522413417481732,0.16766623125014166,403
ses04_hd95_core_fixed,gaussian_seed_z_fraction,0.011987590466504109,0.037582926161102266,0.06618068047473194,0.018469594184597014,-0.03010492769558435,0.06796063252101951,403
ses04_hd95_core_fixed,core_threshold,0.0,0.0,0.0,0.0,0.0,0.0,403
ses04_hd95_core_fixed,edema_threshold_ratio,0.0,0.0,0.0,0.0,0.0,0.0,403
ses04_hd95_whole_fixed,front_speed_mm_per_day,0.2343102368821332,0.05498238897682769,0.27605959344142145,0.03434021648057872,0.22342870141606036,0.2656488930027608,847
ses04_hd95_whole_fixed,front_width_mm,0.13191196634541688,0.040263834164523254,0.17224446821802936,0.026157943520585435,0.1414807424750778,0.17052915395261142,847
ses04_hd95_whole_fixed,seed_peak_density,0.010508878549659859,0.009614008574138596,0.007992815292173756,0.0027108433218710967,0.0062882193882018555,0.008451595023201332,847
ses04_hd95_whole_fixed,seed_sigma_mm,0.2347333216463312,0.04616985497683856,0.24451116062729555,0.025724449751045163,0.24850733380608075,0.2460719064972448,847
ses04_hd95_whole_fixed,preop_time,0.05655289545877634,0.031228130512228672,0.08513337046118687,0.01372385937324441,0.07836566688449174,0.0855295766315091,847
ses04_hd95_whole_fixed,diffusivity_ratio,0.00724712024148261,0.00825055529154695,0.005081037708996006,0.0021648960196193573,0.002799300664524645,0.004056258773768289,847
ses04_hd95_whole_fixed,chemo_kill_rate,0.018409968182973867,0.01998754624606948,0.0371162421474759,0.009554521672577214,0.03188180136933837,0.04611551362770182,847
ses04_hd95_whole_fixed,rt_alpha,0.09837946785935145,0.036077041356231326,0.11292580269920811,0.020156241752443356,0.0930187907068965,0.11275447414726095,847
ses04_hd95_whole_fixed,rt_alpha_beta_ratio,0.0048459824301452185,0.005626388642312111,0.001827585044861229,0.001901042481960933,0.0019052805243864879,0.0014213115298049941,847
ses04_hd95_whole_fixed,gaussian_seed_x_fraction,0.19687281911005639,0.039403897433058846,0.18233799874921486,0.020679581758025974,0.1970346168448011,0.1790709478023206,847
ses04_hd95_whole_fixed,gaussian_seed_y_fraction,0.038380568125850584,0.023446273599983462,0.05446350499658678,0.007713029644012812,0.0345835483028349,0.05151371173265501,847
ses04_hd95_whole_fixed,gaussian_seed_z_fraction,0.03162629046678546,0.018982006284879224,0.04018339452241516,0.006297699256200158,0.020818159272914912,0.0387558722837255,847
ses04_hd95_whole_fixed,core_threshold,0.0,0.0,0.0,0.0,0.0,0.0,847
ses04_hd95_whole_fixed,edema_threshold_ratio,0.0,0.0,0.0,0.0,0.0,0.0,847
ses04_log10_mass,front_speed_mm_per_day,0.20174232329616304,0.04082864879980188,0.21924644203457516,0.026460507018992423,0.20974204845278005,0.2269946196246368,1024
ses04_log10_mass,front_width_mm,0.08804148192810257,0.025104499572604903,0.09012759580237492,0.00977827282380183,0.0917690106825088,0.08727132939193007,1024
ses04_log10_mass,seed_peak_density,0.007573442366270236,0.008370559290403933,0.009389349621404048,0.0009685113040092961,0.010421798940202192,0.009224045274383183,1024
ses04_log10_mass,seed_sigma_mm,0.49282172553622744,0.0602925088503625,0.5203667120662905,0.04585034905180486,0.49470832747515847,0.5258748088156412,1024
ses04_log10_mass,preop_time,0.047850215605566404,0.021482725392398924,0.054383178675830306,0.006824249208918315,0.046202802164002084,0.056732781408213986,1024
ses04_log10_mass,diffusivity_ratio,0.004079383399330291,0.006987057012110947,0.006150258890730898,0.0012026970246493422,0.004181952413366212,0.006207390526613517,1024
ses04_log10_mass,chemo_kill_rate,0.03639630363557796,0.016403349280094466,0.03222122240181087,0.003786575145689443,0.037269092148814846,0.031814593855501665,1024
ses04_log10_mass,rt_alpha,0.07156396614080328,0.026131991921189143,0.09041543684280279,0.011355186449192827,0.06457699122190888,0.09062718836409402,1024
ses04_log10_mass,rt_alpha_beta_ratio,0.0003332005811266504,0.0018457485003870759,0.0004508931810064586,0.00010378704933557814,-0.00030077239149784417,0.0004873429114283567,1024
ses04_log10_mass,gaussian_seed_x_fraction,0.002137287649969259,0.008100230170717048,0.008794564713133782,0.0015054432185933422,0.0068595693232762905,0.008388800484426386,1024
ses04_log10_mass,gaussian_seed_y_fraction,0.0013355994113986892,0.006724557449914904,0.00509942128497263,0.0010869005867871146,0.00529094029160144,0.004432447761334409,1024
ses04_log10_mass,gaussian_seed_z_fraction,-0.0019438166292197428,0.007708827116738192,0.00619953428154473,0.0012771801731905326,-0.004887924105197294,0.005998381574019766,1024
ses04_log10_mass,core_threshold,0.0,0.0,0.0,0.0,0.0,0.0,1024
ses04_log10_mass,edema_threshold_ratio,0.0,0.0,0.0,0.0,0.0,0.0,1024
ses04_centroid_drift,front_speed_mm_per_day,0.37256838326588265,0.09847497611220674,0.7268934919270067,0.11644295318687514,0.3582839194852039,0.6884919307539556,1024
ses04_centroid_drift,front_width_mm,0.054645638632330164,0.033563087381436284,0.17081737569149005,0.04460103280565294,0.049656981889106756,0.16607473251426505,1024
ses04_centroid_drift,seed_peak_density,0.0004447500926587835,0.004186976007725111,0.002045619599178711,0.0004842151548854846,-0.0011245602893504496,0.002095718821563142,1024
ses04_centroid_drift,seed_sigma_mm,0.013127457196543254,0.03455429459301826,0.11031973069260848,0.023001480894630125,0.024641789259423483,0.127522725680193,1024
ses04_centroid_drift,preop_time,0.068965851640514,0.05227123149038918,0.2791220794414986,0.060898231376464676,0.11445668338155214,0.2791108454859202,1024
ses04_centroid_drift,diffusivity_ratio,0.012125099936808308,0.014992674235604405,0.03262434018490021,0.008221678891026813,0.0026313406898294226,0.030026907497556543,1024
ses04_centroid_drift,chemo_kill_rate,-0.0005053323406458876,0.0012971822753126837,0.00016828843004090076,4.383617388454361e-05,-0.00021231090377359544,0.0001699390737715944,1024
ses04_centroid_drift,rt_alpha,-0.016933250076812283,0.02363598306147497,0.08508871923871832,0.019494733785661363,-0.010893128616126393,0.08650428219635241,1024
ses04_centroid_drift,rt_alpha_beta_ratio,-0.0006652571410657425,0.005364437127876193,0.0011919056732627136,0.00044858573213200394,0.0030893014013418127,0.0011512149016574562,1024
ses04_centroid_drift,gaussian_seed_x_fraction,-0.007531134581261955,0.023081952475468064,0.0789992969971043,0.015048754106117248,-0.006041449007651233,0.07103351001573233,1024
ses04_centroid_drift,gaussian_seed_y_fraction,-0.008406167233931335,0.015814633397014798,0.02597565789129128,0.006648361267399914,-0.011019136507326482,0.027177967043442577,1024
ses04_centroid_drift,gaussian_seed_z_fraction,-0.004146662308788636,0.020224237693138587,0.0381950779888622,0.011843150031827565,-0.005207655900060297,0.04059338436998689,1024
ses04_centroid_drift,core_threshold,0.0,0.0,0.0,0.0,0.0,0.0,1024
ses04_centroid_drift,edema_threshold_ratio,0.0,0.0,0.0,0.0,0.0,0.0,1024
ses04_R_g,front_speed_mm_per_day,0.27601435341699665,0.0519171765334573,0.31201299968831736,0.035825089522954344,0.28173359250257046,0.3134055002568747,1024
ses04_R_g,front_width_mm,0.012292035710213547,0.01389002380965018,0.026990248998808253,0.004521662199549669,0.02031619636553003,0.027408220778324666,1024
ses04_R_g,seed_peak_density,0.006410407395772966,0.007313180458897938,0.007059109234210753,0.0008289363943714913,0.006501343996983896,0.007077852665249389,1024
ses04_R_g,seed_sigma_mm,0.5416693793828771,0.06377054411380408,0.5532539297851937,0.048900616159803595,0.5408449678490864,0.5560669136000209,1024
ses04_R_g,preop_time,0.0671105436547169,0.028776500878715368,0.09730904493574308,0.013641124845011484,0.09399734675278755,0.1012882695801627,1024
ses04_R_g,diffusivity_ratio,0.02298900190002298,0.014855090774672524,0.027670134796945085,0.004479420390197589,0.019333862444437938,0.0272249991841125,1024
ses04_R_g,chemo_kill_rate,-3.2878043281081775e-05,0.0004883243316121718,2.8142491409581947e-05,5.6611285218119415e-06,1.364882736128506e-06,2.876646632382817e-05,1024
ses04_R_g,rt_alpha,-0.0018749772832367822,0.0037460848338398897,0.0019979217462468557,0.000500567791687578,-0.0030271422298173657,0.0020998163918716545,1024
ses04_R_g,rt_alpha_beta_ratio,-0.0006498321206144,0.0006106616077321748,4.189208879250911e-05,1.9127285892068864e-05,-0.0006568872192863841,4.269806216492131e-05,1024
ses04_R_g,gaussian_seed_x_fraction,0.019036116972164376,0.012451752080095396,0.024026447352872123,0.003324770183810199,0.013771100008227136,0.023138323974591507,1024
ses04_R_g,gaussian_seed_y_fraction,0.007043809739062015,0.008691788848194182,0.009673274047786508,0.0017154824032705517,0.008063249935627419,0.009031952496551712,1024
ses04_R_g,gaussian_seed_z_fraction,0.002712489830815906,0.009989263052957963,0.010331588768331654,0.002043566462136785,0.0029372026950828497,0.010980615318587612,1024
ses04_R_g,core_threshold,0.0,0.0,0.0,0.0,0.0,0.0,1024
ses04_R_g,edema_threshold_ratio,0.0,0.0,0.0,0.0,0.0,0.0,1024
ses04_log10_anisotropy,front_speed_mm_per_day,0.09824349274054521,0.05466198222111569,0.3678476563403115,0.05139990333549072,0.11673070202126855,0.3663237586820793,1024
ses04_log10_anisotropy,front_width_mm,0.009962206575288915,0.02430763985476209,0.06736663087697826,0.012548719380008755,0.013134531260691978,0.06061456847079355,1024
ses04_log10_anisotropy,seed_peak_density,-0.0007652434177268119,0.00737236217751317,0.006701636640974746,0.0012477869451880763,-0.002884844888742771,0.006364798364556693,1024
ses04_log10_anisotropy,seed_sigma_mm,0.07543930034761649,0.05122241561385514,0.41676782921313893,0.05099688277557676,0.08515416326110604,0.4286289348532981,1024
ses04_log10_anisotropy,preop_time,-0.0114438812809359,0.034738785450260226,0.15005350845343365,0.0317889058109082,-0.03977256464549012,0.1448566296155003,1024
ses04_log10_anisotropy,diffusivity_ratio,-0.004966846759856589,0.02083825636312681,0.06857234770441957,0.015058284601641086,0.0029383317870001037,0.06791526016827515,1024
ses04_log10_anisotropy,chemo_kill_rate,0.00019535111008044893,0.0007678252247358268,8.635123109212787e-05,2.3849440144446607e-05,-8.01815966870628e-05,9.415320308235588e-05,1024
ses04_log10_anisotropy,rt_alpha,0.0022322321964453455,0.024721464814964636,0.08391555644616726,0.018675072393173862,-0.015679157912914337,0.07787950843982985,1024
ses04_log10_anisotropy,rt_alpha_beta_ratio,-0.0008122927004760771,0.0035155238962151594,0.0019018471466136226,0.0009665665819628741,-0.0007076920532635332,0.0015393484136348903,1024
ses04_log10_anisotropy,gaussian_seed_x_fraction,0.12024339695847867,0.06122006789098274,0.46486494966736835,0.06171619355119755,0.14007339369887853,0.4662960143995463,1024
ses04_log10_anisotropy,gaussian_seed_y_fraction,0.0003349104576599889,0.02830866604566621,0.09827876632754981,0.018737505292140265,0.004692921537686411,0.1047902637344732,1024
ses04_log10_anisotropy,gaussian_seed_z_fraction,0.013716686335677316,0.0271786427723487,0.11122958392831976,0.02052171711892815,0.03723118761451842,0.10893154779790894,1024
ses04_log10_anisotropy,core_threshold,0.0,0.0,0.0,0.0,0.0,0.0,1024
ses04_log10_anisotropy,edema_threshold_ratio,0.0,0.0,0.0,0.0,0.0,0.0,1024
ses04_wm_fraction,front_speed_mm_per_day,0.03362392935348408,0.02845104087118393,0.11929202257857978,0.0241062979082243,0.03848575708789435,0.11415490682477622,1024
ses04_wm_fraction,front_width_mm,0.02134403427890403,0.017254287346632813,0.03969051165754959,0.0076394250247345695,0.012038753183173989,0.03932156927378142,1024
ses04_wm_fraction,seed_peak_density,0.0010757745431507692,0.0038023488874968036,0.0016539704060567274,0.0002893559904357772,0.0004609229303054454,0.0014866705281841777,1024
ses04_wm_fraction,seed_sigma_mm,0.07540423248913253,0.03629544906778818,0.17121344043027945,0.02574976172402936,0.0638139859417433,0.15786279316898452,1024
ses04_wm_fraction,preop_time,0.0004728315685958509,0.01802890790833825,0.03910189820800189,0.007747953925371717,-0.010131106310685933,0.039484816852918096,1024
ses04_wm_fraction,diffusivity_ratio,0.008329547149890976,0.011192362639500644,0.020337927401157065,0.004393459307392843,0.009853553442173594,0.017350384998810423,1024
ses04_wm_fraction,chemo_kill_rate,0.00011928970713889028,0.0004972281288907242,3.535321231344995e-05,9.413241741536952e-06,0.000277560627819268,3.661335432532963e-05,1024
ses04_wm_fraction,rt_alpha,0.03364354458686663,0.018525062009895496,0.03763082830240179,0.006320344753673074,0.037793222977854285,0.038330306122095356,1024
ses04_wm_fraction,rt_alpha_beta_ratio,0.0005979246059192137,0.0016353154357568326,0.00033911606228942057,9.83964353462706e-05,0.0009748067288892161,0.00031354117527282894,1024
ses04_wm_fraction,gaussian_seed_x_fraction,0.15078818367001337,0.043894317383724867,0.29998817432072905,0.04665339543379457,0.16381446219295018,0.301131019194953,1024
ses04_wm_fraction,gaussian_seed_y_fraction,0.21249722401954046,0.04483141779232066,0.34291534016206004,0.0438583201978823,0.20568486493673047,0.3286539338704327,1024
ses04_wm_fraction,gaussian_seed_z_fraction,0.19601930731843784,0.04751753189749601,0.28506125951468575,0.04298521911930719,0.19157750810070587,0.2900749927188305,1024
ses04_wm_fraction,core_threshold,0.0,0.0,0.0,0.0,0.0,0.0,1024
ses04_wm_fraction,edema_threshold_ratio,0.0,0.0,0.0,0.0,0.0,0.0,1024
ses05_dice_core,front_speed_mm_per_day,0.0454307153862639,0.0672832496245935,0.3640103112089323,0.06908006304642238,0.11855267764195195,0.37495638496428874,1024
ses05_dice_core,front_width_mm,0.047097531696989464,0.05222375933900354,0.3976060085380934,0.08126606806949371,0.048681784052698074,0.3853611586845385,1024
ses05_dice_core,seed_peak_density,-0.002190876873857616,0.0062942631560691,0.013871962877965795,0.008167220810458425,-0.0016738694745784557,0.012627890844666017,1024
ses05_dice_core,seed_sigma_mm,0.000980439337568575,0.03566717146013461,0.22214757956270248,0.05761952321040725,0.01501896456590761,0.18941955335253477,1024
ses05_dice_core,preop_time,0.0070346969257251485,0.021046531122238032,0.08711158000141504,0.026629460180769136,0.005732030948721265,0.10953081444366401,1024
ses05_dice_core,diffusivity_ratio,-0.0021124051377822742,0.006808524746723202,0.013070151388383439,0.0049778011858728904,-0.008966303318491433,0.015162009564072317,1024
ses05_dice_core,chemo_kill_rate,0.14481604862347422,0.05552408068525765,0.4243019296834653,0.08196150028661425,0.12507943093573343,0.423439362631868,1024
ses05_dice_core,rt_alpha,0.17561442259356844,0.05235599308345909,0.5496067575261708,0.09423266971351273,0.17876192310258168,0.5469508564376767,1024
ses05_dice_core,rt_alpha_beta_ratio,-0.0014685161405330897,0.002751983079497748,0.0024378905358988234,0.0017495722336837885,-0.0005067231137394192,0.0010205648332713923,1024
ses05_dice_core,gaussian_seed_x_fraction,0.0070264707240642495,0.026074369446226122,0.07164295570959002,0.0185295042048283,0.0052953707383645385,0.06866724372171203,1024
ses05_dice_core,gaussian_seed_y_fraction,0.0046363633485173575,0.024715686121972242,0.11157253597480866,0.0319502497358116,0.0041976898152333575,0.10108981812220837,1024
ses05_dice_core,gaussian_seed_z_fraction,-0.0013594109192523445,0.01659585860799898,0.057604811413929286,0.015823135467722037,-0.004271603299395124,0.061643101606197875,1024
ses05_dice_core,core_threshold,0.012940174956516875,0.030611873329448792,0.12670982946676215,0.03767211517379828,0.036869275472054916,0.09971417536802436,1024
ses05_dice_core,edema_threshold_ratio,0.0,0.0,0.0,0.0,0.0,0.0,1024
ses05_dice_whole,front_speed_mm_per_day,0.16573644188626505,0.05489662808001933,0.3029960732362968,0.04281702942524066,0.20183832003475088,0.32733347338426844,1024
ses05_dice_whole,front_width_mm,0.05601674252571363,0.03943207651240494,0.22252424315441977,0.03996770499959508,0.05951358302353484,0.22218194237387326,1024
ses05_dice_whole,seed_peak_density,-0.0006209880357440199,0.006410642915716824,0.005142007670578526,0.0008478448857874102,0.0066419612930048106,0.005017970921644443,1024
ses05_dice_whole,seed_sigma_mm,0.07574973026078545,0.03714151847745652,0.18422154608071634,0.025369807998283388,0.073814996025631,0.17187306861037308,1024
ses05_dice_whole,preop_time,0.01844811009579269,0.022602052700147205,0.08530729402936636,0.018295316167705543,0.008916603845451582,0.08908509440917789,1024
ses05_dice_whole,diffusivity_ratio,-0.005736762349454611,0.008221485243903297,0.00875134067792359,0.0021217230536195405,-0.007036476345783763,0.007992409677687877,1024
ses05_dice_whole,chemo_kill_rate,0.0621207783154542,0.03522925407360546,0.1982618917829908,0.03930668225422155,0.04682065103643446,0.20948817387151356,1024
ses05_dice_whole,rt_alpha,0.20912866905604524,0.05550696708441126,0.4089668144303028,0.06024026128539206,0.22652807114326254,0.4048536640710077,1024
ses05_dice_whole,rt_alpha_beta_ratio,0.0026406017209772803,0.009262628731140431,0.009538076363226521,0.009865126192908883,0.0046493702438550055,0.01721218599212881,1024
ses05_dice_whole,gaussian_seed_x_fraction,0.03330430675202724,0.023153211129600018,0.0755321620513908,0.011950968505022554,0.04793142943724478,0.07067501259249559,1024
ses05_dice_whole,gaussian_seed_y_fraction,-0.006344215824015855,0.015251713050808689,0.03402293800464289,0.0064377980910885315,0.000613044964326411,0.03549670345966499,1024
ses05_dice_whole,gaussian_seed_z_fraction,0.027357647638551932,0.020216072653920916,0.05548956535892046,0.009535385588411108,0.02750720488321223,0.05128164249601496,1024
ses05_dice_whole,core_threshold,0.0009924021625596063,0.01677115864760244,0.037615598264965765,0.014394953763185834,0.006355121795718641,0.04910852801180896,1024
ses05_dice_whole,edema_threshold_ratio,0.003901911020686404,0.022257542111461432,0.08329152101290453,0.024675433144125083,0.0010995076285974952,0.08640249238145616,1024
ses05_log10_V_core,front_speed_mm_per_day,0.09135572681253452,0.04178646953840684,0.2147739957333676,0.0327605709654037,0.11668905957438389,0.2435824478433004,1024
ses05_log10_V_core,front_width_mm,0.05163522751788233,0.040848232305526616,0.22333456665965928,0.033736744817031226,0.0401772748766667,0.2370634445442468,1024
ses05_log10_V_core,seed_peak_density,0.004276792428471805,0.014495218592759434,0.026777227109388027,0.008918142564699227,0.01468380379777972,0.024931487346286484,1024
ses05_log10_V_core,seed_sigma_mm,0.059407785509883196,0.035075837700513424,0.1567613722834573,0.023480939401511042,0.05328739003770107,0.13648869689128926,1024
ses05_log10_V_core,preop_time,0.005163018410553773,0.01829716120194019,0.04091864760608419,0.009483479671517562,0.0011139204760537138,0.04023021561842118,1024
ses05_log10_V_core,diffusivity_ratio,-0.003687614011701344,0.006670563080203418,0.005037529940918416,0.0031533939497538103,-0.009110439723943096,0.007339448554386527,1024
ses05_log10_V_core,chemo_kill_rate,0.3592653648041702,0.06200560693964992,0.5999913872536845,0.05835827398510226,0.3347899323269329,0.5809481874090354,1024
ses05_log10_V_core,rt_alpha,0.037830915413576735,0.027138850319621065,0.09772967805725088,0.01817889310745197,0.03465069808758229,0.10083709866777026,1024
ses05_log10_V_core,rt_alpha_beta_ratio,-0.0011495181294333189,0.0016770255144358277,0.0003070949646211017,0.00025206181462921807,-0.0003038720100718791,0.00018675815147159796,1024
ses05_log10_V_core,gaussian_seed_x_fraction,0.007643016200881282,0.019933829832396437,0.0561130767173033,0.012855025323449147,0.015082967685177523,0.06197601126999918,1024
ses05_log10_V_core,gaussian_seed_y_fraction,0.0017552999638925425,0.012853573357117825,0.022539670200483173,0.006859849552853931,0.0051575567859740495,0.022318622554949583,1024
ses05_log10_V_core,gaussian_seed_z_fraction,0.016382106997403126,0.022892109192100166,0.07262749432052665,0.015468142324397112,0.007289360610479221,0.06913549611111215,1024
ses05_log10_V_core,core_threshold,0.01656126870310195,0.03181872182782213,0.14156819183930167,0.028762080688951943,0.005297367822247743,0.13367226349653846,1024
ses05_log10_V_core,edema_threshold_ratio,0.0,0.0,0.0,0.0,0.0,0.0,1024
ses05_log10_V_whole,front_speed_mm_per_day,0.08398430260817541,0.043008481903734505,0.19285786214637338,0.039096012153402256,0.06851897266722168,0.1856170699956596,1024
ses05_log10_V_whole,front_width_mm,0.10265904812189403,0.03725456468909958,0.20015295774639294,0.04176290822131533,0.1274430313911087,0.19632648699077013,1024
ses05_log10_V_whole,seed_peak_density,-0.0038023100267308074,0.008332831226151027,0.010364044260332075,0.003821614544435177,-0.005280417476413767,0.008165278865203402,1024
ses05_log10_V_whole,seed_sigma_mm,0.11758349080454468,0.0468372409271609,0.22749446434672504,0.0368728072702352,0.1304265043560426,0.22148432720591915,1024
ses05_log10_V_whole,preop_time,0.018025246644662256,0.015922768411401098,0.03330177103483101,0.010205534754822134,0.006594504438773362,0.03376948229654655,1024
ses05_log10_V_whole,diffusivity_ratio,-0.005058527315933818,0.0076877341912501155,0.005496445629120918,0.002816400956788827,-0.005767538166982417,0.005375827359322809,1024
ses05_log10_V_whole,chemo_kill_rate,0.28645068447424643,0.07363940531227392,0.4359799538461196,0.06260080837116642,0.2457604968218792,0.38912668591165506,1024
ses05_log10_V_whole,rt_alpha,0.04528952034995857,0.04064600026455006,0.16737221328064236,0.03335982871032889,0.053479120935912394,0.17223847467627273,1024
ses05_log10_V_whole,rt_alpha_beta_ratio,0.002654016831126509,0.006133538930313462,0.0037780141494330116,0.004489083547895302,0.005243146589224278,0.006693897064360242,1024
ses05_log10_V_whole,gaussian_seed_x_fraction,0.016223374283147924,0.020685616989383,0.05995970820519951,0.017450033985117432,0.01776708751822804,0.059338657123824454,1024
ses05_log10_V_whole,gaussian_seed_y_fraction,-0.0017558988284120999,0.013249607338593936,0.02740756864182137,0.00868691766917391,-0.0017478020430382849,0.02188183638043559,1024
ses05_log10_V_whole,gaussian_seed_z_fraction,0.022841801070631617,0.02708676833120409,0.06499691897918539,0.01967422937678577,0.018971170839427648,0.07561445360702464,1024
ses05_log10_V_whole,core_threshold,0.0160258632708834,0.018633483291590616,0.05012509991793232,0.018113455709301646,0.008844876430430713,0.05162186060613193,1024
ses05_log10_V_whole,edema_threshold_ratio,0.015105249252238504,0.029529158522450787,0.11966792607887904,0.03443703817652101,0.020279539817573373,0.10134718197004239,1024
ses05_log_vol_ratio_core,front_speed_mm_per_day,0.09135572681253452,0.04178646953840683,0.2147739957333676,0.0327605709654037,0.11668905957438389,0.2435824478433004,1024
ses05_log_vol_ratio_core,front_width_mm,0.05163522751788233,0.040848232305526616,0.22333456665965926,0.03373674481703124,0.0401772748766667,0.2370634445442468,1024
ses05_log_vol_ratio_core,seed_peak_density,0.004276792428471807,0.014495218592759433,0.02677722710938802,0.008918142564699229,0.014683803797779721,0.024931487346286484,1024
ses05_log_vol_ratio_core,seed_sigma_mm,0.059407785509883196,0.03507583770051344,0.1567613722834573,0.02348093940151104,0.05328739003770107,0.13648869689128926,1024
ses05_log_vol_ratio_core,preop_time,0.005163018410553777,0.01829716120194019,0.04091864760608419,0.009483479671517562,0.0011139204760537134,0.040230215618421175,1024
ses05_log_vol_ratio_core,diffusivity_ratio,-0.0036876140117013453,0.006670563080203418,0.005037529940918416,0.0031533939497538094,-0.009110439723943096,0.007339448554386527,1024
ses05_log_vol_ratio_core,chemo_kill_rate,0.3592653648041702,0.06200560693964992,0.5999913872536845,0.058358273985102245,0.3347899323269329,0.5809481874090355,1024
ses05_log_vol_ratio_core,rt_alpha,0.037830915413576735,0.027138850319621065,0.09772967805725087,0.018178893107451972,0.03465069808758229,0.10083709866777026,1024
ses05_log_vol_ratio_core,rt_alpha_beta_ratio,-0.0011495181294333197,0.0016770255144358279,0.0003070949646211017,0.000252061814629218,-0.0003038720100718787,0.00018675815147159796,1024
ses05_log_vol_ratio_core,gaussian_seed_x_fraction,0.007643016200881281,0.019933829832396437,0.0561130767173033,0.012855025323449145,0.015082967685177522,0.06197601126999919,1024
ses05_log_vol_ratio_core,gaussian_seed_y_fraction,0.0017552999638925416,0.012853573357117825,0.022539670200483173,0.006859849552853932,0.005157556785974049,0.022318622554949586,1024
ses05_log_vol_ratio_core,gaussian_seed_z_fraction,0.01638210699740312,0.022892109192100166,0.07262749432052663,0.015468142324397116,0.007289360610479222,0.06913549611111214,1024
ses05_log_vol_ratio_core,core_threshold,0.01656126870310195,0.03181872182782213,0.14156819183930167,0.028762080688951933,0.005297367822247746,0.13367226349653846,1024
ses05_log_vol_ratio_core,edema_threshold_ratio,0.0,0.0,0.0,0.0,0.0,0.0,1024
ses05_log_vol_ratio_whole,front_speed_mm_per_day,0.0839843026081754,0.04300848190373451,0.19285786214637332,0.03909601215340227,0.06851897266722172,0.18561706999565966,1024
ses05_log_vol_ratio_whole,front_width_mm,0.10265904812189401,0.03725456468909958,0.2001529577463929,0.04176290822131533,0.12744303139110874,0.19632648699077015,1024
ses05_log_vol_ratio_whole,seed_peak_density,-0.0038023100267308126,0.008332831226151029,0.010364044260332075,0.0038216145444351763,-0.005280417476413764,0.008165278865203403,1024
ses05_log_vol_ratio_whole,seed_sigma_mm,0.11758349080454468,0.04683724092716089,0.22749446434672504,0.03687280727023521,0.13042650435604264,0.2214843272059192,1024
ses05_log_vol_ratio_whole,preop_time,0.018025246644662256,0.0159227684114011,0.03330177103483101,0.01020553475482213,0.0065945044387733555,0.033769482296546555,1024
ses05_log_vol_ratio_whole,diffusivity_ratio,-0.005058527315933817,0.0076877341912501155,0.005496445629120917,0.0028164009567888267,-0.005767538166982421,0.005375827359322808,1024
ses05_log_vol_ratio_whole,chemo_kill_rate,0.28645068447424643,0.0736394053122739,0.43597995384611954,0.06260080837116645,0.24576049682187923,0.3891266859116551,1024
ses05_log_vol_ratio_whole,rt_alpha,0.04528952034995858,0.040646000264550064,0.16737221328064236,0.03335982871032889,0.053479120935912415,0.17223847467627273,1024
ses05_log_vol_ratio_whole,rt_alpha_beta_ratio,0.002654016831126507,0.006133538930313463,0.003778014149433011,0.004489083547895302,0.005243146589224281,0.0066938970643602436,1024
ses05_log_vol_ratio_whole,gaussian_seed_x_fraction,0.01622337428314792,0.020685616989382996,0.0599597082051995,0.017450033985117432,0.01776708751822805,0.05933865712382446,1024
ses05_log_vol_ratio_whole,gaussian_seed_y_fraction,-0.0017558988284121005,0.013249607338593934,0.02740756864182137,0.00868691766917391,-0.0017478020430382792,0.021881836380435588,1024
ses05_log_vol_ratio_whole,gaussian_seed_z_fraction,0.022841801070631614,0.027086768331204086,0.06499691897918539,0.019674229376785767,0.01897117083942764,0.07561445360702465,1024
ses05_log_vol_ratio_whole,core_threshold,0.0160258632708834,0.018633483291590612,0.050125099917932306,0.018113455709301646,0.008844876430430722,0.05162186060613194,1024
ses05_log_vol_ratio_whole,edema_threshold_ratio,0.015105249252238492,0.029529158522450784,0.11966792607887902,0.034437038176521,0.02027953981757337,0.1013471819700424,1024
ses05_msd_core,front_speed_mm_per_day,0.1305729785677529,0.13933730001693545,0.4748669060813171,0.10968083309172422,0.24539594708322346,0.42321558050068625,239
ses05_msd_core,front_width_mm,0.20016990343523114,0.12616937093112146,0.3328728426088278,0.08973256246628974,0.226097184811744,0.34570495674125923,239
ses05_msd_core,seed_peak_density,-0.006773702174746062,0.01839845257989462,0.013149569194037073,0.005874502674158607,-0.010362807365237415,0.015484754055236763,239
ses05_msd_core,seed_sigma_mm,0.06339400029710161,0.10239149492846411,0.28352121709505934,0.07187481590037274,0.0653541014526304,0.27900197158147066,239
ses05_msd_core,preop_time,0.027400511850335336,0.06386186900328243,0.12745539058209673,0.04050032394618272,0.06625157912703981,0.11950560798582452,239
ses05_msd_core,diffusivity_ratio,-0.012715812431626077,0.019699696339461427,0.015374080443745462,0.00854193309090124,-0.007254559449330966,0.010801959791318557,239
ses05_msd_core,chemo_kill_rate,0.04717156712152652,0.05273027991300141,0.08796328069320421,0.04111802747399668,0.07497201081480119,0.11770212808162937,239
ses05_msd_core,rt_alpha,0.3439968261995986,0.1331574656183128,0.5103619185892018,0.1398249306584245,0.3793515370536721,0.45325886411280913,239
ses05_msd_core,rt_alpha_beta_ratio,-0.00265820650430357,0.009680621224593991,0.0018276453679168842,0.0015448816403205285,-0.0007295756055459274,0.0014474008797741252,239
ses05_msd_core,gaussian_seed_x_fraction,0.022272818676524295,0.04488430724128304,0.050779894369476386,0.012851983727119317,0.025175511673855865,0.05146206769801541,239
ses05_msd_core,gaussian_seed_y_fraction,-0.012338209353286701,0.044166103466085495,0.05964191629609807,0.020056644351026283,-7.180860575345227e-05,0.05371300509080978,239
ses05_msd_core,gaussian_seed_z_fraction,-0.0035385394369763915,0.03598282642242194,0.03080370690783389,0.010154902365705723,-0.0529767462117266,0.03954106991435228,239
ses05_msd_core,core_threshold,0.09074340749356909,0.05603683995530997,0.09382823449233978,0.05053785895710658,0.08518165267774841,0.05738509700173168,239
ses05_msd_core,edema_threshold_ratio,0.0,0.0,0.0,0.0,0.0,0.0,239
ses05_msd_whole,front_speed_mm_per_day,0.22703062297394552,0.06008539449241558,0.277223481452586,0.04274942737406765,0.2703278288477551,0.2908347616960853,680
ses05_msd_whole,front_width_mm,0.07431639451231163,0.040121367913069576,0.16368436445435727,0.030940604516159136,0.09341943194267763,0.16510413876968794,680
ses05_msd_whole,seed_peak_density,0.003774679085324521,0.00880376505838718,0.007366963215842425,0.0014794725169700958,0.007604114061324988,0.007392290703213262,680
ses05_msd_whole,seed_sigma_mm,0.2269662396490772,0.06364489398559696,0.31881470580090276,0.04009357477295594,0.195985095543563,0.30521747658216186,680
ses05_msd_whole,preop_time,0.039560232548051896,0.028174565798925785,0.06229239372469914,0.012721811832722196,0.03559095385543533,0.06871590554622682,680
ses05_msd_whole,diffusivity_ratio,0.005330588559868944,0.008892283123794746,0.0048107741349719116,0.0013330208111594151,0.01015854503074975,0.004856655485332458,680
ses05_msd_whole,chemo_kill_rate,0.04114014514645992,0.03806120272850033,0.09520174906783321,0.025366972645654573,0.06522095975661103,0.12317029466418923,680
ses05_msd_whole,rt_alpha,0.2184337159662683,0.06375100318667083,0.28504103108002926,0.04438444169135461,0.2513301558766032,0.28829725313899063,680
ses05_msd_whole,rt_alpha_beta_ratio,-0.00037691948616305494,0.004881909319417493,0.002604392918259671,0.0020373164117213813,-0.00032403160816546673,0.00374540019018603,680
ses05_msd_whole,gaussian_seed_x_fraction,0.03479660972353444,0.020622104160741957,0.040017179860714056,0.006875482800285469,0.05172790017047037,0.042439882844835616,680
ses05_msd_whole,gaussian_seed_y_fraction,0.02787839822186758,0.02430904056024689,0.041498415219533034,0.007515595880488214,0.02235054542346101,0.04276334081231777,680
ses05_msd_whole,gaussian_seed_z_fraction,0.0028792180225992218,0.016225247122049077,0.024692309402888885,0.00567330690223353,0.004956746888019323,0.022180264708772646,680
ses05_msd_whole,core_threshold,0.009715077370868953,0.014721657974186682,0.01730616169834459,0.005877588700461446,0.014224511168779508,0.02030889329612922,680
ses05_msd_whole,edema_threshold_ratio,0.03872701852349072,0.02488754120857361,0.05457829282699192,0.016507942630965604,0.031408545111742264,0.043386580168287815,680
ses05_hd95_core,front_speed_mm_per_day,0.04582323385518317,0.15031648440309123,0.5717170834527273,0.12772409205741483,0.19841461915996403,0.5067342619177441,239
ses05_hd95_core,front_width_mm,0.12948294616150274,0.1241792753371534,0.3948696021476364,0.11341886095697347,0.21254121875725976,0.38370523602275164,239
ses05_hd95_core,seed_peak_density,0.00457169125421083,0.019875189166849362,0.015365400159837523,0.006145489984293262,0.006240627076350425,0.017814341975107693,239
ses05_hd95_core,seed_sigma_mm,-0.0005827455477568249,0.11216114646259431,0.4180985800982496,0.1133094328330914,0.03535121061343301,0.45035784538414475,239
ses05_hd95_core,preop_time,0.03738225093958879,0.0802995369079739,0.2380175450291332,0.08514515421048371,0.09204131536902269,0.25538312248519324,239
ses05_hd95_core,diffusivity_ratio,-0.012044365193042871,0.017389559043709188,0.02612770238175988,0.014307306460330307,-0.0030760615406173705,0.01819650316532596,239
ses05_hd95_core,chemo_kill_rate,0.032377516798720966,0.04347517570998907,0.07182585685538763,0.03692611498956578,0.0550627917354354,0.10704290452295834,239
ses05_hd95_core,rt_alpha,0.18089512479434494,0.11511719494151051,0.42574730723327864,0.1263726788999962,0.2701614900050964,0.3734089804373665,239
ses05_hd95_core,rt_alpha_beta_ratio,-0.004937561437838617,0.009890587666416444,0.0018015620042373395,0.0019814161527102084,-0.0064745602065700795,0.001805400412439191,239
ses05_hd95_core,gaussian_seed_x_fraction,-0.008501675630771475,0.057151772779381466,0.11182695319356178,0.03041705883500049,0.01480517985395901,0.117052989486503,239
ses05_hd95_core,gaussian_seed_y_fraction,0.010586788364161158,0.06577885652718474,0.16420586801295525,0.059556927405323694,0.014565297241511893,0.1498678617161226,239
ses05_hd95_core,gaussian_seed_z_fraction,-0.013180336885186444,0.03879862547992901,0.060355324682890746,0.020137805829829977,-0.05317108098665464,0.06851042298276239,239
ses05_hd95_core,core_threshold,0.0520048933157796,0.05088506058103749,0.07194432120821297,0.035253039503624226,0.056066107070546246,0.05323264179451202,239
ses05_hd95_core,edema_threshold_ratio,0.0,0.0,0.0,0.0,0.0,0.0,239
ses05_hd95_whole,front_speed_mm_per_day,0.2667081287128282,0.06522139067491256,0.3016741438364094,0.03805079245315624,0.2805667417843716,0.29267994071906733,680
ses05_hd95_whole,front_width_mm,0.09525656187023875,0.03988908406056041,0.1580094147058108,0.028036717657918053,0.10724600039327362,0.1608210820468779,680
ses05_hd95_whole,seed_peak_density,0.006107987831544337,0.008436943456896315,0.006277812830880756,0.0015602536872848074,0.0062318944755181205,0.006186600563461619,680
ses05_hd95_whole,seed_sigma_mm,0.2277300490705783,0.05282277501727557,0.2523562539481482,0.030067512177384306,0.24558190641140112,0.24744137585747372,680
ses05_hd95_whole,preop_time,0.05523630080681707,0.03385562982909284,0.07702556008410358,0.014600389027265404,0.07632323249653503,0.08082302120444464,680
ses05_hd95_whole,diffusivity_ratio,0.006864514494212898,0.008574688413993158,0.005987795375891162,0.001854795208360545,0.007326904273521648,0.006082224772356387,680
ses05_hd95_whole,chemo_kill_rate,0.01779949491943781,0.0244566500077579,0.04565851105773304,0.011547765408900913,0.024996289446005272,0.05692164722453066,680
ses05_hd95_whole,rt_alpha,0.09377306289583247,0.038313851695661774,0.13373146700522237,0.02382396063071884,0.09815197708787744,0.1367065539752095,680
ses05_hd95_whole,rt_alpha_beta_ratio,0.0002159726707973843,0.0027243996569804893,0.0011514028176904932,0.0013042300804321652,0.000944608729924847,0.0020300069882079443,680
ses05_hd95_whole,gaussian_seed_x_fraction,0.17534227804532387,0.03817438150060542,0.1537116896848802,0.01969079188946848,0.18630561908584795,0.15203219704237164,680
ses05_hd95_whole,gaussian_seed_y_fraction,0.029261172583386924,0.02218787987397736,0.03982071848907018,0.006373550839762818,0.03266457330928368,0.0402292469829791,680
ses05_hd95_whole,gaussian_seed_z_fraction,0.007992003860324799,0.016217009454440996,0.025947116555520407,0.0041501688172038515,0.01122444150725634,0.02339678367387306,680
ses05_hd95_whole,core_threshold,0.007280311105387849,0.00839502443061482,0.007846133884481929,0.0024803603267266874,0.007377549236312743,0.008816958968046348,680
ses05_hd95_whole,edema_threshold_ratio,0.02307271692020895,0.015180440078510105,0.023658915429389867,0.006742606017337903,0.019777715528896154,0.01812447040422624,680
ses05_dice_star_core,front_speed_mm_per_day,0.055656834077917564,0.04709946164110859,0.2343962675764989,0.044024178873317665,0.08770896594860152,0.25371830491094227,1024
ses05_dice_star_core,front_width_mm,0.02633261880526152,0.05015449798389522,0.30203299326430494,0.05666129472950836,0.026487640087539576,0.2910009625315801,1024
ses05_dice_star_core,seed_peak_density,0.0030943633096227542,0.00704242761771998,0.0066939967709140555,0.001994528899904788,0.0043643082240135385,0.008101689946859444,1024
ses05_dice_star_core,seed_sigma_mm,0.02140849344451126,0.03277358675690004,0.15571288055128682,0.03020035176376874,0.028009295758511354,0.170175409936266,1024
ses05_dice_star_core,preop_time,0.013353104477220532,0.023753521954869728,0.061984055873949034,0.016688301442717483,0.012743339937114209,0.07150124657137959,1024
ses05_dice_star_core,diffusivity_ratio,0.010710190805299556,0.010726227256660947,0.012633754385298042,0.004103431686489293,0.010661671795072637,0.01449714288352577,1024
ses05_dice_star_core,chemo_kill_rate,0.09108245905082925,0.04398130803046029,0.26717045454579286,0.05246943998963178,0.08371986446396604,0.2702707497382538,1024
ses05_dice_star_core,rt_alpha,0.2619270500175056,0.05738029511874288,0.5103151472937146,0.07064543880496739,0.28831113955085785,0.512191264046155,1024
ses05_dice_star_core,rt_alpha_beta_ratio,-0.0015289197019615149,0.003708269375317757,0.0034191742939258386,0.001992340604759744,-0.0005339737020283112,0.004210368343151199,1024
ses05_dice_star_core,gaussian_seed_x_fraction,0.023200853216234208,0.02416833098996424,0.07722610455266196,0.012612393773687525,0.028020274915607792,0.0715843929237456,1024
ses05_dice_star_core,gaussian_seed_y_fraction,0.01659982915627079,0.0301863276254807,0.13182278086022256,0.02507734325652164,0.013172731054195051,0.12363119190486008,1024
ses05_dice_star_core,gaussian_seed_z_fraction,0.03979139217779188,0.022503111754339642,0.0713583345072321,0.016477850666980175,0.04169385114691169,0.07442184371640345,1024
ses05_dice_star_core,core_threshold,0.0,0.0,0.0,0.0,0.0,0.0,1024
ses05_dice_star_core,edema_threshold_ratio,0.0,0.0,0.0,0.0,0.0,0.0,1024
ses05_dice_star_whole,front_speed_mm_per_day,0.19749838854852309,0.05306246854008539,0.32721846520322817,0.04260269527003766,0.21814172897126222,0.3411092100582111,1024
ses05_dice_star_whole,front_width_mm,0.061588774748579274,0.03547478016951978,0.1665519080963984,0.032177705942017396,0.0825302114962495,0.15521446865790614,1024
ses05_dice_star_whole,seed_peak_density,0.0051229382222049155,0.006389867694841557,0.004774388505219991,0.0007706096681585158,0.01055826492045173,0.004109588299152676,1024
ses05_dice_star_whole,seed_sigma_mm,0.09845463005325236,0.042922659273864135,0.22493742647332285,0.027629540930887715,0.08027746017379972,0.22580059715472403,1024
ses05_dice_star_whole,preop_time,0.029778999675845755,0.02358881513081596,0.0831718944952522,0.01571427882133749,0.02247662095828327,0.08210889889283947,1024
ses05_dice_star_whole,diffusivity_ratio,-0.003560099149469469,0.00932334203918633,0.010183058602499177,0.0022932933925201814,-0.005437470849594914,0.009307141681238789,1024
ses05_dice_star_whole,chemo_kill_rate,0.03295639745953529,0.03039574844228032,0.10801612833141022,0.02599506422814951,0.032406095907678206,0.10964580636726155,1024
ses05_dice_star_whole,rt_alpha,0.26408076454087676,0.05641331612271883,0.3804562657865214,0.05520321603702614,0.2759915590608,0.3849072882803901,1024
ses05_dice_star_whole,rt_alpha_beta_ratio,0.001983187932773581,0.0028383751867502734,0.002984855745500405,0.0025059203970351526,0.00137387397893448,0.0035758248157357316,1024
ses05_dice_star_whole,gaussian_seed_x_fraction,0.05517441246545313,0.02618767322781097,0.0966941741202784,0.013430875976324416,0.06943779595106714,0.09582406161666632,1024
ses05_dice_star_whole,gaussian_seed_y_fraction,0.007661133858346158,0.019142205635643478,0.05049074720175114,0.007928827928911487,0.011768278910069381,0.05112355369344516,1024
ses05_dice_star_whole,gaussian_seed_z_fraction,0.048048619544902735,0.023284925801089266,0.07347884226021124,0.011142886589453102,0.04928579234429206,0.06717944588670255,1024
ses05_dice_star_whole,core_threshold,0.0,0.0,0.0,0.0,0.0,0.0,1024
ses05_dice_star_whole,edema_threshold_ratio,0.0,0.0,0.0,0.0,0.0,0.0,1024
ses05_core_threshold_star,front_speed_mm_per_day,0.16855412075871526,0.0771744520232794,0.39622082795052843,0.07807036387704079,0.11528671921011584,0.40102245757737875,1024
ses05_core_threshold_star,front_width_mm,0.047917241039355254,0.040875079361883844,0.3681191154471464,0.07614587991984129,0.045517279031234946,0.4119969936025163,1024
ses05_core_threshold_star,seed_peak_density,-0.0008556208903867736,0.013813981674519594,0.027635570352851985,0.017791196156080595,0.0029623303842209892,0.0298249155506679,1024
ses05_core_threshold_star,seed_sigma_mm,0.0825510484345301,0.05882130268748805,0.37311349563139684,0.08027032096197577,0.08998180199006771,0.30870724277769246,1024
ses05_core_threshold_star,preop_time,0.02554998579560557,0.0331028721863964,0.1772006089372027,0.051819375299130464,0.04074630627554582,0.18837468306677255,1024
ses05_core_threshold_star,diffusivity_ratio,-0.0005395702693521927,0.008395654510125727,0.042685302641393065,0.02374030741269266,-0.00810803109334193,0.022078184238806114,1024
ses05_core_threshold_star,chemo_kill_rate,0.03520975437566719,0.04090185183680079,0.24938605053356788,0.0624862717814964,0.003357988633840493,0.2537054504634737,1024
ses05_core_threshold_star,rt_alpha,0.07383296113386996,0.043568656837130404,0.4402379653077216,0.09449142648853191,0.03682515397952388,0.4566698108342526,1024
ses05_core_threshold_star,rt_alpha_beta_ratio,0.0015560859627774962,0.004162404291831569,0.0029966281105502147,0.0012311612615543987,0.0016701367668769756,0.0030986925247447174,1024
ses05_core_threshold_star,gaussian_seed_x_fraction,0.019683076663053,0.03190305052244891,0.1940483180920739,0.05582661213076842,0.00047780335784991887,0.17623813734485577,1024
ses05_core_threshold_star,gaussian_seed_y_fraction,0.001147870168355833,0.033892732264985286,0.16774458245502202,0.04725117229154946,-0.003958725960262445,0.20425548225608925,1024
ses05_core_threshold_star,gaussian_seed_z_fraction,-0.005039365372954212,0.033205414610941834,0.13185163686420945,0.04500448066513399,-0.004547106846766412,0.14886635337627743,1024
ses05_core_threshold_star,core_threshold,0.0,0.0,0.0,0.0,0.0,0.0,1024
ses05_core_threshold_star,edema_threshold_ratio,0.0,0.0,0.0,0.0,0.0,0.0,1024
ses05_edema_threshold_star,front_speed_mm_per_day,0.15032193980192218,0.07709815593055577,0.5274048727358835,0.13082923594696375,0.15798386745764822,0.4813534678378464,1024
ses05_edema_threshold_star,front_width_mm,0.03144243812581377,0.06109390727261331,0.36908910517122295,0.10590631682746082,0.044601644780568474,0.40160972516801297,1024
ses05_edema_threshold_star,seed_peak_density,0.008746031765218291,0.035566098785571904,0.023694318153757835,0.014607247616900916,0.014497996078030035,0.0228871768991969,1024
ses05_edema_threshold_star,seed_sigma_mm,0.048683570326591756,0.054636017920284344,0.38960060446850586,0.10854582420219627,0.0678806657702836,0.4023324781227245,1024
ses05_edema_threshold_star,preop_time,0.06608581201050186,0.0567557119163796,0.2252728457305037,0.07591916430638376,0.1192141237973233,0.210802945124182,1024
ses05_edema_threshold_star,diffusivity_ratio,0.03236274510988974,0.04589227405035782,0.08794010618260374,0.044246261874204114,0.052526988541118924,0.10431734313002378,1024
ses05_edema_threshold_star,chemo_kill_rate,-0.009359963078932878,0.01755341735562633,0.11493512537270595,0.051314992914946296,-0.008335186093593213,0.11467680214755499,1024
ses05_edema_threshold_star,rt_alpha,0.05165514523769518,0.046706269223263076,0.31392024499232407,0.09554603412160532,0.03726612577830634,0.31584304120891726,1024
ses05_edema_threshold_star,rt_alpha_beta_ratio,0.0006051678557628643,0.0010554549819862952,0.001060939618824978,0.0007132739018614059,0.00025891589409504726,0.0007227529547114808,1024
ses05_edema_threshold_star,gaussian_seed_x_fraction,0.03412044439049185,0.04627005792167867,0.19450559678457935,0.06828605596263643,0.05576973072041199,0.18141099163258173,1024
ses05_edema_threshold_star,gaussian_seed_y_fraction,-0.006237898441624075,0.019784570772207417,0.21725685749938162,0.08604435664916635,-0.0075527919038493995,0.24115856922206425,1024
ses05_edema_threshold_star,gaussian_seed_z_fraction,-0.015641002484332412,0.05000273495178286,0.17847362032233519,0.0690310362051508,-0.016073606930146818,0.210321109821041,1024
ses05_edema_threshold_star,core_threshold,0.0,0.0,0.0,0.0,0.0,0.0,1024
ses05_edema_threshold_star,edema_threshold_ratio,0.0,0.0,0.0,0.0,0.0,0.0,1024
ses05_dice_core_fixed,front_speed_mm_per_day,0.0426164240435884,0.06497493216580058,0.33714651473707785,0.06352201215413028,0.10199228913801617,0.3542444879870123,1024
ses05_dice_core_fixed,front_width_mm,0.06946871831395778,0.05469292100214517,0.39009063049427306,0.0805019942760423,0.05935592962767162,0.4235827230621259,1024
ses05_dice_core_fixed,seed_peak_density,-0.0029815188410792196,0.01008512480416566,0.014719533728762786,0.007839344845565515,0.005182016894009488,0.018706952236774876,1024
ses05_dice_core_fixed,seed_sigma_mm,-0.00022147594748525307,0.03870926745632799,0.20193959601492828,0.05184856333473566,0.01147361160399071,0.18031826244259158,1024
ses05_dice_core_fixed,preop_time,0.001897761073981414,0.02489318933744918,0.09644760400707424,0.0312883966771731,0.0005269770107824797,0.10499749034123851,1024
ses05_dice_core_fixed,diffusivity_ratio,0.003060171977191443,0.007900542817793827,0.017288442794140577,0.01238029451097946,-0.0050812266764510465,0.013137362631665386,1024
ses05_dice_core_fixed,chemo_kill_rate,0.1716145978849059,0.06167231321372511,0.4356256914878871,0.081604989877701,0.14701862982106756,0.403265290199028,1024
ses05_dice_core_fixed,rt_alpha,0.17563769358424272,0.061312419904501994,0.6166037626870076,0.09960617230793929,0.17043333189643753,0.6138772224381766,1024
ses05_dice_core_fixed,rt_alpha_beta_ratio,-0.002194024416766726,0.004586122117587335,0.006659063126820114,0.005768770656931593,0.0014920157261920015,0.007514096278250593,1024
ses05_dice_core_fixed,gaussian_seed_x_fraction,0.013840000283042124,0.02288856744871045,0.05823059230025692,0.016946216772135005,0.011372717448982637,0.050450667658774775,1024
ses05_dice_core_fixed,gaussian_seed_y_fraction,-0.00493023370026441,0.02067557764575069,0.09441063789641684,0.02681116804044836,-0.001666336739452138,0.10370162877460612,1024
ses05_dice_core_fixed,gaussian_seed_z_fraction,-0.002643671115513567,0.018828098354458294,0.062093239843843955,0.017071752229274283,-0.01666931104424725,0.052301724400821085,1024
ses05_dice_core_fixed,core_threshold,0.0,0.0,0.0,0.0,0.0,0.0,1024
ses05_dice_core_fixed,edema_threshold_ratio,0.0,0.0,0.0,0.0,0.0,0.0,1024
ses05_dice_whole_fixed,front_speed_mm_per_day,0.1624858129669306,0.05480387800722677,0.30248425944832896,0.043875712980267774,0.1831403153924109,0.3163188130220795,1024
ses05_dice_whole_fixed,front_width_mm,0.06183880543701154,0.04075401264845411,0.24057785543486812,0.04374866928933726,0.08099711216789521,0.2587264617027917,1024
ses05_dice_whole_fixed,seed_peak_density,-0.0007146908824478577,0.006458226795755277,0.005218579074131245,0.0010231982600771919,0.006132109092183423,0.004951255171464006,1024
ses05_dice_whole_fixed,seed_sigma_mm,0.07652249214584592,0.03700078928982773,0.18191511680504135,0.026384158313324347,0.08037381144009045,0.17691143939272533,1024
ses05_dice_whole_fixed,preop_time,0.022732517636482503,0.02277702163204559,0.08307071293862403,0.01923846719576897,0.017427541376952373,0.08782912879364471,1024
ses05_dice_whole_fixed,diffusivity_ratio,-0.003018891856586394,0.007655443921109637,0.007910548383855442,0.0019870883933025656,-0.00518734715344045,0.007114772377579825,1024
ses05_dice_whole_fixed,chemo_kill_rate,0.05610343081976119,0.03918506744574829,0.23100372394727808,0.04746968242055262,0.061571133615584236,0.23552750060278133,1024
ses05_dice_whole_fixed,rt_alpha,0.21142406875278066,0.054092254254156945,0.44031298180734435,0.06406600526668725,0.22970587741629248,0.45040520396988737,1024
ses05_dice_whole_fixed,rt_alpha_beta_ratio,0.0016705602482930161,0.005658369771900594,0.004884698114208901,0.0045892465614988,0.0046354734595687366,0.005056473031551319,1024
ses05_dice_whole_fixed,gaussian_seed_x_fraction,0.03299175850787504,0.021611467317039147,0.06955658322577837,0.01161793223467258,0.040765501795874924,0.06275982052223027,1024
ses05_dice_whole_fixed,gaussian_seed_y_fraction,-0.009881712708035638,0.014030028757115058,0.03269413722613669,0.006470478538699841,-0.004493888363907991,0.03443168752052956,1024
ses05_dice_whole_fixed,gaussian_seed_z_fraction,0.025106109535911154,0.0199318367572287,0.050779978033476864,0.008813257114356501,0.025524480781128348,0.0502996073158999,1024
ses05_dice_whole_fixed,core_threshold,0.0,0.0,0.0,0.0,0.0,0.0,1024
ses05_dice_whole_fixed,edema_threshold_ratio,0.0,0.0,0.0,0.0,0.0,0.0,1024
ses05_log10_V_core_fixed,front_speed_mm_per_day,0.07547437511976723,0.03903924393651543,0.20369905257743767,0.032736308937967765,0.12503318104546632,0.22927525013039124,1024
ses05_log10_V_core_fixed,front_width_mm,0.07906066896262615,0.03930957130402256,0.20371152610545556,0.030589190755405497,0.0899873881190787,0.2274732943793696,1024
ses05_log10_V_core_fixed,seed_peak_density,0.005497518183404406,0.013750564156224582,0.022836518729594833,0.007338059375825297,0.010853023036268946,0.027146450004811463,1024
ses05_log10_V_core_fixed,seed_sigma_mm,0.05539969326507332,0.034093128583954274,0.15413798774014362,0.023455195539825127,0.04786956717148877,0.15196423510953894,1024
ses05_log10_V_core_fixed,preop_time,0.012289718649818836,0.018328239848372525,0.04140043823953282,0.010206011125041431,0.011064499449597635,0.0370512026215211,1024
ses05_log10_V_core_fixed,diffusivity_ratio,-0.0003908496216275193,0.006218226070040001,0.006132201780196328,0.002935286236881797,-0.002887504644751742,0.005142407736107618,1024
ses05_log10_V_core_fixed,chemo_kill_rate,0.3863935714242913,0.06482146996115448,0.5962487795806427,0.058366500361242295,0.39592862982201593,0.5831102610981123,1024
ses05_log10_V_core_fixed,rt_alpha,0.03750758643983199,0.026846247789640294,0.10563492056865882,0.01950619750588349,0.03411076619671131,0.09678697233682242,1024
ses05_log10_V_core_fixed,rt_alpha_beta_ratio,0.0001380115160729464,0.0013337381973399902,0.00020346595342005247,0.00012488393132887579,0.0005516533920688672,0.00027919112148152203,1024
ses05_log10_V_core_fixed,gaussian_seed_x_fraction,0.0070457290522928494,0.019320597611312457,0.049170680966839624,0.011479349542345658,0.014577156824806604,0.051562766746698366,1024
ses05_log10_V_core_fixed,gaussian_seed_y_fraction,-0.0029058344788050676,0.014493819078383402,0.02803997950311606,0.007294272170361408,-0.005460268239163656,0.0275602598700806,1024
ses05_log10_V_core_fixed,gaussian_seed_z_fraction,0.027987616612295114,0.022078341879471927,0.06469474432464586,0.013786118445363668,0.028830615370353897,0.05813969700296989,1024
ses05_log10_V_core_fixed,core_threshold,0.0,0.0,0.0,0.0,0.0,0.0,1024
ses05_log10_V_core_fixed,edema_threshold_ratio,0.0,0.0,0.0,0.0,0.0,0.0,1024
ses05_log10_V_whole_fixed,front_speed_mm_per_day,0.07469906973794455,0.041020005119834765,0.18402759490422893,0.03912282536739669,0.0792465386153551,0.18079123711597928,1024
ses05_log10_V_whole_fixed,front_width_mm,0.07056290966184689,0.03859646271873302,0.20121166603656349,0.03976189536571003,0.08768708742824247,0.16330330801159607,1024
ses05_log10_V_whole_fixed,seed_peak_density,0.00286520975137689,0.009190079356315824,0.010821040473942358,0.003865946625364397,0.0025941416962401973,0.011221387012201942,1024
ses05_log10_V_whole_fixed,seed_sigma_mm,0.08954351244025875,0.04345655899704555,0.2061682114631467,0.031892727915658475,0.11290490372184794,0.21900250012825617,1024
ses05_log10_V_whole_fixed,preop_time,0.0044199488413816795,0.016686063166398712,0.033140353005616865,0.010597335858174626,0.0010103411957235902,0.0315717629024926,1024
ses05_log10_V_whole_fixed,diffusivity_ratio,0.0017494988213065637,0.008874877751960976,0.008569915124834048,0.0046158029189487595,0.004148334632356873,0.01011770426108743,1024
ses05_log10_V_whole_fixed,chemo_kill_rate,0.3896420987666034,0.0847004894150683,0.5455248170469007,0.06598251354523708,0.39421275939986833,0.537289562159138,1024
ses05_log10_V_whole_fixed,rt_alpha,0.047913125746873134,0.037906446372574405,0.15239956070721258,0.02920566465892149,0.06253425653932489,0.1537904147306256,1024
ses05_log10_V_whole_fixed,rt_alpha_beta_ratio,0.0013201337032534156,0.0021587229249446977,0.0012047576735214611,0.001123953134998359,0.002938943996400468,0.0020223690700977236,1024
ses05_log10_V_whole_fixed,gaussian_seed_x_fraction,0.019779407053760543,0.021176138064568775,0.05660911761383722,0.015367094611191505,0.02204258241881643,0.05566045669554414,1024
ses05_log10_V_whole_fixed,gaussian_seed_y_fraction,-0.0023859353180739006,0.01415433019664661,0.02607050898532919,0.00856842933178432,-0.003841374350432103,0.024458744019598307,1024
ses05_log10_V_whole_fixed,gaussian_seed_z_fraction,0.023306112194078476,0.02429751682017093,0.062040537861092836,0.018209747668951337,0.0172854305267253,0.0641410651556777,1024
ses05_log10_V_whole_fixed,core_threshold,0.0,0.0,0.0,0.0,0.0,0.0,1024
ses05_log10_V_whole_fixed,edema_threshold_ratio,0.0,0.0,0.0,0.0,0.0,0.0,1024
ses05_log_vol_ratio_core_fixed,front_speed_mm_per_day,0.07547437511976723,0.039039243936515436,0.20369905257743764,0.032736308937967765,0.12503318104546632,0.22927525013039124,1024
ses05_log_vol_ratio_core_fixed,front_width_mm,0.07906066896262615,0.03930957130402256,0.20371152610545556,0.0305891907554055,0.08998738811907869,0.22747329437936958,1024
ses05_log_vol_ratio_core_fixed,seed_peak_density,0.005497518183404406,0.013750564156224582,0.02283651872959483,0.007338059375825296,0.010853023036268948,0.02714645000481146,1024
ses05_log_vol_ratio_core_fixed,seed_sigma_mm,0.05539969326507332,0.034093128583954274,0.15413798774014362,0.023455195539825134,0.04786956717148877,0.15196423510953894,1024
ses05_log_vol_ratio_core_fixed,preop_time,0.012289718649818836,0.018328239848372525,0.04140043823953282,0.010206011125041428,0.011064499449597635,0.0370512026215211,1024
ses05_log_vol_ratio_core_fixed,diffusivity_ratio,-0.00039084962162751907,0.006218226070040001,0.006132201780196328,0.0029352862368817964,-0.002887504644751742,0.0051424077361076174,1024
ses05_log_vol_ratio_core_fixed,chemo_kill_rate,0.3863935714242913,0.06482146996115448,0.5962487795806427,0.058366500361242295,0.3959286298220159,0.5831102610981121,1024
ses05_log_vol_ratio_core_fixed,rt_alpha,0.03750758643983199,0.026846247789640294,0.10563492056865882,0.01950619750588349,0.0341107661967113,0.09678697233682242,1024
ses05_log_vol_ratio_core_fixed,rt_alpha_beta_ratio,0.00013801151607294643,0.0013337381973399902,0.0002034659534200525,0.00012488393132887579,0.0005516533920688674,0.00027919112148152214,1024
ses05_log_vol_ratio_core_fixed,gaussian_seed_x_fraction,0.007045729052292845,0.019320597611312457,0.049170680966839624,0.011479349542345658,0.014577156824806604,0.05156276674669836,1024
ses05_log_vol_ratio_core_fixed,gaussian_seed_y_fraction,-0.0029058344788050706,0.014493819078383402,0.02803997950311606,0.007294272170361409,-0.0054602682391636575,0.027560259870080598,1024
ses05_log_vol_ratio_core_fixed,gaussian_seed_z_fraction,0.027987616612295114,0.022078341879471927,0.06469474432464586,0.01378611844536367,0.028830615370353894,0.058139697002969885,1024
ses05_log_vol_ratio_core_fixed,core_threshold,0.0,0.0,0.0,0.0,0.0,0.0,1024
ses05_log_vol_ratio_core_fixed,edema_threshold_ratio,0.0,0.0,0.0,0.0,0.0,0.0,1024
ses05_log_vol_ratio_whole_fixed,front_speed_mm_per_day,0.07469906973794455,0.04102000511983477,0.18402759490422896,0.039122825367396696,0.07924653861535509,0.18079123711597928,1024
ses05_log_vol_ratio_whole_fixed,front_width_mm,0.07056290966184689,0.03859646271873303,0.20121166603656349,0.039761895365710016,0.08768708742824244,0.16330330801159607,1024
ses05_log_vol_ratio_whole_fixed,seed_peak_density,0.002865209751376886,0.009190079356315821,0.010821040473942356,0.0038659466253643943,0.002594141696240196,0.01122138701220194,1024
ses05_log_vol_ratio_whole_fixed,seed_sigma_mm,0.08954351244025877,0.04345655899704556,0.2061682114631467,0.03189272791565849,0.11290490372184793,0.21900250012825614,1024
ses05_log_vol_ratio_whole_fixed,preop_time,0.00441994884138168,0.016686063166398712,0.033140353005616865,0.01059733585817463,0.0010103411957235876,0.0315717629024926,1024
ses05_log_vol_ratio_whole_fixed,diffusivity_ratio,0.0017494988213065622,0.008874877751960976,0.00856991512483405,0.00461580291894876,0.0041483346323568735,0.010117704261087428,1024
ses05_log_vol_ratio_whole_fixed,chemo_kill_rate,0.3896420987666034,0.08470048941506829,0.5455248170469007,0.06598251354523711,0.3942127593998683,0.5372895621591379,1024
ses05_log_vol_ratio_whole_fixed,rt_alpha,0.04791312574687314,0.037906446372574405,0.1523995607072126,0.02920566465892149,0.06253425653932489,0.15379041473062555,1024
ses05_log_vol_ratio_whole_fixed,rt_alpha_beta_ratio,0.0013201337032534139,0.0021587229249446986,0.001204757673521461,0.0011239531349983589,0.002938943996400469,0.0020223690700977228,1024
ses05_log_vol_ratio_whole_fixed,gaussian_seed_x_fraction,0.01977940705376054,0.021176138064568778,0.056609117613837225,0.015367094611191505,0.02204258241881643,0.05566045669554414,1024
ses05_log_vol_ratio_whole_fixed,gaussian_seed_y_fraction,-0.0023859353180738967,0.014154330196646612,0.026070508985329185,0.00856842933178432,-0.003841374350432101,0.024458744019598303,1024
ses05_log_vol_ratio_whole_fixed,gaussian_seed_z_fraction,0.023306112194078476,0.02429751682017093,0.062040537861092836,0.018209747668951337,0.017285430526725293,0.0641410651556777,1024
ses05_log_vol_ratio_whole_fixed,core_threshold,0.0,0.0,0.0,0.0,0.0,0.0,1024
ses05_log_vol_ratio_whole_fixed,edema_threshold_ratio,0.0,0.0,0.0,0.0,0.0,0.0,1024
ses05_msd_core_fixed,front_speed_mm_per_day,0.1361960185698812,0.09658751631648911,0.3790204169171316,0.10348689329445056,0.1488993913501827,0.39655829723171226,267
ses05_msd_core_fixed,front_width_mm,0.2756924048984286,0.13791581689848362,0.45414222090335465,0.10361415990264045,0.37321534972711984,0.5292823960954404,267
ses05_msd_core_fixed,seed_peak_density,0.02238430161305453,0.05196359286805742,0.02606472275791489,0.017602331571060437,-0.005795930008624401,0.02540366341449202,267
ses05_msd_core_fixed,seed_sigma_mm,0.07200462818465986,0.10909574505412878,0.28239096924746254,0.06951657271812785,-0.028405666086641992,0.2488279781155602,267
ses05_msd_core_fixed,preop_time,0.042931316961062164,0.05567953489356329,0.11369485274280872,0.037897291945343754,0.06196202525055688,0.11197273236349527,267
ses05_msd_core_fixed,diffusivity_ratio,0.019252390902460257,0.03881718910401219,0.019347626134393083,0.01405007318636379,-0.014910951328219416,0.010967640723958774,267
ses05_msd_core_fixed,chemo_kill_rate,0.024328273014528237,0.04699310759338701,0.08010849894309306,0.03552730461688944,0.022289231698318684,0.0885666498107746,267
ses05_msd_core_fixed,rt_alpha,0.3516707607545065,0.12125076360244987,0.4989003602958677,0.12779537262468602,0.3827461821136392,0.4911012668172127,267
ses05_msd_core_fixed,rt_alpha_beta_ratio,0.0035216494473421776,0.010734935439202668,0.0038243172129394836,0.0036388062935567033,9.063316640124724e-05,0.0017093410344096046,267
ses05_msd_core_fixed,gaussian_seed_x_fraction,-0.001940739588155508,0.03541372849621833,0.043879917330083014,0.01161047959747127,0.006111102192529543,0.044787681603666,267
ses05_msd_core_fixed,gaussian_seed_y_fraction,0.005748466604649436,0.04636631817225567,0.05857790158123533,0.017631885074376845,-0.021647432766313663,0.06168314811919074,267
ses05_msd_core_fixed,gaussian_seed_z_fraction,-0.005143346917720177,0.03522638179627729,0.0314447355870208,0.010703099086734027,-0.0438002992207172,0.03605932048506458,267
ses05_msd_core_fixed,core_threshold,0.0,0.0,0.0,0.0,0.0,0.0,267
ses05_msd_core_fixed,edema_threshold_ratio,0.0,0.0,0.0,0.0,0.0,0.0,267
ses05_msd_whole_fixed,front_speed_mm_per_day,0.22977434362240973,0.06147482864670872,0.28252247860231233,0.04463187100360533,0.26543224439399427,0.30258215155988416,616
ses05_msd_whole_fixed,front_width_mm,0.11169400377962689,0.04645558788084551,0.19403260004537443,0.03265695314815759,0.13869550440786096,0.21120113954057304,616
ses05_msd_whole_fixed,seed_peak_density,0.008308183603500203,0.011105644048429454,0.008938070090280812,0.0017809600926333474,0.0065469322357771574,0.008672267359687302,616
ses05_msd_whole_fixed,seed_sigma_mm,0.21655548707872638,0.06297387481458101,0.3273881872785456,0.0418368413412485,0.19488266974541374,0.33138123117642615,616
ses05_msd_whole_fixed,preop_time,0.03637235348204593,0.02927290424608992,0.06461609597272164,0.01343115125209568,0.04204284820373382,0.0688875775755599,616
ses05_msd_whole_fixed,diffusivity_ratio,0.00232720504304302,0.010093258981069162,0.005341056064628756,0.001802693685865642,0.0006740497924695929,0.005164964499224988,616
ses05_msd_whole_fixed,chemo_kill_rate,0.02659171489034475,0.039334362155776334,0.1062551934882341,0.032019434495593864,-0.011228892561733324,0.10871834629891759,616
ses05_msd_whole_fixed,rt_alpha,0.23077805116209998,0.06568778750419106,0.28539346298743606,0.04456364581917699,0.2519871744743408,0.28084900738928925,616
ses05_msd_whole_fixed,rt_alpha_beta_ratio,0.0009144599140855971,0.0026988454874179685,0.0011602542622352462,0.0008084001876578967,0.0016838190997517037,0.0013361142551072034,616
ses05_msd_whole_fixed,gaussian_seed_x_fraction,0.03979809027965089,0.022231054474575445,0.04146593885852075,0.007128540637629068,0.04858746513090183,0.042575385933809336,616
ses05_msd_whole_fixed,gaussian_seed_y_fraction,0.01543425119840746,0.0223234712624634,0.036150950411343745,0.006319874865302989,0.014547140465108676,0.03743878667197499,616
ses05_msd_whole_fixed,gaussian_seed_z_fraction,0.007839993159063054,0.018809200262389632,0.0222503995480421,0.003575616256000676,0.005135003721111081,0.023371696854574978,616
ses05_msd_whole_fixed,core_threshold,0.0,0.0,0.0,0.0,0.0,0.0,616
ses05_msd_whole_fixed,edema_threshold_ratio,0.0,0.0,0.0,0.0,0.0,0.0,616
ses05_hd95_core_fixed,front_speed_mm_per_day,0.07827807281087412,0.10401451644037478,0.4614068962558918,0.12176102701973456,0.09918452836313606,0.47271074621725506,267
ses05_hd95_core_fixed,front_width_mm,0.16218172414731769,0.12886971217468035,0.48615605169106557,0.12112561501091039,0.2595290036161252,0.5665993115141938,267
ses05_hd95_core_fixed,seed_peak_density,0.029777051875145497,0.041921843188661566,0.0232350469262362,0.011013404056487005,0.010961340331648669,0.024107228817190372,267
ses05_hd95_core_fixed,seed_sigma_mm,0.01356505991132464,0.11409987965294029,0.3778998992349245,0.09934703801347904,-0.06532394989586546,0.36231709706763887,267
ses05_hd95_core_fixed,preop_time,0.04836749870965304,0.07487623830156627,0.20708519915685916,0.076647934162279,0.0779920513575657,0.2434038019889769,267
ses05_hd95_core_fixed,diffusivity_ratio,0.023177656902238754,0.04172867189969448,0.02428571675722489,0.014607408410687783,-0.0028180820482776804,0.015824692020906486,267
ses05_hd95_core_fixed,chemo_kill_rate,0.022887795763442027,0.04095259420445687,0.06645595137183169,0.02821945274433669,0.03077018748160074,0.06879398975170851,267
ses05_hd95_core_fixed,rt_alpha,0.2349283419911815,0.1031561571617924,0.42509535004844395,0.11351004530975983,0.28096322822177583,0.4249629311891823,267
ses05_hd95_core_fixed,rt_alpha_beta_ratio,0.006542808764865742,0.015206233979236714,0.0031970632767260965,0.003713655417875376,-0.0005867070287800054,0.0004511347063236884,267
ses05_hd95_core_fixed,gaussian_seed_x_fraction,-0.021512094005864943,0.052087568402815275,0.10172413326700225,0.02981273640427971,0.0006500381075588945,0.1061638618629985,267
ses05_hd95_core_fixed,gaussian_seed_y_fraction,0.044654252422569055,0.06564867582805047,0.1566488080032689,0.05007937587026729,0.003711839387171055,0.1594106372893195,267
ses05_hd95_core_fixed,gaussian_seed_z_fraction,0.0002461496951938304,0.042580243234349835,0.061731658161630384,0.02021537695125948,-0.03045728849157294,0.06738220066881036,267
ses05_hd95_core_fixed,core_threshold,0.0,0.0,0.0,0.0,0.0,0.0,267
ses05_hd95_core_fixed,edema_threshold_ratio,0.0,0.0,0.0,0.0,0.0,0.0,267
ses05_hd95_whole_fixed,front_speed_mm_per_day,0.25652653093256406,0.06285006406744124,0.29127149073302633,0.03900811613146191,0.25061342829089733,0.2816168632091156,616
ses05_hd95_whole_fixed,front_width_mm,0.12457394789180204,0.04230041229072502,0.17911769804721325,0.031750685363556914,0.1336382471148059,0.1803884124509517,616
ses05_hd95_whole_fixed,seed_peak_density,0.008037989308217836,0.009381876385223566,0.007054536325005247,0.0017917173337723491,0.005501779641286772,0.006162735568346012,616
ses05_hd95_whole_fixed,seed_sigma_mm,0.20866747667475213,0.054324490554832745,0.2528648089768792,0.03127293343529322,0.23979928639752912,0.24397597554320696,616
ses05_hd95_whole_fixed,preop_time,0.06690501716683263,0.034418350844538,0.08069332397804145,0.016267124441464647,0.09997096691885485,0.08412370908262222,616
ses05_hd95_whole_fixed,diffusivity_ratio,0.0027480341594521298,0.008631003261593613,0.005828970691678649,0.0018221668384748898,-0.0013366887172026186,0.004255000887617634,616
ses05_hd95_whole_fixed,chemo_kill_rate,0.017493262563666703,0.022457481200676418,0.04599821543590318,0.013853822788716559,0.00021953639063726038,0.046324701140335614,616
ses05_hd95_whole_fixed,rt_alpha,0.09457117652061794,0.04035619051413828,0.1450775299320949,0.026610546541935953,0.08448083146241163,0.13496220736977488,616
ses05_hd95_whole_fixed,rt_alpha_beta_ratio,-0.00013638874902690084,0.0026178427534019584,0.0015485942494550924,0.0017543623148187741,-0.00045225146447356755,0.0007350102830012193,616
ses05_hd95_whole_fixed,gaussian_seed_x_fraction,0.18492474597051733,0.04029194290779205,0.15566255175761806,0.02161587042899694,0.1781452835159799,0.1469359816747523,616
ses05_hd95_whole_fixed,gaussian_seed_y_fraction,0.01904962953636715,0.022184754425916133,0.03686245439951116,0.006170164619495962,0.02174625861994047,0.03433830415065191,616
ses05_hd95_whole_fixed,gaussian_seed_z_fraction,0.006366244125340006,0.01948426522994853,0.029117213747052232,0.006468781477966204,0.006493759156064168,0.027704679837543173,616
ses05_hd95_whole_fixed,core_threshold,0.0,0.0,0.0,0.0,0.0,0.0,616
ses05_hd95_whole_fixed,edema_threshold_ratio,0.0,0.0,0.0,0.0,0.0,0.0,616
ses05_log10_mass,front_speed_mm_per_day,0.17325994594367405,0.03822123063551726,0.19328263752607555,0.024886321458289593,0.17887224689460451,0.199886662351541,1024
ses05_log10_mass,front_width_mm,0.08433380827501881,0.024545463579841678,0.08515806299521386,0.00998876849929737,0.08655158297016521,0.08211068663429245,1024
ses05_log10_mass,seed_peak_density,0.005212177800574753,0.007265961288503207,0.007128312186314085,0.0008054456397364527,0.006989492411976189,0.006886770630394333,1024
ses05_log10_mass,seed_sigma_mm,0.37223732700336476,0.05477277765094083,0.41712356280527335,0.04036492386503711,0.37198631742975363,0.422100259900734,1024
ses05_log10_mass,preop_time,0.03114332323887711,0.01752260967383665,0.036831772417311615,0.004857353331178859,0.030225062160688706,0.03834434206531697,1024
ses05_log10_mass,diffusivity_ratio,0.003192229654615418,0.0061886636866225675,0.005043305330118171,0.001005997288748147,0.002706254487138534,0.005081699766181784,1024
ses05_log10_mass,chemo_kill_rate,0.10495678789212982,0.029378975542103232,0.09828308935080816,0.011581571137717862,0.10540277780045594,0.09633899831072273,1024
ses05_log10_mass,rt_alpha,0.13442966851991095,0.03844879242596662,0.190641384000664,0.025701592432867845,0.12787586641050577,0.18982994206956716,1024
ses05_log10_mass,rt_alpha_beta_ratio,0.0003031589439998104,0.0022936627864456227,0.0007257598418048469,0.0001780801645480764,-0.000788214252100648,0.000828033249063459,1024
ses05_log10_mass,gaussian_seed_x_fraction,0.004868319684802311,0.010688448003454492,0.013823323558638025,0.003424052894556962,0.010815028269169075,0.013385604875664554,1024
ses05_log10_mass,gaussian_seed_y_fraction,0.0010031346540334228,0.007951762471688415,0.007094908938546426,0.0023141604395720996,0.006625341746121721,0.006553824388545989,1024
ses05_log10_mass,gaussian_seed_z_fraction,0.0013926965101463042,0.01061657416336779,0.012818502460970044,0.002997320218285488,-0.0016634741067622781,0.012438852454285105,1024
ses05_log10_mass,core_threshold,0.0,0.0,0.0,0.0,0.0,0.0,1024
ses05_log10_mass,edema_threshold_ratio,0.0,0.0,0.0,0.0,0.0,0.0,1024
ses05_centroid_drift,front_speed_mm_per_day,0.2900976782934198,0.09499950776845725,0.673855770767322,0.10749523790793113,0.2779233075302896,0.6208823662820547,1024
ses05_centroid_drift,front_width_mm,0.04376828938972035,0.03429991735899673,0.16437215068405778,0.04305918061341365,0.04174949082868666,0.15989258773530882,1024
ses05_centroid_drift,seed_peak_density,0.0029824975875617997,0.003919806629206463,0.002432564404030553,0.0006043596543671434,4.296787364800035e-05,0.0022419958659260107,1024
ses05_centroid_drift,seed_sigma_mm,-0.006744690595725179,0.041000875031764646,0.14761455911539634,0.030752478977550964,0.00256065099279067,0.16702214639629606,1024
ses05_centroid_drift,preop_time,0.03744602620637825,0.052263308731763505,0.24614470243303335,0.05395097345005915,0.07927461629950362,0.24486982741590077,1024
ses05_centroid_drift,diffusivity_ratio,0.005507349884634,0.014549797340594573,0.03183793070998794,0.008581956758436069,1.0662938787155958e-05,0.03004520687175324,1024
ses05_centroid_drift,chemo_kill_rate,-0.0019496785186197988,0.004697426105284561,0.0019909917018304563,0.0005546342728446674,-0.0021932478824375013,0.0021303520140968186,1024
ses05_centroid_drift,rt_alpha,-0.0022851887797983575,0.044299258894162565,0.234095020894831,0.04516193972010137,-0.0018831692005722997,0.23240464748147105,1024
ses05_centroid_drift,rt_alpha_beta_ratio,0.00042613204999815966,0.005294061052672528,0.002287653855876601,0.000698389477802818,0.00442675990110238,0.002082782729024171,1024
ses05_centroid_drift,gaussian_seed_x_fraction,-0.016905665962918502,0.023628128885495855,0.08068320134310165,0.015759628772737233,-0.01551397252428143,0.07552095500715279,1024
ses05_centroid_drift,gaussian_seed_y_fraction,-0.008074429653592896,0.022206940408182795,0.038400403045184696,0.01776006549926761,-0.010253295498034566,0.043247442482868007,1024
ses05_centroid_drift,gaussian_seed_z_fraction,-0.012688475730958137,0.02117254485597886,0.054362863182287856,0.017656738937005832,-0.012621832503071062,0.05684270506507214,1024
ses05_centroid_drift,core_threshold,0.0,0.0,0.0,0.0,0.0,0.0,1024
ses05_centroid_drift,edema_threshold_ratio,0.0,0.0,0.0,0.0,0.0,0.0,1024
ses05_R_g,front_speed_mm_per_day,0.3003886661929647,0.05504831749842633,0.33872045494727615,0.03937801001435551,0.30492713318679726,0.33998813497900293,1024
ses05_R_g,front_width_mm,0.013119779042788111,0.014876937466631036,0.030201339293806057,0.005252436874023603,0.02259342958371917,0.031213542841185018,1024
ses05_R_g,seed_peak_density,0.006182718157394309,0.007090705462093146,0.0067425931410150805,0.0008108371804233502,0.006296313459944672,0.006735315994019106,1024
ses05_R_g,seed_sigma_mm,0.49978953888913963,0.06188612628292771,0.5134765812042305,0.04732381983666073,0.4977494598630706,0.5188934043394506,1024
ses05_R_g,preop_time,0.06364459445870564,0.028240576458989905,0.09482023982212155,0.013546275500457021,0.08934974861031622,0.09933318427929956,1024
ses05_R_g,diffusivity_ratio,0.02495898163998868,0.015915910729331923,0.030179351598600447,0.005166906890017458,0.021126674176256993,0.0300434419599365,1024
ses05_R_g,chemo_kill_rate,4.9219334736405055e-05,0.001632616930494259,0.0003216610096202984,6.191868609391272e-05,8.951265323588791e-05,0.0003297656935447076,1024
ses05_R_g,rt_alpha,0.003947301185339959,0.009926585642356087,0.013715651231644213,0.003021042631572547,0.00015360647569210437,0.015058351203382449,1024
ses05_R_g,rt_alpha_beta_ratio,-0.0007470448231728298,0.0013206073790361075,0.00022442784626074987,8.609886055485646e-05,-0.0007868865138192536,0.00023187095915998344,1024
ses05_R_g,gaussian_seed_x_fraction,0.019648693864493194,0.013041217025536662,0.028152561127040024,0.004345889756522432,0.013693870398726824,0.027621117660604995,1024
ses05_R_g,gaussian_seed_y_fraction,0.0029103752724417755,0.009725882895434143,0.012549201510830423,0.0023253514907680644,0.0019544877428465134,0.012205588163966994,1024
ses05_R_g,gaussian_seed_z_fraction,0.002601079388187206,0.012843754129521986,0.020098330766041332,0.006537521058698369,0.0031731601333215217,0.02256671562646826,1024
ses05_R_g,core_threshold,0.0,0.0,0.0,0.0,0.0,0.0,1024
ses05_R_g,edema_threshold_ratio,0.0,0.0,0.0,0.0,0.0,0.0,1024
ses05_log10_anisotropy,front_speed_mm_per_day,0.06542556067747435,0.050371925533300686,0.3343929637277093,0.05006328585048601,0.07057267530495953,0.31932513411137436,1024
ses05_log10_anisotropy,front_width_mm,0.008151155664588263,0.021925005755645235,0.06222390139673753,0.012169583818842162,0.012846405614524426,0.05520870398744026,1024
ses05_log10_anisotropy,seed_peak_density,0.003324100600467645,0.009203457083054225,0.007371699581268962,0.0017734285235901754,-4.9056728801086123e-05,0.006721362264783408,1024
ses05_log10_anisotropy,seed_sigma_mm,0.039114729321180285,0.05074500496602001,0.3600187101028758,0.05031326012943985,0.04313058639317667,0.3780373980929827,1024
ses05_log10_anisotropy,preop_time,-0.011038100361417637,0.028359763975803455,0.12139200152189757,0.024710634543079965,-0.035976021962591885,0.12459564173462283,1024
ses05_log10_anisotropy,diffusivity_ratio,0.0003329712577893346,0.02071760989787717,0.05983328983459283,0.013491002316403215,0.01179090661081656,0.05982116838830013,1024
ses05_log10_anisotropy,chemo_kill_rate,-0.0012462767877933142,0.00278491849005613,0.0010548891257799176,0.00028958181301566024,-0.002542514582424236,0.0012551672415014293,1024
ses05_log10_anisotropy,rt_alpha,0.15604766947655752,0.07233972597228346,0.3794747854388922,0.06234371927362742,0.10452142115317625,0.3855129218480703,1024
ses05_log10_anisotropy,rt_alpha_beta_ratio,0.002593558101579717,0.010490207617088292,0.007233340211074444,0.002406282754608649,0.006770893176302393,0.0064765829944778515,1024
ses05_log10_anisotropy,gaussian_seed_x_fraction,0.1021605094432189,0.06538247175188605,0.3774970386052988,0.05175715821561723,0.10253158814875284,0.3697978299365657,1024
ses05_log10_anisotropy,gaussian_seed_y_fraction,-0.00784994935947278,0.027988212366522863,0.10084615467846982,0.018344043881730415,-0.015788592190664162,0.09843396681917015,1024
ses05_log10_anisotropy,gaussian_seed_z_fraction,0.03197435352654256,0.032114464828191795,0.13200515581520045,0.028616220604379967,0.03951042591120263,0.13035163638716668,1024
ses05_log10_anisotropy,core_threshold,0.0,0.0,0.0,0.0,0.0,0.0,1024
ses05_log10_anisotropy,edema_threshold_ratio,0.0,0.0,0.0,0.0,0.0,0.0,1024
ses05_wm_fraction,front_speed_mm_per_day,0.04545345755160416,0.02942663327631781,0.13327036084714586,0.03218024328466259,0.047061187404271024,0.12795217424371697,1024
ses05_wm_fraction,front_width_mm,0.023706536591836504,0.017779022699647748,0.04493829609196978,0.00944282905109524,0.01573586573017947,0.04636404585252072,1024
ses05_wm_fraction,seed_peak_density,0.0009447904024530722,0.004204310179666632,0.0019010437706112103,0.0004451412281374971,-0.0007405414852448075,0.0018019140585301934,1024
ses05_wm_fraction,seed_sigma_mm,0.07038752975590994,0.03723515956921676,0.17539027921403888,0.028099604636354886,0.05976177349785341,0.17643075750051526,1024
ses05_wm_fraction,preop_time,0.0022082069017605676,0.017201811767165533,0.03791535037938546,0.009811341911943501,-0.008182284633535363,0.040545303438494835,1024
ses05_wm_fraction,diffusivity_ratio,0.008811963064556403,0.011445318358556915,0.0192049353592638,0.004529381091249784,0.00985637201597505,0.016124765133456745,1024
ses05_wm_fraction,chemo_kill_rate,0.00042726128952712196,0.0016024704008202433,0.0004377353617353269,0.0001296002803092725,0.0008308912218139514,0.00045103423425810115,1024
ses05_wm_fraction,rt_alpha,0.10022738493234119,0.034316544303902574,0.12509820157132068,0.02024516802148071,0.09706759178814146,0.12379200027286447,1024
ses05_wm_fraction,rt_alpha_beta_ratio,0.001564853299089618,0.0026891999223876005,0.0009487687133516335,0.0003368608247781609,0.0018120494940139233,0.0009431974805511559,1024
ses05_wm_fraction,gaussian_seed_x_fraction,0.14057663300977516,0.04227014757369724,0.2728977953987992,0.0433441553593617,0.16055964071740136,0.28147541128925013,1024
ses05_wm_fraction,gaussian_seed_y_fraction,0.1750114107245216,0.042269036471630675,0.2961504913870815,0.03860729270273415,0.16442979962481125,0.28927322647814907,1024
ses05_wm_fraction,gaussian_seed_z_fraction,0.1819083595422351,0.046184885445087503,0.2814924011863331,0.044512372723223836,0.18774762853817806,0.2942555813396175,1024
ses05_wm_fraction,core_threshold,0.0,0.0,0.0,0.0,0.0,0.0,1024
ses05_wm_fraction,edema_threshold_ratio,0.0,0.0,0.0,0.0,0.0,0.0,1024
ses06_dice_core,front_speed_mm_per_day,0.062304403222449296,0.06453578931432793,0.3536799846104808,0.06498585252128859,0.10904001365791707,0.36806600970429754,1024
ses06_dice_core,front_width_mm,0.0891919316347959,0.05241303485523051,0.3624285067761538,0.07092913554227226,0.10198587610827516,0.3216546131338142,1024
ses06_dice_core,seed_peak_density,-0.0042972786883674835,0.006447545637137833,0.005734180966684624,0.0018359404879004688,-0.0020268992318250205,0.005714073470563123,1024
ses06_dice_core,seed_sigma_mm,-0.0027642278443082255,0.03287717432131803,0.16382832111747178,0.03889846487610906,0.006317695501770703,0.17148229624243538,1024
ses06_dice_core,preop_time,0.0044494158253551045,0.021264366797897484,0.07423177041162392,0.021142281068114593,0.005868077257414476,0.09235412894478423,1024
ses06_dice_core,diffusivity_ratio,-0.001544099378401209,0.004563436294873524,0.006059442054320891,0.0023570510593791975,-0.002995260747486765,0.00706294091230038,1024
ses06_dice_core,chemo_kill_rate,0.16656457966211075,0.06069569579735715,0.4710249049956515,0.08809620859444157,0.16722802012129873,0.4567715004855155,1024
ses06_dice_core,rt_alpha,0.16970717714580463,0.06414924470210893,0.6023478049584374,0.10025311350002225,0.14543083097818887,0.5817121143137759,1024
ses06_dice_core,rt_alpha_beta_ratio,-0.0027880040198296264,0.004615481924256985,0.004229319893997467,0.0041777886488593785,-0.0022713940331178834,0.0016193358076081273,1024
ses06_dice_core,gaussian_seed_x_fraction,-0.0012508371540407637,0.017505394546567556,0.04063625809602715,0.01097531996038405,-0.0031790823165659143,0.04418501681041219,1024
ses06_dice_core,gaussian_seed_y_fraction,0.012048818030426232,0.02948442895989831,0.1067180905237544,0.03432840961543662,0.015373624526027977,0.09509389303475142,1024
ses06_dice_core,gaussian_seed_z_fraction,-0.002181619451054986,0.013383926352734549,0.028130389326018048,0.008527196471248452,-0.008708430953353913,0.028626681929939665,1024
ses06_dice_core,core_threshold,0.007806226456726177,0.022341494675748107,0.09696508043756136,0.031959860982126546,0.02074092570023622,0.07809374442159378,1024
ses06_dice_core,edema_threshold_ratio,0.0,0.0,0.0,0.0,0.0,0.0,1024
ses06_dice_whole,front_speed_mm_per_day,0.14287040463397305,0.0521623681679136,0.28925023237531206,0.039777691177578005,0.18647436005183296,0.30535819314682916,1024
ses06_dice_whole,front_width_mm,0.05567622164867621,0.03819455956418102,0.20245943771154637,0.03604847367448846,0.0433079373714239,0.20695885535905612,1024
ses06_dice_whole,seed_peak_density,-0.0005929031932452104,0.005679433076086704,0.0042268819395686955,0.0008042485634206994,0.004978811901058981,0.004690069877060028,1024
ses06_dice_whole,seed_sigma_mm,0.057179317663156176,0.03408814489653706,0.1497621467972886,0.021253907091663773,0.05155296466009274,0.1442572647134577,1024
ses06_dice_whole,preop_time,0.009309383159856858,0.0189013186568555,0.057172602901505894,0.011505968789021777,0.011314190400537234,0.060514664130694416,1024
ses06_dice_whole,diffusivity_ratio,-0.0008174460145634864,0.00605460217840333,0.005808782166482893,0.0015836143067138478,-0.003846391179429381,0.005611502816481028,1024
ses06_dice_whole,chemo_kill_rate,0.09757998488842118,0.04031685735697496,0.26571509747571137,0.04662035170660189,0.0855358480273414,0.2524377524909994,1024
ses06_dice_whole,rt_alpha,0.24176929721252743,0.058066083920573525,0.4973496391420808,0.06501285972927212,0.2587626288929124,0.5319053198353798,1024
ses06_dice_whole,rt_alpha_beta_ratio,0.0008488075335986169,0.003959559947689667,0.004637716674348484,0.005398313839805754,0.0032288692433658376,0.007643811544272306,1024
ses06_dice_whole,gaussian_seed_x_fraction,0.014807606066369194,0.015688385773425864,0.03346487239727673,0.005806552876743207,0.02707475705714105,0.03157001277260141,1024
ses06_dice_whole,gaussian_seed_y_fraction,-0.003220021402071726,0.0141827983951842,0.029632101521309077,0.0061427335804739094,-0.004939888928582686,0.029433820569562015,1024
ses06_dice_whole,gaussian_seed_z_fraction,0.017398558878789498,0.015972177556177213,0.03243857924803705,0.00582603841401315,0.01595934730039794,0.03269471254790043,1024
ses06_dice_whole,core_threshold,-0.005465455083767217,0.012718586365483965,0.019711800866429322,0.009129872514650283,-0.0005385144570975211,0.020671138144010465,1024
ses06_dice_whole,edema_threshold_ratio,0.013308198347969617,0.019386269298391125,0.046989632098270125,0.014631742373408483,0.005655331816615479,0.05041105312260604,1024
ses06_log10_V_core,front_speed_mm_per_day,0.09185238522933277,0.0398237728865275,0.2146020754500839,0.034083015329531674,0.12192864488609044,0.23312573917283808,1024
ses06_log10_V_core,front_width_mm,0.06728411800647377,0.04459900981906187,0.24729237201338652,0.03667190858833472,0.06311965140122884,0.2470731754567464,1024
ses06_log10_V_core,seed_peak_density,0.009857405235732938,0.014487473014338425,0.024337810397295503,0.008435264400020978,0.021890998554218017,0.023297115823151898,1024
ses06_log10_V_core,seed_sigma_mm,0.04170087673247059,0.03199852474597279,0.13939325435146507,0.021587922483016466,0.029957552202361837,0.1178039199422028,1024
ses06_log10_V_core,preop_time,0.013224268946503302,0.015777395560105496,0.030768517248796805,0.007959076449893392,0.014369869030966875,0.035767126022974965,1024
ses06_log10_V_core,diffusivity_ratio,0.00017884275825949333,0.005462891072497065,0.004162610208945344,0.0021011998459458292,-0.004433864125511376,0.0038445444375881863,1024
ses06_log10_V_core,chemo_kill_rate,0.3832504746735332,0.06526675243079427,0.6465479698092487,0.06006749719143791,0.3518496282254155,0.618294745695568,1024
ses06_log10_V_core,rt_alpha,0.04206961745972916,0.024923968143430144,0.09280929423252712,0.018477444942010486,0.03752042811067675,0.10120807417340613,1024
ses06_log10_V_core,rt_alpha_beta_ratio,0.00024871916319851915,0.0037398341603911175,0.0019393522945000258,0.001635905912672726,0.0038704459330958976,0.0023873234753895973,1024
ses06_log10_V_core,gaussian_seed_x_fraction,0.01251543026486277,0.01859089122117812,0.04857079366546612,0.011949503931097925,0.021096503870166487,0.05688508762592,1024
ses06_log10_V_core,gaussian_seed_y_fraction,0.005243553592539356,0.012446351414281059,0.02128693465374306,0.007109924453430789,0.01015367063815942,0.024044327488024087,1024
ses06_log10_V_core,gaussian_seed_z_fraction,0.021963703112484106,0.01938564585658994,0.05637253020244098,0.013225019637331512,0.015569988952289749,0.05318487056162781,1024
ses06_log10_V_core,core_threshold,0.024201148392614856,0.028655232902028104,0.10958553031257923,0.023914732540678923,0.0016321866038928534,0.10376374811755235,1024
ses06_log10_V_core,edema_threshold_ratio,0.0,0.0,0.0,0.0,0.0,0.0,1024
ses06_log10_V_whole,front_speed_mm_per_day,0.07253774296405682,0.035451474078044054,0.1708139152577757,0.03452286423574832,0.0961017953701626,0.18115264293622052,1024
ses06_log10_V_whole,front_width_mm,0.04632408804438968,0.029628309788588356,0.17718431506000443,0.03651664024528312,0.053997443714674964,0.1573051698648636,1024
ses06_log10_V_whole,seed_peak_density,0.0031945950434614187,0.006367980951539825,0.00925421038699279,0.004280048978900677,0.0010772065969630582,0.009825123115475348,1024
ses06_log10_V_whole,seed_sigma_mm,0.08185504090473363,0.036672181539774286,0.17749002590266297,0.028074443244660453,0.10329065484528617,0.1869573718356436,1024
ses06_log10_V_whole,preop_time,0.009467661921971878,0.009070492696894193,0.020337457999658342,0.006035907540185589,0.009906174022456445,0.02121520482358491,1024
ses06_log10_V_whole,diffusivity_ratio,-0.0009497234069738674,0.00844318658058819,0.007073898769045782,0.00359247942741432,-0.0014849214192219444,0.007829676755373998,1024
ses06_log10_V_whole,chemo_kill_rate,0.390906775250946,0.07848671239027456,0.5906595078989386,0.06209570147785186,0.4021896051148287,0.6031956396497049,1024
ses06_log10_V_whole,rt_alpha,0.06248450637857478,0.03364394079124789,0.15274723114611544,0.028936675637314606,0.07522735153717723,0.15647641109046354,1024
ses06_log10_V_whole,rt_alpha_beta_ratio,0.005180649545845329,0.006537770160236172,0.003596918297448122,0.003518449404280054,0.00256997011805566,0.0015577705380021276,1024
ses06_log10_V_whole,gaussian_seed_x_fraction,0.012532216891035994,0.01582927916062472,0.04450460957616383,0.012275680637594029,0.0237250775165317,0.0443286394072645,1024
ses06_log10_V_whole,gaussian_seed_y_fraction,0.0030271834087073814,0.011121823011309357,0.022115624605729144,0.007354427312571171,0.008223384110205853,0.024050403173526528,1024
ses06_log10_V_whole,gaussian_seed_z_fraction,0.021503630360978274,0.023580151098627843,0.058300873417570405,0.017253257107150977,0.025029903489274946,0.06695365959008562,1024
ses06_log10_V_whole,core_threshold,-0.001987678016796724,0.019360736259195772,0.06020337036871431,0.018829008625429765,0.0015876858081637682,0.05776789554898853,1024
ses06_log10_V_whole,edema_threshold_ratio,-0.0002566143928108793,0.024462070495892347,0.09288190201734896,0.02450141714872248,0.014734833622853096,0.09375521477508335,1024
ses06_log_vol_ratio_core,front_speed_mm_per_day,0.09185238522933277,0.0398237728865275,0.2146020754500839,0.034083015329531674,0.12192864488609044,0.23312573917283808,1024
ses06_log_vol_ratio_core,front_width_mm,0.06728411800647377,0.04459900981906187,0.24729237201338652,0.03667190858833472,0.06311965140122883,0.2470731754567464,1024
ses06_log_vol_ratio_core,seed_peak_density,0.009857405235732938,0.014487473014338427,0.024337810397295503,0.008435264400020978,0.021890998554218017,0.023297115823151898,1024
ses06_log_vol_ratio_core,seed_sigma_mm,0.0417008767324706,0.03199852474597279,0.13939325435146507,0.021587922483016466,0.02995755220236184,0.11780391994220277,1024
ses06_log_vol_ratio_core,preop_time,0.013224268946503302,0.0157773955601055,0.030768517248796805,0.007959076449893392,0.014369869030966874,0.035767126022974965,1024
ses06_log_vol_ratio_core,diffusivity_ratio,0.00017884275825949376,0.005462891072497065,0.004162610208945344,0.0021011998459458292,-0.004433864125511376,0.0038445444375881863,1024
ses06_log_vol_ratio_core,chemo_kill_rate,0.3832504746735332,0.06526675243079429,0.6465479698092487,0.06006749719143791,0.3518496282254155,0.618294745695568,1024
ses06_log_vol_ratio_core,rt_alpha,0.04206961745972916,0.024923968143430144,0.09280929423252712,0.018477444942010486,0.03752042811067675,0.10120807417340613,1024
ses06_log_vol_ratio_core,rt_alpha_beta_ratio,0.00024871916319851937,0.0037398341603911175,0.0019393522945000256,0.001635905912672726,0.003870445933095897,0.0023873234753895973,1024
ses06_log_vol_ratio_core,gaussian_seed_x_fraction,0.012515430264862768,0.01859089122117812,0.04857079366546612,0.011949503931097926,0.021096503870166487,0.05688508762592,1024
ses06_log_vol_ratio_core,gaussian_seed_y_fraction,0.005243553592539357,0.012446351414281057,0.02128693465374306,0.0071099244534307895,0.01015367063815942,0.02404432748802409,1024
ses06_log_vol_ratio_core,gaussian_seed_z_fraction,0.021963703112484106,0.01938564585658994,0.05637253020244098,0.013225019637331512,0.015569988952289749,0.05318487056162781,1024
ses06_log_vol_ratio_core,core_threshold,0.024201148392614853,0.0286552329020281,0.10958553031257923,0.023914732540678923,0.0016321866038928534,0.10376374811755235,1024
ses06_log_vol_ratio_core,edema_threshold_ratio,0.0,0.0,0.0,0.0,0.0,0.0,1024
ses06_log_vol_ratio_whole,front_speed_mm_per_day,0.07253774296405684,0.03545147407804406,0.1708139152577757,0.03452286423574832,0.0961017953701626,0.18115264293622052,1024
ses06_log_vol_ratio_whole,front_width_mm,0.04632408804438967,0.02962830978858836,0.17718431506000443,0.03651664024528312,0.053997443714674964,0.1573051698648636,1024
ses06_log_vol_ratio_whole,seed_peak_density,0.0031945950434614187,0.006367980951539825,0.009254210386992789,0.004280048978900678,0.0010772065969630582,0.00982512311547535,1024
ses06_log_vol_ratio_whole,seed_sigma_mm,0.08185504090473363,0.03667218153977428,0.17749002590266294,0.028074443244660453,0.10329065484528617,0.1869573718356436,1024
ses06_log_vol_ratio_whole,preop_time,0.009467661921971876,0.009070492696894195,0.020337457999658342,0.006035907540185591,0.009906174022456445,0.02121520482358491,1024
ses06_log_vol_ratio_whole,diffusivity_ratio,-0.0009497234069738681,0.00844318658058819,0.007073898769045781,0.0035924794274143205,-0.0014849214192219444,0.007829676755373998,1024
ses06_log_vol_ratio_whole,chemo_kill_rate,0.390906775250946,0.07848671239027456,0.5906595078989386,0.06209570147785186,0.4021896051148287,0.603195639649705,1024
ses06_log_vol_ratio_whole,rt_alpha,0.06248450637857478,0.03364394079124789,0.15274723114611544,0.028936675637314606,0.07522735153717723,0.15647641109046354,1024
ses06_log_vol_ratio_whole,rt_alpha_beta_ratio,0.00518064954584533,0.006537770160236171,0.003596918297448122,0.003518449404280054,0.00256997011805566,0.0015577705380021276,1024
ses06_log_vol_ratio_whole,gaussian_seed_x_fraction,0.012532216891035996,0.01582927916062472,0.04450460957616383,0.012275680637594029,0.0237250775165317,0.0443286394072645,1024
ses06_log_vol_ratio_whole,gaussian_seed_y_fraction,0.0030271834087073793,0.011121823011309357,0.022115624605729148,0.007354427312571171,0.008223384110205853,0.024050403173526528,1024
ses06_log_vol_ratio_whole,gaussian_seed_z_fraction,0.021503630360978274,0.023580151098627843,0.058300873417570405,0.017253257107150977,0.025029903489274943,0.06695365959008563,1024
ses06_log_vol_ratio_whole,core_threshold,-0.0019876780167967234,0.019360736259195772,0.06020337036871431,0.018829008625429765,0.0015876858081637682,0.05776789554898853,1024
ses06_log_vol_ratio_whole,edema_threshold_ratio,-0.0002566143928108828,0.024462070495892347,0.09288190201734894,0.02450141714872248,0.014734833622853098,0.09375521477508336,1024
ses06_msd_core,front_speed_mm_per_day,0.10539782571046377,0.1259547514934035,0.39330716099618807,0.11586433627665697,0.17405899712903267,0.42095281654264544,193
ses06_msd_core,front_width_mm,0.19309420901446692,0.1364621729446518,0.3414193454789277,0.1111917521294093,0.21714223735599075,0.3641053277571612,193
ses06_msd_core,seed_peak_density,-0.004395329555703181,0.02131524651121711,0.014366678894681547,0.006275070989799155,-0.005086415200280598,0.013531769425589934,193
ses06_msd_core,seed_sigma_mm,0.052677408229836256,0.14388054089542432,0.34848819935585457,0.10223177628773646,0.03085027051073297,0.3028546080034405,193
ses06_msd_core,preop_time,0.03120164459118454,0.06443565118061163,0.12157796233473708,0.04761669963123431,0.01953653945270507,0.13079998930801734,193
ses06_msd_core,diffusivity_ratio,-0.01495920714932445,0.023146369874086907,0.01938436694591421,0.011156035398480596,-0.012540212302387214,0.014755578931153375,193
ses06_msd_core,chemo_kill_rate,0.0033138956721342062,0.05807309368825503,0.06964094621488699,0.04690569031135494,0.016057899207744274,0.090455198804447,193
ses06_msd_core,rt_alpha,0.24554735908554387,0.16623816241220002,0.49056528102037894,0.1607013893065014,0.3328444221998791,0.4348247847126579,193
ses06_msd_core,rt_alpha_beta_ratio,-0.0012442612443188045,0.005156332125381856,0.0005208327351091163,0.0003872729983125623,-0.005068870136257659,0.000538768938147458,193
ses06_msd_core,gaussian_seed_x_fraction,0.05313667260018568,0.05990119915287162,0.0616201460518154,0.017421868663882754,0.09548097098899012,0.06378334414118081,193
ses06_msd_core,gaussian_seed_y_fraction,0.025238144066179805,0.04796001736607137,0.06005034749273828,0.0227238353720707,0.006867166943601797,0.049790723021538336,193
ses06_msd_core,gaussian_seed_z_fraction,0.017534386035386294,0.06774817283581404,0.05761453454189688,0.05064630338422447,-0.04180927707922377,0.036268685554126365,193
ses06_msd_core,core_threshold,0.07596908712354036,0.06739307055627322,0.07534510444224,0.035668510068583494,0.10862592176410125,0.06422538774212183,193
ses06_msd_core,edema_threshold_ratio,0.0,0.0,0.0,0.0,0.0,0.0,193
ses06_msd_whole,front_speed_mm_per_day,0.22558037745050435,0.07009414451029738,0.3133628768938317,0.061144439729431795,0.31277787039128147,0.3483906578086521,554
ses06_msd_whole,front_width_mm,0.08217060415003917,0.052334629950313155,0.21058445323678446,0.04629114723381358,0.09264854692879501,0.22209859015060518,554
ses06_msd_whole,seed_peak_density,0.005596664048185868,0.011384875537277468,0.007905436543725967,0.0019004458473540148,0.009650342759219761,0.007988249016570756,554
ses06_msd_whole,seed_sigma_mm,0.16706476765127626,0.07539194829317772,0.3245035915289946,0.04716792001546064,0.17073495453167278,0.3191280310864645,554
ses06_msd_whole,preop_time,0.042726642108127905,0.030792534562757594,0.06032314631099317,0.01321887368039531,0.06085238597351039,0.07075808648524823,554
ses06_msd_whole,diffusivity_ratio,0.006351323897427822,0.014626305103214467,0.007407560353107877,0.0024336763244320833,0.016769890894228884,0.008216689212815728,554
ses06_msd_whole,chemo_kill_rate,0.05234398101232278,0.04818331461564989,0.09241687676028659,0.034662844721198474,0.045272842716345435,0.08778295007232617,554
ses06_msd_whole,rt_alpha,0.2510887471522744,0.08164288858318333,0.34441848038964684,0.056844853016397884,0.2916078382247738,0.35868272684052593,554
ses06_msd_whole,rt_alpha_beta_ratio,0.002422048142920478,0.006875816927150709,0.0036145029492806228,0.003778442706085565,0.0027301129110054736,0.004753055350106219,554
ses06_msd_whole,gaussian_seed_x_fraction,0.027881277478883016,0.021895259633948717,0.036308564034179536,0.007512732201826333,0.04455398158301106,0.03725135387805654,554
ses06_msd_whole,gaussian_seed_y_fraction,0.023449529798070117,0.029044523218527282,0.04400587099170998,0.009598377786754405,0.027082706184104483,0.046386403331393385,554
ses06_msd_whole,gaussian_seed_z_fraction,0.005553716714491538,0.017963282514652394,0.02250661926567345,0.004667760554760655,0.009910085739824003,0.024666405805514817,554
ses06_msd_whole,core_threshold,-0.0012965291832132619,0.014565565356099352,0.01768231240229035,0.007305409104051954,-0.010725020711703982,0.014671597332046898,554
ses06_msd_whole,edema_threshold_ratio,0.026314466803545083,0.022850337830847774,0.03492742781149171,0.009451665094258209,0.02721525474801675,0.03184228505284588,554
ses06_hd95_core,front_speed_mm_per_day,0.07587138652568712,0.13317843153379358,0.4050394124304255,0.10440537641147846,0.12144931976854587,0.4787037220563819,193
ses06_hd95_core,front_width_mm,0.1434118315175259,0.12721879174082296,0.33449624291233043,0.08868154957491906,0.19595586839532003,0.3176902869683175,193
ses06_hd95_core,seed_peak_density,0.004781157816029124,0.022910819091595133,0.012584681958009861,0.004655242977563866,0.010064606432588849,0.013262593066704787,193
ses06_hd95_core,seed_sigma_mm,-0.02702038105354434,0.12744958895513844,0.3579519466293608,0.094811767377099,-0.055057820837592635,0.3668465749954435,193
ses06_hd95_core,preop_time,0.0053647947634584865,0.0866696402319358,0.1804831093648551,0.07826776137979499,0.011322079511206179,0.2049904707847269,193
ses06_hd95_core,diffusivity_ratio,-0.006034872269091527,0.016220627463548538,0.018204975238581035,0.011702839642543265,-0.014783398378481789,0.016262168886351555,193
ses06_hd95_core,chemo_kill_rate,0.013454214669484578,0.04615465852329721,0.05608375589621455,0.03911265647415092,0.02857508052956593,0.0755276208413447,193
ses06_hd95_core,rt_alpha,0.19471769638732034,0.15176519064519836,0.4996335160963648,0.14242292872278686,0.27041680964199133,0.4556322466279063,193
ses06_hd95_core,rt_alpha_beta_ratio,-0.0030180091760649576,0.009749617544907425,0.0008643055031559601,0.0010460187174124644,-0.010909416965208404,0.001204264712798151,193
ses06_hd95_core,gaussian_seed_x_fraction,-0.006818818211087829,0.06292594436530409,0.0956617804190073,0.028918891286071276,0.02458027370258679,0.10837226588233904,193
ses06_hd95_core,gaussian_seed_y_fraction,0.046169096824948276,0.06417049391372455,0.14587588193760356,0.06121454910195147,0.012393222610864308,0.13604209382549434,193
ses06_hd95_core,gaussian_seed_z_fraction,-0.007413407410528615,0.050582022129971704,0.04974488410096187,0.020329815821380152,-0.05979695335872276,0.04754506929718413,193
ses06_hd95_core,core_threshold,0.053351678795380233,0.06330621497475569,0.06240915130735727,0.026610507183405116,0.059105744252609706,0.04127477842884762,193
ses06_hd95_core,edema_threshold_ratio,0.0,0.0,0.0,0.0,0.0,0.0,193
ses06_hd95_whole,front_speed_mm_per_day,0.2327746619618455,0.07419427515118217,0.3364363916741217,0.05236528318986004,0.2822722101678248,0.36589753672433,554
ses06_hd95_whole,front_width_mm,0.07222133970416557,0.05355282547753448,0.18911316821789542,0.03305714812410565,0.09528142469990325,0.21015710698141615,554
ses06_hd95_whole,seed_peak_density,0.003919731221882207,0.008952855400439419,0.006486765832977319,0.001783638093925824,0.00960776566257861,0.006731936538205452,554
ses06_hd95_whole,seed_sigma_mm,0.1326272337345815,0.06337478426983413,0.2723820631868357,0.03516527197853143,0.13407438049254752,0.2711811655776174,554
ses06_hd95_whole,preop_time,0.03561601102247771,0.03251480236116352,0.0802122282176531,0.017028579598021055,0.049555341827748824,0.08559252987732012,554
ses06_hd95_whole,diffusivity_ratio,0.005147671365007983,0.011751907567670373,0.007634479050935738,0.0030843831278132196,0.009012533295646717,0.007672665677864619,554
ses06_hd95_whole,chemo_kill_rate,0.03318710405743058,0.03245913812933014,0.06231778388559709,0.020186961524723008,0.029481587628696782,0.061537916513041295,554
ses06_hd95_whole,rt_alpha,0.17911423339976748,0.06407181326688136,0.2736033140993552,0.04639061596432125,0.2072755570579679,0.2905508034190983,554
ses06_hd95_whole,rt_alpha_beta_ratio,0.0015947114773432736,0.004993791867499059,0.003482125527455619,0.003892735740963243,0.0028476962452657927,0.0030703412452700004,554
ses06_hd95_whole,gaussian_seed_x_fraction,0.025455992654112525,0.02554050306247019,0.046955773262647965,0.008162729880756576,0.039127506417395354,0.05027000418876133,554
ses06_hd95_whole,gaussian_seed_y_fraction,0.09385598783779564,0.05006922768959288,0.16380932870797554,0.029138536533501427,0.0935460163059874,0.1671607521645271,554
ses06_hd95_whole,gaussian_seed_z_fraction,0.008178640573818957,0.019828977180776804,0.025390694985988494,0.004549803270604047,0.02072098225348144,0.025860173122690393,554
ses06_hd95_whole,core_threshold,-0.006929032337050958,0.012039814059359588,0.010281158425534375,0.0028959409605846622,-0.005331915854909369,0.01062198554919788,554
ses06_hd95_whole,edema_threshold_ratio,0.0171725095960664,0.01967632356315076,0.024948285106614548,0.005348342580904528,0.01982651944627134,0.028063020608831216,554
ses06_dice_star_core,front_speed_mm_per_day,0.07769756858137924,0.046905530480690724,0.2531247030569885,0.041302303722929035,0.14038413228589183,0.25218799592283736,1024
ses06_dice_star_core,front_width_mm,0.037581475032093095,0.04104155155101103,0.24523610728673037,0.04596607694731083,0.06559404392609845,0.23766747273082744,1024
ses06_dice_star_core,seed_peak_density,0.0028499202934509156,0.005457840136046389,0.0040178300462038845,0.0008994814762184763,0.0032917816516723273,0.004411853994026632,1024
ses06_dice_star_core,seed_sigma_mm,0.019787978132569977,0.027071919203948115,0.11853999261421268,0.01962930031972865,0.014231067441818929,0.12769594496627254,1024
ses06_dice_star_core,preop_time,0.017488474524417076,0.018249345874830642,0.04574735757242725,0.010096809585863167,0.018805630047576873,0.052233422901020454,1024
ses06_dice_star_core,diffusivity_ratio,0.0048591550481747,0.00688420331771824,0.005572255140443852,0.0018239878274455255,0.003468986611920613,0.006561700407897972,1024
ses06_dice_star_core,chemo_kill_rate,0.13036327239007997,0.05050992132998928,0.32634157775778855,0.055077269483506684,0.15704514009026688,0.3368168021099993,1024
ses06_dice_star_core,rt_alpha,0.2488372393522972,0.058095326481975094,0.5323011130659978,0.06792467332000522,0.27992836804760585,0.5324712402510263,1024
ses06_dice_star_core,rt_alpha_beta_ratio,0.0006521275951075165,0.013000929728182335,0.014270707268038073,0.010506970290301166,0.008359178230474764,0.023241161691869454,1024
ses06_dice_star_core,gaussian_seed_x_fraction,0.0020102991298509456,0.016051583866263427,0.0374104881613167,0.006592949040586571,0.009885687755872582,0.03713877301778983,1024
ses06_dice_star_core,gaussian_seed_y_fraction,0.009119494822079827,0.026579314587039923,0.11526897053470209,0.022627043441288366,0.0007161155981454711,0.11134656835868738,1024
ses06_dice_star_core,gaussian_seed_z_fraction,0.020140937400461193,0.01706763269987432,0.03722063554117726,0.008532925470066878,0.02384962595720567,0.036642771757346995,1024
ses06_dice_star_core,core_threshold,0.0,0.0,0.0,0.0,0.0,0.0,1024
ses06_dice_star_core,edema_threshold_ratio,0.0,0.0,0.0,0.0,0.0,0.0,1024
ses06_dice_star_whole,front_speed_mm_per_day,0.1639215855270085,0.04850735853166322,0.2776309490258448,0.03688246385191507,0.17072753420816658,0.2957304207262193,1024
ses06_dice_star_whole,front_width_mm,0.054244182455499265,0.03458229150517944,0.1700928948496877,0.03300351754780476,0.06350357234631605,0.1714400830276403,1024
ses06_dice_star_whole,seed_peak_density,0.0036602074251506846,0.005259184367661281,0.00337129681187464,0.0005279713193803088,0.006930613964695305,0.003167629098066612,1024
ses06_dice_star_whole,seed_sigma_mm,0.06909216222361464,0.03549819458536965,0.16043703927187797,0.02049245520955361,0.058811941394670594,0.1632525210429354,1024
ses06_dice_star_whole,preop_time,0.02065296365385909,0.019123600206451784,0.055064130488501596,0.010153154772542193,0.016212609530719107,0.05364353373442604,1024
ses06_dice_star_whole,diffusivity_ratio,-0.004955060574807468,0.007260878959849344,0.0058515020007984244,0.0014250195255122368,-0.003375847880824596,0.005159019994886751,1024
ses06_dice_star_whole,chemo_kill_rate,0.06966704296797578,0.03671290526415818,0.17841114581547438,0.03288862644152042,0.05775481020259818,0.16977666336243283,1024
ses06_dice_star_whole,rt_alpha,0.3117370896877055,0.05832028563887428,0.4545725714558624,0.057070935198527156,0.31454542463123186,0.4661863139796868,1024
ses06_dice_star_whole,rt_alpha_beta_ratio,0.0018785897670148823,0.005900150199770467,0.007379821597479284,0.00690247914143948,-0.004790722797618056,0.0031410331229751723,1024
ses06_dice_star_whole,gaussian_seed_x_fraction,0.019817641608381956,0.01659456943316101,0.03866540284812529,0.006080607820288372,0.033035476710494116,0.039841983293447826,1024
ses06_dice_star_whole,gaussian_seed_y_fraction,-0.0010350000558632978,0.0163099323347203,0.039255071067022945,0.006294542608796013,-0.004895625634166258,0.0377360493987428,1024
ses06_dice_star_whole,gaussian_seed_z_fraction,0.030010113136644125,0.017118578663244635,0.03900733821785459,0.006435109397273867,0.02874255007942932,0.035250242850546065,1024
ses06_dice_star_whole,core_threshold,0.0,0.0,0.0,0.0,0.0,0.0,1024
ses06_dice_star_whole,edema_threshold_ratio,0.0,0.0,0.0,0.0,0.0,0.0,1024
ses06_core_threshold_star,front_speed_mm_per_day,0.23722054622859243,0.09203213305190372,0.48925879826334245,0.10035238517002927,0.18922049501382898,0.5104180184610849,1024
ses06_core_threshold_star,front_width_mm,0.05185485027868376,0.047322717485541704,0.413822039011506,0.09917975294356626,0.05879169573468752,0.4590793604290772,1024
ses06_core_threshold_star,seed_peak_density,-0.0026706911610205578,0.008489791355123594,0.011838300134595182,0.0059089859078883325,0.002961229129217877,0.011175762292681989,1024
ses06_core_threshold_star,seed_sigma_mm,0.04676630859004166,0.06010563443383158,0.3313859928187775,0.08950981563168442,0.08158045564900712,0.2813148914611044,1024
ses06_core_threshold_star,preop_time,0.031111254097980233,0.03514636119071269,0.14171395781559193,0.05219720904051403,0.06293699019409395,0.11559929121492928,1024
ses06_core_threshold_star,diffusivity_ratio,-0.0045078098959102485,0.009078931822006914,0.03482361280468509,0.01719646938478493,-0.003030207947690013,0.03509887845045437,1024
ses06_core_threshold_star,chemo_kill_rate,0.045812243942162045,0.05082375870000062,0.24411093343234594,0.0741342523821205,0.024555606733082998,0.25564556244510045,1024
ses06_core_threshold_star,rt_alpha,0.06180797402608361,0.05059250848810544,0.40846456011847754,0.10628134187496624,0.012982257010814418,0.4499990535662731,1024
ses06_core_threshold_star,rt_alpha_beta_ratio,0.001648200264127223,0.007486693527760242,0.0019010408975262333,0.0007614843203535619,0.007934269410289933,0.0019208341440547162,1024
ses06_core_threshold_star,gaussian_seed_x_fraction,0.014813201719780435,0.02861169251480715,0.09669385292417523,0.039786927594931396,0.0062760493093676865,0.07630950190471918,1024
ses06_core_threshold_star,gaussian_seed_y_fraction,0.031186768745226953,0.03214770338524807,0.14871324475648398,0.052509645428169105,0.05524060818001819,0.20029061483915997,1024
ses06_core_threshold_star,gaussian_seed_z_fraction,0.01100449564780787,0.0190269777389597,0.04674832388916784,0.02098817744555102,0.03002454418131691,0.05500570503429415,1024
ses06_core_threshold_star,core_threshold,0.0,0.0,0.0,0.0,0.0,0.0,1024
ses06_core_threshold_star,edema_threshold_ratio,0.0,0.0,0.0,0.0,0.0,0.0,1024
ses06_edema_threshold_star,front_speed_mm_per_day,0.13126128629739148,0.08470258624561822,0.5666105738601663,0.14951623241563822,0.15023282095399645,0.49255647470041786,1024
ses06_edema_threshold_star,front_width_mm,0.030339784829898204,0.07010315274130323,0.41448336767736244,0.1242356069814909,0.02572157356224353,0.4481131606038859,1024
ses06_edema_threshold_star,seed_peak_density,0.009560674695407275,0.016391354686440252,0.028400827771651017,0.02912725458797026,0.001410692624369303,0.03510172578324817,1024
ses06_edema_threshold_star,seed_sigma_mm,0.047872591295436265,0.05225228283949873,0.36822657393046543,0.11899892658112454,0.07993344339481813,0.38045741494101243,1024
ses06_edema_threshold_star,preop_time,0.06213400198924424,0.05956139387479805,0.21047544145624544,0.08127566844213123,0.10639422763265709,0.18371790349458111,1024
ses06_edema_threshold_star,diffusivity_ratio,0.03488305157865369,0.05000282997111809,0.10699519769419023,0.0552578538743037,0.052853839748856365,0.11040058915699022,1024
ses06_edema_threshold_star,chemo_kill_rate,-0.005609217719541821,0.015499492388227919,0.12864731391614198,0.06043690315071763,-0.0070722612990867404,0.11719447156665116,1024
ses06_edema_threshold_star,rt_alpha,0.04489277536918,0.05840282489708873,0.3260471267448451,0.11321952071121638,0.016044244274572815,0.28590921807323105,1024
ses06_edema_threshold_star,rt_alpha_beta_ratio,0.0002532208511460952,0.0008550919719412737,0.0016871778874248135,0.0009959429243213665,-0.00047023087478976485,0.0011323137349434891,1024
ses06_edema_threshold_star,gaussian_seed_x_fraction,0.03960455463886045,0.05408993483218533,0.1817934173700236,0.07310760835167479,0.0524889339553687,0.2055149428922433,1024
ses06_edema_threshold_star,gaussian_seed_y_fraction,0.0028327302075140774,0.018023393011110864,0.1512836172390916,0.06922408885600374,0.0038182415300389264,0.1709793739764669,1024
ses06_edema_threshold_star,gaussian_seed_z_fraction,-0.02450820508328245,0.0555229981414644,0.1382079886115493,0.06524097235988119,-0.046319538051380955,0.15852392289208855,1024
ses06_edema_threshold_star,core_threshold,0.0,0.0,0.0,0.0,0.0,0.0,1024
ses06_edema_threshold_star,edema_threshold_ratio,0.0,0.0,0.0,0.0,0.0,0.0,1024
ses06_dice_core_fixed,front_speed_mm_per_day,0.08045177344463078,0.06515648412310213,0.3737769165161635,0.06712803606099861,0.12315152345773361,0.4042859258324625,1024
ses06_dice_core_fixed,front_width_mm,0.07461910916471413,0.05032518590115889,0.3476456514066178,0.0689851508500161,0.058439145749940545,0.3181934796042052,1024
ses06_dice_core_fixed,seed_peak_density,-0.004390429496855863,0.00609432717607565,0.006314387071024214,0.0022506427813652847,-0.0018191480226090356,0.005116753260665954,1024
ses06_dice_core_fixed,seed_sigma_mm,0.006398205043826852,0.03186930314063433,0.15285279963001366,0.034464690950027285,0.024029494638992576,0.15403741183649744,1024
ses06_dice_core_fixed,preop_time,0.006602919213202326,0.020633494243057562,0.07450065303022808,0.020921360272880076,0.0015226684721537382,0.08991945577855719,1024
ses06_dice_core_fixed,diffusivity_ratio,-0.00047992010956255407,0.005427020622061634,0.009516115539693693,0.007462204187745372,-0.005099672272893255,0.006844521791469481,1024
ses06_dice_core_fixed,chemo_kill_rate,0.17904401744950096,0.061550892230058135,0.46808756991856987,0.08561168617829089,0.1658391418122002,0.45149778194661566,1024
ses06_dice_core_fixed,rt_alpha,0.1747587971476419,0.0627458386220184,0.6006785121716804,0.09686046294568083,0.14997638039956215,0.5942176119566026,1024
ses06_dice_core_fixed,rt_alpha_beta_ratio,-0.0011776768779429127,0.0034780752438840087,0.001808132768224055,0.0013156933517282294,0.0008545173498092648,0.0010431417438662586,1024
ses06_dice_core_fixed,gaussian_seed_x_fraction,0.006843203784990222,0.018882035014080843,0.0363860577445781,0.010639292111635652,0.009645873783825186,0.032652013656393135,1024
ses06_dice_core_fixed,gaussian_seed_y_fraction,0.010833687829953424,0.027426669208150747,0.10743914413185693,0.03199567541530537,0.013127774787960957,0.10950076149551032,1024
ses06_dice_core_fixed,gaussian_seed_z_fraction,-0.0007116000715100666,0.014066055959156611,0.028496935212632163,0.007766921083918903,-0.0049473159068312,0.027531947335696635,1024
ses06_dice_core_fixed,core_threshold,0.0,0.0,0.0,0.0,0.0,0.0,1024
ses06_dice_core_fixed,edema_threshold_ratio,0.0,0.0,0.0,0.0,0.0,0.0,1024
ses06_dice_whole_fixed,front_speed_mm_per_day,0.15237626455267642,0.05703898287798224,0.3012037382253781,0.042819105247453616,0.19966772213449205,0.3143585518140126,1024
ses06_dice_whole_fixed,front_width_mm,0.06388278512663201,0.03869275908379752,0.2139982479831527,0.03832259000063764,0.07657100109441145,0.21625009351906974,1024
ses06_dice_whole_fixed,seed_peak_density,0.00028614668315458014,0.005602376101289939,0.003940205184503291,0.0008240446760346524,0.007508658532948048,0.00402788797222856,1024
ses06_dice_whole_fixed,seed_sigma_mm,0.061783558850584654,0.03487973329450953,0.14789152515719003,0.022189419377279584,0.05554678528034404,0.14708784313354623,1024
ses06_dice_whole_fixed,preop_time,0.019544056503796554,0.019519980076529546,0.055594000204752476,0.012169991635445148,0.015321425713866528,0.06184987090974471,1024
ses06_dice_whole_fixed,diffusivity_ratio,-0.0023282024391470986,0.005810163283967215,0.005110633792431094,0.0014742230846189121,-0.006712127738731748,0.004807323690903949,1024
ses06_dice_whole_fixed,chemo_kill_rate,0.0990515501437327,0.0447755568163588,0.291479769673017,0.05254250270538073,0.10909867162759794,0.30213071304723477,1024
ses06_dice_whole_fixed,rt_alpha,0.22510043554669945,0.05634759243965701,0.48835348006472057,0.06716147148182938,0.22898460847278213,0.5072324495882335,1024
ses06_dice_whole_fixed,rt_alpha_beta_ratio,-0.0024882956093636587,0.008312351246757879,0.010366778928194384,0.008990272920689848,0.002329034390386498,0.01807523751402352,1024
ses06_dice_whole_fixed,gaussian_seed_x_fraction,0.016141718313928705,0.014686513811207181,0.03234912652660173,0.00623045717654205,0.019315662580669208,0.029060607036408198,1024
ses06_dice_whole_fixed,gaussian_seed_y_fraction,-0.005655217534774416,0.013458895657263473,0.029303445445786874,0.0061057607397162665,-0.007432282465573009,0.029412282810067625,1024
ses06_dice_whole_fixed,gaussian_seed_z_fraction,0.015405378016946634,0.015486563527576748,0.030089281215223303,0.005645987614320027,0.01653344314454028,0.03024536369026072,1024
ses06_dice_whole_fixed,core_threshold,0.0,0.0,0.0,0.0,0.0,0.0,1024
ses06_dice_whole_fixed,edema_threshold_ratio,0.0,0.0,0.0,0.0,0.0,0.0,1024
ses06_log10_V_core_fixed,front_speed_mm_per_day,0.08820634715429825,0.041168897266122946,0.23089977628454067,0.03692209290821337,0.14495211739618194,0.2685721335073794,1024
ses06_log10_V_core_fixed,front_width_mm,0.08151834434662464,0.040488177882180565,0.21238119113524936,0.03265511727719504,0.10024181933675545,0.23319073656473585,1024
ses06_log10_V_core_fixed,seed_peak_density,0.0007900514976568646,0.010818205383599339,0.015335429028512095,0.005874975673334383,0.005707390893875015,0.017248687666006512,1024
ses06_log10_V_core_fixed,seed_sigma_mm,0.05652499769221179,0.031763989432762096,0.1405876365375381,0.022365832055558543,0.05929882442773651,0.13021876054020834,1024
ses06_log10_V_core_fixed,preop_time,0.006159953701659443,0.015731225061396105,0.03348870795409108,0.009124588772733876,0.0036816248239815697,0.02861806178203488,1024
ses06_log10_V_core_fixed,diffusivity_ratio,-0.002583482243602721,0.0065631463528849,0.0059856107990657655,0.00395787637191664,-0.005259427009625428,0.00487772713140892,1024
ses06_log10_V_core_fixed,chemo_kill_rate,0.4276799645785883,0.06669438385106856,0.6604470056318457,0.06133952623231795,0.4387190367138215,0.6462944087981147,1024
ses06_log10_V_core_fixed,rt_alpha,0.03460101649719844,0.02708359666611936,0.10341901666943502,0.019839102043356583,0.038522301448191854,0.096932459393786,1024
ses06_log10_V_core_fixed,rt_alpha_beta_ratio,0.0011366268531674602,0.0030299486937152673,0.00122431270069093,0.0011218384410089165,-0.000472466831614017,0.0002671575200868106,1024
ses06_log10_V_core_fixed,gaussian_seed_x_fraction,0.00836041270829967,0.018762552581143545,0.047589955767924186,0.011908459519426476,0.016576730172516183,0.04729388170782568,1024
ses06_log10_V_core_fixed,gaussian_seed_y_fraction,0.006514585673635223,0.013888294604797242,0.02495820050431945,0.007489494736181907,0.0024574766346551606,0.0264676139051242,1024
ses06_log10_V_core_fixed,gaussian_seed_z_fraction,0.019185266871125282,0.018932938598899617,0.05289847999987805,0.012440512205912907,0.022851421968035513,0.047718012049937676,1024
ses06_log10_V_core_fixed,core_threshold,0.0,0.0,0.0,0.0,0.0,0.0,1024
ses06_log10_V_core_fixed,edema_threshold_ratio,0.0,0.0,0.0,0.0,0.0,0.0,1024
ses06_log10_V_whole_fixed,front_speed_mm_per_day,0.07015606929650887,0.033769133770271575,0.15723495566942036,0.030351377749083242,0.08511314500845044,0.1689424448864227,1024
ses06_log10_V_whole_fixed,front_width_mm,0.03962366898951597,0.03323890955195014,0.17492402514471256,0.03542489662157212,0.04434194616476411,0.17551620158135267,1024
ses06_log10_V_whole_fixed,seed_peak_density,-0.0003033591770293106,0.008184227372213188,0.011044158435714178,0.004576958541494108,-0.006168072072455333,0.009945264170759293,1024
ses06_log10_V_whole_fixed,seed_sigma_mm,0.07534753910401172,0.03541603385853518,0.15514033233594735,0.024999581296478425,0.09907126847693572,0.1745163953070055,1024
ses06_log10_V_whole_fixed,preop_time,0.011235745298173597,0.011208719110155363,0.01860974800710584,0.005693452545827298,0.010154815262209141,0.01773341427721231,1024
ses06_log10_V_whole_fixed,diffusivity_ratio,-0.0035357674709397087,0.006648615824868575,0.006721082960742458,0.004149681450568548,-0.004482098318899715,0.007059676669409006,1024
ses06_log10_V_whole_fixed,chemo_kill_rate,0.44997339206348586,0.07961999693698708,0.6490046066508754,0.0627871580068755,0.4270081810113249,0.6346016312862214,1024
ses06_log10_V_whole_fixed,rt_alpha,0.0486992898160905,0.0325395377070022,0.14086622273808597,0.02603180237669769,0.06356157552752702,0.14872226458267462,1024
ses06_log10_V_whole_fixed,rt_alpha_beta_ratio,-0.0010186468263844112,0.003771418982326669,0.0018787241429802431,0.002232835889378383,0.000660231049848803,0.0008557558022485323,1024
ses06_log10_V_whole_fixed,gaussian_seed_x_fraction,0.013323960085335033,0.016765063569428106,0.049122488335795515,0.01286608345503509,0.02106273068305751,0.05138809464095143,1024
ses06_log10_V_whole_fixed,gaussian_seed_y_fraction,-5.061393227265439e-05,0.011353282082383528,0.019741286899201353,0.005954361104721876,0.0010772162836463226,0.01997876585645285,1024
ses06_log10_V_whole_fixed,gaussian_seed_z_fraction,0.02763679237683701,0.023069977908714175,0.061285932831812134,0.016833633205674853,0.03741180885613907,0.07043780081525991,1024
ses06_log10_V_whole_fixed,core_threshold,0.0,0.0,0.0,0.0,0.0,0.0,1024
ses06_log10_V_whole_fixed,edema_threshold_ratio,0.0,0.0,0.0,0.0,0.0,0.0,1024
ses06_log_vol_ratio_core_fixed,front_speed_mm_per_day,0.08820634715429825,0.041168897266122946,0.23089977628454067,0.036922092908213376,0.14495211739618194,0.2685721335073794,1024
ses06_log_vol_ratio_core_fixed,front_width_mm,0.08151834434662464,0.040488177882180565,0.21238119113524936,0.03265511727719504,0.10024181933675544,0.23319073656473585,1024
ses06_log_vol_ratio_core_fixed,seed_peak_density,0.0007900514976568641,0.010818205383599339,0.015335429028512095,0.005874975673334383,0.005707390893875015,0.017248687666006512,1024
ses06_log_vol_ratio_core_fixed,seed_sigma_mm,0.05652499769221179,0.0317639894327621,0.1405876365375381,0.022365832055558543,0.05929882442773651,0.13021876054020834,1024
ses06_log_vol_ratio_core_fixed,preop_time,0.006159953701659443,0.015731225061396105,0.03348870795409108,0.009124588772733875,0.0036816248239815706,0.02861806178203488,1024
ses06_log_vol_ratio_core_fixed,diffusivity_ratio,-0.0025834822436027216,0.0065631463528849,0.005985610799065765,0.003957876371916641,-0.005259427009625428,0.0048777271314089194,1024
ses06_log_vol_ratio_core_fixed,chemo_kill_rate,0.4276799645785883,0.06669438385106856,0.6604470056318457,0.06133952623231795,0.43871903671382156,0.6462944087981147,1024
ses06_log_vol_ratio_core_fixed,rt_alpha,0.03460101649719844,0.027083596666119356,0.10341901666943502,0.019839102043356583,0.038522301448191854,0.096932459393786,1024
ses06_log_vol_ratio_core_fixed,rt_alpha_beta_ratio,0.00113662685316746,0.0030299486937152673,0.00122431270069093,0.0011218384410089162,-0.00047246683161401723,0.0002671575200868107,1024
ses06_log_vol_ratio_core_fixed,gaussian_seed_x_fraction,0.008360412708299672,0.018762552581143545,0.047589955767924186,0.011908459519426476,0.016576730172516183,0.04729388170782569,1024
ses06_log_vol_ratio_core_fixed,gaussian_seed_y_fraction,0.006514585673635223,0.013888294604797242,0.024958200504319454,0.007489494736181907,0.0024574766346551614,0.0264676139051242,1024
ses06_log_vol_ratio_core_fixed,gaussian_seed_z_fraction,0.01918526687112528,0.018932938598899617,0.05289847999987805,0.012440512205912907,0.02285142196803551,0.047718012049937676,1024
ses06_log_vol_ratio_core_fixed,core_threshold,0.0,0.0,0.0,0.0,0.0,0.0,1024
ses06_log_vol_ratio_core_fixed,edema_threshold_ratio,0.0,0.0,0.0,0.0,0.0,0.0,1024
ses06_log_vol_ratio_whole_fixed,front_speed_mm_per_day,0.07015606929650887,0.03376913377027157,0.15723495566942036,0.030351377749083242,0.08511314500845045,0.16894244488642274,1024
ses06_log_vol_ratio_whole_fixed,front_width_mm,0.03962366898951597,0.033238909551950135,0.17492402514471256,0.03542489662157212,0.04434194616476411,0.1755162015813527,1024
ses06_log_vol_ratio_whole_fixed,seed_peak_density,-0.0003033591770293106,0.008184227372213188,0.011044158435714177,0.004576958541494108,-0.0061680720724553335,0.009945264170759293,1024
ses06_log_vol_ratio_whole_fixed,seed_sigma_mm,0.07534753910401172,0.03541603385853518,0.15514033233594735,0.024999581296478425,0.09907126847693574,0.1745163953070055,1024
ses06_log_vol_ratio_whole_fixed,preop_time,0.011235745298173597,0.011208719110155363,0.01860974800710584,0.005693452545827298,0.010154815262209146,0.017733414277212315,1024
ses06_log_vol_ratio_whole_fixed,diffusivity_ratio,-0.003535767470939708,0.006648615824868574,0.006721082960742458,0.004149681450568548,-0.0044820983188997125,0.007059676669409005,1024
ses06_log_vol_ratio_whole_fixed,chemo_kill_rate,0.44997339206348586,0.07961999693698708,0.6490046066508754,0.0627871580068755,0.427008181011325,0.6346016312862215,1024
ses06_log_vol_ratio_whole_fixed,rt_alpha,0.0486992898160905,0.0325395377070022,0.14086622273808597,0.02603180237669769,0.06356157552752704,0.14872226458267465,1024
ses06_log_vol_ratio_whole_fixed,rt_alpha_beta_ratio,-0.0010186468263844108,0.0037714189823266687,0.0018787241429802431,0.002232835889378383,0.000660231049848803,0.0008557558022485323,1024
ses06_log_vol_ratio_whole_fixed,gaussian_seed_x_fraction,0.013323960085335033,0.01676506356942811,0.049122488335795515,0.01286608345503509,0.021062730683057525,0.05138809464095144,1024
ses06_log_vol_ratio_whole_fixed,gaussian_seed_y_fraction,-5.061393227265461e-05,0.011353282082383526,0.019741286899201353,0.005954361104721876,0.0010772162836463293,0.01997876585645285,1024
ses06_log_vol_ratio_whole_fixed,gaussian_seed_z_fraction,0.027636792376837013,0.023069977908714172,0.061285932831812134,0.016833633205674853,0.037411808856139074,0.07043780081525992,1024
ses06_log_vol_ratio_whole_fixed,core_threshold,0.0,0.0,0.0,0.0,0.0,0.0,1024
ses06_log_vol_ratio_whole_fixed,edema_threshold_ratio,0.0,0.0,0.0,0.0,0.0,0.0,1024
ses06_msd_core_fixed,front_speed_mm_per_day,0.1281047861813665,0.13055143285518575,0.4546854907059289,0.15194842767801497,0.19270191973556425,0.3978115376901909,207
ses06_msd_core_fixed,front_width_mm,0.22148640140022602,0.13376674322361878,0.470951690518016,0.13675713486890745,0.32268127990998996,0.5435526946707058,207
ses06_msd_core_fixed,seed_peak_density,-0.0029851930196961845,0.021694616121335997,0.023336161462349,0.02153925367072562,-0.024660469984065,0.013571945840990012,207
ses06_msd_core_fixed,seed_sigma_mm,0.08116631748525835,0.13102624123321782,0.33604504109055844,0.10576408297184038,0.06479720483606825,0.3009645613260915,207
ses06_msd_core_fixed,preop_time,0.03833589581098962,0.07611655385887402,0.13094848514270524,0.05014161835729171,0.049997717037656014,0.13705811949965363,207
ses06_msd_core_fixed,diffusivity_ratio,0.020345584839144976,0.050239120959803665,0.021341049372942972,0.013037833188308517,0.004409581981308142,0.01352496587055286,207
ses06_msd_core_fixed,chemo_kill_rate,0.01879972719659514,0.045782394175132,0.05810308626348728,0.0296633793872527,0.0031977993466618423,0.05140028032889422,207
ses06_msd_core_fixed,rt_alpha,0.31127205195379487,0.13670853891696996,0.5224364751143648,0.17203271007431692,0.31551455136438417,0.47026871792828795,207
ses06_msd_core_fixed,rt_alpha_beta_ratio,-0.00043020431694565234,0.0034095445082376733,0.0006215517540884747,0.0007138091159288178,0.0005716357626187367,0.00012877801236492174,207
ses06_msd_core_fixed,gaussian_seed_x_fraction,0.022529781834007844,0.04246056972572206,0.06054486529087297,0.019900939877156697,0.02296531872059405,0.054650543123375375,207
ses06_msd_core_fixed,gaussian_seed_y_fraction,0.028965930586628757,0.05429162121026722,0.06118092553279893,0.019601249730074783,0.019969810126234604,0.06667372056719807,207
ses06_msd_core_fixed,gaussian_seed_z_fraction,0.05751568717141414,0.07476583275037801,0.06247693726348333,0.04598470587736985,-0.0011996687599292808,0.041380165504747345,207
ses06_msd_core_fixed,core_threshold,0.0,0.0,0.0,0.0,0.0,0.0,207
ses06_msd_core_fixed,edema_threshold_ratio,0.0,0.0,0.0,0.0,0.0,0.0,207
ses06_msd_whole_fixed,front_speed_mm_per_day,0.21665199884911746,0.0739680965815706,0.31694343849187706,0.05815565578152556,0.24588286308305105,0.33870798611784575,507
ses06_msd_whole_fixed,front_width_mm,0.1456241921344534,0.05582923252288329,0.23037985330291189,0.05526988305315077,0.17772236274468178,0.2709687508785951,507
ses06_msd_whole_fixed,seed_peak_density,0.01322787473101238,0.010534496729787738,0.007613591041985299,0.0017081432967405328,0.02292347438055924,0.007996615730021604,507
ses06_msd_whole_fixed,seed_sigma_mm,0.1787922500083123,0.07397314287473436,0.32860128323196736,0.049198242782150854,0.18317626324104844,0.34742138540243445,507
ses06_msd_whole_fixed,preop_time,0.04255992374639415,0.032806344949568876,0.06080429741099921,0.013838926163941266,0.04602386893747267,0.06922381867375706,507
ses06_msd_whole_fixed,diffusivity_ratio,0.0014432181984444137,0.01347390138669834,0.007844586698591016,0.003319598924232636,-0.0028432717006405435,0.008670359174128468,507
ses06_msd_whole_fixed,chemo_kill_rate,0.020201391280726216,0.040480289476406243,0.096551012522626,0.035954167901879414,0.03974310422821452,0.10514189983550178,507
ses06_msd_whole_fixed,rt_alpha,0.24938403114078475,0.07891393477881269,0.34871949970420435,0.06241510070425823,0.24773060889975854,0.3421303189779064,507
ses06_msd_whole_fixed,rt_alpha_beta_ratio,-0.0008608889309718254,0.005516742061779574,0.0039133970847450685,0.0030206865327087238,0.0009053970840255209,0.004408964213760987,507
ses06_msd_whole_fixed,gaussian_seed_x_fraction,0.017997032155375632,0.024123648968525903,0.03517129366768149,0.0073953497692195325,0.02668471127964065,0.03689062154850372,507
ses06_msd_whole_fixed,gaussian_seed_y_fraction,0.01663753793781375,0.028957793603314127,0.04070301790360922,0.007587661568175513,0.010720023976221177,0.04178195994144364,507
ses06_msd_whole_fixed,gaussian_seed_z_fraction,0.0032594109348027594,0.017619675631730176,0.022108182897870247,0.004787867317445941,0.00313279069083126,0.023187350279091627,507
ses06_msd_whole_fixed,core_threshold,0.0,0.0,0.0,0.0,0.0,0.0,507
ses06_msd_whole_fixed,edema_threshold_ratio,0.0,0.0,0.0,0.0,0.0,0.0,507
ses06_hd95_core_fixed,front_speed_mm_per_day,0.09291994987927008,0.13475599829912208,0.4820849002838538,0.14399278143695685,0.1705730828461765,0.4460066241549991,207
ses06_hd95_core_fixed,front_width_mm,0.13738464844906373,0.12051127853797873,0.4312660288239214,0.12530450850301264,0.22587797320278669,0.4526463591024698,207
ses06_hd95_core_fixed,seed_peak_density,0.0033584089395943865,0.021876489905261264,0.017305359052934,0.00934926145270601,-0.017620846068772608,0.01373484538529803,207
ses06_hd95_core_fixed,seed_sigma_mm,-0.0014008753616017284,0.11854653706479604,0.3426446631039794,0.09793953155393843,-0.046423419201767346,0.3421262098859399,207
ses06_hd95_core_fixed,preop_time,0.03245582316378191,0.07652000143143148,0.19279733740624014,0.07719382527989131,0.055936104125555504,0.24115622551862545,207
ses06_hd95_core_fixed,diffusivity_ratio,0.015656650690156565,0.04230751253299117,0.020820828694701223,0.013546227469469853,-0.004119594136223395,0.014800538118905531,207
ses06_hd95_core_fixed,chemo_kill_rate,0.010787802910201323,0.03161750727446474,0.042539545950106845,0.02068451632734294,-0.005920590098600772,0.04225070809254616,207
ses06_hd95_core_fixed,rt_alpha,0.25308815888934777,0.133903532355992,0.5206977263362886,0.14573632437277007,0.23830595754554798,0.4614165841712814,207
ses06_hd95_core_fixed,rt_alpha_beta_ratio,-0.001755346469937877,0.0033952067048829055,0.0010852603647322429,0.0013452376610802019,-0.0012621920175580122,0.00016226776739643056,207
ses06_hd95_core_fixed,gaussian_seed_x_fraction,-0.02552621482190582,0.05057009584567347,0.09166051058316706,0.026992738460735723,-0.03213269601792224,0.10605390008778495,207
ses06_hd95_core_fixed,gaussian_seed_y_fraction,0.057310711236957065,0.071181578368271,0.1467925714352862,0.05438161015548059,0.04449241790641688,0.1563889542331372,207
ses06_hd95_core_fixed,gaussian_seed_z_fraction,0.0256376103667022,0.0582156346592714,0.06664353249507594,0.025144109936907837,-0.012557755607526604,0.06335534423969648,207
ses06_hd95_core_fixed,core_threshold,0.0,0.0,0.0,0.0,0.0,0.0,207
ses06_hd95_core_fixed,edema_threshold_ratio,0.0,0.0,0.0,0.0,0.0,0.0,207
ses06_hd95_whole_fixed,front_speed_mm_per_day,0.24995210470565515,0.0786614220011404,0.3573399908084445,0.057839511863065726,0.25996429670802723,0.3644778166683615,507
ses06_hd95_whole_fixed,front_width_mm,0.13246126290345603,0.05977584485056506,0.21633691325753338,0.03997534640339416,0.15869289082346097,0.24324803199597458,507
ses06_hd95_whole_fixed,seed_peak_density,0.009814131451418882,0.009705294906018418,0.006436692259724361,0.0016252585478444298,0.01634673496489955,0.00759472655856475,507
ses06_hd95_whole_fixed,seed_sigma_mm,0.1562660470255066,0.0663727908921236,0.2714387731641819,0.036562954465613286,0.16815664674410713,0.2884815704506549,507
ses06_hd95_whole_fixed,preop_time,0.049369108911226894,0.038993526356133505,0.08918729258926651,0.01995597483695528,0.0690460313444739,0.09693026185159145,507
ses06_hd95_whole_fixed,diffusivity_ratio,0.008146475288003703,0.012848911322888658,0.007376031328031964,0.0033054348603893447,-0.00017175699155670267,0.0073660753751474605,507
ses06_hd95_whole_fixed,chemo_kill_rate,0.032491113259942736,0.03719559147727117,0.06646042139541726,0.022183901554526878,0.051931475658654504,0.0706332203681117,507
ses06_hd95_whole_fixed,rt_alpha,0.17015920437536472,0.06711762574539641,0.3019690318050767,0.055416212285290055,0.15590633866029807,0.3009834152732717,507
ses06_hd95_whole_fixed,rt_alpha_beta_ratio,9.966248594215001e-05,0.004707002517955078,0.004076273440569749,0.004178116423182563,0.002465770846864587,0.006713999445958014,507
ses06_hd95_whole_fixed,gaussian_seed_x_fraction,0.02555872931152362,0.029074895018028315,0.049112452647405054,0.008749946352034778,0.022087029790831436,0.04938325701893073,507
ses06_hd95_whole_fixed,gaussian_seed_y_fraction,0.10508654617752274,0.05723009041852852,0.16488242311031123,0.028533672190024797,0.0993839162655137,0.1658408437061491,507
ses06_hd95_whole_fixed,gaussian_seed_z_fraction,0.0028606319614696485,0.019818430558974736,0.02650223302583738,0.005396567718655931,0.009617741683102992,0.02551112583717051,507
ses06_hd95_whole_fixed,core_threshold,0.0,0.0,0.0,0.0,0.0,0.0,507
ses06_hd95_whole_fixed,edema_threshold_ratio,0.0,0.0,0.0,0.0,0.0,0.0,507
ses06_log10_mass,front_speed_mm_per_day,0.15173533497203595,0.03635482291611243,0.1750465939987685,0.0237789183336029,0.1558361701162735,0.18112349207654196,1024
ses06_log10_mass,front_width_mm,0.08158081384662966,0.02393873864858377,0.08156970906522454,0.010345616639596374,0.08302492524801297,0.0784872086917563,1024
ses06_log10_mass,seed_peak_density,0.004010217909178259,0.006487753759277729,0.0058160589071939335,0.0007631265220077395,0.004923875637629711,0.005506525787962448,1024
ses06_log10_mass,seed_sigma_mm,0.29080341460227577,0.050961590962081076,0.3521656948363219,0.03724852806094006,0.28963353796023655,0.3574881813340549,1024
ses06_log10_mass,preop_time,0.02166073865107577,0.014649674860725756,0.026727768760619833,0.003755520489480605,0.02138352417678975,0.027862185154498776,1024
ses06_log10_mass,diffusivity_ratio,0.002012385341755395,0.005788432181508821,0.004370496029636728,0.0008782267445395323,0.0009623645209298134,0.004425759381787581,1024
ses06_log10_mass,chemo_kill_rate,0.1631804916404831,0.037970612337504255,0.15619328233093566,0.018552827181122264,0.1630126476132267,0.151954087929358,1024
ses06_log10_mass,rt_alpha,0.1543304295738064,0.04313497666802046,0.24385503950532156,0.03592567771656663,0.15039836411890722,0.24280572921395724,1024
ses06_log10_mass,rt_alpha_beta_ratio,-0.00011278500308479391,0.0024257465498041903,0.0007760922347870186,0.00022476126201160956,-0.0012028799639463936,0.0009231590576853857,1024
ses06_log10_mass,gaussian_seed_x_fraction,0.007029624806803634,0.013242387810205355,0.02128366300620027,0.0064036272862252564,0.011500584637329074,0.02228929275833186,1024
ses06_log10_mass,gaussian_seed_y_fraction,0.0008145526938736506,0.00944762863122853,0.009192065672909878,0.0030971347010413895,0.00730578031542797,0.009358428896863969,1024
ses06_log10_mass,gaussian_seed_z_fraction,0.0068099422353813345,0.013880883215852204,0.021873461451417657,0.005610251024014576,0.005089414326649932,0.022752593725294642,1024
ses06_log10_mass,core_threshold,0.0,0.0,0.0,0.0,0.0,0.0,1024
ses06_log10_mass,edema_threshold_ratio,0.0,0.0,0.0,0.0,0.0,0.0,1024
ses06_centroid_drift,front_speed_mm_per_day,0.25251955429569545,0.08986596408315352,0.6272496559645215,0.10014101230656577,0.2537943953023017,0.5672515272447224,1024
ses06_centroid_drift,front_width_mm,0.04078571703105291,0.03424912705580062,0.15717873656332365,0.04091052983894193,0.04754594748316931,0.15284433856462618,1024
ses06_centroid_drift,seed_peak_density,0.004175783254603823,0.004035765234410355,0.0033259461435943484,0.0013540547889144452,0.0009211171572807912,0.0031320964697989415,1024
ses06_centroid_drift,seed_sigma_mm,-0.0032455252771349417,0.03573022916804915,0.15559044325213725,0.033218635640442556,0.0026019807503942062,0.18329459840610524,1024
ses06_centroid_drift,preop_time,0.03184666770163824,0.04841018105813685,0.21486748000185468,0.0473170868409923,0.07192699480755262,0.2163134667608038,1024
ses06_centroid_drift,diffusivity_ratio,0.00432838508970319,0.013981866671697754,0.031658740673342074,0.00980782159727012,-0.0008529017478724756,0.03195678688477868,1024
ses06_centroid_drift,chemo_kill_rate,-0.0017729455415421427,0.007712871015942025,0.005781411991856122,0.0019028148646653635,-0.0025283145044473075,0.006557251547760448,1024
ses06_centroid_drift,rt_alpha,0.03878378238436876,0.053542940207523364,0.3371002467627716,0.05782027209939293,0.045816863092630215,0.32167009864483775,1024
ses06_centroid_drift,rt_alpha_beta_ratio,0.0001415817723945236,0.003729651855478455,0.00215129602712102,0.000574756198268179,0.002751283112408908,0.0020103250508642814,1024
ses06_centroid_drift,gaussian_seed_x_fraction,-0.017759222710751716,0.02412256054545513,0.08653051244690102,0.019580499323983775,-0.014369642454235002,0.08176685419253936,1024
ses06_centroid_drift,gaussian_seed_y_fraction,-0.007669130705365716,0.02202619430106466,0.042340258677038854,0.017813000537372805,-0.012779090908047982,0.04427359287400444,1024
ses06_centroid_drift,gaussian_seed_z_fraction,-0.013232994347736433,0.022680606186984482,0.06578367370769017,0.02162377854109443,-0.005054843894012685,0.07336833405725042,1024
ses06_centroid_drift,core_threshold,0.0,0.0,0.0,0.0,0.0,0.0,1024
ses06_centroid_drift,edema_threshold_ratio,0.0,0.0,0.0,0.0,0.0,0.0,1024
ses06_R_g,front_speed_mm_per_day,0.314151094635111,0.057276119898796864,0.35956378186232435,0.04296727769852578,0.31915523137258767,0.362999673851302,1024
ses06_R_g,front_width_mm,0.013007654227983676,0.015886406804953263,0.03319456769388984,0.005937113611340595,0.024803728169738335,0.03386499408059004,1024
ses06_R_g,seed_peak_density,0.00565816236462921,0.0070970536315926955,0.006522514443237255,0.0008132112669063549,0.006177918930824362,0.006599322976235768,1024
ses06_R_g,seed_sigma_mm,0.4605204064591138,0.05944645716776738,0.475676012827178,0.045280814462832226,0.45804572008401895,0.4828758859885716,1024
ses06_R_g,preop_time,0.05939516554180013,0.02782367652784035,0.09240332817901574,0.013877494330987908,0.08304687449525286,0.09831429987433714,1024
ses06_R_g,diffusivity_ratio,0.02650794670809945,0.017009016671695257,0.03283047305572184,0.006574842655746544,0.022538585690180725,0.034024253349881586,1024
ses06_R_g,chemo_kill_rate,0.0004925132954335861,0.0029232885866788487,0.0010638098883520139,0.0002152603278846676,0.000547750763029339,0.0010762051765751538,1024
ses06_R_g,rt_alpha,0.014803274252755934,0.017075088231571223,0.03600044358724216,0.007328184042041714,0.01216712310061146,0.03788486251521499,1024
ses06_R_g,rt_alpha_beta_ratio,-0.0003346176960329991,0.0018065174694349082,0.00041718873704135,0.0001701291805955135,-0.00018960610019317202,0.0004376632349848511,1024
ses06_R_g,gaussian_seed_x_fraction,0.01874645093403497,0.013755352692213724,0.03430290138235174,0.00732664870894783,0.01545374986789876,0.03655648160884097,1024
ses06_R_g,gaussian_seed_y_fraction,0.0010219566066777919,0.011614856157712199,0.017764884785575506,0.0039010050845581542,-0.0012919021184501869,0.01724840733240159,1024
ses06_R_g,gaussian_seed_z_fraction,0.0007959198195415168,0.015853322175000108,0.03370728407151121,0.01244036105917546,0.004057617110603252,0.039417041835599985,1024
ses06_R_g,core_threshold,0.0,0.0,0.0,0.0,0.0,0.0,1024
ses06_R_g,edema_threshold_ratio,0.0,0.0,0.0,0.0,0.0,0.0,1024
ses06_log10_anisotropy,front_speed_mm_per_day,0.0400136668507124,0.04228214665065271,0.25555714432261717,0.04129627392543708,0.027774981351193037,0.2611693244679693,1024
ses06_log10_anisotropy,front_width_mm,0.005843948833342672,0.02340234270122281,0.06040923683193132,0.014457168534836471,0.010152938313222497,0.05152875137188441,1024
ses06_log10_anisotropy,seed_peak_density,0.004372184862547414,0.01010805230015415,0.00849995107000999,0.0032605222203467388,0.0015068018520902912,0.008986301092096955,1024
ses06_log10_anisotropy,seed_sigma_mm,-0.004190627652047918,0.041980086894272066,0.2624552916451429,0.03676240677853539,-0.009222416265602091,0.29617338019176054,1024
ses06_log10_anisotropy,preop_time,-0.00014708673513953363,0.023624178781710685,0.08952791277281738,0.021326907838608224,-0.0228656673208627,0.10059509107211814,1024
ses06_log10_anisotropy,diffusivity_ratio,0.0020611930904269873,0.021215252728638664,0.049487963672212115,0.015832347495842912,0.006702570834640844,0.056099579441646556,1024
ses06_log10_anisotropy,chemo_kill_rate,-0.00029095324750240734,0.004976630003354735,0.003207037804596029,0.001194262553816743,-0.003756064355978689,0.004253446565172611,1024
ses06_log10_anisotropy,rt_alpha,0.3177948798635249,0.09680446795684237,0.6023453922396548,0.08567106390155169,0.25855212515913284,0.6238489835713023,1024
ses06_log10_anisotropy,rt_alpha_beta_ratio,0.003003664585150389,0.011357661116036269,0.009308281326909393,0.0031040964006222513,0.0019285870706394741,0.00724056530379758,1024
ses06_log10_anisotropy,gaussian_seed_x_fraction,0.046901873607649476,0.05547528491263893,0.3040213985850607,0.051611564001944964,0.03022658099075739,0.3136681973487428,1024
ses06_log10_anisotropy,gaussian_seed_y_fraction,-0.01507009114965189,0.025629793343277633,0.1014246410569629,0.019106326663219125,-0.03249052061442519,0.1021900623962686,1024
ses06_log10_anisotropy,gaussian_seed_z_fraction,0.00949137110568093,0.024065486583167803,0.11110896439588651,0.02228034325050564,0.03435166991682641,0.12035385420306874,1024
ses06_log10_anisotropy,core_threshold,0.0,0.0,0.0,0.0,0.0,0.0,1024
ses06_log10_anisotropy,edema_threshold_ratio,0.0,0.0,0.0,0.0,0.0,0.0,1024
ses06_wm_fraction,front_speed_mm_per_day,0.054554865072894435,0.03106962186786839,0.14612608703178254,0.03613297223908542,0.054938318356865204,0.14517827904223216,1024
ses06_wm_fraction,front_width_mm,0.02604695836388609,0.018518071425082976,0.04970090511492811,0.011010068503756031,0.01902432017029866,0.052263057802715625,1024
ses06_wm_fraction,seed_peak_density,0.0014083747587066422,0.004800573814967174,0.0022675028987529334,0.0008548920351081333,-0.0009777488058879621,0.0026002058333722414,1024
ses06_wm_fraction,seed_sigma_mm,0.05478141344649182,0.036793461489799464,0.17270339110073588,0.02979001361256294,0.04003828329121252,0.18498545097859115,1024
ses06_wm_fraction,preop_time,0.0022501612902202373,0.016967096247035286,0.037929890768083535,0.01272719527005834,-0.006549560074449316,0.04260102673994652,1024
ses06_wm_fraction,diffusivity_ratio,0.010082705653222706,0.011507035736250344,0.020800813875651726,0.007029779013549451,0.011555507093477548,0.018006745338196857,1024
ses06_wm_fraction,chemo_kill_rate,0.0008493155657226698,0.0026712662275909984,0.00137526757569141,0.00045065615420991314,0.0012905805831810555,0.0014372183598033036,1024
ses06_wm_fraction,rt_alpha,0.15937366862419503,0.04402868982783105,0.2096352319137926,0.032864603702876694,0.1480940703787594,0.2015892074249572,1024
ses06_wm_fraction,rt_alpha_beta_ratio,0.002537958846547261,0.0034916758153663106,0.0010420440014545101,0.00033774756658722777,0.0028458893009233404,0.0010806729396503826,1024
ses06_wm_fraction,gaussian_seed_x_fraction,0.1317160089618766,0.0409038350994821,0.24916447236483572,0.04102910633998146,0.15808563555319363,0.2646580539591559,1024
ses06_wm_fraction,gaussian_seed_y_fraction,0.14680864446976044,0.04091863853444487,0.26667356090531436,0.036414541731042305,0.13844117695168218,0.2639415008606387,1024
ses06_wm_fraction,gaussian_seed_z_fraction,0.16819779576664087,0.04562777571575072,0.2763491384845724,0.04693016687998881,0.18188050065236994,0.29685805538438587,1024
ses06_wm_fraction,core_threshold,0.0,0.0,0.0,0.0,0.0,0.0,1024
ses06_wm_fraction,edema_threshold_ratio,0.0,0.0,0.0,0.0,0.0,0.0,1024
ses07_dice_core,front_speed_mm_per_day,0.12109443640626151,0.07381016412509542,0.5156076560775141,0.07546416672935068,0.19226459903020268,0.572015027192946,1024
ses07_dice_core,front_width_mm,0.09471349806496425,0.0572672092456506,0.4550969360867581,0.07520666808429242,0.12150061608163142,0.4234097749253984,1024
ses07_dice_core,seed_peak_density,-0.002151319642943799,0.005532537805215565,0.004890591228340095,0.0018281003857186743,0.003925324588329379,0.005391880040139578,1024
ses07_dice_core,seed_sigma_mm,-0.010571204995255094,0.03137021769396119,0.15249321774672897,0.030153784482231112,-0.01395377575191231,0.15988970552853962,1024
ses07_dice_core,preop_time,-0.0032928522566663624,0.021601316110486966,0.06259735854223432,0.014179835211122893,-0.0028050427176007915,0.07339244120616602,1024
ses07_dice_core,diffusivity_ratio,0.002062731788708179,0.006407112989657759,0.006329995239040762,0.0020705007539834684,0.0019103220618223438,0.007259994894791549,1024
ses07_dice_core,chemo_kill_rate,0.1274444581110164,0.05356727353135064,0.42736737316232765,0.08098530237049965,0.12526499557292778,0.44990898592697925,1024
ses07_dice_core,rt_alpha,0.08598309028380287,0.05133623583133832,0.42757327031218667,0.07722143341381049,0.06940613105858515,0.42293073731096537,1024
ses07_dice_core,rt_alpha_beta_ratio,-0.0002386860622255951,0.0042677469297386205,0.008638564734407108,0.007015232677059036,0.002055766584951092,0.012466412523394938,1024
ses07_dice_core,gaussian_seed_x_fraction,-0.00879750312398251,0.017046895442146413,0.04271879452882721,0.010182111460688616,-0.010580328625977093,0.045179335457439115,1024
ses07_dice_core,gaussian_seed_y_fraction,0.01895188120033657,0.026953542668989968,0.12090149652709618,0.03155189539362258,0.021040365248239122,0.12601254252268337,1024
ses07_dice_core,gaussian_seed_z_fraction,0.010360970049815493,0.01778410246522825,0.041707404884956105,0.010091766166910016,0.011375916055193806,0.04415444654842075,1024
ses07_dice_core,core_threshold,0.00039050617180673577,0.026810975828647464,0.10580327757490048,0.03479112555435863,0.018840988018738347,0.10995291447802812,1024
ses07_dice_core,edema_threshold_ratio,0.0,0.0,0.0,0.0,0.0,0.0,1024
ses07_dice_whole,front_speed_mm_per_day,0.23489987217239414,0.061726910372991994,0.3902162556702747,0.04662532158180311,0.2883145898518305,0.4100409727911493,1024
ses07_dice_whole,front_width_mm,0.09544754482293166,0.041627736652900836,0.2798519340255584,0.0458908399209579,0.10838093914469844,0.3121136978915363,1024
ses07_dice_whole,seed_peak_density,-0.00047784232748434983,0.004847706108607452,0.0031463809066191242,0.0005569598454619987,0.005113995569148515,0.003520792213545652,1024
ses07_dice_whole,seed_sigma_mm,0.06719252998910843,0.035225648523137795,0.14763841510136635,0.019944390015218562,0.07256089699119563,0.14141093882746855,1024
ses07_dice_whole,preop_time,0.01988755501221577,0.018017659544462106,0.05653100385888223,0.010541930628042066,0.02652850032381003,0.05783328106574189,1024
ses07_dice_whole,diffusivity_ratio,-0.0003609435351119091,0.008921295676990388,0.00982993375402188,0.0021926608067814866,-3.41973151708503e-05,0.009210958527154665,1024
ses07_dice_whole,chemo_kill_rate,0.05734071556033486,0.03393203237734137,0.20377100661535721,0.039177540731806244,0.05083168328188869,0.20113388588193315,1024
ses07_dice_whole,rt_alpha,0.12887387359372734,0.04535798370677387,0.2868545586486782,0.048280835725655544,0.15253669585790228,0.31344142164928346,1024
ses07_dice_whole,rt_alpha_beta_ratio,-0.00010751056183313983,0.002497920785304082,0.0009345042710922948,0.00047421242447751673,-0.0010993653193122007,0.0008078195061617158,1024
ses07_dice_whole,gaussian_seed_x_fraction,0.0207870786326549,0.016189914988452594,0.03813531708837125,0.006574175312167658,0.029326748803157086,0.03828415803259577,1024
ses07_dice_whole,gaussian_seed_y_fraction,0.0019420652039199302,0.015523538831368599,0.03327069504348951,0.0065443055403495405,0.004358760321650141,0.03441923681966388,1024
ses07_dice_whole,gaussian_seed_z_fraction,0.018441404733962653,0.01707155832090415,0.03509628810881745,0.005534417843596214,0.018160198861658667,0.03632430273891401,1024
ses07_dice_whole,core_threshold,-0.007316018085266069,0.011420458847230669,0.01570354459194461,0.010670527095973312,-0.0006138457351018696,0.006275812923074216,1024
ses07_dice_whole,edema_threshold_ratio,2.9050439689033763e-05,0.01565300676843104,0.03361638960636777,0.011968928141724459,0.01168718632463765,0.02606911307153609,1024
ses07_log10_V_core,front_speed_mm_per_day,0.16183469645400878,0.048681279459841326,0.303941745404406,0.042432366505507566,0.23800816958130697,0.34114327189626764,1024
ses07_log10_V_core,front_width_mm,0.10867218268817272,0.04698357757818063,0.2978128730574306,0.04040987099954253,0.11065762708814363,0.305355011301087,1024
ses07_log10_V_core,seed_peak_density,0.0032192668075245565,0.011545129013933042,0.016423769108914,0.006681173936600905,0.008003384127482605,0.014531659337460501,1024
ses07_log10_V_core,seed_sigma_mm,0.031507024974082844,0.030523708694635752,0.1262786255305223,0.020453873235535037,0.020413342157467252,0.12085229040331383,1024
ses07_log10_V_core,preop_time,0.008992282844176922,0.013313937929365931,0.02228779889074937,0.006244409510349719,0.001389474236850558,0.023910687351010058,1024
ses07_log10_V_core,diffusivity_ratio,-0.004335213742286465,0.007129478927360966,0.0054426153477088925,0.0030855330516517455,-0.009458886773537855,0.0054234031057471795,1024
ses07_log10_V_core,chemo_kill_rate,0.37269765305654995,0.06295069832120351,0.6016121358808323,0.05648169686768336,0.38246847974666626,0.5833565853538814,1024
ses07_log10_V_core,rt_alpha,0.01930390946598542,0.02594062941169673,0.0908390833237934,0.018314963253105637,0.021576874257934753,0.09491338040129611,1024
ses07_log10_V_core,rt_alpha_beta_ratio,-0.0020622434658579525,0.002190551934652006,0.0006950730991743158,0.0005969676073938746,-0.003244585804291158,0.0009515774861105858,1024
ses07_log10_V_core,gaussian_seed_x_fraction,0.00960968970114496,0.01805432091737168,0.042227007692163664,0.010786061941792113,0.023106622394138885,0.04762346456426922,1024
ses07_log10_V_core,gaussian_seed_y_fraction,-0.005385865374737335,0.012683775773194588,0.022136603831835425,0.006553408016827593,0.0012258141333808172,0.02514502352441664,1024
ses07_log10_V_core,gaussian_seed_z_fraction,0.017307289868907935,0.01969673184665324,0.05901397315621844,0.014176793477226354,0.0141586426074473,0.0539997112946304,1024
ses07_log10_V_core,core_threshold,0.009609655118849267,0.0269412980064229,0.10107253847485258,0.022405364228653694,-0.009374889201912427,0.09351569978338112,1024
ses07_log10_V_core,edema_threshold_ratio,0.0,0.0,0.0,0.0,0.0,0.0,1024
ses07_log10_V_whole,front_speed_mm_per_day,0.10805349421868832,0.04737313080017911,0.2489971023037276,0.04529766811747923,0.11251623542198431,0.2552643039501427,1024
ses07_log10_V_whole,front_width_mm,0.07538656276626592,0.03927529531444685,0.25070374870241746,0.04603668294736624,0.10054200371318768,0.22295257751413788,1024
ses07_log10_V_whole,seed_peak_density,0.00031737619270011256,0.007528715822416226,0.008238555619995955,0.004011895626545593,0.0017483809838589703,0.00668121482723576,1024
ses07_log10_V_whole,seed_sigma_mm,0.07641120936149598,0.03407044193537911,0.1581233667990741,0.027107777282244734,0.0949311191063845,0.16354789539898063,1024
ses07_log10_V_whole,preop_time,0.0062800321371138754,0.008620437627973824,0.020849645874040718,0.008284381052358203,0.0027070268214024916,0.01561889378418788,1024
ses07_log10_V_whole,diffusivity_ratio,0.0006950825383735866,0.0065214768499647505,0.005616698991271874,0.0033961292815664753,0.0033275547483324892,0.006147859235496542,1024
ses07_log10_V_whole,chemo_kill_rate,0.3439006382039545,0.07646723664443175,0.5641773545928787,0.06399148180064045,0.31169168958234694,0.576300987958757,1024
ses07_log10_V_whole,rt_alpha,0.03900567316254485,0.028096513904002206,0.12082982357303196,0.02584274458849522,0.06135444841556445,0.1320574107836615,1024
ses07_log10_V_whole,rt_alpha_beta_ratio,0.0003423370392288051,0.002273708443264736,0.0027909581008041112,0.003649671863022513,-0.0017057133114258833,0.004755434732719371,1024
ses07_log10_V_whole,gaussian_seed_x_fraction,0.0061973442192093595,0.015049594757644651,0.037553989456477914,0.011426701856424207,0.019450504971303035,0.04497639841122638,1024
ses07_log10_V_whole,gaussian_seed_y_fraction,0.0007393660729896715,0.010539244209343194,0.01803205905076354,0.006501648038416327,0.005853051863504051,0.020944241314554215,1024
ses07_log10_V_whole,gaussian_seed_z_fraction,0.019475845181326976,0.02094803824279983,0.046706163549090636,0.015399901198005448,0.021920577033990578,0.06038607924442608,1024
ses07_log10_V_whole,core_threshold,-0.006261601151178787,0.019498049023767207,0.04385336059584651,0.01567134018394724,-0.0013631222776168302,0.049588476982452716,1024
ses07_log10_V_whole,edema_threshold_ratio,0.006616600899782645,0.02449853610156791,0.08637914933804651,0.025637183282430948,0.008270148976445124,0.08164993955041731,1024
ses07_log_vol_ratio_core,front_speed_mm_per_day,0.16183469645400878,0.048681279459841326,0.303941745404406,0.042432366505507566,0.23800816958130702,0.3411432718962677,1024
ses07_log_vol_ratio_core,front_width_mm,0.10867218268817273,0.04698357757818063,0.2978128730574306,0.04040987099954253,0.11065762708814364,0.3053550113010871,1024
ses07_log_vol_ratio_core,seed_peak_density,0.0032192668075245556,0.011545129013933042,0.016423769108914,0.006681173936600906,0.008003384127482608,0.014531659337460503,1024
ses07_log_vol_ratio_core,seed_sigma_mm,0.031507024974082844,0.030523708694635752,0.1262786255305223,0.020453873235535037,0.020413342157467245,0.12085229040331387,1024
ses07_log_vol_ratio_core,preop_time,0.008992282844176922,0.013313937929365931,0.02228779889074937,0.00624440951034972,0.0013894742368505645,0.02391068735101006,1024
ses07_log_vol_ratio_core,diffusivity_ratio,-0.004335213742286465,0.007129478927360966,0.0054426153477088925,0.003085533051651745,-0.009458886773537857,0.0054234031057471795,1024
ses07_log_vol_ratio_core,chemo_kill_rate,0.37269765305654995,0.0629506983212035,0.6016121358808323,0.05648169686768336,0.38246847974666626,0.5833565853538815,1024
ses07_log_vol_ratio_core,rt_alpha,0.019303909465985425,0.02594062941169673,0.0908390833237934,0.018314963253105637,0.02157687425793476,0.09491338040129613,1024
ses07_log_vol_ratio_core,rt_alpha_beta_ratio,-0.002062243465857952,0.002190551934652006,0.0006950730991743158,0.0005969676073938746,-0.003244585804291161,0.0009515774861105861,1024
ses07_log_vol_ratio_core,gaussian_seed_x_fraction,0.009609689701144961,0.01805432091737168,0.042227007692163664,0.010786061941792111,0.02310662239413889,0.047623464564269226,1024
ses07_log_vol_ratio_core,gaussian_seed_y_fraction,-0.005385865374737333,0.012683775773194588,0.022136603831835425,0.006553408016827593,0.0012258141333808168,0.025145023524416648,1024
ses07_log_vol_ratio_core,gaussian_seed_z_fraction,0.017307289868907935,0.01969673184665324,0.05901397315621844,0.014176793477226352,0.014158642607447307,0.05399971129463041,1024
ses07_log_vol_ratio_core,core_threshold,0.009609655118849265,0.026941298006422903,0.10107253847485258,0.022405364228653694,-0.00937488920191243,0.09351569978338115,1024
ses07_log_vol_ratio_core,edema_threshold_ratio,0.0,0.0,0.0,0.0,0.0,0.0,1024
ses07_log_vol_ratio_whole,front_speed_mm_per_day,0.10805349421868832,0.04737313080017912,0.2489971023037276,0.04529766811747923,0.11251623542198431,0.2552643039501427,1024
ses07_log_vol_ratio_whole,front_width_mm,0.07538656276626592,0.03927529531444685,0.25070374870241746,0.04603668294736624,0.10054200371318768,0.22295257751413788,1024
ses07_log_vol_ratio_whole,seed_peak_density,0.00031737619270011256,0.007528715822416226,0.008238555619995955,0.004011895626545593,0.0017483809838589695,0.006681214827235759,1024
ses07_log_vol_ratio_whole,seed_sigma_mm,0.07641120936149598,0.03407044193537911,0.1581233667990741,0.027107777282244734,0.0949311191063845,0.1635478953989806,1024
ses07_log_vol_ratio_whole,preop_time,0.0062800321371138754,0.008620437627973824,0.020849645874040718,0.008284381052358201,0.002707026821402491,0.01561889378418788,1024
ses07_log_vol_ratio_whole,diffusivity_ratio,0.0006950825383735877,0.0065214768499647505,0.005616698991271874,0.003396129281566475,0.0033275547483324897,0.006147859235496543,1024
ses07_log_vol_ratio_whole,chemo_kill_rate,0.3439006382039545,0.07646723664443174,0.5641773545928787,0.06399148180064045,0.31169168958234694,0.576300987958757,1024
ses07_log_vol_ratio_whole,rt_alpha,0.03900567316254485,0.028096513904002206,0.12082982357303196,0.025842744588495215,0.06135444841556445,0.1320574107836615,1024
ses07_log_vol_ratio_whole,rt_alpha_beta_ratio,0.00034233703922880555,0.002273708443264736,0.0027909581008041112,0.003649671863022513,-0.0017057133114258846,0.004755434732719371,1024
ses07_log_vol_ratio_whole,gaussian_seed_x_fraction,0.0061973442192093595,0.015049594757644651,0.03755398945647792,0.011426701856424207,0.019450504971303035,0.04497639841122638,1024
ses07_log_vol_ratio_whole,gaussian_seed_y_fraction,0.0007393660729896715,0.010539244209343195,0.01803205905076354,0.006501648038416327,0.00585305186350405,0.020944241314554215,1024
ses07_log_vol_ratio_whole,gaussian_seed_z_fraction,0.019475845181326976,0.020948038242799834,0.046706163549090636,0.015399901198005448,0.021920577033990578,0.06038607924442608,1024
ses07_log_vol_ratio_whole,core_threshold,-0.006261601151178786,0.019498049023767207,0.04385336059584651,0.01567134018394724,-0.0013631222776168315,0.04958847698245271,1024
ses07_log_vol_ratio_whole,edema_threshold_ratio,0.006616600899782645,0.02449853610156791,0.08637914933804651,0.025637183282430948,0.008270148976445126,0.08164993955041731,1024
ses07_msd_core,front_speed_mm_per_day,0.23484706642734746,0.14425896147041087,0.4981055036603581,0.13061362156819598,0.2959507628253655,0.4565530907661719,228
ses07_msd_core,front_width_mm,0.2466291983974855,0.1342186721785818,0.4270500451386739,0.11025023085249526,0.2712537997282065,0.46862707725734,228
ses07_msd_core,seed_peak_density,-0.0009072694084600177,0.01690108926917769,0.009058652147705211,0.0033189980424594475,-0.0017213418667387965,0.0077077732395681685,228
ses07_msd_core,seed_sigma_mm,0.011772466958781529,0.10148159978503059,0.2757180332480814,0.07677295097416735,-0.032965005391736614,0.2503755093708732,228
ses07_msd_core,preop_time,0.02001738443960159,0.054767469260578266,0.0999368754041673,0.03760437880011087,0.04900034527184601,0.10123882833208862,228
ses07_msd_core,diffusivity_ratio,-0.007581820356484396,0.02323104471287549,0.019001653932674643,0.010187693865759734,-0.004563347594407432,0.009805933958578419,228
ses07_msd_core,chemo_kill_rate,0.02994338335863593,0.03868563867695392,0.10030599343156493,0.06697700165481305,0.043013862132457385,0.13257786357501236,228
ses07_msd_core,rt_alpha,0.2441117580297215,0.1470280151163674,0.4124769364169755,0.1103800686748733,0.33110173570652446,0.35553601350864333,228
ses07_msd_core,rt_alpha_beta_ratio,0.012080699567623482,0.013421546183012082,0.009159365532723122,0.01214490160706365,0.012888515851716137,0.01437703837209907,228
ses07_msd_core,gaussian_seed_x_fraction,0.059115362464484934,0.055876379009428434,0.06405748553073927,0.022227766184204283,0.07207672332451387,0.07490759349699563,228
ses07_msd_core,gaussian_seed_y_fraction,-0.0022222665495972467,0.04479110611806505,0.06177488826099037,0.01944925858567396,-0.0022639799755224204,0.05586942677443873,228
ses07_msd_core,gaussian_seed_z_fraction,0.002290704675560074,0.028396407292616974,0.021629941608510457,0.007405908561321291,-0.029103561528081547,0.02139182978662481,228
ses07_msd_core,core_threshold,0.06582314235686974,0.04640864814911503,0.0527035123268168,0.018926197476768804,0.08605122376635471,0.06109583857998677,228
ses07_msd_core,edema_threshold_ratio,0.0,0.0,0.0,0.0,0.0,0.0,228
ses07_msd_whole,front_speed_mm_per_day,0.30343501612303736,0.07565715511484714,0.3605005528257504,0.0611010458837438,0.38045477769567954,0.39851289002503815,561
ses07_msd_whole,front_width_mm,0.14448580989925658,0.05804696909040471,0.2437883560800319,0.04606905166496931,0.16994558315579822,0.26820775688129594,561
ses07_msd_whole,seed_peak_density,0.0068663195350726946,0.009584260130867982,0.006114389504172827,0.0015232711540925472,0.01652639290817042,0.005540307680335699,561
ses07_msd_whole,seed_sigma_mm,0.13310070993373307,0.06215650345489393,0.2671757972586632,0.03827159822800633,0.12054151041839586,0.2716666972085114,561
ses07_msd_whole,preop_time,0.031199713740286895,0.027218172506844166,0.0493862760806433,0.01038207814354411,0.0369961554048641,0.05731301491958697,561
ses07_msd_whole,diffusivity_ratio,0.004849428361449583,0.01372750468721675,0.0065183778337430795,0.0032630859233413532,0.010823555746120326,0.00842906223809101,561
ses07_msd_whole,chemo_kill_rate,0.02436858444143328,0.03629476607583423,0.06595160034357608,0.024417245542592735,0.012152836798724786,0.0883004973861063,561
ses07_msd_whole,rt_alpha,0.1913636643203232,0.07316356584884948,0.2649552230354667,0.044776982087878586,0.20536410696482332,0.27248299671573334,561
ses07_msd_whole,rt_alpha_beta_ratio,-0.0024284852417392065,0.0037417934143485648,0.0024476270135330084,0.0028070717259411674,-0.005312529216315559,0.0036797412197076434,561
ses07_msd_whole,gaussian_seed_x_fraction,0.02390554757165253,0.02041533604981834,0.031616419352990935,0.00572861294469227,0.04003550666073866,0.032903299378971414,561
ses07_msd_whole,gaussian_seed_y_fraction,0.022198817896602968,0.024536213054517222,0.040378154409107914,0.007548722357278237,0.025090215412644622,0.03885865503526038,561
ses07_msd_whole,gaussian_seed_z_fraction,0.011851947100485101,0.018479637421505147,0.025566821165427238,0.004622419094592077,0.020830416082998588,0.027115168027948215,561
ses07_msd_whole,core_threshold,-0.0014715637694082786,0.013127247111204363,0.010309768000087153,0.003735384292207221,-0.0033323895815182978,0.010034992777333652,561
ses07_msd_whole,edema_threshold_ratio,0.019237312370670955,0.01705521619110178,0.025436644490953796,0.007406074056075161,0.016224481174942497,0.02427078934346223,561
ses07_hd95_core,front_speed_mm_per_day,0.19677911240929327,0.15756097186781345,0.545790657563152,0.12451030741988361,0.28851237149226455,0.5647044534943597,228
ses07_hd95_core,front_width_mm,0.2229800776940493,0.1289897950623705,0.43767783919246117,0.0962306248303151,0.292212045274094,0.442259461847763,228
ses07_hd95_core,seed_peak_density,0.008607118439967382,0.017635769749062325,0.00983193007298249,0.0032008204459118713,0.007894549981556637,0.00866605336034444,228
ses07_hd95_core,seed_sigma_mm,-0.014460017489854484,0.09980746083246152,0.3158034548856029,0.07565816588356215,-0.042499519011841076,0.33234410121253655,228
ses07_hd95_core,preop_time,0.010204063692901407,0.06922843446808066,0.1418938447805556,0.05042117170856298,0.04373355110376132,0.14521470708544315,228
ses07_hd95_core,diffusivity_ratio,-0.0015677088346417946,0.021142353644753344,0.024289889541217993,0.01255024548591742,-0.0014800404395866372,0.018144750250186786,228
ses07_hd95_core,chemo_kill_rate,0.023541004709580347,0.032907244641158004,0.09409857200650332,0.05566816264438389,0.019098683899150256,0.12119808788999256,228
ses07_hd95_core,rt_alpha,0.19021220574929204,0.13828017188725492,0.4168686667422224,0.10838690097793763,0.2847136441915382,0.3439893447455809,228
ses07_hd95_core,rt_alpha_beta_ratio,0.017044956031672703,0.021642123263937524,0.01610383033356339,0.02292418768271646,0.022406795322844907,0.02691728315156181,228
ses07_hd95_core,gaussian_seed_x_fraction,0.017434416140670695,0.06630856182229836,0.11797038060023178,0.03429789817549756,0.01655375201292285,0.1363926343830836,228
ses07_hd95_core,gaussian_seed_y_fraction,0.008774770107018345,0.05880077053314713,0.13286015737395293,0.04203015884934272,-0.002019726785419159,0.12804619634557113,228
ses07_hd95_core,gaussian_seed_z_fraction,0.004524185707798952,0.03711138926590483,0.03908952558957657,0.012036625743658921,-0.030404990227111805,0.043645431103928184,228
ses07_hd95_core,core_threshold,0.06988510142373867,0.04549851932279035,0.06280664202451602,0.027923812550286017,0.08708102449847399,0.07205440706824001,228
ses07_hd95_core,edema_threshold_ratio,0.0,0.0,0.0,0.0,0.0,0.0,228
ses07_hd95_whole,front_speed_mm_per_day,0.33406841492895706,0.07874482620145491,0.40021279745329325,0.057791416329651894,0.3725709670597222,0.4179533823530396,561
ses07_hd95_whole,front_width_mm,0.12761296981964546,0.05470391448513323,0.2266567606990934,0.038886012590826594,0.15754654303197263,0.2541927749090946,561
ses07_hd95_whole,seed_peak_density,0.004230939928610332,0.007674544699703052,0.004199031141546179,0.000803644075046604,0.011077283742486253,0.004249158384666345,561
ses07_hd95_whole,seed_sigma_mm,0.10611411868033482,0.0537235342718155,0.199463623759042,0.024937473404921886,0.10272953501292979,0.20109060018155084,561
ses07_hd95_whole,preop_time,0.03682173620068879,0.03437070466724971,0.06826429300497087,0.014597601690070973,0.04430265489511874,0.07650899687971408,561
ses07_hd95_whole,diffusivity_ratio,0.008556775262848608,0.016985432667961785,0.009491318040975865,0.0059675415812505,0.015809271498935455,0.010641389113991335,561
ses07_hd95_whole,chemo_kill_rate,0.016420867710812807,0.02904811291252978,0.045518028162401435,0.021076327073450207,0.007488491827595639,0.062167477914278124,561
ses07_hd95_whole,rt_alpha,0.1412412421297749,0.05592659205117556,0.1973541106061884,0.03640160705081544,0.15291917796358534,0.21462402948052703,561
ses07_hd95_whole,rt_alpha_beta_ratio,-0.0016290647443649897,0.0030889281844101893,0.001372586576010253,0.0014355423755066134,-0.0034596700201189254,0.001856617001975726,561
ses07_hd95_whole,gaussian_seed_x_fraction,0.02740632725059203,0.023114642819210104,0.03898798402077931,0.006276305460653116,0.037114064290057536,0.042569557863912075,561
ses07_hd95_whole,gaussian_seed_y_fraction,0.07593980497531393,0.04217138741791492,0.11850007329544232,0.019698499611361067,0.07560881090151655,0.11417666200006922,561
ses07_hd95_whole,gaussian_seed_z_fraction,0.017978274263250674,0.019299940839862428,0.028601521993496224,0.0046353961716577,0.02875662420918988,0.029515137757570944,561
ses07_hd95_whole,core_threshold,-0.0012902890851896956,0.00964881177022183,0.007321218133513587,0.002583306561237415,-0.0010567250873885746,0.007040655415965628,561
ses07_hd95_whole,edema_threshold_ratio,0.011079187684080562,0.015392015029462691,0.01755404399216345,0.004691402426026157,0.014907857353959175,0.01612905788869098,561
ses07_dice_star_core,front_speed_mm_per_day,0.1201161543882915,0.05279343260495115,0.3554436011371941,0.05073912613093595,0.17391778132831964,0.36226661490596873,1024
ses07_dice_star_core,front_width_mm,0.06592649797761628,0.05283250625193733,0.3376234256425856,0.05353264716063508,0.07269565599417264,0.36613016999439935,1024
ses07_dice_star_core,seed_peak_density,0.0026542572948570304,0.0050537180974184505,0.00319827866602653,0.0007177110868645392,0.0046172142325584895,0.003339963170638342,1024
ses07_dice_star_core,seed_sigma_mm,0.011102206901140093,0.02852330766772312,0.1176361099998444,0.017619917317557472,0.0020324947177881706,0.12471250457132416,1024
ses07_dice_star_core,preop_time,0.017937177897054277,0.018049506708446864,0.0461214493228081,0.009824805045254145,0.01774818019238397,0.05069822685195367,1024
ses07_dice_star_core,diffusivity_ratio,0.0060921138119775994,0.0070510725447990585,0.005800714348216262,0.002014161651096102,0.005192238376846146,0.007191145059918204,1024
ses07_dice_star_core,chemo_kill_rate,0.0939629381026003,0.04533370411686747,0.2813637796221471,0.050414642381488954,0.10380258547996657,0.2823089346502388,1024
ses07_dice_star_core,rt_alpha,0.16223843358890572,0.05031474655370233,0.3931419391872867,0.05939777906817846,0.20340163869374195,0.40112655196140923,1024
ses07_dice_star_core,rt_alpha_beta_ratio,-0.003384348402084415,0.0043888198300719656,0.0030201609834194848,0.002613360197398755,-0.0035540396143470703,0.0031772000943736745,1024
ses07_dice_star_core,gaussian_seed_x_fraction,0.0007094937714442813,0.01751473293258886,0.044497180846458165,0.009007840172780335,0.00803908735040993,0.04235271316726814,1024
ses07_dice_star_core,gaussian_seed_y_fraction,0.018849160223142473,0.030131876437150745,0.12646432087006015,0.02369546779434783,0.006695356246009909,0.12138278435561439,1024
ses07_dice_star_core,gaussian_seed_z_fraction,0.03225149126627857,0.021130802425473546,0.05614569149898638,0.010930187465999684,0.03939201602671714,0.052626288964795494,1024
ses07_dice_star_core,core_threshold,0.0,0.0,0.0,0.0,0.0,0.0,1024
ses07_dice_star_core,edema_threshold_ratio,0.0,0.0,0.0,0.0,0.0,0.0,1024
ses07_dice_star_whole,front_speed_mm_per_day,0.26935646086864123,0.057903906596949425,0.3800273751166232,0.04303975860484274,0.2873543633106134,0.4094289105219865,1024
ses07_dice_star_whole,front_width_mm,0.08525888367695807,0.03775527753135911,0.20701421443560208,0.03700675711996147,0.10113061853314048,0.19943708740023347,1024
ses07_dice_star_whole,seed_peak_density,0.0018171373112297858,0.004915118131834835,0.0029537576540924143,0.0004680869181349029,0.0061392282458868856,0.0030101736820326605,1024
ses07_dice_star_whole,seed_sigma_mm,0.10756748227566627,0.03614682817384176,0.16723377367898706,0.021076900977280554,0.0994447909706632,0.17259155677110444,1024
ses07_dice_star_whole,preop_time,0.027658043228692634,0.018070716144146924,0.055334187888703396,0.009500232725169073,0.027496008712706497,0.05512271262267245,1024
ses07_dice_star_whole,diffusivity_ratio,-0.004218477897632865,0.00974101299195995,0.0106139601121184,0.002119977821992979,-0.0022941004889957604,0.009987242099309155,1024
ses07_dice_star_whole,chemo_kill_rate,0.06604027387463318,0.03173030409860254,0.14756641979822377,0.02929245071374315,0.06209052817889017,0.16375485240734658,1024
ses07_dice_star_whole,rt_alpha,0.18199430871806366,0.04485632640987607,0.273961568242621,0.04372882508241296,0.19265095154200237,0.2952234398634509,1024
ses07_dice_star_whole,rt_alpha_beta_ratio,0.002543443924769925,0.0030356111413541,0.0032190579937791727,0.002985451099615194,0.002097597922474113,0.004740034262728235,1024
ses07_dice_star_whole,gaussian_seed_x_fraction,0.02826054751424684,0.01689256949813195,0.04243523221260822,0.006501477539965988,0.04330020517923129,0.044604142884468,1024
ses07_dice_star_whole,gaussian_seed_y_fraction,0.006604095371168617,0.01639993643248602,0.03979939232301646,0.006768959278008149,0.008859585513095004,0.04067810440932123,1024
ses07_dice_star_whole,gaussian_seed_z_fraction,0.03590799202306013,0.01828923258899001,0.04294251662384518,0.006327437375349013,0.03714292881959181,0.04114865122882204,1024
ses07_dice_star_whole,core_threshold,0.0,0.0,0.0,0.0,0.0,0.0,1024
ses07_dice_star_whole,edema_threshold_ratio,0.0,0.0,0.0,0.0,0.0,0.0,1024
ses07_core_threshold_star,front_speed_mm_per_day,0.308419915054754,0.09652365811174045,0.6018949032822788,0.09677239993400646,0.2849449398216364,0.6128566217520902,1024
ses07_core_threshold_star,front_width_mm,0.07601039817902881,0.05062583874129932,0.4639934738610521,0.09122570254372805,0.09646519031491498,0.48755621660781,1024
ses07_core_threshold_star,seed_peak_density,0.0009228342469519721,0.009108421760583551,0.01417791497564458,0.009746051878578788,0.0002182789548844199,0.0070006855146899005,1024
ses07_core_threshold_star,seed_sigma_mm,0.03785240172546012,0.05003530436330881,0.2606555137830041,0.06659635614153696,0.0782023246317618,0.21500410428166264,1024
ses07_core_threshold_star,preop_time,0.01790949449493116,0.04198618145066139,0.15492704526804782,0.051594819015236805,0.06136590540082676,0.12862276437159068,1024
ses07_core_threshold_star,diffusivity_ratio,0.0007553628923713346,0.009778900473515166,0.0434425856305007,0.02151582100818398,-0.004989882980463993,0.030969134226001085,1024
ses07_core_threshold_star,chemo_kill_rate,0.033561524240648365,0.037061511399323475,0.18170755133315425,0.05467634826643728,0.025866939698345727,0.17845815278124755,1024
ses07_core_threshold_star,rt_alpha,0.029695452864642525,0.03364990986259262,0.25435421823827326,0.06498184541029894,0.008571164211590907,0.268517818978699,1024
ses07_core_threshold_star,rt_alpha_beta_ratio,0.0014375037554025692,0.0033724749698492854,0.002665932730463083,0.0015401331992788406,0.0009048365170291789,0.0032037035406208007,1024
ses07_core_threshold_star,gaussian_seed_x_fraction,0.015011189065699633,0.030241500650317027,0.08597633055743444,0.029215702391461946,0.0011649462364594465,0.08448284892303742,1024
ses07_core_threshold_star,gaussian_seed_y_fraction,0.029123899454408637,0.034138274821432876,0.17225560801605788,0.05652422477190684,0.05470731095159545,0.19898558657855864,1024
ses07_core_threshold_star,gaussian_seed_z_fraction,0.00887433984423618,0.026247015010932705,0.0776149960846184,0.029950986875128052,0.03878326009280172,0.08092317832234765,1024
ses07_core_threshold_star,core_threshold,0.0,0.0,0.0,0.0,0.0,0.0,1024
ses07_core_threshold_star,edema_threshold_ratio,0.0,0.0,0.0,0.0,0.0,0.0,1024
ses07_edema_threshold_star,front_speed_mm_per_day,0.1279847201775593,0.11691235126256366,0.8541925969945583,0.22983450316635876,0.1493788004869327,0.6857519230316856,1024
ses07_edema_threshold_star,front_width_mm,0.04278317768883807,0.07803096790780814,0.5566901621574035,0.18973349226576036,0.0762500257286349,0.5400955046929027,1024
ses07_edema_threshold_star,seed_peak_density,-0.00025486379668522043,0.0014735471472154848,0.007785876393809839,0.007086131785063726,-0.000585234556938205,0.001881865870010114,1024
ses07_edema_threshold_star,seed_sigma_mm,0.07253158535286008,0.08951301644422215,0.431091682436208,0.1559276577046828,0.13226071266848574,0.4030956693561665,1024
ses07_edema_threshold_star,preop_time,0.08537894669970142,0.10662512689318351,0.27312034823548725,0.12449411355903087,0.15247459848627404,0.2826562536755191,1024
ses07_edema_threshold_star,diffusivity_ratio,0.003134174408873562,0.007471209942528516,0.12027130113595724,0.07926302085259768,-0.00234093822775282,0.044412034532238694,1024
ses07_edema_threshold_star,chemo_kill_rate,0.0006313318896887469,0.003584685674978548,0.043027211650001736,0.045944638992687525,0.0007803127425842734,0.04892851262026297,1024
ses07_edema_threshold_star,rt_alpha,0.024797697171787213,0.04438857268352817,0.13912131766833896,0.07800166833362371,0.043714420973395104,0.12194490837665539,1024
ses07_edema_threshold_star,rt_alpha_beta_ratio,0.00011077446079674591,0.00039328139470863095,0.0006146744521428819,0.0007132531211970183,0.0,0.0,1024
ses07_edema_threshold_star,gaussian_seed_x_fraction,0.0011185744434890183,0.006217229779656614,0.15059524077500608,0.08447419630676804,0.0,0.15054926960080914,1024
ses07_edema_threshold_star,gaussian_seed_y_fraction,-0.003600582660157769,0.007718858736184139,0.2091942052126275,0.10968500719295118,-0.0027862273882054128,0.16033497212486172,1024
ses07_edema_threshold_star,gaussian_seed_z_fraction,-0.0011077446079674595,0.0043512182108017515,0.07335115128905058,0.05447699995907968,-0.0017557036708146156,0.09296417397849964,1024
ses07_edema_threshold_star,core_threshold,0.0,0.0,0.0,0.0,0.0,0.0,1024
ses07_edema_threshold_star,edema_threshold_ratio,0.0,0.0,0.0,0.0,0.0,0.0,1024
ses07_dice_core_fixed,front_speed_mm_per_day,0.12512130733537513,0.07267542487034981,0.4877913292514767,0.0670136283708313,0.18303559705436068,0.49691371141697077,1024
ses07_dice_core_fixed,front_width_mm,0.12051169654792349,0.05792635909461326,0.45237608022475534,0.07555982195841178,0.14291191395883326,0.43389938045830034,1024
ses07_dice_core_fixed,seed_peak_density,-0.002983584970294044,0.006459426783440968,0.005061658785416453,0.002151132238514694,0.002337840893420259,0.005369831867178409,1024
ses07_dice_core_fixed,seed_sigma_mm,-0.0009583300266231491,0.03210628437791951,0.14253634471792723,0.026923712308899055,-0.0005579394132121773,0.14068456217199013,1024
ses07_dice_core_fixed,preop_time,-0.005711024224222182,0.020062388374379604,0.06953295914672698,0.01580297907724683,-0.003416055908876739,0.07846321008068886,1024
ses07_dice_core_fixed,diffusivity_ratio,0.004294584910524059,0.005985721024015202,0.00581781940209606,0.0018083261972820178,0.005201190805950412,0.0060762401814083685,1024
ses07_dice_core_fixed,chemo_kill_rate,0.11389479196925519,0.054811464522370026,0.37828791877994894,0.0719925411120898,0.08072832235446165,0.3794583021594771,1024
ses07_dice_core_fixed,rt_alpha,0.09014567812864567,0.0582306349693803,0.4465443465095921,0.07410144993789426,0.07393069159528703,0.4361319713214969,1024
ses07_dice_core_fixed,rt_alpha_beta_ratio,-0.0004989402269815606,0.0037204154540709422,0.005654422624459296,0.003998296131734833,0.0023629065233440466,0.003909353544695577,1024
ses07_dice_core_fixed,gaussian_seed_x_fraction,0.00253751469464872,0.016111496075622705,0.03692978542194979,0.009137479991848683,0.003244843379366046,0.034487065195444436,1024
ses07_dice_core_fixed,gaussian_seed_y_fraction,0.014195169534625062,0.024974789065471455,0.11139116922665479,0.03160565816318997,0.016892566887850978,0.11440818791755293,1024
ses07_dice_core_fixed,gaussian_seed_z_fraction,0.00934601043360424,0.01605176327397792,0.04334847217324945,0.010980457433409942,0.009871454740782748,0.04025376530058342,1024
ses07_dice_core_fixed,core_threshold,0.0,0.0,0.0,0.0,0.0,0.0,1024
ses07_dice_core_fixed,edema_threshold_ratio,0.0,0.0,0.0,0.0,0.0,0.0,1024
ses07_dice_whole_fixed,front_speed_mm_per_day,0.2450566496886945,0.06310318617479248,0.40195453713303714,0.05098038798279366,0.2764628739699565,0.4031876253411541,1024
ses07_dice_whole_fixed,front_width_mm,0.10875152641161581,0.042604231381491595,0.2961347704986096,0.04802482813733254,0.12592588154552598,0.3342655853262715,1024
ses07_dice_whole_fixed,seed_peak_density,0.0012196096244444221,0.0047394053647433956,0.0030514277276995454,0.0005449219465877914,0.006378413103451353,0.003151039808852888,1024
ses07_dice_whole_fixed,seed_sigma_mm,0.06954040306705184,0.03390392792820568,0.14065310929186708,0.01995081651250154,0.07496083216475807,0.1343032298897492,1024
ses07_dice_whole_fixed,preop_time,0.0265137873000123,0.017650124004132687,0.058984159311461094,0.012586045595195114,0.030812186747618875,0.05529455270529155,1024
ses07_dice_whole_fixed,diffusivity_ratio,-0.00038979722547883124,0.008764867806782966,0.009464213476425166,0.002254359453225805,-0.003408189362782463,0.008526233213525974,1024
ses07_dice_whole_fixed,chemo_kill_rate,0.0621272180155836,0.03828022010565862,0.22236959033442497,0.045236734276568054,0.07578336865301648,0.22551956710240165,1024
ses07_dice_whole_fixed,rt_alpha,0.12786280351466925,0.04609053657373683,0.30630610498684974,0.05188855652676687,0.1387565837853435,0.32602889742384755,1024
ses07_dice_whole_fixed,rt_alpha_beta_ratio,-0.0013881746223891299,0.002531221476272493,0.0028423164340328497,0.0029652680698668867,-0.0010403092125593526,0.001862586844984045,1024
ses07_dice_whole_fixed,gaussian_seed_x_fraction,0.020128143018424485,0.015114485762505668,0.035788574513552496,0.00630130810243955,0.023225326300683226,0.03275239110171344,1024
ses07_dice_whole_fixed,gaussian_seed_y_fraction,-0.0038356469443369193,0.013770721545310775,0.031638982179077686,0.0063421113418951095,-0.006052181362459232,0.03353706579928839,1024
ses07_dice_whole_fixed,gaussian_seed_z_fraction,0.014270230553298057,0.016096305706468885,0.03331917543014241,0.005491366485357642,0.02114703979639944,0.0347178787390336,1024
ses07_dice_whole_fixed,core_threshold,0.0,0.0,0.0,0.0,0.0,0.0,1024
ses07_dice_whole_fixed,edema_threshold_ratio,0.0,0.0,0.0,0.0,0.0,0.0,1024
ses07_log10_V_core_fixed,front_speed_mm_per_day,0.1274526525284641,0.047141339271491174,0.29367249496971737,0.04243143527902877,0.2158787409153086,0.32001004877950795,1024
ses07_log10_V_core_fixed,front_width_mm,0.10765753455906259,0.045633257116885824,0.27882180844197074,0.03919473534089245,0.10844948581426228,0.2936836287837108,1024
ses07_log10_V_core_fixed,seed_peak_density,0.001611952229218585,0.009337633384504372,0.012077836530667723,0.004813559563383816,0.0009435172704434146,0.013033409947993143,1024
ses07_log10_V_core_fixed,seed_sigma_mm,0.0338345685062684,0.029949246143632632,0.11506765861107655,0.01864017719387271,0.030810886514543823,0.118381277314959,1024
ses07_log10_V_core_fixed,preop_time,0.007449124880478241,0.01566320773195193,0.02750282914437069,0.008206380829579725,0.0049437136022261055,0.024483843593253406,1024
ses07_log10_V_core_fixed,diffusivity_ratio,-0.002065140704437902,0.006258926154284356,0.005219910740362685,0.0026802339588132638,-0.004400919902132568,0.005652263087873347,1024
ses07_log10_V_core_fixed,chemo_kill_rate,0.37092312646564274,0.06400994360706753,0.5967257901791587,0.056561142962675975,0.3732008430921258,0.5900039117737587,1024
ses07_log10_V_core_fixed,rt_alpha,0.019802982853129352,0.026352587438800007,0.09404881289606788,0.018733407301296114,0.03195285313743991,0.08637500396291883,1024
ses07_log10_V_core_fixed,rt_alpha_beta_ratio,-0.0010482617092490833,0.003718862790604575,0.0014986569305033095,0.002105125345583749,0.0016934581796057293,0.0002743612178716315,1024
ses07_log10_V_core_fixed,gaussian_seed_x_fraction,0.007667527518534634,0.016482040360039925,0.03844116281482598,0.00986144853675375,0.016784859116341533,0.03908975710636655,1024
ses07_log10_V_core_fixed,gaussian_seed_y_fraction,0.000798673737537246,0.013794891207216399,0.02243813675299416,0.0063056516634214495,0.004218687773541866,0.02153307160892632,1024
ses07_log10_V_core_fixed,gaussian_seed_z_fraction,0.020825122672436063,0.018083377916533187,0.046784427907971916,0.011851961727159901,0.025142921366796554,0.04171408011606791,1024
ses07_log10_V_core_fixed,core_threshold,0.0,0.0,0.0,0.0,0.0,0.0,1024
ses07_log10_V_core_fixed,edema_threshold_ratio,0.0,0.0,0.0,0.0,0.0,0.0,1024
ses07_log10_V_whole_fixed,front_speed_mm_per_day,0.090447136910446,0.046733385814689964,0.24096516467331466,0.04097141868392067,0.08789751446791791,0.24796201406922289,1024
ses07_log10_V_whole_fixed,front_width_mm,0.06303617443535127,0.040311663641412664,0.2392935530514698,0.04197391797603288,0.09035315219303107,0.23521399511582772,1024
ses07_log10_V_whole_fixed,seed_peak_density,-0.0020765886011289967,0.00884945670283279,0.011977472075447642,0.005658671751320786,-0.005286479302373787,0.013375559270317423,1024
ses07_log10_V_whole_fixed,seed_sigma_mm,0.06391623698543931,0.03361231667983659,0.14080171533582314,0.024442223042319782,0.08590247145008041,0.15844556491946357,1024
ses07_log10_V_whole_fixed,preop_time,0.004388297930175517,0.011116848872113474,0.016724679596082422,0.005749137058629097,0.007539025896930098,0.019922668185001498,1024
ses07_log10_V_whole_fixed,diffusivity_ratio,0.0019521128133841406,0.005202559352939667,0.005768428587214789,0.003452056162982761,-0.0006635379245952676,0.007507637273247788,1024
ses07_log10_V_whole_fixed,chemo_kill_rate,0.3956435051527146,0.08067811997956424,0.630225333960547,0.06417382225527715,0.35144386993575977,0.6327226443240632,1024
ses07_log10_V_whole_fixed,rt_alpha,0.03598290932913604,0.027274488118197333,0.11172486586847451,0.023850076083588433,0.05595763207055786,0.11656819216092969,1024
ses07_log10_V_whole_fixed,rt_alpha_beta_ratio,0.0010506604687212883,0.002160170638759767,0.002256584175024885,0.0028891657273017297,0.0011135398359693664,0.004400610509882083,1024
ses07_log10_V_whole_fixed,gaussian_seed_x_fraction,0.007502797958389502,0.014793959268767587,0.03997496781102144,0.011162678804417745,0.01586724793436761,0.04480611393662637,1024
ses07_log10_V_whole_fixed,gaussian_seed_y_fraction,0.0018288214958480547,0.010482337510844932,0.017969162299958603,0.006209245441448806,0.00480864119852765,0.019052828460167467,1024
ses07_log10_V_whole_fixed,gaussian_seed_z_fraction,0.022947225096998394,0.02086415083290303,0.05165875873053113,0.015509232490799435,0.02698880990215595,0.060527678281562435,1024
ses07_log10_V_whole_fixed,core_threshold,0.0,0.0,0.0,0.0,0.0,0.0,1024
ses07_log10_V_whole_fixed,edema_threshold_ratio,0.0,0.0,0.0,0.0,0.0,0.0,1024
ses07_log_vol_ratio_core_fixed,front_speed_mm_per_day,0.1274526525284641,0.047141339271491174,0.29367249496971737,0.04243143527902877,0.2158787409153086,0.32001004877950795,1024
ses07_log_vol_ratio_core_fixed,front_width_mm,0.10765753455906259,0.045633257116885824,0.27882180844197074,0.03919473534089245,0.10844948581426228,0.2936836287837108,1024
ses07_log_vol_ratio_core_fixed,seed_peak_density,0.0016119522292185851,0.009337633384504372,0.012077836530667721,0.004813559563383816,0.0009435172704434154,0.013033409947993143,1024
ses07_log_vol_ratio_core_fixed,seed_sigma_mm,0.0338345685062684,0.029949246143632632,0.11506765861107654,0.018640177193872714,0.030810886514543823,0.118381277314959,1024
ses07_log_vol_ratio_core_fixed,preop_time,0.007449124880478244,0.01566320773195193,0.02750282914437069,0.008206380829579725,0.004943713602226106,0.024483843593253406,1024
ses07_log_vol_ratio_core_fixed,diffusivity_ratio,-0.0020651407044379026,0.006258926154284356,0.005219910740362684,0.0026802339588132638,-0.004400919902132567,0.005652263087873347,1024
ses07_log_vol_ratio_core_fixed,chemo_kill_rate,0.37092312646564274,0.06400994360706753,0.5967257901791587,0.056561142962675975,0.3732008430921258,0.5900039117737587,1024
ses07_log_vol_ratio_core_fixed,rt_alpha,0.019802982853129352,0.02635258743880001,0.09404881289606788,0.018733407301296114,0.031952853137439896,0.08637500396291883,1024
ses07_log_vol_ratio_core_fixed,rt_alpha_beta_ratio,-0.0010482617092490824,0.0037188627906045747,0.0014986569305033095,0.002105125345583749,0.0016934581796057304,0.0002743612178716315,1024
ses07_log_vol_ratio_core_fixed,gaussian_seed_x_fraction,0.007667527518534635,0.016482040360039925,0.038441162814825985,0.00986144853675375,0.016784859116341533,0.03908975710636655,1024
ses07_log_vol_ratio_core_fixed,gaussian_seed_y_fraction,0.000798673737537246,0.013794891207216399,0.02243813675299416,0.006305651663421449,0.004218687773541867,0.021533071608926316,1024
ses07_log_vol_ratio_core_fixed,gaussian_seed_z_fraction,0.020825122672436063,0.018083377916533187,0.046784427907971916,0.0118519617271599,0.025142921366796554,0.04171408011606791,1024
ses07_log_vol_ratio_core_fixed,core_threshold,0.0,0.0,0.0,0.0,0.0,0.0,1024
ses07_log_vol_ratio_core_fixed,edema_threshold_ratio,0.0,0.0,0.0,0.0,0.0,0.0,1024
ses07_log_vol_ratio_whole_fixed,front_speed_mm_per_day,0.09044713691044601,0.046733385814689964,0.24096516467331464,0.04097141868392068,0.0878975144679179,0.24796201406922294,1024
ses07_log_vol_ratio_whole_fixed,front_width_mm,0.06303617443535126,0.04031166364141266,0.23929355305146974,0.04197391797603286,0.09035315219303108,0.23521399511582772,1024
ses07_log_vol_ratio_whole_fixed,seed_peak_density,-0.002076588601128995,0.00884945670283279,0.011977472075447642,0.005658671751320786,-0.005286479302373787,0.013375559270317427,1024
ses07_log_vol_ratio_whole_fixed,seed_sigma_mm,0.0639162369854393,0.03361231667983659,0.1408017153358231,0.02444222304231978,0.0859024714500804,0.15844556491946357,1024
ses07_log_vol_ratio_whole_fixed,preop_time,0.004388297930175515,0.011116848872113474,0.01672467959608242,0.005749137058629098,0.007539025896930097,0.019922668185001498,1024
ses07_log_vol_ratio_whole_fixed,diffusivity_ratio,0.0019521128133841415,0.005202559352939666,0.005768428587214789,0.003452056162982761,-0.0006635379245952639,0.007507637273247789,1024
ses07_log_vol_ratio_whole_fixed,chemo_kill_rate,0.39564350515271457,0.08067811997956426,0.630225333960547,0.0641738222552771,0.35144386993575977,0.6327226443240631,1024
ses07_log_vol_ratio_whole_fixed,rt_alpha,0.035982909329136024,0.027274488118197326,0.11172486586847448,0.02385007608358844,0.05595763207055785,0.11656819216092967,1024
ses07_log_vol_ratio_whole_fixed,rt_alpha_beta_ratio,0.0010506604687212883,0.002160170638759767,0.0022565841750248855,0.0028891657273017297,0.0011135398359693642,0.004400610509882085,1024
ses07_log_vol_ratio_whole_fixed,gaussian_seed_x_fraction,0.007502797958389502,0.014793959268767587,0.039974967811021445,0.011162678804417745,0.015867247934367612,0.04480611393662638,1024
ses07_log_vol_ratio_whole_fixed,gaussian_seed_y_fraction,0.0018288214958480545,0.010482337510844932,0.0179691622999586,0.006209245441448806,0.00480864119852765,0.019052828460167474,1024
ses07_log_vol_ratio_whole_fixed,gaussian_seed_z_fraction,0.02294722509699839,0.02086415083290303,0.051658758730531114,0.015509232490799435,0.026988809902155953,0.06052767828156244,1024
ses07_log_vol_ratio_whole_fixed,core_threshold,0.0,0.0,0.0,0.0,0.0,0.0,1024
ses07_log_vol_ratio_whole_fixed,edema_threshold_ratio,0.0,0.0,0.0,0.0,0.0,0.0,1024
ses07_msd_core_fixed,front_speed_mm_per_day,0.21405356018485666,0.16026221254965847,0.5320544039688213,0.1437937404530906,0.20521806301111373,0.5241740435053809,244
ses07_msd_core_fixed,front_width_mm,0.2519962395472098,0.1440093821287948,0.5173615283404622,0.13475869883740813,0.3435837082427945,0.6476844248779737,244
ses07_msd_core_fixed,seed_peak_density,4.9290459215260054e-05,0.019501770498502043,0.012869218808328607,0.009920484366387424,-0.004612597704509238,0.007551289120507712,244
ses07_msd_core_fixed,seed_sigma_mm,-0.04890967015346783,0.10273080082271495,0.3086457900076231,0.08562838089496243,-0.07454184067165058,0.3043159093712882,244
ses07_msd_core_fixed,preop_time,0.01919698256823866,0.061718603780089566,0.10183939619856562,0.0360503969600203,0.054707552237546725,0.09978925178918333,244
ses07_msd_core_fixed,diffusivity_ratio,0.01841625272058388,0.04358160754846951,0.019590394148134564,0.010355254915040597,-0.004256552105376275,0.009768099543250154,244
ses07_msd_core_fixed,chemo_kill_rate,-0.019818310262290917,0.050305360508987304,0.08675424371543515,0.04879179842516288,-0.08347813330962446,0.08701170112486438,244
ses07_msd_core_fixed,rt_alpha,0.2707188268765287,0.12511569071079745,0.41839782101196243,0.11192768877750142,0.2357114241196369,0.3860921562614002,244
ses07_msd_core_fixed,rt_alpha_beta_ratio,0.00737901078719242,0.0066354809938026175,0.002626407088784098,0.0025121103949798883,0.0019694134472175253,0.000449578592748517,244
ses07_msd_core_fixed,gaussian_seed_x_fraction,0.033134858253249654,0.05193400581060525,0.06157301544099454,0.027061245154205757,0.0387625777737252,0.061134698947065094,244
ses07_msd_core_fixed,gaussian_seed_y_fraction,0.0026152408202536124,0.04785179192869223,0.06332372500740217,0.019926597777224046,0.005422797555622348,0.07423561875123465,244
ses07_msd_core_fixed,gaussian_seed_z_fraction,-0.010288386791051526,0.04791698330648019,0.0386147720779834,0.024869830063174843,-0.04744726834914814,0.02847700274135264,244
ses07_msd_core_fixed,core_threshold,0.0,0.0,0.0,0.0,0.0,0.0,244
ses07_msd_core_fixed,edema_threshold_ratio,0.0,0.0,0.0,0.0,0.0,0.0,244
ses07_msd_whole_fixed,front_speed_mm_per_day,0.3155817434505036,0.08047123104791036,0.3899944623829524,0.06395109231861107,0.33397702927642653,0.41178552218053427,511
ses07_msd_whole_fixed,front_width_mm,0.19575424139451317,0.05824643599650609,0.2590495961614484,0.05188218314779058,0.22280932437663042,0.28863033425481666,511
ses07_msd_whole_fixed,seed_peak_density,0.006871510011903004,0.008388505150952392,0.004673310251427616,0.0008523805034942877,0.013820392608985897,0.0043796743444798475,511
ses07_msd_whole_fixed,seed_sigma_mm,0.1414739388281262,0.06257198291028271,0.254682002707767,0.040417117375652054,0.1383529347378693,0.2556756917251681,511
ses07_msd_whole_fixed,preop_time,0.03865737713306214,0.030922321543965115,0.05182142541534887,0.010762519336269705,0.037316478285884656,0.05794623356800235,511
ses07_msd_whole_fixed,diffusivity_ratio,0.007058171137613586,0.013145903372846362,0.006125424611554793,0.003243295526397667,0.007064100871832499,0.007678450464909497,511
ses07_msd_whole_fixed,chemo_kill_rate,-0.0020259418594681853,0.03278256540385406,0.06351550496811889,0.02435101488563404,0.022344768012688778,0.05873360514276064,511
ses07_msd_whole_fixed,rt_alpha,0.18251551979931174,0.0713320190265885,0.2631771701510604,0.048482202180913536,0.1853394276568889,0.25968678025948344,511
ses07_msd_whole_fixed,rt_alpha_beta_ratio,-0.00039513379232505245,0.0028122924186740742,0.0009079130367226571,0.0010332710512449053,8.240982670891097e-05,0.00041836226019949685,511
ses07_msd_whole_fixed,gaussian_seed_x_fraction,0.024238239219736727,0.02206684047905675,0.030647953872897524,0.005963464776717775,0.031549479597977784,0.031573379677983474,511
ses07_msd_whole_fixed,gaussian_seed_y_fraction,0.013844626194432295,0.026634554406411024,0.039620981149833694,0.007715387696181746,0.0034401402534747602,0.03681084054061867,511
ses07_msd_whole_fixed,gaussian_seed_z_fraction,0.006556012663490463,0.017873842815660384,0.023371428041356845,0.00439240339971198,0.008770110597418139,0.024073206715571636,511
ses07_msd_whole_fixed,core_threshold,0.0,0.0,0.0,0.0,0.0,0.0,511
ses07_msd_whole_fixed,edema_threshold_ratio,0.0,0.0,0.0,0.0,0.0,0.0,511
ses07_hd95_core_fixed,front_speed_mm_per_day,0.1907267099188747,0.1602490202113757,0.5816783612712559,0.1386089176145436,0.17569142092038378,0.5890796429368474,244
ses07_hd95_core_fixed,front_width_mm,0.19894682659403468,0.13108142422166838,0.4651994861295098,0.10978006718446824,0.2764626354522984,0.5323635651447893,244
ses07_hd95_core_fixed,seed_peak_density,0.002614599584380299,0.017263565729377782,0.01170815529005512,0.005117616374068976,-0.008502350451803748,0.008210766935122396,244
ses07_hd95_core_fixed,seed_sigma_mm,-0.08457404414208446,0.10237192357266912,0.3312655293974185,0.07981154111473603,-0.12071307276835602,0.35501623856887726,244
ses07_hd95_core_fixed,preop_time,0.023502040707974247,0.06280513495708578,0.1427198238563206,0.049349595029445956,0.05774783111351172,0.14843869811514415,244
ses07_hd95_core_fixed,diffusivity_ratio,0.012141158195213931,0.03745909176437095,0.024543965146664595,0.011920415777018563,-0.0023817399762994717,0.01829349827493641,244
ses07_hd95_core_fixed,chemo_kill_rate,-0.01448973433390299,0.044204570460275865,0.07195876233637229,0.03894179277950562,-0.08098910196233242,0.06243333736023176,244
ses07_hd95_core_fixed,rt_alpha,0.2173440648737575,0.1246225955018249,0.4011631987222645,0.10269314263553567,0.17643728707641473,0.3643419248820078,244
ses07_hd95_core_fixed,rt_alpha_beta_ratio,0.004856827606154282,0.006701032871264906,0.003646921049326193,0.002753367842178728,-0.0013152117611328015,0.0011176813036271726,244
ses07_hd95_core_fixed,gaussian_seed_x_fraction,-0.028115506124584994,0.05362493339433268,0.10384334627604648,0.032269136237846247,-0.05870873048421986,0.1068867318395108,244
ses07_hd95_core_fixed,gaussian_seed_y_fraction,0.021441195698606825,0.05807289117722218,0.12629807079556019,0.042485344023227664,0.02146192031725829,0.13514338901108192,244
ses07_hd95_core_fixed,gaussian_seed_z_fraction,-0.0012233463273972817,0.04381557059171897,0.04507835306637923,0.012351923795178679,-0.051287933363313436,0.044066095582064486,244
ses07_hd95_core_fixed,core_threshold,0.0,0.0,0.0,0.0,0.0,0.0,244
ses07_hd95_core_fixed,edema_threshold_ratio,0.0,0.0,0.0,0.0,0.0,0.0,244
ses07_hd95_whole_fixed,front_speed_mm_per_day,0.3641191175522746,0.08209812376844014,0.43080578821192833,0.06186792256423577,0.3623710652556469,0.43362472134647945,511
ses07_hd95_whole_fixed,front_width_mm,0.18183941115884475,0.057453265062326585,0.243873340692776,0.04253869773897348,0.2158649730791785,0.27466433160987047,511
ses07_hd95_whole_fixed,seed_peak_density,0.004479993745666191,0.007726076635403729,0.0035911211905096502,0.000625004547590301,0.008956149779221202,0.0036681994718297598,511
ses07_hd95_whole_fixed,seed_sigma_mm,0.124543828003531,0.05598524206946986,0.19779888989154193,0.02778019756575386,0.14398872678586713,0.19916863748349664,511
ses07_hd95_whole_fixed,preop_time,0.0449077204682898,0.036641729825093644,0.07303043835253036,0.015550720338904811,0.05142945028999317,0.07671686206722854,511
ses07_hd95_whole_fixed,diffusivity_ratio,0.013825379506201049,0.015311815083644677,0.00780589918533249,0.004499015942547333,0.01725045864285541,0.008591724385005396,511
ses07_hd95_whole_fixed,chemo_kill_rate,0.00653011441281029,0.035549062034997025,0.04767261020294227,0.021490619425293744,0.032245441853683644,0.03996178076725622,511
ses07_hd95_whole_fixed,rt_alpha,0.13678060341210888,0.05929200565149699,0.21723743003232798,0.042486585867485584,0.12521843533480356,0.2209927992447845,511
ses07_hd95_whole_fixed,rt_alpha_beta_ratio,-0.00018581603723350247,0.002576925984264871,0.0008239059843035232,0.0009196492436237883,0.0012145478807595665,0.00038217679087059717,511
ses07_hd95_whole_fixed,gaussian_seed_x_fraction,0.032636949344448545,0.024689791595559642,0.038579145369240335,0.006473998069021637,0.02916046691040152,0.0404082117958403,511
ses07_hd95_whole_fixed,gaussian_seed_y_fraction,0.07236357875636838,0.04658627997629176,0.11975452388212325,0.02095233878669971,0.05846293907114258,0.10975335626770273,511
ses07_hd95_whole_fixed,gaussian_seed_z_fraction,0.014455690910844357,0.01960109880726193,0.028177471517242116,0.005524607199274646,0.024999783720042783,0.02647033868673793,511
ses07_hd95_whole_fixed,core_threshold,0.0,0.0,0.0,0.0,0.0,0.0,511
ses07_hd95_whole_fixed,edema_threshold_ratio,0.0,0.0,0.0,0.0,0.0,0.0,511
ses07_log10_mass,front_speed_mm_per_day,0.19799559862996025,0.04171087902412068,0.231559501901255,0.031799801335469266,0.20252851218871906,0.24110325665294186,1024
ses07_log10_mass,front_width_mm,0.1139600282892007,0.029298190097920906,0.11916118159120027,0.01569779565863831,0.11684591506467043,0.11450279805754904,1024
ses07_log10_mass,seed_peak_density,0.0031161548843049794,0.006015435857679639,0.00483562945182312,0.0006326748750867736,0.004697437788982618,0.0046199679217897634,1024
ses07_log10_mass,seed_sigma_mm,0.2396409931546899,0.046715492716729194,0.2927238017289699,0.03112111779376455,0.23780671960279706,0.2996746725086016,1024
ses07_log10_mass,preop_time,0.017585897035094805,0.013197511092833292,0.022450256444255787,0.003147332029088034,0.017493200455789042,0.023482342922399202,1024
ses07_log10_mass,diffusivity_ratio,0.002184680871037485,0.00568274162748044,0.004447988264893002,0.0008602993193582981,0.0013866375040562065,0.004527107813207441,1024
ses07_log10_mass,chemo_kill_rate,0.18425746507939753,0.04251913983646306,0.18248377954936035,0.02163321520001807,0.1834167281983509,0.17829939970447908,1024
ses07_log10_mass,rt_alpha,0.10973101603256644,0.03770284415934483,0.19348831773628172,0.030513695093278555,0.10582725492249528,0.19231650440059603,1024
ses07_log10_mass,rt_alpha_beta_ratio,-0.00011343463760871931,0.002087043365738866,0.0006627904958655698,0.00020425139316755626,-0.0014010712384583124,0.0007823955999470908,1024
ses07_log10_mass,gaussian_seed_x_fraction,0.005617764725161156,0.011737105129583075,0.017047778708013526,0.005301968421736477,0.009555362230295236,0.017897463299825382,1024
ses07_log10_mass,gaussian_seed_y_fraction,0.0017440739952601682,0.008855177085019802,0.00788696115657998,0.002685267411132623,0.008330796601492581,0.008126051201718503,1024
ses07_log10_mass,gaussian_seed_z_fraction,0.005593919648331158,0.012525147586615722,0.016833168583941176,0.004431134980705662,0.004106258711268933,0.018476509088993773,1024
ses07_log10_mass,core_threshold,0.0,0.0,0.0,0.0,0.0,0.0,1024
ses07_log10_mass,edema_threshold_ratio,0.0,0.0,0.0,0.0,0.0,0.0,1024
ses07_centroid_drift,front_speed_mm_per_day,0.33842749890566026,0.09346136508677498,0.6946037314052234,0.09268301524011956,0.3359093610603149,0.6467764201050858,1024
ses07_centroid_drift,front_width_mm,0.0449776083146439,0.03865109202754345,0.1790812204403962,0.03905232111882131,0.05419422914127075,0.1780769828344991,1024
ses07_centroid_drift,seed_peak_density,0.003209977544065335,0.0038488607575197053,0.0024825459840064814,0.0009486335293968765,8.767710347186893e-05,0.0023387333288088508,1024
ses07_centroid_drift,seed_sigma_mm,-0.0004013045886024822,0.0331736569789519,0.12522986135860778,0.02755722539536353,0.0033035812161804983,0.1520890979726596,1024
ses07_centroid_drift,preop_time,0.03211609931256909,0.04095544285232795,0.17580849821399158,0.03738505711214635,0.06425157007221233,0.17606149367978988,1024
ses07_centroid_drift,diffusivity_ratio,0.010148042236621442,0.013044101559519702,0.027229036124407132,0.007238509194568464,0.004546418838059249,0.026806893803584475,1024
ses07_centroid_drift,chemo_kill_rate,-0.0028613640838063936,0.01264050852368397,0.015200962508898049,0.004266646831500664,-0.004005987005304932,0.016380941587659133,1024
ses07_centroid_drift,rt_alpha,0.002108323418889234,0.0378359315403296,0.22023584007165012,0.04107828988151877,-0.002420539317892477,0.2211586124852153,1024
ses07_centroid_drift,rt_alpha_beta_ratio,-0.0020951806966428986,0.0043920095103090195,0.001735378979987915,0.0004897953728506457,0.0005976294111292994,0.0014674615912269695,1024
ses07_centroid_drift,gaussian_seed_x_fraction,-0.011674464038283214,0.02065932496934502,0.06384069231434211,0.012865965506865798,-0.010035790927806503,0.06520525353952634,1024
ses07_centroid_drift,gaussian_seed_y_fraction,-0.015450248864146768,0.022301691962277517,0.031582795803050005,0.01532912131833142,-0.015330794809600081,0.032961540518188226,1024
ses07_centroid_drift,gaussian_seed_z_fraction,-0.008720124595733356,0.01946687115536401,0.04597499238246774,0.01352698433656994,-0.009497242064211582,0.05053854119797727,1024
ses07_centroid_drift,core_threshold,0.0,0.0,0.0,0.0,0.0,0.0,1024
ses07_centroid_drift,edema_threshold_ratio,0.0,0.0,0.0,0.0,0.0,0.0,1024
ses07_R_g,front_speed_mm_per_day,0.3741615134669524,0.06152444222946242,0.4169474880784337,0.046397004802996376,0.37845966531964775,0.4208583007638526,1024
ses07_R_g,front_width_mm,0.015641142178953436,0.017992545868708392,0.0424546782677197,0.007312678841665186,0.028816562996853125,0.04266967284855166,1024
ses07_R_g,seed_peak_density,0.00500427556622213,0.006706644590899471,0.005795222244229714,0.0007255444193792315,0.004913546372032603,0.005841019700629327,1024
ses07_R_g,seed_sigma_mm,0.4030434741447801,0.055504068605032715,0.41805340380501976,0.04097071339764382,0.40110398976472184,0.4242064829733016,1024
ses07_R_g,preop_time,0.05399554679422093,0.02623958806520103,0.08381160432943574,0.01236029631778075,0.07292320222353864,0.08766863224052125,1024
ses07_R_g,diffusivity_ratio,0.027175403626678196,0.017073689185145416,0.03373641615781904,0.005811257567563742,0.02144551575613487,0.03407471966451022,1024
ses07_R_g,chemo_kill_rate,0.001669378990061622,0.005421092870455652,0.0036281002307245284,0.0006854661144636928,0.00235724042253846,0.003732030615427138,1024
ses07_R_g,rt_alpha,0.013988404573747093,0.01596441063909925,0.031975020125727616,0.0063845351966254175,0.009772512453943503,0.03421996464642388,1024
ses07_R_g,rt_alpha_beta_ratio,-0.0004235681331212306,0.0017141886392732148,0.0004039460437192432,0.00017022976925574982,-0.0005958551452366638,0.0004386129712139159,1024
ses07_R_g,gaussian_seed_x_fraction,0.018901632178099162,0.013410280821572813,0.03041580051421967,0.005611959171907089,0.014758872669436577,0.032046974791557825,1024
ses07_R_g,gaussian_seed_y_fraction,0.002796207414453639,0.01131848722726722,0.01692130883022507,0.003449587897552267,-0.001890836761106847,0.01643309881331695,1024
ses07_R_g,gaussian_seed_z_fraction,-6.000461327248083e-05,0.01484704648469899,0.028862262771354737,0.010781808575567837,0.0019294542599843309,0.03378294454597345,1024
ses07_R_g,core_threshold,0.0,0.0,0.0,0.0,0.0,0.0,1024
ses07_R_g,edema_threshold_ratio,0.0,0.0,0.0,0.0,0.0,0.0,1024
ses07_log10_anisotropy,front_speed_mm_per_day,0.05477121190038976,0.04697851371489717,0.3436677719360287,0.05120091369265644,0.04459460392528465,0.34934367633682384,1024
ses07_log10_anisotropy,front_width_mm,-0.012626234334969821,0.023666116242552767,0.07890854615010343,0.015792432484125443,-0.002560782924863327,0.07306951007004742,1024
ses07_log10_anisotropy,seed_peak_density,0.00163880480505499,0.009277955985891522,0.008645438371377899,0.0033555965403110964,-0.0005226695233021191,0.008719933145422945,1024
ses07_log10_anisotropy,seed_sigma_mm,0.008865804517973794,0.04254420070551207,0.2647369638924921,0.03644130919180772,0.006124559882985481,0.29379700397432906,1024
ses07_log10_anisotropy,preop_time,-0.00468068154189623,0.023396435153806416,0.08468209912388044,0.02004346473595929,-0.0237263826223442,0.09779401710626685,1024
ses07_log10_anisotropy,diffusivity_ratio,-0.002578370831977374,0.023165843917127338,0.05619261792911139,0.014740467846866008,0.008261862065992729,0.061916678714088826,1024
ses07_log10_anisotropy,chemo_kill_rate,-0.0017949416054017532,0.008607336010807301,0.010598856796751946,0.003502502521239813,-0.005409907232442044,0.012942329274016605,1024
ses07_log10_anisotropy,rt_alpha,0.251966342233518,0.0938820134573428,0.543532459122075,0.08218573513412457,0.2001262563483229,0.5654863529318416,1024
ses07_log10_anisotropy,rt_alpha_beta_ratio,-0.0001150470881734845,0.011576415837593453,0.009764387450963793,0.0032781075337261424,0.000942934141863375,0.00802130482293546,1024
ses07_log10_anisotropy,gaussian_seed_x_fraction,0.04773106839971069,0.05630346475431556,0.3077902341407239,0.050749861114565635,0.0399446371220879,0.3146067345715734,1024
ses07_log10_anisotropy,gaussian_seed_y_fraction,-0.01146090783392757,0.026578002027739363,0.10225444523884361,0.01880321845974903,-0.03460189529743834,0.10271621356584912,1024
ses07_log10_anisotropy,gaussian_seed_z_fraction,0.0010517861801109028,0.0252297104398808,0.11584751146592691,0.02394156345049939,0.021484158029660104,0.12388750945665683,1024
ses07_log10_anisotropy,core_threshold,0.0,0.0,0.0,0.0,0.0,0.0,1024
ses07_log10_anisotropy,edema_threshold_ratio,0.0,0.0,0.0,0.0,0.0,0.0,1024
ses07_wm_fraction,front_speed_mm_per_day,0.09809689658066872,0.03685447046824425,0.18845023441706918,0.03743478593138645,0.09070525474392531,0.18788312963619602,1024
ses07_wm_fraction,front_width_mm,0.045538512601906896,0.0225508359986085,0.07569076315800588,0.013761658345046696,0.034327529124460146,0.07678917450982671,1024
ses07_wm_fraction,seed_peak_density,0.0012827991468995,0.004315587539452997,0.0019743895034218524,0.000708160319416289,-0.0016155755248208755,0.002146111102514643,1024
ses07_wm_fraction,seed_sigma_mm,0.042809412061167416,0.03367181427165129,0.15294859926229926,0.027336784654617037,0.03345137522471863,0.16732825326060913,1024
ses07_wm_fraction,preop_time,0.00754473515697187,0.01725488191450471,0.03594933207192798,0.010608807566136151,-0.0006570051484777353,0.03845382331291373,1024
ses07_wm_fraction,diffusivity_ratio,0.008624045901874235,0.011459123966868774,0.020319831382624037,0.0063324513940477885,0.009456279290657718,0.01752845725040878,1024
ses07_wm_fraction,chemo_kill_rate,0.003717914309518361,0.0055438828748265185,0.004900142834326024,0.0013701962094492567,0.004696223442649715,0.005232803515418503,1024
ses07_wm_fraction,rt_alpha,0.14369555397256115,0.04278718305443435,0.18996919387306532,0.030569154460861846,0.13958362689288936,0.18506443904982947,1024
ses07_wm_fraction,rt_alpha_beta_ratio,0.0026276803969140284,0.0033853484891196105,0.0010787392673406206,0.00034198476934548135,0.002349084341426785,0.0010441831190946607,1024
ses07_wm_fraction,gaussian_seed_x_fraction,0.12060678596029474,0.03914132713127663,0.22700310863248413,0.037784766374937266,0.14219921543346442,0.24447303282616853,1024
ses07_wm_fraction,gaussian_seed_y_fraction,0.13937331398425767,0.03990104777096521,0.2534362415258536,0.034638452063622434,0.13012977035706305,0.2498173561621699,1024
ses07_wm_fraction,gaussian_seed_z_fraction,0.15490163495061482,0.044411874944041585,0.25818645729060946,0.042916713237160335,0.1661233424866816,0.2754264830941751,1024
ses07_wm_fraction,core_threshold,0.0,0.0,0.0,0.0,0.0,0.0,1024
ses07_wm_fraction,edema_threshold_ratio,0.0,0.0,0.0,0.0,0.0,0.0,1024
ses08_dice_core,front_speed_mm_per_day,0.10322114909067764,0.07236399033499002,0.5598784919205074,0.08172859982392798,0.17492384695780339,0.5772132217272615,1024
ses08_dice_core,front_width_mm,0.08568647020994537,0.05442454472560927,0.4850046680011531,0.08169175413699403,0.11406294026027503,0.4840055075568098,1024
ses08_dice_core,seed_peak_density,-0.003194684901833912,0.004718888566572387,0.0034977693387669893,0.0009963253551495224,0.0012243905061690885,0.0028319745488924793,1024
ses08_dice_core,seed_sigma_mm,-0.006254560529359104,0.031141026531215053,0.15562188906124463,0.03249902391823845,0.005316394600290468,0.147208520954737,1024
ses08_dice_core,preop_time,-0.0074796523786068905,0.022503221212630008,0.06519145332558132,0.01542409461720076,-0.017603731906981734,0.07722150961699302,1024
ses08_dice_core,diffusivity_ratio,0.0005264975152561982,0.005478401247760231,0.0077688632726622365,0.002653733149678337,0.0002601820350522729,0.007928154784601552,1024
ses08_dice_core,chemo_kill_rate,0.18007911864500484,0.05288685875475014,0.49501868478116273,0.0851970782756193,0.16070805684530973,0.5111342840947825,1024
ses08_dice_core,rt_alpha,0.06903414757419803,0.04549730217709283,0.3029071236583629,0.06216807694952406,0.061365215438214916,0.3094745715175917,1024
ses08_dice_core,rt_alpha_beta_ratio,0.0008513373274891021,0.002935947676998951,0.003100151340190743,0.004449586096450244,-0.0009870798293478038,0.0005511669441350422,1024
ses08_dice_core,gaussian_seed_x_fraction,0.006146580698475967,0.015926616246462542,0.04382709709300738,0.012474046625638516,0.004707783504312047,0.044122191016206305,1024
ses08_dice_core,gaussian_seed_y_fraction,0.027237421961458185,0.025642277726920775,0.11413892285899889,0.03276322518493012,0.028187036033602057,0.12675165136619396,1024
ses08_dice_core,gaussian_seed_z_fraction,0.009420011211538373,0.016449422537642342,0.03959106258979685,0.010843951677847513,0.004257555944470752,0.04344683954401564,1024
ses08_dice_core,core_threshold,0.007668507513384964,0.02244743550695051,0.06871523269872715,0.024572049763018,0.02718359674587058,0.0584531152198451,1024
ses08_dice_core,edema_threshold_ratio,0.0,0.0,0.0,0.0,0.0,0.0,1024
ses08_dice_whole,front_speed_mm_per_day,0.3121315514371429,0.06896613451426618,0.4505487945810499,0.0526934138346143,0.3584799544906983,0.4718339978263024,1024
ses08_dice_whole,front_width_mm,0.11248454750692886,0.040767979573549405,0.2975141158694637,0.05081797351960733,0.11555068755002487,0.329520827637501,1024
ses08_dice_whole,seed_peak_density,8.265048581237842e-05,0.004559160191403173,0.0025145844932156517,0.00045145104765374777,0.004038443178786401,0.00273979543982828,1024
ses08_dice_whole,seed_sigma_mm,0.06470835262387885,0.034416936030768584,0.1404229861953587,0.02029651552382989,0.07093508218291965,0.1426403750996165,1024
ses08_dice_whole,preop_time,0.024481287770795005,0.01833072062000719,0.05720560550710634,0.01147369593188672,0.03201252860735936,0.05896906797443677,1024
ses08_dice_whole,diffusivity_ratio,-0.0034836408255906723,0.010376919988328112,0.014140656513989791,0.0031242686457210156,-0.0019734395338719844,0.012867653299896937,1024
ses08_dice_whole,chemo_kill_rate,0.0901080079910395,0.03769211087412198,0.24256670157681576,0.04718223548285875,0.11335470692874651,0.2697968807368878,1024
ses08_dice_whole,rt_alpha,0.07777633074924503,0.03705825894913071,0.1835486937069289,0.03785698205789319,0.08505626807005452,0.2064622066201816,1024
ses08_dice_whole,rt_alpha_beta_ratio,-0.00020602024249037203,0.002010152038575492,0.0011150177029537155,0.0008653465323246865,-8.540507020351661e-05,0.0019325879697104813,1024
ses08_dice_whole,gaussian_seed_x_fraction,0.02603934185296314,0.015213781803308546,0.03903745397213945,0.007326790040628481,0.03288309091757596,0.03888342974222138,1024
ses08_dice_whole,gaussian_seed_y_fraction,0.0010697050969988213,0.013995591824294997,0.031107241364694366,0.007180986358991163,0.00039063331751188607,0.03358423094869116,1024
ses08_dice_whole,gaussian_seed_z_fraction,0.014578713067616265,0.01474555618540063,0.028399142304255557,0.005117588868452632,0.019326677977318827,0.030195532460025057,1024
ses08_dice_whole,core_threshold,-0.0022832413743756504,0.007190453274635535,0.006996521341767611,0.002674604623884077,-0.0015888331494198751,0.009413325536575942,1024
ses08_dice_whole,edema_threshold_ratio,0.005786388766262204,0.011264244397306507,0.0259985378381734,0.010493256571208757,0.010526747945300834,0.023011711951806128,1024
ses08_log10_V_core,front_speed_mm_per_day,0.10240592650045266,0.04441251117429839,0.25079271214987026,0.03727676009658266,0.15876023697141822,0.2723548812512647,1024
ses08_log10_V_core,front_width_mm,0.07818573734680502,0.044484282416993225,0.25941453300033224,0.03823582986356814,0.09298984658745607,0.25652006787294884,1024
ses08_log10_V_core,seed_peak_density,0.00816044917818316,0.010996992364217618,0.01493605865088058,0.006447176977599,0.011657288297128341,0.015785068145978205,1024
ses08_log10_V_core,seed_sigma_mm,0.03169068148340675,0.027077382931630613,0.09724886083607202,0.017541605683105272,0.03528102608851505,0.08865927062659917,1024
ses08_log10_V_core,preop_time,0.009421752182771225,0.012890122913412287,0.019141581004809668,0.007174346577501919,0.013419918726051588,0.020644779275232453,1024
ses08_log10_V_core,diffusivity_ratio,-0.0018960468467366825,0.0055791289965112754,0.0039727771834332185,0.0022061207549741177,-0.0059979621340945045,0.004325878746283317,1024
ses08_log10_V_core,chemo_kill_rate,0.43056208784447225,0.06866537061014749,0.7003211022533973,0.06125458582868856,0.40430369169640945,0.6904652566822281,1024
ses08_log10_V_core,rt_alpha,0.008067573575426297,0.02087690961968379,0.06667168974293003,0.01538369056913032,0.005979134735513231,0.06681103581760446,1024
ses08_log10_V_core,rt_alpha_beta_ratio,-0.00041554994313727436,0.001579128852570546,0.0003611660572386809,0.0003938458697279729,-0.001225627642461635,0.0005310789613619583,1024
ses08_log10_V_core,gaussian_seed_x_fraction,0.009536415999677231,0.015471154260000187,0.032903706047105054,0.00890041843180042,0.020298473278308207,0.034938508854779796,1024
ses08_log10_V_core,gaussian_seed_y_fraction,0.0007906110662392919,0.012517929772398264,0.02085733717773464,0.00657027287058418,0.0032952639279850413,0.02476541618281258,1024
ses08_log10_V_core,gaussian_seed_z_fraction,0.020976916917304328,0.015283016240623816,0.03636869406408272,0.010212354401594919,0.022046340885547952,0.03363850221715339,1024
ses08_log10_V_core,core_threshold,0.02316175917542914,0.027189215958581325,0.10072396118527033,0.023257360990570974,0.02443817295546877,0.10556648865698788,1024
ses08_log10_V_core,edema_threshold_ratio,0.0,0.0,0.0,0.0,0.0,0.0,1024
ses08_log10_V_whole,front_speed_mm_per_day,0.09999239573025327,0.04097670338438827,0.218686921804051,0.040435909600429934,0.11606024250222209,0.20750176771674428,1024
ses08_log10_V_whole,front_width_mm,0.054327350974221866,0.037211106513669344,0.19914876004303217,0.03710256715887748,0.02525710833972589,0.20481529084207603,1024
ses08_log10_V_whole,seed_peak_density,0.003198629309954851,0.0071476357691646055,0.006009340100527099,0.003116392492585026,0.001647382645605438,0.005267591059533093,1024
ses08_log10_V_whole,seed_sigma_mm,0.04316790179486458,0.029042202324900315,0.11267662849413897,0.02023275133798186,0.05241921630813692,0.11978374373315838,1024
ses08_log10_V_whole,preop_time,0.0072771886613602725,0.009526946092642045,0.015015087798804375,0.005292918533840631,0.006377999347757597,0.01936906078081286,1024
ses08_log10_V_whole,diffusivity_ratio,0.00032187274075394637,0.005084130865291175,0.0034193550335174456,0.0015199825427737517,0.0015111362813694273,0.004389444320466668,1024
ses08_log10_V_whole,chemo_kill_rate,0.48138938127846487,0.07940502489910964,0.7073034823943171,0.06344232760684204,0.4640963609865793,0.7306037527075,1024
ses08_log10_V_whole,rt_alpha,0.022897150357228776,0.022697704485496645,0.07965202876430302,0.018591017225595252,0.03189471952047501,0.08168955472679226,1024
ses08_log10_V_whole,rt_alpha_beta_ratio,0.0011920602197866522,0.0012593479807240617,0.0008049223916349779,0.0008709367463230854,9.285696926451292e-05,0.0005610875704432537,1024
ses08_log10_V_whole,gaussian_seed_x_fraction,0.008748446244059653,0.014142935408245056,0.03221337436986904,0.009580252856431711,0.023566281972632625,0.03607255871441133,1024
ses08_log10_V_whole,gaussian_seed_y_fraction,0.004144103952285825,0.009898840756416585,0.01860704590580781,0.006098604193280463,0.008247128816372438,0.01702279073329201,1024
ses08_log10_V_whole,gaussian_seed_z_fraction,0.011973417723911979,0.015437993142898222,0.03185155656520637,0.010649144996738483,0.007746433706799071,0.038358386095328684,1024
ses08_log10_V_whole,core_threshold,0.004709554473335386,0.013397605488552004,0.03061487692832913,0.013546790067740448,0.00573527137139346,0.03524508870531685,1024
ses08_log10_V_whole,edema_threshold_ratio,-0.00879286123805739,0.015460738508176579,0.04986822382938633,0.016890703140681026,-0.009494307494057917,0.05452968438497843,1024
ses08_log_vol_ratio_core,front_speed_mm_per_day,0.10240592650045266,0.04441251117429839,0.25079271214987026,0.03727676009658266,0.15876023697141822,0.2723548812512647,1024
ses08_log_vol_ratio_core,front_width_mm,0.07818573734680502,0.044484282416993225,0.25941453300033224,0.03823582986356814,0.09298984658745607,0.25652006787294884,1024
ses08_log_vol_ratio_core,seed_peak_density,0.00816044917818316,0.010996992364217618,0.01493605865088058,0.006447176977599,0.011657288297128343,0.015785068145978205,1024
ses08_log_vol_ratio_core,seed_sigma_mm,0.03169068148340675,0.027077382931630617,0.09724886083607202,0.017541605683105272,0.03528102608851505,0.08865927062659917,1024
ses08_log_vol_ratio_core,preop_time,0.009421752182771225,0.012890122913412287,0.019141581004809668,0.0071743465775019185,0.013419918726051588,0.020644779275232457,1024
ses08_log_vol_ratio_core,diffusivity_ratio,-0.0018960468467366823,0.0055791289965112754,0.003972777183433219,0.0022061207549741173,-0.005997962134094506,0.004325878746283317,1024
ses08_log_vol_ratio_core,chemo_kill_rate,0.43056208784447225,0.06866537061014749,0.7003211022533973,0.06125458582868856,0.40430369169640945,0.6904652566822281,1024
ses08_log_vol_ratio_core,rt_alpha,0.008067573575426295,0.02087690961968379,0.06667168974293003,0.01538369056913032,0.005979134735513227,0.06681103581760446,1024
ses08_log_vol_ratio_core,rt_alpha_beta_ratio,-0.0004155499431372747,0.001579128852570546,0.0003611660572386809,0.0003938458697279729,-0.0012256276424616355,0.0005310789613619582,1024
ses08_log_vol_ratio_core,gaussian_seed_x_fraction,0.009536415999677231,0.015471154260000187,0.032903706047105054,0.008900418431800422,0.020298473278308207,0.034938508854779796,1024
ses08_log_vol_ratio_core,gaussian_seed_y_fraction,0.000790611066239291,0.012517929772398266,0.02085733717773464,0.00657027287058418,0.0032952639279850405,0.02476541618281258,1024
ses08_log_vol_ratio_core,gaussian_seed_z_fraction,0.020976916917304328,0.01528301624062382,0.03636869406408272,0.010212354401594919,0.022046340885547952,0.03363850221715339,1024
ses08_log_vol_ratio_core,core_threshold,0.02316175917542914,0.027189215958581325,0.10072396118527033,0.023257360990570974,0.024438172955468768,0.10556648865698788,1024
ses08_log_vol_ratio_core,edema_threshold_ratio,0.0,0.0,0.0,0.0,0.0,0.0,1024
ses08_log_vol_ratio_whole,front_speed_mm_per_day,0.09999239573025329,0.040976703384388274,0.21868692180405105,0.04043590960042994,0.11606024250222212,0.20750176771674428,1024
ses08_log_vol_ratio_whole,front_width_mm,0.05432735097422188,0.037211106513669344,0.19914876004303217,0.03710256715887747,0.025257108339725887,0.20481529084207606,1024
ses08_log_vol_ratio_whole,seed_peak_density,0.0031986293099548553,0.007147635769164605,0.0060093401005271,0.003116392492585026,0.0016473826456054395,0.005267591059533095,1024
ses08_log_vol_ratio_whole,seed_sigma_mm,0.043167901794864585,0.029042202324900315,0.11267662849413898,0.02023275133798186,0.05241921630813695,0.11978374373315837,1024
ses08_log_vol_ratio_whole,preop_time,0.007277188661360276,0.009526946092642048,0.015015087798804377,0.005292918533840631,0.006377999347757599,0.019369060780812863,1024
ses08_log_vol_ratio_whole,diffusivity_ratio,0.0003218727407539494,0.005084130865291176,0.0034193550335174464,0.0015199825427737515,0.0015111362813694247,0.00438944432046667,1024
ses08_log_vol_ratio_whole,chemo_kill_rate,0.4813893812784649,0.07940502489910968,0.7073034823943171,0.06344232760684207,0.46409636098657936,0.7306037527075002,1024
ses08_log_vol_ratio_whole,rt_alpha,0.022897150357228776,0.022697704485496635,0.07965202876430305,0.018591017225595252,0.031894719520475026,0.08168955472679228,1024
ses08_log_vol_ratio_whole,rt_alpha_beta_ratio,0.0011920602197866535,0.0012593479807240621,0.000804922391634978,0.0008709367463230855,9.285696926450948e-05,0.0005610875704432536,1024
ses08_log_vol_ratio_whole,gaussian_seed_x_fraction,0.00874844624405966,0.014142935408245062,0.03221337436986904,0.009580252856431716,0.02356628197263264,0.03607255871441133,1024
ses08_log_vol_ratio_whole,gaussian_seed_y_fraction,0.004144103952285826,0.009898840756416583,0.018607045905807813,0.006098604193280465,0.008247128816372443,0.017022790733292006,1024
ses08_log_vol_ratio_whole,gaussian_seed_z_fraction,0.01197341772391198,0.015437993142898225,0.03185155656520637,0.010649144996738484,0.007746433706799065,0.0383583860953287,1024
ses08_log_vol_ratio_whole,core_threshold,0.004709554473335386,0.013397605488552006,0.030614876928329135,0.013546790067740445,0.005735271371393461,0.03524508870531685,1024
ses08_log_vol_ratio_whole,edema_threshold_ratio,-0.008792861238057394,0.015460738508176582,0.04986822382938635,0.016890703140681026,-0.009494307494057923,0.05452968438497843,1024
ses08_msd_core,front_speed_mm_per_day,0.2517854594656193,0.1709871465550137,0.5903318260971163,0.15470487453611456,0.29345563530674984,0.4952815189765468,193
ses08_msd_core,front_width_mm,0.2998692438190305,0.15959908179433127,0.4836090462663033,0.13697767135019664,0.35863088524536896,0.5621742851262317,193
ses08_msd_core,seed_peak_density,0.002808691612812777,0.01736338593253799,0.008143556892182158,0.0032109517736699845,0.0038761050774350652,0.00879839961624325,193
ses08_msd_core,seed_sigma_mm,-0.02592725808976477,0.11405289995891776,0.2768578540901443,0.07195710662518695,-0.0679769890209661,0.2640078639349809,193
ses08_msd_core,preop_time,0.016060570363754446,0.05815733629335263,0.09422875672411354,0.03778578531399942,0.02982306704976848,0.09555060351962277,193
ses08_msd_core,diffusivity_ratio,-0.006179770471773552,0.023710115593410006,0.01824166406828763,0.010263706743502353,-0.0007096394290940842,0.006106368081503112,193
ses08_msd_core,chemo_kill_rate,0.033434143341081246,0.04866288503493703,0.07374008952780509,0.06421371524715008,0.023647104617004377,0.05033845530780208,193
ses08_msd_core,rt_alpha,0.2531361360497446,0.15253966149485795,0.37220224303518673,0.10937353494089459,0.3346528852602162,0.3288599142653461,193
ses08_msd_core,rt_alpha_beta_ratio,0.0010215097728703936,0.00591744233583082,0.002076003936635852,0.0034223214229144776,-0.0006192303920185353,0.00013512740792815867,193
ses08_msd_core,gaussian_seed_x_fraction,0.03586892296612613,0.04786208801227466,0.05296191664257868,0.01942642270141623,0.03190849493288729,0.05773565886384245,193
ses08_msd_core,gaussian_seed_y_fraction,-0.016908568461726295,0.05068057192899081,0.055013172432807164,0.02098744209908866,-0.013080669424466201,0.06152915808773615,193
ses08_msd_core,gaussian_seed_z_fraction,0.011956166517370189,0.032721926347191684,0.019907705041780018,0.006038274082156132,-0.02668945851668784,0.02162694310473501,193
ses08_msd_core,core_threshold,0.04047852000294905,0.047565053367201134,0.03762721186045183,0.015601710958099731,0.05582054154679656,0.03932317815208411,193
ses08_msd_core,edema_threshold_ratio,0.0,0.0,0.0,0.0,0.0,0.0,193
ses08_msd_whole,front_speed_mm_per_day,0.34616337677788567,0.07993597512116805,0.4079531176906367,0.06938065667032152,0.4055417760659734,0.45077871946084486,479
ses08_msd_whole,front_width_mm,0.1982371137523878,0.056657200662577505,0.24700886598714783,0.04996908248861612,0.24059998185168396,0.22929732450667425,479
ses08_msd_whole,seed_peak_density,0.002631410513154505,0.008300648972460831,0.004549832943461677,0.0012166373738290296,0.009111073608588783,0.004212507234511207,479
ses08_msd_whole,seed_sigma_mm,0.12785857931029898,0.06477185214488006,0.24622874952565033,0.03807138716208822,0.11943020877167197,0.25761366064870167,479
ses08_msd_whole,preop_time,0.026091292846917635,0.028435305462094967,0.04460729692081525,0.010329218202323045,0.016210113249151448,0.05213500977601628,479
ses08_msd_whole,diffusivity_ratio,0.00032351786252914717,0.010706226442654987,0.004500375120464453,0.0010834226837841087,-0.0026041936897403394,0.004129799055704976,479
ses08_msd_whole,chemo_kill_rate,0.03454813941359063,0.03072567860681767,0.05705563026333603,0.01581537609098632,0.03720924138688026,0.058725013871183715,479
ses08_msd_whole,rt_alpha,0.1342226948819916,0.07041048791282833,0.21302308523264338,0.043231690323795015,0.1114756242364238,0.20407114563573236,479
ses08_msd_whole,rt_alpha_beta_ratio,0.0007926852544450247,0.0027864890996093707,0.0010461319237982847,0.0008804138228958071,0.0009796466240998929,0.001048149876439027,479
ses08_msd_whole,gaussian_seed_x_fraction,0.026019123762451676,0.023014068510302566,0.03451006691737892,0.007152133763518677,0.03764658469801213,0.037445568250393066,479
ses08_msd_whole,gaussian_seed_y_fraction,0.010567134498664196,0.02428751116043224,0.030103570295026562,0.006128411700433075,0.011306511152031622,0.03207013190145721,479
ses08_msd_whole,gaussian_seed_z_fraction,0.0017286591886964274,0.016929139650033485,0.019917910141993816,0.004116491064911723,0.00763248070986195,0.021356091544329762,479
ses08_msd_whole,core_threshold,-0.011864349719625703,0.013761262341197178,0.011612727401574896,0.004502315332753714,-0.017182054415448015,0.012459841236822393,479
ses08_msd_whole,edema_threshold_ratio,0.02959093275985231,0.020257539162760626,0.023769301767810922,0.007976269976231893,0.021847383050472104,0.019177837082877576,479
ses08_hd95_core,front_speed_mm_per_day,0.2080089258600387,0.17338166531768584,0.6411085848144735,0.14808314354043303,0.32382536860313454,0.5944682016330608,193
ses08_hd95_core,front_width_mm,0.20890025039159396,0.1447225764340239,0.4636911522068525,0.11491230260198863,0.30568538050901173,0.5170834217529362,193
ses08_hd95_core,seed_peak_density,0.009008587781689063,0.01964405774216463,0.00981453868873838,0.003668844766620522,0.012744489132932912,0.009992649976006525,193
ses08_hd95_core,seed_sigma_mm,-0.0733933063180206,0.11520517825843296,0.3374216465167113,0.08138890393500725,-0.12513240748800208,0.3611067682223327,193
ses08_hd95_core,preop_time,0.015733138856403726,0.07264992536137857,0.1493872222891016,0.056730461149645375,0.027294338647174315,0.14929054381437534,193
ses08_hd95_core,diffusivity_ratio,-0.002342198184460406,0.02283949775556124,0.0252160818700389,0.013621363456924244,-0.0049610918979916645,0.0133745758031343,193
ses08_hd95_core,chemo_kill_rate,0.022662785367471554,0.04135838849469641,0.06148984681651357,0.05283656088623551,0.005811745713368356,0.03510012525989172,193
ses08_hd95_core,rt_alpha,0.1872962263854087,0.14195781292665727,0.3589154476318327,0.10502058849457865,0.2664560747980892,0.28830189760155644,193
ses08_hd95_core,rt_alpha_beta_ratio,0.00042526123634519436,0.0034088759174167827,0.0022647692986458344,0.004042856474142988,-0.0015448841380899226,9.741244935260823e-05,193
ses08_hd95_core,gaussian_seed_x_fraction,0.010068403770485606,0.06310123461461492,0.10932745784793964,0.03454245017058841,-0.019724798514351407,0.11403621872535469,193
ses08_hd95_core,gaussian_seed_y_fraction,0.0006861572095831177,0.06015329344255102,0.096175582211372,0.03440750833887558,-0.011671987805566005,0.11228330603285824,193
ses08_hd95_core,gaussian_seed_z_fraction,0.024729502758372084,0.04359584494224724,0.04657546496422475,0.019852655104107556,-0.0014643599897091733,0.052862483906747276,193
ses08_hd95_core,core_threshold,0.02830494745370178,0.041480772160100286,0.03535835063821395,0.014368416619121917,0.03856298524717652,0.034818051298460106,193
ses08_hd95_core,edema_threshold_ratio,0.0,0.0,0.0,0.0,0.0,0.0,193
ses08_hd95_whole,front_speed_mm_per_day,0.3984372473600363,0.08587771063625943,0.4609881926845746,0.06792566792090565,0.41022840651009984,0.47245359953353855,479
ses08_hd95_whole,front_width_mm,0.18848692810771062,0.05676780931896712,0.23135756106019542,0.043511902569066056,0.2276584376441029,0.22891098098475074,479
ses08_hd95_whole,seed_peak_density,0.0025360786497266893,0.0077766960340241295,0.003419300326526337,0.000706555093925306,0.00713542281148964,0.003444318225768765,479
ses08_hd95_whole,seed_sigma_mm,0.1080179972198392,0.059941697273149554,0.19539458517421676,0.028357124333575498,0.11114723044512685,0.2050796200326857,479
ses08_hd95_whole,preop_time,0.03569737005203719,0.036086789557836646,0.061299228187647846,0.01473065827270503,0.033849095900491545,0.06939118918798927,479
ses08_hd95_whole,diffusivity_ratio,0.006208519386715568,0.01461971731376019,0.008293808099616048,0.002879083009816623,0.0036298229399616,0.006928079003315206,479
ses08_hd95_whole,chemo_kill_rate,0.0346325019269666,0.02732096391063361,0.04100470938721187,0.010790164613755362,0.029184810863573458,0.04258960616143749,479
ses08_hd95_whole,rt_alpha,0.11093571420813997,0.057264902945864865,0.16340813463101322,0.03549853706041105,0.0882121475347326,0.16980088883281513,479
ses08_hd95_whole,rt_alpha_beta_ratio,0.00012813416057764652,0.0025746591667369922,0.0007359733260192731,0.0005901354985709964,-0.0002541928145863817,0.0009584094083448527,479
ses08_hd95_whole,gaussian_seed_x_fraction,0.031674494919311215,0.027021138638920878,0.043316482655137496,0.007713265187415196,0.035826824506601254,0.04718643355389101,479
ses08_hd95_whole,gaussian_seed_y_fraction,0.04431173844679914,0.04006315421996038,0.07911439512269867,0.014729647829119612,0.037805855882383575,0.08195977809554299,479
ses08_hd95_whole,gaussian_seed_z_fraction,0.004474241988981163,0.01835822162617668,0.021838168802670463,0.004205435053762111,0.011029751331604429,0.024150892721198566,479
ses08_hd95_whole,core_threshold,-0.01211525686126301,0.01165306147150868,0.007397661043295103,0.0023890967699339307,-0.016548937357011514,0.00786103517603537,479
ses08_hd95_whole,edema_threshold_ratio,0.017298509655584108,0.015509863684550448,0.016472923011999905,0.004854529013253438,0.01854805757334122,0.013808014336128395,479
ses08_dice_star_core,front_speed_mm_per_day,0.1601673875914621,0.057207619066804376,0.40411046935387207,0.058581512774211746,0.21658886226377955,0.3967425091615869,1024
ses08_dice_star_core,front_width_mm,0.09188489523321679,0.053770105885350056,0.3577218193472192,0.059532492837565,0.08397551813078387,0.3620513028138506,1024
ses08_dice_star_core,seed_peak_density,6.199989335353983e-05,0.0048707852469514,0.0030646769022317716,0.0006752100463885602,0.0037773502038823967,0.0032376743029603355,1024
ses08_dice_star_core,seed_sigma_mm,0.01561028932043048,0.029781573072015847,0.11985503973946661,0.01933215369841171,0.015981306455865596,0.12659793069815864,1024
ses08_dice_star_core,preop_time,0.021556701272221476,0.01901376213278357,0.048613832516893586,0.010905170012024127,0.026036625992980202,0.04817595034479679,1024
ses08_dice_star_core,diffusivity_ratio,0.006225047127389349,0.006767701605513203,0.006527762141920364,0.0023838697444126247,0.005473014774681246,0.006956322940168366,1024
ses08_dice_star_core,chemo_kill_rate,0.14702732515813383,0.049951904262751506,0.3781733282632917,0.061698436153347996,0.1610068612282083,0.39220159615925604,1024
ses08_dice_star_core,rt_alpha,0.11595479512207685,0.04322582704703506,0.30712791644638704,0.055938971570699325,0.13598450724872185,0.31864862276979966,1024
ses08_dice_star_core,rt_alpha_beta_ratio,-0.00030229018941250633,0.003149146636499662,0.0026069725304930743,0.002377395456649807,-0.001978517918219126,0.0028336253022739014,1024
ses08_dice_star_core,gaussian_seed_x_fraction,0.007451607909046113,0.01868543850116978,0.051098606092014845,0.012566576301028004,0.019415919869205524,0.04849401405994764,1024
ses08_dice_star_core,gaussian_seed_y_fraction,0.022065164986055312,0.0295772987960569,0.11982988118303817,0.0249015611636738,0.006008747262484848,0.12479176095558245,1024
ses08_dice_star_core,gaussian_seed_z_fraction,0.019043277313068534,0.020071070890059616,0.04967251633571786,0.010176995583258687,0.024046633204785988,0.04978956135283413,1024
ses08_dice_star_core,core_threshold,0.0,0.0,0.0,0.0,0.0,0.0,1024
ses08_dice_star_core,edema_threshold_ratio,0.0,0.0,0.0,0.0,0.0,0.0,1024
ses08_dice_star_whole,front_speed_mm_per_day,0.3333408143504243,0.06454460335381118,0.4483160263455706,0.049166925133769086,0.36082245464094603,0.4811446617696359,1024
ses08_dice_star_whole,front_width_mm,0.09201374609271894,0.0378310652730707,0.22196590260131116,0.0392072227048844,0.11290288863748608,0.2382301718615572,1024
ses08_dice_star_whole,seed_peak_density,0.0006360946225274022,0.0045026791067366775,0.002635682779886135,0.00043720309031084343,0.0024201090504345343,0.002771569790787119,1024
ses08_dice_star_whole,seed_sigma_mm,0.09771417188414602,0.03481212239851971,0.1520847417446347,0.020188482138335094,0.10193650012229445,0.1611942695168554,1024
ses08_dice_star_whole,preop_time,0.031249326801503958,0.01856781738003425,0.05904225807062573,0.011039344299713188,0.03330726509918203,0.059108799877162665,1024
ses08_dice_star_whole,diffusivity_ratio,-0.005589624288873835,0.010686031856059286,0.013222005510372257,0.002699393465028109,-0.003831149395897734,0.012523934433943625,1024
ses08_dice_star_whole,chemo_kill_rate,0.0877425856697715,0.03502696678673324,0.19201920671951786,0.03809601861665342,0.08903408245347626,0.22227235488630862,1024
ses08_dice_star_whole,rt_alpha,0.10321886411905144,0.03704671885685269,0.17558084971972196,0.03359752540228179,0.11287223173070976,0.19061572581520145,1024
ses08_dice_star_whole,rt_alpha_beta_ratio,0.004413182927963958,0.006059970692079835,0.0018452682575325838,0.0016391549445973447,0.0017413720491262995,0.001218520794751338,1024
ses08_dice_star_whole,gaussian_seed_x_fraction,0.03681423999681117,0.016491631275717452,0.042819396713598364,0.006901330751259312,0.04815450406093482,0.04292365236382214,1024
ses08_dice_star_whole,gaussian_seed_y_fraction,0.0037850643138136503,0.015286457481524615,0.035659478560060624,0.0070930537725631074,0.008141050349424809,0.038067642791698234,1024
ses08_dice_star_whole,gaussian_seed_z_fraction,0.026869407133158368,0.016454344481558688,0.0363072018884921,0.005860248231362107,0.02973510808085822,0.03702634846496907,1024
ses08_dice_star_whole,core_threshold,0.0,0.0,0.0,0.0,0.0,0.0,1024
ses08_dice_star_whole,edema_threshold_ratio,0.0,0.0,0.0,0.0,0.0,0.0,1024
ses08_core_threshold_star,front_speed_mm_per_day,0.28875621783058036,0.09322858941502027,0.6399920173409475,0.09900180218262349,0.24297418431611212,0.6393999420186997,1024
ses08_core_threshold_star,front_width_mm,0.05771718149097441,0.04325432579928845,0.4761319922114118,0.09208567743158826,0.07340074979237377,0.5033785257818024,1024
ses08_core_threshold_star,seed_peak_density,-0.0011034345126568082,0.006996517497141217,0.01092400167530238,0.007804976984824032,-0.0019184894093631734,0.014451585991105874,1024
ses08_core_threshold_star,seed_sigma_mm,0.018653080916582316,0.04042386726344164,0.1895700492744393,0.05023696155115694,0.042244688629535135,0.1418682411035279,1024
ses08_core_threshold_star,preop_time,0.0010311832586786473,0.03867846724556306,0.1387017182409605,0.047074747563018327,0.021523968782316202,0.10071983213648598,1024
ses08_core_threshold_star,diffusivity_ratio,-0.005758717233672442,0.011259009213711792,0.028634125603444117,0.014071297649663595,-0.017026808971868305,0.023607934367150057,1024
ses08_core_threshold_star,chemo_kill_rate,0.05443741367126805,0.040966835886158244,0.2582036759616926,0.06557080417827266,0.03548429737749349,0.2731460069769324,1024
ses08_core_threshold_star,rt_alpha,0.021490370419140516,0.032022968127705304,0.18129429042951323,0.05259944494933417,-0.0160494653104946,0.19272458569818293,1024
ses08_core_threshold_star,rt_alpha_beta_ratio,0.0004737211925400825,0.0029434868958399295,0.0018206669458837308,0.0008020028133013218,0.0014772196081080345,0.001213491953451639,1024
ses08_core_threshold_star,gaussian_seed_x_fraction,0.0011954390224065872,0.028289717063078458,0.06890948531541753,0.023442709781257846,-0.015516838870698378,0.07744285012027728,1024
ses08_core_threshold_star,gaussian_seed_y_fraction,0.019857888087225637,0.03086502479537667,0.14995675027005995,0.048000953351634845,0.03860421276918025,0.16834442917883635,1024
ses08_core_threshold_star,gaussian_seed_z_fraction,0.006559138284455127,0.017329388849434708,0.06052338301922581,0.022155841358248104,0.022246203339839263,0.06795554939329174,1024
ses08_core_threshold_star,core_threshold,0.0,0.0,0.0,0.0,0.0,0.0,1024
ses08_core_threshold_star,edema_threshold_ratio,0.0,0.0,0.0,0.0,0.0,0.0,1024
ses08_edema_threshold_star,front_speed_mm_per_day,0.06870615556986259,0.10459854735190112,0.7753910985877807,0.24769552560388927,0.028021161410654805,0.5908674019803664,1024
ses08_edema_threshold_star,front_width_mm,0.0005153941504527637,0.009491763072791945,0.5701719914046102,0.22104841139397366,0.004919845760732911,0.47795670816063646,1024
ses08_edema_threshold_star,seed_peak_density,-0.0009277094708149742,0.0015110640085252698,0.014180720574586742,0.02028380164607015,-0.0012755155675974214,0.0177021003022458,1024
ses08_edema_threshold_star,seed_sigma_mm,0.019352168496392107,0.032450214005549045,0.33873192919673234,0.161686627534761,0.03143935624308804,0.280841429119413,1024
ses08_edema_threshold_star,preop_time,0.05454294141255359,0.10070598979692812,0.24562078278246469,0.13028276850704495,0.09586924517044487,0.28466891026584445,1024
ses08_edema_threshold_star,diffusivity_ratio,0.001340024791177185,0.0028023127706755585,0.05056898469050745,0.051044005337290185,0.0014577320772541952,0.04401603318396252,1024
ses08_edema_threshold_star,chemo_kill_rate,-0.0005153941504527627,0.003865631430493557,0.09391382871094235,0.0806671555531479,-0.001093299057940646,0.06123969834290436,1024
ses08_edema_threshold_star,rt_alpha,1.9141636511848072e-19,0.003374001729827951,0.06956579904514251,0.057773687508243916,-0.0003644330193135491,0.07176527149559107,1024
ses08_edema_threshold_star,rt_alpha_beta_ratio,0.00010307883009055287,0.00037068617210619107,0.0008026822966747206,0.0009646702812419384,0.0,0.0009568702866078803,1024
ses08_edema_threshold_star,gaussian_seed_x_fraction,-0.0013400247911771852,0.005841584557585616,0.20521910718317038,0.134012031811597,0.001093299057940647,0.12726374811884814,1024
ses08_edema_threshold_star,gaussian_seed_y_fraction,-0.0007215518106338685,0.005237180730571877,0.17043620766059908,0.11390234508789009,-0.0014577320772541952,0.1387461915581427,1024
ses08_edema_threshold_star,gaussian_seed_z_fraction,0.002989286072626028,0.0035924184000061285,0.09016797799312701,0.07376034385153192,0.0018221650965677446,0.08324771493488563,1024
ses08_edema_threshold_star,core_threshold,0.0,0.0,0.0,0.0,0.0,0.0,1024
ses08_edema_threshold_star,edema_threshold_ratio,0.0,0.0,0.0,0.0,0.0,0.0,1024
ses08_dice_core_fixed,front_speed_mm_per_day,0.12308502034564799,0.07598853736559973,0.5557185330707664,0.07592328582669415,0.1836191736075132,0.5783836154035914,1024
ses08_dice_core_fixed,front_width_mm,0.0850317490021284,0.060216779094334864,0.48033619439842107,0.08410149154367783,0.07309436506494868,0.48955946691619645,1024
ses08_dice_core_fixed,seed_peak_density,-0.002671246794520984,0.004421155689192387,0.003523240578802324,0.001266776372867006,0.0013866912669295553,0.003397905987434619,1024
ses08_dice_core_fixed,seed_sigma_mm,-0.00817420602167325,0.03172432946914588,0.15383225039153683,0.02972091233676813,0.0013853868781747427,0.14870580646369363,1024
ses08_dice_core_fixed,preop_time,-0.010841724305683042,0.021245974073826987,0.06875756509720063,0.015406474346265265,-0.011858815630897222,0.0770664865306772,1024
ses08_dice_core_fixed,diffusivity_ratio,0.0014270381548981005,0.005472365149993046,0.007847604100935173,0.0026434186509231923,0.001706284998173919,0.008115632033727378,1024
ses08_dice_core_fixed,chemo_kill_rate,0.15800981738911707,0.058145562610361454,0.45777696163810117,0.0787315793243283,0.11783362663557215,0.4934019109198346,1024
ses08_dice_core_fixed,rt_alpha,0.05048017304318181,0.05390831934350502,0.3435112452834863,0.06619916458981513,0.033834935090481286,0.34197510937900866,1024
ses08_dice_core_fixed,rt_alpha_beta_ratio,0.0015954627512419217,0.0030247670645124234,0.0033251206756617258,0.005498634493643434,-0.0005664274947860999,0.0006540887970689909,1024
ses08_dice_core_fixed,gaussian_seed_x_fraction,0.006398792554876707,0.015189206336386879,0.04520065382073808,0.013108591971151887,0.006503751457912164,0.0411801928981352,1024
ses08_dice_core_fixed,gaussian_seed_y_fraction,0.021695442772770943,0.025884824542001854,0.11214993966824288,0.034062691452235734,0.023817622903873462,0.12815176214689938,1024
ses08_dice_core_fixed,gaussian_seed_z_fraction,0.010498714187509176,0.014748681519187987,0.03918677378706626,0.010138219909617694,0.0030199819635238507,0.043296637664890454,1024
ses08_dice_core_fixed,core_threshold,0.0,0.0,0.0,0.0,0.0,0.0,1024
ses08_dice_core_fixed,edema_threshold_ratio,0.0,0.0,0.0,0.0,0.0,0.0,1024
ses08_dice_whole_fixed,front_speed_mm_per_day,0.3079823179262893,0.06944678928651386,0.4616784122645459,0.057252872016821825,0.3424934137746405,0.47113601665535554,1024
ses08_dice_whole_fixed,front_width_mm,0.12406153969726648,0.03990516431039168,0.30803499131486933,0.05275018561219943,0.12922799357390422,0.3435344195606957,1024
ses08_dice_whole_fixed,seed_peak_density,0.0012562045188298566,0.00475454058662229,0.002671070215661681,0.0005233525500454319,0.004083948484759474,0.0026773431027527477,1024
ses08_dice_whole_fixed,seed_sigma_mm,0.05633010135419111,0.034219868828477704,0.13573688828256594,0.020935245908714692,0.07163696482761268,0.13237069064819093,1024
ses08_dice_whole_fixed,preop_time,0.02463168442789693,0.019182072426477605,0.05729117334196878,0.011928267439717564,0.034578438917246164,0.05407657585283414,1024
ses08_dice_whole_fixed,diffusivity_ratio,-0.0004942354470890916,0.010172323609215926,0.013493110614713347,0.0032273736004162974,-0.003909295085653548,0.011785668895984945,1024
ses08_dice_whole_fixed,chemo_kill_rate,0.08018784522464284,0.03962115755396357,0.26040264406427305,0.05111217604673539,0.10105152799438512,0.2933613838918843,1024
ses08_dice_whole_fixed,rt_alpha,0.07752436449169331,0.03758868816738832,0.19411357680917013,0.04130354245594972,0.08005267282442068,0.2250883259197904,1024
ses08_dice_whole_fixed,rt_alpha_beta_ratio,0.001491320126786696,0.003283884801513503,0.0017850614816289057,0.001780135826900118,0.0009931029468741716,0.002344253366489591,1024
ses08_dice_whole_fixed,gaussian_seed_x_fraction,0.023696626062547303,0.01446150256020793,0.03649827105076387,0.007222648631345014,0.026832878509714827,0.034333687850072715,1024
ses08_dice_whole_fixed,gaussian_seed_y_fraction,-0.0003506528768393162,0.012921087114077709,0.029325882787714846,0.007002064668648162,-0.0017685693205542587,0.03194426803188982,1024
ses08_dice_whole_fixed,gaussian_seed_z_fraction,0.010200497248785585,0.014467550144610968,0.027869271606187015,0.0051949085345215995,0.016011771933497673,0.029093684514094695,1024
ses08_dice_whole_fixed,core_threshold,0.0,0.0,0.0,0.0,0.0,0.0,1024
ses08_dice_whole_fixed,edema_threshold_ratio,0.0,0.0,0.0,0.0,0.0,0.0,1024
ses08_log10_V_core_fixed,front_speed_mm_per_day,0.11180800673025314,0.04595266078151902,0.2667575037995196,0.04119104984410631,0.17845002149999664,0.2957674949778033,1024
ses08_log10_V_core_fixed,front_width_mm,0.07716853411033513,0.04127810955632496,0.232111870283879,0.03495313344922887,0.06976747266153063,0.24628161389095155,1024
ses08_log10_V_core_fixed,seed_peak_density,0.001205173700598983,0.009324135279654614,0.009565998744482192,0.004541429668885175,0.002022905752017214,0.012817682976157223,1024
ses08_log10_V_core_fixed,seed_sigma_mm,0.026052493767166653,0.02633845071559969,0.09183320700772749,0.016536377011526413,0.03199873182993879,0.08790863742305804,1024
ses08_log10_V_core_fixed,preop_time,0.009798068271955198,0.01080228819824146,0.014342443566764259,0.004520105821990923,0.005683346242180051,0.013604937838658541,1024
ses08_log10_V_core_fixed,diffusivity_ratio,-0.0009733586893044971,0.005095250142245903,0.003562483880056189,0.0016895939925627216,-0.005361235703505005,0.0027478245205374103,1024
ses08_log10_V_core_fixed,chemo_kill_rate,0.45887910151395267,0.06914394625567205,0.692702304075675,0.0609076334461711,0.4680082113030928,0.6701491601931457,1024
ses08_log10_V_core_fixed,rt_alpha,0.018707374720828705,0.023072711043829502,0.068955869067534,0.015179532014403991,0.02429651551684206,0.0656766841793088,1024
ses08_log10_V_core_fixed,rt_alpha_beta_ratio,-0.00033380065777776946,0.0009982809455828861,0.00013254876460803657,0.00011274397546281483,4.760208675856086e-05,0.00016861307020786274,1024
ses08_log10_V_core_fixed,gaussian_seed_x_fraction,0.008891362943478958,0.015329234497243818,0.034080259068594534,0.009280920093086736,0.014856574602430535,0.037485413061372645,1024
ses08_log10_V_core_fixed,gaussian_seed_y_fraction,0.0024168609632865806,0.012098189629320728,0.018033850391684723,0.005443819549036601,0.004337123525849752,0.017770483850749356,1024
ses08_log10_V_core_fixed,gaussian_seed_z_fraction,0.016632246536149007,0.015874746441544768,0.03613573296236067,0.010681112950911474,0.018126600418900782,0.03396263200756676,1024
ses08_log10_V_core_fixed,core_threshold,0.0,0.0,0.0,0.0,0.0,0.0,1024
ses08_log10_V_core_fixed,edema_threshold_ratio,0.0,0.0,0.0,0.0,0.0,0.0,1024
ses08_log10_V_whole_fixed,front_speed_mm_per_day,0.10701377073008551,0.0409528919642438,0.2138100186847719,0.03967297276176847,0.1228473085486794,0.20217998125921263,1024
ses08_log10_V_whole_fixed,front_width_mm,0.06590684275152757,0.03661565491573331,0.19078862568533597,0.03513203391795431,0.04125127100724846,0.20224259959722327,1024
ses08_log10_V_whole_fixed,seed_peak_density,0.001960969588399521,0.006335502126296886,0.005057518484723883,0.0022072845706605135,-0.001402678774151708,0.004807555601460171,1024
ses08_log10_V_whole_fixed,seed_sigma_mm,0.05275493808893099,0.030869484945556927,0.11361203717900056,0.02095633656983459,0.0565787447335163,0.12344256302599693,1024
ses08_log10_V_whole_fixed,preop_time,0.01050994615148502,0.009997013322181622,0.015890566015753036,0.005716458272817263,0.008001725976869564,0.017145665294591793,1024
ses08_log10_V_whole_fixed,diffusivity_ratio,0.0009526288441179421,0.006115895017658794,0.005932670449621533,0.002871554956443135,-0.001920529976161673,0.0077459811416832015,1024
ses08_log10_V_whole_fixed,chemo_kill_rate,0.5020015332351578,0.07496555735494555,0.7313261469290789,0.061931304555312816,0.4950312352915959,0.7516697567207996,1024
ses08_log10_V_whole_fixed,rt_alpha,0.022637408711123,0.023513062832857833,0.08128175221015978,0.019046457944559957,0.024339122302534745,0.07717013994959815,1024
ses08_log10_V_whole_fixed,rt_alpha_beta_ratio,-0.00241905367542765,0.0047920125728799666,0.0017849458469214423,0.002208142932493996,-0.0064756680896796304,0.0029446306659924454,1024
ses08_log10_V_whole_fixed,gaussian_seed_x_fraction,0.0012556811483515741,0.015810143527384163,0.0368232976523029,0.010263556911443242,0.014025264427117722,0.04431136212777638,1024
ses08_log10_V_whole_fixed,gaussian_seed_y_fraction,-0.001647068294104677,0.009269221560201484,0.016569969592517466,0.005768964215590772,-0.0030758604776465635,0.01766906987219565,1024
ses08_log10_V_whole_fixed,gaussian_seed_z_fraction,0.015086800751807723,0.019591707236231132,0.04764482387146057,0.013861376930440147,0.012580756874906352,0.052733586417731446,1024
ses08_log10_V_whole_fixed,core_threshold,0.0,0.0,0.0,0.0,0.0,0.0,1024
ses08_log10_V_whole_fixed,edema_threshold_ratio,0.0,0.0,0.0,0.0,0.0,0.0,1024
ses08_log_vol_ratio_core_fixed,front_speed_mm_per_day,0.11180800673025314,0.04595266078151902,0.2667575037995196,0.04119104984410631,0.17845002149999664,0.2957674949778033,1024
ses08_log_vol_ratio_core_fixed,front_width_mm,0.07716853411033513,0.04127810955632496,0.232111870283879,0.03495313344922887,0.06976747266153063,0.24628161389095155,1024
ses08_log_vol_ratio_core_fixed,seed_peak_density,0.0012051737005989826,0.009324135279654614,0.009565998744482192,0.004541429668885175,0.002022905752017213,0.012817682976157223,1024
ses08_log_vol_ratio_core_fixed,seed_sigma_mm,0.026052493767166653,0.02633845071559969,0.09183320700772749,0.016536377011526413,0.03199873182993879,0.08790863742305804,1024
ses08_log_vol_ratio_core_fixed,preop_time,0.009798068271955196,0.01080228819824146,0.014342443566764259,0.004520105821990923,0.00568334624218005,0.01360493783865854,1024
ses08_log_vol_ratio_core_fixed,diffusivity_ratio,-0.0009733586893044977,0.005095250142245904,0.003562483880056189,0.0016895939925627216,-0.005361235703505007,0.0027478245205374103,1024
ses08_log_vol_ratio_core_fixed,chemo_kill_rate,0.45887910151395267,0.06914394625567205,0.692702304075675,0.0609076334461711,0.4680082113030928,0.6701491601931457,1024
ses08_log_vol_ratio_core_fixed,rt_alpha,0.018707374720828705,0.023072711043829502,0.068955869067534,0.015179532014403991,0.02429651551684206,0.0656766841793088,1024
ses08_log_vol_ratio_core_fixed,rt_alpha_beta_ratio,-0.0003338006577777696,0.0009982809455828861,0.00013254876460803657,0.00011274397546281481,4.760208675856086e-05,0.00016861307020786268,1024
ses08_log_vol_ratio_core_fixed,gaussian_seed_x_fraction,0.008891362943478956,0.015329234497243821,0.034080259068594534,0.009280920093086736,0.014856574602430535,0.037485413061372645,1024
ses08_log_vol_ratio_core_fixed,gaussian_seed_y_fraction,0.0024168609632865793,0.012098189629320726,0.018033850391684723,0.005443819549036601,0.00433712352584975,0.017770483850749353,1024
ses08_log_vol_ratio_core_fixed,gaussian_seed_z_fraction,0.016632246536149007,0.015874746441544765,0.03613573296236067,0.010681112950911474,0.018126600418900782,0.03396263200756676,1024
ses08_log_vol_ratio_core_fixed,core_threshold,0.0,0.0,0.0,0.0,0.0,0.0,1024
ses08_log_vol_ratio_core_fixed,edema_threshold_ratio,0.0,0.0,0.0,0.0,0.0,0.0,1024
ses08_log_vol_ratio_whole_fixed,front_speed_mm_per_day,0.10701377073008553,0.0409528919642438,0.2138100186847719,0.03967297276176847,0.1228473085486794,0.20217998125921263,1024
ses08_log_vol_ratio_whole_fixed,front_width_mm,0.06590684275152757,0.03661565491573331,0.19078862568533597,0.03513203391795431,0.04125127100724846,0.20224259959722327,1024
ses08_log_vol_ratio_whole_fixed,seed_peak_density,0.00196096958839952,0.006335502126296887,0.005057518484723883,0.0022072845706605135,-0.0014026787741517072,0.004807555601460171,1024
ses08_log_vol_ratio_whole_fixed,seed_sigma_mm,0.05275493808893099,0.030869484945556927,0.11361203717900056,0.020956336569834588,0.0565787447335163,0.12344256302599693,1024
ses08_log_vol_ratio_whole_fixed,preop_time,0.01050994615148502,0.009997013322181622,0.015890566015753036,0.005716458272817263,0.008001725976869566,0.017145665294591793,1024
ses08_log_vol_ratio_whole_fixed,diffusivity_ratio,0.0009526288441179426,0.006115895017658794,0.005932670449621534,0.0028715549564431344,-0.001920529976161673,0.0077459811416832015,1024
ses08_log_vol_ratio_whole_fixed,chemo_kill_rate,0.5020015332351578,0.07496555735494553,0.7313261469290789,0.061931304555312816,0.4950312352915959,0.7516697567207996,1024
ses08_log_vol_ratio_whole_fixed,rt_alpha,0.022637408711123,0.023513062832857833,0.08128175221015978,0.019046457944559957,0.024339122302534745,0.07717013994959815,1024
ses08_log_vol_ratio_whole_fixed,rt_alpha_beta_ratio,-0.0024190536754276496,0.0047920125728799666,0.0017849458469214423,0.002208142932493996,-0.0064756680896796304,0.0029446306659924454,1024
ses08_log_vol_ratio_whole_fixed,gaussian_seed_x_fraction,0.0012556811483515758,0.015810143527384163,0.0368232976523029,0.010263556911443242,0.014025264427117722,0.04431136212777638,1024
ses08_log_vol_ratio_whole_fixed,gaussian_seed_y_fraction,-0.0016470682941046764,0.009269221560201485,0.016569969592517466,0.005768964215590772,-0.003075860477646564,0.01766906987219565,1024
ses08_log_vol_ratio_whole_fixed,gaussian_seed_z_fraction,0.015086800751807725,0.019591707236231132,0.04764482387146057,0.013861376930440147,0.012580756874906352,0.052733586417731446,1024
ses08_log_vol_ratio_whole_fixed,core_threshold,0.0,0.0,0.0,0.0,0.0,0.0,1024
ses08_log_vol_ratio_whole_fixed,edema_threshold_ratio,0.0,0.0,0.0,0.0,0.0,0.0,1024
ses08_msd_core_fixed,front_speed_mm_per_day,0.18947894974958632,0.17047804593068644,0.6069007352130945,0.15381892468628033,0.19234540359937638,0.6028732327975755,212
ses08_msd_core_fixed,front_width_mm,0.20083752773164174,0.1694133271957237,0.583387661400044,0.14891513252208277,0.27170242210675927,0.7289876615496486,212
ses08_msd_core_fixed,seed_peak_density,-0.02432671953917758,0.028171713357187315,0.020348713315577492,0.025758114162392126,-0.011403068926574344,0.0060291370650524525,212
ses08_msd_core_fixed,seed_sigma_mm,0.0012766319223067874,0.1171396337911119,0.2785355035785323,0.06666217257498584,-0.0622606134160381,0.2637634938038681,212
ses08_msd_core_fixed,preop_time,0.008235335525356421,0.06451634260308298,0.09283114555790771,0.03339559267584081,0.019970066672879917,0.08870763907243306,212
ses08_msd_core_fixed,diffusivity_ratio,0.004650297286581176,0.016024885814073155,0.013153518850374442,0.007154437241177574,0.004615967191937526,0.004950723890346644,212
ses08_msd_core_fixed,chemo_kill_rate,-0.011729364866371111,0.0307911311468717,0.047518660966298525,0.028011253128930262,-0.02553399322947906,0.06789464087416099,212
ses08_msd_core_fixed,rt_alpha,0.2127245728113742,0.1421726092408789,0.3604493140667948,0.10321435867978297,0.23086172112073006,0.3467698107290539,212
ses08_msd_core_fixed,rt_alpha_beta_ratio,0.0006634359340106834,0.00490097716752453,0.0012468984646360414,0.0012729967203937125,-0.0016484808690776357,0.0006315198170436134,212
ses08_msd_core_fixed,gaussian_seed_x_fraction,0.028762587059426355,0.040529202552268245,0.04339059777738397,0.013536979946435835,0.02347406836100935,0.05045852829738817,212
ses08_msd_core_fixed,gaussian_seed_y_fraction,-0.006177342281595559,0.039291534723312926,0.050039343491991066,0.01788393768447417,0.006092659339090823,0.05094129519559867,212
ses08_msd_core_fixed,gaussian_seed_z_fraction,-0.0031035568360399533,0.045269579699790376,0.02391122074786094,0.009113113601437094,-0.04557600956282477,0.022707417243893666,212
ses08_msd_core_fixed,core_threshold,0.0,0.0,0.0,0.0,0.0,0.0,212
ses08_msd_core_fixed,edema_threshold_ratio,0.0,0.0,0.0,0.0,0.0,0.0,212
ses08_msd_whole_fixed,front_speed_mm_per_day,0.3635292308537285,0.08722507198444616,0.4369086403142783,0.07352193996220102,0.3587707259784665,0.4163351446642999,440
ses08_msd_whole_fixed,front_width_mm,0.2350733795390462,0.06303959994326018,0.27137184740164866,0.05400261830673721,0.2548432914678638,0.2722156193428121,440
ses08_msd_whole_fixed,seed_peak_density,0.003026653510873366,0.00872981869082539,0.004043895158369861,0.0007796113752963116,0.009226681573316322,0.0038600624618407076,440
ses08_msd_whole_fixed,seed_sigma_mm,0.12444744351018393,0.07128192084080091,0.2472612399604071,0.04005997828271668,0.12857101741815624,0.24975147890713445,440
ses08_msd_whole_fixed,preop_time,0.03139946454840315,0.03027633347144154,0.04741475465739775,0.010986669678710618,0.0252182626242099,0.052111111798436936,440
ses08_msd_whole_fixed,diffusivity_ratio,-0.00037133864774767204,0.010145385229674923,0.004989673255925626,0.0023147612356596986,-0.01072233221733145,0.005128718628794489,440
ses08_msd_whole_fixed,chemo_kill_rate,0.02586336142047088,0.0319853122443804,0.06182441698966178,0.022856593826769068,0.02465246540737585,0.05924973073769198,440
ses08_msd_whole_fixed,rt_alpha,0.14650223226917192,0.06662824026345944,0.2079072201562179,0.04134630879180672,0.1322412030676534,0.20168171034173327,440
ses08_msd_whole_fixed,rt_alpha_beta_ratio,0.0011799534359482056,0.003896596503611538,0.0014032125497963873,0.0012500654833090073,-0.0005315850214022938,0.0018571846186875185,440
ses08_msd_whole_fixed,gaussian_seed_x_fraction,0.041016683931358336,0.026254418991561883,0.033787558871577354,0.006740608186339928,0.04200363334452302,0.035774938759689665,440
ses08_msd_whole_fixed,gaussian_seed_y_fraction,0.006700954141491813,0.02510417492920507,0.029891345511973748,0.006334825938643719,0.0002452289868410051,0.029052789447725363,440
ses08_msd_whole_fixed,gaussian_seed_z_fraction,-0.0035679085428560343,0.01883473970392644,0.020504520038137294,0.004159421936312398,0.0022785600346312933,0.022259835904369467,440
ses08_msd_whole_fixed,core_threshold,0.0,0.0,0.0,0.0,0.0,0.0,440
ses08_msd_whole_fixed,edema_threshold_ratio,0.0,0.0,0.0,0.0,0.0,0.0,440
ses08_hd95_core_fixed,front_speed_mm_per_day,0.1332094406323731,0.18046911107555,0.6849132470886895,0.15277988724051275,0.1942404773544929,0.6933327590256627,212
ses08_hd95_core_fixed,front_width_mm,0.1500844656619192,0.1502870750479185,0.5161957786126795,0.12258236988169491,0.22442930347011175,0.5634385278552024,212
ses08_hd95_core_fixed,seed_peak_density,-0.017924694391452795,0.024899869281275598,0.015441796361996465,0.012472837323345745,-0.010542467080136876,0.00686948835475319,212
ses08_hd95_core_fixed,seed_sigma_mm,-0.0561659572979563,0.11714720551387649,0.32717952349936197,0.07299233623821003,-0.1109221611026562,0.34095004613000784,212
ses08_hd95_core_fixed,preop_time,0.010692971802469399,0.06650191872375923,0.14154541543710697,0.04999293580976427,0.03404827308618198,0.14668115970486517,212
ses08_hd95_core_fixed,diffusivity_ratio,0.008376666700819806,0.017855818452365183,0.017747208380372626,0.00828361737012211,0.0038999763488117615,0.01114365358957134,212
ses08_hd95_core_fixed,chemo_kill_rate,-0.0030717078817829456,0.03511195683007537,0.040781472298154896,0.021453464087634117,-0.01755660651586828,0.05757732781838059,212
ses08_hd95_core_fixed,rt_alpha,0.14624597941997153,0.12168586273451869,0.32349353710193846,0.09589283515085345,0.17369942114706496,0.29331483667544755,212
ses08_hd95_core_fixed,rt_alpha_beta_ratio,-0.0005033971137494653,0.004480937885662352,0.0026564530435507308,0.0036197118764910484,-0.0023496499015303596,0.001107240332370141,212
ses08_hd95_core_fixed,gaussian_seed_x_fraction,0.009410717775216732,0.0591441051912679,0.10068234180937784,0.03047068297376462,-0.008424002321716128,0.11803675743515317,212
ses08_hd95_core_fixed,gaussian_seed_y_fraction,0.0009991918098667557,0.045682762089951943,0.1016310087274712,0.03899083195456472,0.005929676241445364,0.10192718950054379,212
ses08_hd95_core_fixed,gaussian_seed_z_fraction,0.005609390615824668,0.05149046003418734,0.045543819164840245,0.017564866935440078,-0.02978746610033739,0.0492762782320381,212
ses08_hd95_core_fixed,core_threshold,0.0,0.0,0.0,0.0,0.0,0.0,212
ses08_hd95_core_fixed,edema_threshold_ratio,0.0,0.0,0.0,0.0,0.0,0.0,212
ses08_hd95_whole_fixed,front_speed_mm_per_day,0.4122518506888903,0.09359502350147549,0.48907541722651526,0.07246893767911153,0.3810519209208524,0.4566674412546645,440
ses08_hd95_whole_fixed,front_width_mm,0.22201707875281204,0.06244011519307021,0.26362753524260885,0.050260489582278925,0.24643617128131934,0.2694171807795819,440
ses08_hd95_whole_fixed,seed_peak_density,0.0018447032845465654,0.008168556233027481,0.0032618660836341816,0.0005631245832883093,0.006005298230315836,0.003333240843784636,440
ses08_hd95_whole_fixed,seed_sigma_mm,0.11147815940905395,0.06486090859252225,0.2012702891457628,0.032259712028527704,0.13666171498087135,0.2046439186727364,440
ses08_hd95_whole_fixed,preop_time,0.03859329629439509,0.03808853543079798,0.06480488460717099,0.015035074978945276,0.04591313744774375,0.0706717932618622,440
ses08_hd95_whole_fixed,diffusivity_ratio,0.0057819444022941865,0.013820335218481578,0.0075117275333246945,0.0027243493604149124,-0.0037870921999961287,0.006099526047153952,440
ses08_hd95_whole_fixed,chemo_kill_rate,0.024457820874392956,0.028399097864877557,0.04488700846497795,0.015980358871353323,0.017534860316949317,0.04234666138046056,440
ses08_hd95_whole_fixed,rt_alpha,0.12194810144034299,0.05832396406210978,0.16844822655493313,0.03563822666968433,0.09796351718494556,0.17538699640678432,440
ses08_hd95_whole_fixed,rt_alpha_beta_ratio,-0.0005424278922868679,0.0037365813734083937,0.0013334608763544995,0.0014537950618746564,-0.002566742052359524,0.0020012777974852663,440
ses08_hd95_whole_fixed,gaussian_seed_x_fraction,0.05116681514831468,0.028769679137158728,0.04268555542179131,0.00748510237684722,0.0509497998522444,0.04628761139412389,440
ses08_hd95_whole_fixed,gaussian_seed_y_fraction,0.04284885054086866,0.042519982218460144,0.0818304983232628,0.01665365280381277,0.02868697159417988,0.07821422614786733,440
ses08_hd95_whole_fixed,gaussian_seed_z_fraction,-0.0043725155625763505,0.020939700908493657,0.02286531687716658,0.004504166835158025,0.004523745847216459,0.025153404173499594,440
ses08_hd95_whole_fixed,core_threshold,0.0,0.0,0.0,0.0,0.0,0.0,440
ses08_hd95_whole_fixed,edema_threshold_ratio,0.0,0.0,0.0,0.0,0.0,0.0,440
ses08_log10_mass,front_speed_mm_per_day,0.19306917862852277,0.041808464082452534,0.2295145611001301,0.0315978143795142,0.19701476823726355,0.23958465332101309,1024
ses08_log10_mass,front_width_mm,0.1150813250509496,0.030200799959412907,0.1254008868113267,0.01689668067665738,0.11865775530531489,0.11964048338746562,1024
ses08_log10_mass,seed_peak_density,0.001992771616949375,0.005192042092915292,0.003515956989834433,0.0004610140042427597,0.0032055325970801406,0.0033804836670234856,1024
ses08_log10_mass,seed_sigma_mm,0.17427463447071392,0.04013834744708435,0.2130699743962082,0.022994275667838248,0.17406899347227717,0.2193913637283941,1024
ses08_log10_mass,preop_time,0.012653122344978958,0.011024332720648742,0.016289404763087854,0.002308001076979336,0.012524257849599187,0.016962536656242123,1024
ses08_log10_mass,diffusivity_ratio,0.00163605619099689,0.005026855088519627,0.0037228159412620787,0.0006990716327850365,0.0010691747489199911,0.0037919677253916667,1024
ses08_log10_mass,chemo_kill_rate,0.3161796703271476,0.05778102061712396,0.3206884442516379,0.034483645385926465,0.31416717234502706,0.3142817078864898,1024
ses08_log10_mass,rt_alpha,0.06767150409534219,0.030584735869943234,0.13656924641565854,0.023088051054567054,0.06284375404594758,0.13581356990028928,1024
ses08_log10_mass,rt_alpha_beta_ratio,-9.567988917697049e-05,0.0017981808947510494,0.0004952143871975802,0.00016044643416705456,-0.00127936108667709,0.0005909478591022871,1024
ses08_log10_mass,gaussian_seed_x_fraction,0.005082914928546202,0.00939970464399631,0.012120724481799332,0.003892329972994285,0.008827191880682273,0.012787307093569455,1024
ses08_log10_mass,gaussian_seed_y_fraction,0.0011445821640583477,0.007715149276814972,0.005899205853028569,0.0020318936407013916,0.007036934790897244,0.006124444365336722,1024
ses08_log10_mass,gaussian_seed_z_fraction,0.00543501374221571,0.010579431057149527,0.011740779269062102,0.0031837337389624895,0.004670729861750306,0.013301516141748645,1024
ses08_log10_mass,core_threshold,0.0,0.0,0.0,0.0,0.0,0.0,1024
ses08_log10_mass,edema_threshold_ratio,0.0,0.0,0.0,0.0,0.0,0.0,1024
ses08_centroid_drift,front_speed_mm_per_day,0.40617749136718073,0.09172877447633931,0.7271971134175126,0.08959709357738856,0.3984580403052615,0.6922552900572022,1024
ses08_centroid_drift,front_width_mm,0.06063452386355227,0.035671722116216054,0.18905883215747635,0.038664264582205544,0.06851884976236607,0.1960619088321462,1024
ses08_centroid_drift,seed_peak_density,0.002761839919979377,0.0036453954775800164,0.0019453856316028642,0.0007167810743911997,-0.00026871409500778503,0.0018008844548675648,1024
ses08_centroid_drift,seed_sigma_mm,0.0019255026121369517,0.030358182791655582,0.1039442866605209,0.0224738856711001,0.003577961024046722,0.12389937744792458,1024
ses08_centroid_drift,preop_time,0.03729880739852044,0.03505603617155064,0.14406462245792295,0.03031628779556746,0.05786431455895764,0.14584591892488785,1024
ses08_centroid_drift,diffusivity_ratio,0.012045655915341024,0.01253689263496837,0.024804024098644427,0.006230057842160749,0.006332114141187717,0.024696840609997776,1024
ses08_centroid_drift,chemo_kill_rate,0.0009633131098201016,0.014389228799345217,0.02419637500546827,0.00604575079267555,0.00211212087040663,0.025044906197454832,1024
ses08_centroid_drift,rt_alpha,-0.0023213154815963756,0.029255365360005878,0.16440032677792366,0.03182426036191451,-0.006631483943010822,0.1694897731076626,1024
ses08_centroid_drift,rt_alpha_beta_ratio,-0.0028073860729501622,0.0050137408291558265,0.0016452999651278839,0.0006549906720038232,-0.0008151855827400135,0.0017169276746472706,1024
ses08_centroid_drift,gaussian_seed_x_fraction,-0.007516288172303189,0.01837375446189623,0.05229103577301307,0.010694080839379397,-0.0068865954783333275,0.05407938628461515,1024
ses08_centroid_drift,gaussian_seed_y_fraction,-0.016375059788605848,0.020753282041160434,0.024945253559673888,0.012364743485345085,-0.016714547851536143,0.0268997164751778,1024
ses08_centroid_drift,gaussian_seed_z_fraction,-0.007272671607364441,0.017325960952306447,0.03491491118057848,0.009480913661364066,-0.012424123789856988,0.0382195526531466,1024
ses08_centroid_drift,core_threshold,0.0,0.0,0.0,0.0,0.0,0.0,1024
ses08_centroid_drift,edema_threshold_ratio,0.0,0.0,0.0,0.0,0.0,0.0,1024
ses08_R_g,front_speed_mm_per_day,0.41796429889757525,0.06416929760603063,0.4601581065382298,0.0491156717600618,0.4206807813946629,0.46272878001227624,1024
ses08_R_g,front_width_mm,0.019255560957778552,0.018837524037263603,0.048260216623050016,0.007945055647015725,0.03210943217204864,0.048709254844685336,1024
ses08_R_g,seed_peak_density,0.004577723681343225,0.006386243189476127,0.005223269734693888,0.0006604686971881002,0.0042188098151008345,0.005255171099310831,1024
ses08_R_g,seed_sigma_mm,0.35685010933498035,0.05224987156443402,0.37162386851346724,0.037102787607704774,0.35511162536431456,0.3776643390996304,1024
ses08_R_g,preop_time,0.04926264430895704,0.025100390866657385,0.07698792690296101,0.011309864354638018,0.06506353421802354,0.0804531295041746,1024
ses08_R_g,diffusivity_ratio,0.027969775555852904,0.01726111685573799,0.03452167378052373,0.005616062918557797,0.02067662820000271,0.03453160659481673,1024
ses08_R_g,chemo_kill_rate,0.0029311762941743964,0.007626992579213056,0.007331085969901482,0.0013316642521950723,0.003387077595273112,0.007480601056287341,1024
ses08_R_g,rt_alpha,0.013294373807959196,0.015597047772913743,0.030142455909128438,0.005897898444440415,0.009204458953904265,0.032238886746043825,1024
ses08_R_g,rt_alpha_beta_ratio,-0.0003560753906090995,0.0016234889538032438,0.0003448597864509921,0.0001442097910483319,-0.000659532719908761,0.000367721230445993,1024
ses08_R_g,gaussian_seed_x_fraction,0.01825455254663745,0.01310511200987028,0.028465094408740694,0.004769751648802382,0.013658931916632876,0.029739151776778442,1024
ses08_R_g,gaussian_seed_y_fraction,0.0032307062051077,0.011188025982143678,0.016562984358999208,0.0032543895387322826,-0.002733843196569631,0.015984965401216546,1024
ses08_R_g,gaussian_seed_z_fraction,-0.0013925378828799687,0.014421114748454176,0.025942876387917885,0.009642575821873747,-0.00023400912479850207,0.030497528461170792,1024
ses08_R_g,core_threshold,0.0,0.0,0.0,0.0,0.0,0.0,1024
ses08_R_g,edema_threshold_ratio,0.0,0.0,0.0,0.0,0.0,0.0,1024
ses08_log10_anisotropy,front_speed_mm_per_day,0.07193600828997604,0.05209061254100189,0.4059210890377391,0.05678895278904935,0.06593065626262305,0.401970449713197,1024
ses08_log10_anisotropy,front_width_mm,-0.02022552455293665,0.026648948666901373,0.09929477231114583,0.020391506032515733,-0.014198141824817516,0.10103523914991824,1024
ses08_log10_anisotropy,seed_peak_density,0.00046737574630111717,0.008559775269021517,0.008751589809877409,0.003416987492265988,-0.002348682170601059,0.008321973093908076,1024
ses08_log10_anisotropy,seed_sigma_mm,0.021256628780823388,0.04286365278255417,0.2681496719926349,0.03633650249206622,0.014418017775084611,0.2914705997474363,1024
ses08_log10_anisotropy,preop_time,-0.008180324130897448,0.023525541391426538,0.08177823925799163,0.019621748409481953,-0.018239678919482003,0.09384938878214065,1024
ses08_log10_anisotropy,diffusivity_ratio,-0.0028002371667283036,0.02483260284351414,0.06369646922965608,0.014631351295798413,0.009015467655568493,0.06731370312049774,1024
ses08_log10_anisotropy,chemo_kill_rate,-0.0019599947917955485,0.01140887410116987,0.02141400015183676,0.0073040181164119545,-0.00294580112902491,0.026030204570659698,1024
ses08_log10_anisotropy,rt_alpha,0.21273866919568477,0.08997099182208655,0.5050228985277879,0.08048423009534783,0.1662824826799868,0.517929170236202,1024
ses08_log10_anisotropy,rt_alpha_beta_ratio,0.0012670444404858487,0.010553573819799511,0.009066565564730957,0.003084342375500596,0.0013207057639625125,0.0077401408410648805,1024
ses08_log10_anisotropy,gaussian_seed_x_fraction,0.05337469189810752,0.05544486309732392,0.30485983529385136,0.049747909813443784,0.04793646668802156,0.311001475042321,1024
ses08_log10_anisotropy,gaussian_seed_y_fraction,-0.010455472859844066,0.026438290016196814,0.10507311091615114,0.02018568796608186,-0.037471400129144225,0.10163578666204875,1024
ses08_log10_anisotropy,gaussian_seed_z_fraction,-0.0020373937047094004,0.026256824745860264,0.1169781353082254,0.02355522692539051,0.01572403518909892,0.11958691127721917,1024
ses08_log10_anisotropy,core_threshold,0.0,0.0,0.0,0.0,0.0,0.0,1024
ses08_log10_anisotropy,edema_threshold_ratio,0.0,0.0,0.0,0.0,0.0,0.0,1024
ses08_wm_fraction,front_speed_mm_per_day,0.132255490215659,0.04148339885926859,0.22166775283431497,0.03724551068064348,0.11953805703429096,0.22283430055612735,1024
ses08_wm_fraction,front_width_mm,0.058817871152203355,0.025639963952123944,0.09383474704110643,0.016699376700674992,0.04572155741726509,0.09287059722855805,1024
ses08_wm_fraction,seed_peak_density,0.0010726547998543173,0.0040384405379080505,0.0017447164700724062,0.0006198283987332946,-0.002047493799587193,0.0018193614183461121,1024
ses08_wm_fraction,seed_sigma_mm,0.03570859258203323,0.03143897847613912,0.139169178510732,0.025418552069301634,0.02978964656127742,0.1537588772375376,1024
ses08_wm_fraction,preop_time,0.010916192544730929,0.017712947078499415,0.03408358818560864,0.008946288172096766,0.002755046798627507,0.03466642397445134,1024
ses08_wm_fraction,diffusivity_ratio,0.0070150870749665535,0.01129248737121392,0.01965810194522615,0.005729718379765959,0.007781153731411226,0.017114898928089112,1024
ses08_wm_fraction,chemo_kill_rate,0.006566256363669623,0.008250882527494893,0.009789487339362135,0.0025493484832018513,0.008492589295921511,0.010856160259953165,1024
ses08_wm_fraction,rt_alpha,0.13287862438929549,0.041713051167279906,0.17663192965227828,0.02893133155068357,0.13339172982122494,0.17545751977615096,1024
ses08_wm_fraction,rt_alpha_beta_ratio,0.002415409464594181,0.003260555867055879,0.0010807250580136462,0.00034781411623303963,0.0022893684663718816,0.0010867919023790946,1024
ses08_wm_fraction,gaussian_seed_x_fraction,0.11165354867059517,0.03793277331293768,0.21101825565028015,0.035477947895590126,0.1309567498549014,0.22900639880002047,1024
ses08_wm_fraction,gaussian_seed_y_fraction,0.13192820182873513,0.03929847800068772,0.24272459297304597,0.03326897154848356,0.1218152647802612,0.23926147199452333,1024
ses08_wm_fraction,gaussian_seed_z_fraction,0.14451214501011658,0.043408833901025595,0.24441343318776235,0.040269978470729606,0.1545176178604337,0.26149719368164226,1024
ses08_wm_fraction,core_threshold,0.0,0.0,0.0,0.0,0.0,0.0,1024
ses08_wm_fraction,edema_threshold_ratio,0.0,0.0,0.0,0.0,0.0,0.0,1024
dice_mean_core,front_speed_mm_per_day,0.07246876662618022,0.059070410476907094,0.36611926615179186,0.05850578602905679,0.14768535709370387,0.37835912977445174,1024
dice_mean_core,front_width_mm,0.10793195436261999,0.054848942102107584,0.4120799309487921,0.07713961401913871,0.1255511300180713,0.37624343111471825,1024
dice_mean_core,seed_peak_density,0.002312685178312545,0.006819807186361946,0.010636321547271364,0.003102711501111079,0.004999488274396995,0.012188130032060695,1024
dice_mean_core,seed_sigma_mm,-0.00015672177520411918,0.03676889414932266,0.2133971794870164,0.04353647279807789,-0.0023709320605809913,0.21213022472086726,1024
dice_mean_core,preop_time,-0.002044594553982288,0.023973116791391923,0.08433896632275956,0.02108346893527021,-0.011630493221625567,0.10206110026257884,1024
dice_mean_core,diffusivity_ratio,0.003654694941553159,0.007587281026745468,0.010266819863799929,0.0031030781890662978,0.0011059050715751066,0.011477537835931003,1024
dice_mean_core,chemo_kill_rate,0.13091485547212486,0.048446306523795675,0.3243641176752096,0.06055858674730638,0.11787345948303517,0.3337343147774663,1024
dice_mean_core,rt_alpha,0.11222575713008487,0.04420737709000073,0.3485542222841581,0.06054517579117586,0.10107779547073002,0.35152229314836053,1024
dice_mean_core,rt_alpha_beta_ratio,-0.00010882206413633782,0.0023417824168921303,0.0012449582582289933,0.0005603889675234308,0.0007049288597932537,0.001109266031637382,1024
dice_mean_core,gaussian_seed_x_fraction,0.004181390872448592,0.022279438603741843,0.0636292321351692,0.012232814417792158,0.0109340045141109,0.06425056059719471,1024
dice_mean_core,gaussian_seed_y_fraction,0.02908714827378112,0.029177582447963205,0.13984697951318567,0.03559822138443717,0.02296139527234769,0.1361084511255533,1024
dice_mean_core,gaussian_seed_z_fraction,0.003859569942178679,0.01608763098574707,0.04697618345994689,0.010138624849780549,0.004444759365527925,0.05126938757931405,1024
dice_mean_core,core_threshold,0.020957712991047258,0.02290510211980624,0.07371754785444475,0.02099853102212548,0.03688071429676829,0.06661780325379521,1024
dice_mean_core,edema_threshold_ratio,0.0,0.0,0.0,0.0,0.0,0.0,1024
